Country,Disaster_Type,Date,Original_Title
Indonesia,Earthquake,Aug 2026,Indonesia: Earthquake - Aug 2026
Colombia,Earthquake,Aug 2026,Colombia: Earthquake - Aug 2026
Myanmar,Floods,Jul 2026,Myanmar: Floods - Jul 2026
Afghanistan,Flash Floods,Jul 2026,Afghanistan: Flash Floods - Jul 2026
India,Flash Floods,Jul 2026,India: Flash Floods - Jul 2026
Kyrgyzstan,Flash Floods,Jul 2026,Kyrgyzstan: Flash Floods - Jul 2026
Tajikistan,Floods,Jul 2026,Tajikistan: Floods - Jul 2026
Bangladesh,Flash Floods,Jul 2026,Bangladesh: Flash Floods - Jul 2026
Georgia,Floods,Jun 2026,Georgia: Floods - Jun 2026
Central African Republic,Cholera Outbreak,Jun 2026,Central African Republic: Cholera Outbreak - Jun 2026
Venezuela,Earthquakes,Jun 2026,Venezuela: Earthquakes - Jun 2026
Chad,Cholera Outbreak,Jun 2026,Chad: Cholera Outbreak - Jun 2026
Philippines,Earthquake and Tsunami,Jun 2026,Philippines: Earthquake and Tsunami - Jun 2026
Armenia,Hailstorm,Jun 2026,Armenia: Hailstorm - Jun 2026
Syria,Floods,May 2026,Syria: Floods - May 2026
Central/Eastern Africa,Ebola Outbreak,May 2026,Central/Eastern Africa: Ebola Outbreak - May 2026
Sri Lanka,Dengue Outbreak,May 2026,Sri Lanka: Dengue Outbreak - May 2026
Dominican Republic,Floods,Apr 2026,Dominican Republic: Floods - Apr 2026
Yemen,Floods,Mar 2026,Yemen: Floods - Mar 2026
Tanzania,Floods and Landslides,Mar 2026,Tanzania: Floods and Landslides - Mar 2026
Liberia,Windstorms,Mar 2026,Liberia: Windstorms - Mar 2026
Botswana,Floods,Mar 2026,Botswana: Floods - Mar 2026
Ethiopia,Floods and Landslides,Mar 2026,Ethiopia: Floods and Landslides - Mar 2026
Kenya,Floods,Mar 2026,Kenya: Floods - Mar 2026
Suriname,Chikungunya Virus Outbreak,Mar 2026,Suriname: Chikungunya Virus Outbreak - Mar 2026
Brazil,Floods,Feb 2026,Brazil: Floods - Feb 2026
Peru,Floods and Landslides,Feb 2026,Peru: Floods and Landslides - Feb 2026
Angola,Floods,Feb 2026,Angola: Floods - Feb 2026
Zambia,Cholera Outbreak,Feb 2026,Zambia: Cholera Outbreak - Feb 2026
Cameroon,Fires,Feb 2026,Cameroon: Fires - Feb 2026
Somalia,Dengue Outbreak,Feb 2026,Somalia: Dengue Outbreak - Feb 2026
Rwanda,Flash Floods,Jan 2026,Rwanda: Flash Floods - Jan 2026
Algeria,Floods,Jan 2026,Algeria: Floods - Jan 2026
Argentina,Landslides,Jan 2026,Argentina: Landslides - Jan 2026
South Africa,Floods,Jan 2026,South Africa: Floods - Jan 2026
North Macedonia,Floods,Jan 2026,North Macedonia: Floods - Jan 2026
Malawi,Floods,Jan 2026,Malawi: Floods - Jan 2026
Serbia,Cold Wave,Jan 2026,Serbia: Cold Wave - Jan 2026
Guatemala,Measles Outbreak,Jan 2026,Guatemala: Measles Outbreak - Jan 2026
Ecuador,Floods,Jan 2026,Ecuador: Floods - Jan 2026
Zimbabwe,Floods,Jan 2026,Zimbabwe: Floods - Jan 2026
Mozambique,Floods,Dec 2025,Mozambique: Floods - Dec 2025
Chile,Wild Fires,Dec 2025,Chile: Wild Fires - Dec 2025
Gabon,Windstorms,Dec 2025,Gabon: Windstorms - Dec 2025
Morocco,Floods,Dec 2025,Morocco: Floods - Dec 2025
Bolivia,Floods,Dec 2025,Bolivia: Floods - Dec 2025
Congo,Floods,Nov 2025,Congo: Floods - Nov 2025
Cuba,Arboviral Outbreak,Oct 2025,Cuba: Arboviral Outbreak - Oct 2025
Egypt,Floods,Oct 2025,Egypt: Floods - Oct 2025
Cabo Verde,Flash Floods,Aug 2025,Cabo Verde: Flash Floods - Aug 2025
South Sudan,Floods,Jul 2025,South Sudan: Floods - Jul 2025
Sudan,Floods,Jul 2025,Sudan: Floods - Jul 2025
Honduras,Floods,Jun 2025,Honduras: Floods - Jun 2025
Panama,River Pollution,Jun 2025,Panama: River Pollution - Jun 2025
Côte d'Ivoire,Cholera Outbreak,Jun 2025,Côte d'Ivoire: Cholera Outbreak - Jun 2025
Pacific,Dengue Outbreak,2025,Pacific: Dengue Outbreak - 2025-2026
Ghana,Cholera Outbreak,Oct 2024,Ghana: Cholera Outbreak - Oct 2024
Namibia,Drought,May 2024,Namibia: Drought - May 2024
Niger,Diphtheria Outbreak,Oct 2023,Niger: Diphtheria Outbreak - Oct 2023
Nigeria,Lassa Fever Outbreak,Jan 2023,Nigeria: Lassa Fever Outbreak - Jan 2023
Burundi,Cholera Outbreak,Jan 2023,Burundi: Cholera Outbreak - Jan 2023
Yemen,Floods,Mar 2026,Yemen: Floods - Mar 2026
Tanzania,Floods and Landslides,Mar 2026,Tanzania: Floods and Landslides - Mar 2026
Afghanistan,Floods,Mar 2026,Afghanistan: Floods - Mar 2026
Guinea-Bissau,Fire,Mar 2026,Guinea-Bissau: Fire - Mar 2026
Liberia,Windstorms,Mar 2026,Liberia: Windstorms - Mar 2026
Liberia,Fires,Mar 2026,Liberia: Fires - Mar 2026
Bangladesh,Measles Outbreak,Mar 2026,Bangladesh: Measles Outbreak - Mar 2026
Botswana,Floods,Mar 2026,Botswana: Floods - Mar 2026
Ethiopia,Floods and Landslides,Mar 2026,Ethiopia: Floods and Landslides - Mar 2026
Kenya,Floods,Mar 2026,Kenya: Floods - Mar 2026
Suriname,Chikungunya Virus Outbreak,Mar 2026,Suriname: Chikungunya Virus Outbreak - Mar 2026
Brazil,Floods,Feb 2026,Brazil: Floods - Feb 2026
Peru,Floods and Landslides,Feb 2026,Peru: Floods and Landslides - Feb 2026
Angola,Floods,Feb 2026,Angola: Floods - Feb 2026
Mongolia,Snowstorm,Feb 2026,Mongolia: Snowstorm - Feb 2026
Zambia,Cholera Outbreak,Feb 2026,Zambia: Cholera Outbreak - Feb 2026
Cameroon,Fires,Feb 2026,Cameroon: Fires - Feb 2026
Indonesia,Earthquake,Aug 2026,Indonesia: Earthquake - Aug 2026
Colombia,Earthquake,Aug 2026,Colombia: Earthquake - Aug 2026
Myanmar,Floods,Jul 2026,Myanmar: Floods - Jul 2026
Afghanistan,Flash Floods,Jul 2026,Afghanistan: Flash Floods - Jul 2026
India,Flash Floods,Jul 2026,India: Flash Floods - Jul 2026
Kyrgyzstan,Flash Floods,Jul 2026,Kyrgyzstan: Flash Floods - Jul 2026
Tajikistan,Floods,Jul 2026,Tajikistan: Floods - Jul 2026
Bangladesh,Flash Floods,Jul 2026,Bangladesh: Flash Floods - Jul 2026
Georgia,Floods,Jun 2026,Georgia: Floods - Jun 2026
Central African Republic,Cholera Outbreak,Jun 2026,Central African Republic: Cholera Outbreak - Jun 2026
Venezuela,Earthquakes,Jun 2026,Venezuela: Earthquakes - Jun 2026
Chad,Cholera Outbreak,Jun 2026,Chad: Cholera Outbreak - Jun 2026
Philippines,Earthquake and Tsunami,Jun 2026,Philippines: Earthquake and Tsunami - Jun 2026
Armenia,Hailstorm,Jun 2026,Armenia: Hailstorm - Jun 2026
Syria,Floods,May 2026,Syria: Floods - May 2026
Central/Eastern Africa,Ebola Outbreak,May 2026,Central/Eastern Africa: Ebola Outbreak - May 2026
Sri Lanka,Dengue Outbreak,May 2026,Sri Lanka: Dengue Outbreak - May 2026
Dominican Republic,Floods,Apr 2026,Dominican Republic: Floods - Apr 2026
Yemen,Floods,Mar 2026,Yemen: Floods - Mar 2026
Tanzania,Floods and Landslides,Mar 2026,Tanzania: Floods and Landslides - Mar 2026
Liberia,Windstorms,Mar 2026,Liberia: Windstorms - Mar 2026
Botswana,Floods,Mar 2026,Botswana: Floods - Mar 2026
Ethiopia,Floods and Landslides,Mar 2026,Ethiopia: Floods and Landslides - Mar 2026
Kenya,Floods,Mar 2026,Kenya: Floods - Mar 2026
Suriname,Chikungunya Virus Outbreak,Mar 2026,Suriname: Chikungunya Virus Outbreak - Mar 2026
Brazil,Floods,Feb 2026,Brazil: Floods - Feb 2026
Peru,Floods and Landslides,Feb 2026,Peru: Floods and Landslides - Feb 2026
Angola,Floods,Feb 2026,Angola: Floods - Feb 2026
Zambia,Cholera Outbreak,Feb 2026,Zambia: Cholera Outbreak - Feb 2026
Cameroon,Fires,Feb 2026,Cameroon: Fires - Feb 2026
Somalia,Dengue Outbreak,Feb 2026,Somalia: Dengue Outbreak - Feb 2026
Rwanda,Flash Floods,Jan 2026,Rwanda: Flash Floods - Jan 2026
Algeria,Floods,Jan 2026,Algeria: Floods - Jan 2026
Argentina,Landslides,Jan 2026,Argentina: Landslides - Jan 2026
South Africa,Floods,Jan 2026,South Africa: Floods - Jan 2026
North Macedonia,Floods,Jan 2026,North Macedonia: Floods - Jan 2026
Malawi,Floods,Jan 2026,Malawi: Floods - Jan 2026
Serbia,Cold Wave,Jan 2026,Serbia: Cold Wave - Jan 2026
Guatemala,Measles Outbreak,Jan 2026,Guatemala: Measles Outbreak - Jan 2026
Ecuador,Floods,Jan 2026,Ecuador: Floods - Jan 2026
Zimbabwe,Floods,Jan 2026,Zimbabwe: Floods - Jan 2026
Mozambique,Floods,Dec 2025,Mozambique: Floods - Dec 2025
Chile,Wild Fires,Dec 2025,Chile: Wild Fires - Dec 2025
Gabon,Windstorms,Dec 2025,Gabon: Windstorms - Dec 2025
Morocco,Floods,Dec 2025,Morocco: Floods - Dec 2025
Bolivia,Floods,Dec 2025,Bolivia: Floods - Dec 2025
Congo,Floods,Nov 2025,Congo: Floods - Nov 2025
Cuba,Arboviral Outbreak,Oct 2025,Cuba: Arboviral Outbreak - Oct 2025
Egypt,Floods,Oct 2025,Egypt: Floods - Oct 2025
Cabo Verde,Flash Floods,Aug 2025,Cabo Verde: Flash Floods - Aug 2025
South Sudan,Floods,Jul 2025,South Sudan: Floods - Jul 2025
Sudan,Floods,Jul 2025,Sudan: Floods - Jul 2025
Honduras,Floods,Jun 2025,Honduras: Floods - Jun 2025
Panama,River Pollution,Jun 2025,Panama: River Pollution - Jun 2025
Côte d'Ivoire,Cholera Outbreak,Jun 2025,Côte d'Ivoire: Cholera Outbreak - Jun 2025
Pacific,Dengue Outbreak,2025,Pacific: Dengue Outbreak - 2025-2026
Ghana,Cholera Outbreak,Oct 2024,Ghana: Cholera Outbreak - Oct 2024
Namibia,Drought,May 2024,Namibia: Drought - May 2024
Niger,Diphtheria Outbreak,Oct 2023,Niger: Diphtheria Outbreak - Oct 2023
Nigeria,Lassa Fever Outbreak,Jan 2023,Nigeria: Lassa Fever Outbreak - Jan 2023
Burundi,Cholera Outbreak,Jan 2023,Burundi: Cholera Outbreak - Jan 2023
Somalia,Dengue Outbreak,Feb 2026,Somalia: Dengue Outbreak - Feb 2026
Rwanda,Flash Floods,Jan 2026,Rwanda: Flash Floods - Jan 2026
Colombia,Floods,Jan 2026,Colombia: Floods - Jan 2026
Algeria,Floods,Jan 2026,Algeria: Floods - Jan 2026
Argentina,Landslides,Jan 2026,Argentina: Landslides - Jan 2026
South Africa,Floods,Jan 2026,South Africa: Floods - Jan 2026
DR Congo,Floods and Landslides,Nov 2025,DR Congo: Floods and Landslides - Nov 2025
North Macedonia,Floods,Jan 2026,North Macedonia: Floods - Jan 2026
Zambia,Floods,Jan 2026,Zambia: Floods - Jan 2026
Malawi,Floods,Jan 2026,Malawi: Floods - Jan 2026
Serbia,Cold Wave,Jan 2026,Serbia: Cold Wave - Jan 2026
Guatemala,Measles Outbreak,Jan 2026,Guatemala: Measles Outbreak - Jan 2026
Ecuador,Floods,Jan 2026,Ecuador: Floods - Jan 2026
Zimbabwe,Floods,Jan 2026,Zimbabwe: Floods - Jan 2026
Madagascar,Mpox Outbreak,Dec 2025,Madagascar: Mpox Outbreak - Dec 2025
Syria,Severe Weather,Dec 2025,Syria: Severe Weather - Dec 2025
Mozambique,Floods,Dec 2025,Mozambique: Floods - Dec 2025
Chile,Wild Fires,Dec 2025,Chile: Wild Fires - Dec 2025
Gabon,Windstorms,Dec 2025,Gabon: Windstorms - Dec 2025
Iran,Floods,Dec 2025,Iran: Floods - Dec 2025
Indonesia,Earthquake,Aug 2026,Indonesia: Earthquake - Aug 2026
Colombia,Earthquake,Aug 2026,Colombia: Earthquake - Aug 2026
Myanmar,Floods,Jul 2026,Myanmar: Floods - Jul 2026
Afghanistan,Flash Floods,Jul 2026,Afghanistan: Flash Floods - Jul 2026
India,Flash Floods,Jul 2026,India: Flash Floods - Jul 2026
Kyrgyzstan,Flash Floods,Jul 2026,Kyrgyzstan: Flash Floods - Jul 2026
Tajikistan,Floods,Jul 2026,Tajikistan: Floods - Jul 2026
Bangladesh,Flash Floods,Jul 2026,Bangladesh: Flash Floods - Jul 2026
Georgia,Floods,Jun 2026,Georgia: Floods - Jun 2026
Central African Republic,Cholera Outbreak,Jun 2026,Central African Republic: Cholera Outbreak - Jun 2026
Venezuela,Earthquakes,Jun 2026,Venezuela: Earthquakes - Jun 2026
Chad,Cholera Outbreak,Jun 2026,Chad: Cholera Outbreak - Jun 2026
Philippines,Earthquake and Tsunami,Jun 2026,Philippines: Earthquake and Tsunami - Jun 2026
Armenia,Hailstorm,Jun 2026,Armenia: Hailstorm - Jun 2026
Syria,Floods,May 2026,Syria: Floods - May 2026
Central/Eastern Africa,Ebola Outbreak,May 2026,Central/Eastern Africa: Ebola Outbreak - May 2026
Sri Lanka,Dengue Outbreak,May 2026,Sri Lanka: Dengue Outbreak - May 2026
Dominican Republic,Floods,Apr 2026,Dominican Republic: Floods - Apr 2026
Yemen,Floods,Mar 2026,Yemen: Floods - Mar 2026
Tanzania,Floods and Landslides,Mar 2026,Tanzania: Floods and Landslides - Mar 2026
Liberia,Windstorms,Mar 2026,Liberia: Windstorms - Mar 2026
Botswana,Floods,Mar 2026,Botswana: Floods - Mar 2026
Ethiopia,Floods and Landslides,Mar 2026,Ethiopia: Floods and Landslides - Mar 2026
Kenya,Floods,Mar 2026,Kenya: Floods - Mar 2026
Suriname,Chikungunya Virus Outbreak,Mar 2026,Suriname: Chikungunya Virus Outbreak - Mar 2026
Brazil,Floods,Feb 2026,Brazil: Floods - Feb 2026
Peru,Floods and Landslides,Feb 2026,Peru: Floods and Landslides - Feb 2026
Angola,Floods,Feb 2026,Angola: Floods - Feb 2026
Zambia,Cholera Outbreak,Feb 2026,Zambia: Cholera Outbreak - Feb 2026
Cameroon,Fires,Feb 2026,Cameroon: Fires - Feb 2026
Somalia,Dengue Outbreak,Feb 2026,Somalia: Dengue Outbreak - Feb 2026
Rwanda,Flash Floods,Jan 2026,Rwanda: Flash Floods - Jan 2026
Algeria,Floods,Jan 2026,Algeria: Floods - Jan 2026
Argentina,Landslides,Jan 2026,Argentina: Landslides - Jan 2026
South Africa,Floods,Jan 2026,South Africa: Floods - Jan 2026
North Macedonia,Floods,Jan 2026,North Macedonia: Floods - Jan 2026
Malawi,Floods,Jan 2026,Malawi: Floods - Jan 2026
Serbia,Cold Wave,Jan 2026,Serbia: Cold Wave - Jan 2026
Guatemala,Measles Outbreak,Jan 2026,Guatemala: Measles Outbreak - Jan 2026
Ecuador,Floods,Jan 2026,Ecuador: Floods - Jan 2026
Zimbabwe,Floods,Jan 2026,Zimbabwe: Floods - Jan 2026
Mozambique,Floods,Dec 2025,Mozambique: Floods - Dec 2025
Chile,Wild Fires,Dec 2025,Chile: Wild Fires - Dec 2025
Gabon,Windstorms,Dec 2025,Gabon: Windstorms - Dec 2025
Morocco,Floods,Dec 2025,Morocco: Floods - Dec 2025
Bolivia,Floods,Dec 2025,Bolivia: Floods - Dec 2025
Congo,Floods,Nov 2025,Congo: Floods - Nov 2025
Cuba,Arboviral Outbreak,Oct 2025,Cuba: Arboviral Outbreak - Oct 2025
Egypt,Floods,Oct 2025,Egypt: Floods - Oct 2025
Cabo Verde,Flash Floods,Aug 2025,Cabo Verde: Flash Floods - Aug 2025
South Sudan,Floods,Jul 2025,South Sudan: Floods - Jul 2025
Sudan,Floods,Jul 2025,Sudan: Floods - Jul 2025
Honduras,Floods,Jun 2025,Honduras: Floods - Jun 2025
Panama,River Pollution,Jun 2025,Panama: River Pollution - Jun 2025
Côte d'Ivoire,Cholera Outbreak,Jun 2025,Côte d'Ivoire: Cholera Outbreak - Jun 2025
Pacific,Dengue Outbreak,2025,Pacific: Dengue Outbreak - 2025-2026
Ghana,Cholera Outbreak,Oct 2024,Ghana: Cholera Outbreak - Oct 2024
Namibia,Drought,May 2024,Namibia: Drought - May 2024
Niger,Diphtheria Outbreak,Oct 2023,Niger: Diphtheria Outbreak - Oct 2023
Nigeria,Lassa Fever Outbreak,Jan 2023,Nigeria: Lassa Fever Outbreak - Jan 2023
Burundi,Cholera Outbreak,Jan 2023,Burundi: Cholera Outbreak - Jan 2023
occupied Palestinian territory,Floods,Nov 2025,occupied Palestinian territory: Floods - Nov 2025
Morocco,Floods,Dec 2025,Morocco: Floods - Dec 2025
Bolivia,Floods,Dec 2025,Bolivia: Floods - Dec 2025
Iraq,Floods,Dec 2025,Iraq: Floods - Dec 2025
Sri Lanka,Floods and Landslides,Nov 2025,Sri Lanka: Floods and Landslides - Nov 2025
Iran,Wild Fires,Nov 2025,Iran: Wild Fires - Nov 2025
Malaysia,Floods,Nov 2025,Malaysia: Floods - Nov 2025
Congo,Floods,Nov 2025,Congo: Floods - Nov 2025
Ethiopia,Marburg Disease Outbreak,Nov 2025,Ethiopia: Marburg Disease Outbreak - Nov 2025
Indonesia,Floods and Landslides,Nov 2025,Indonesia: Floods and Landslides - Nov 2025
Thailand,Floods,Nov 2025,Thailand: Floods - Nov 2025
Afghanistan,Earthquake,Nov 2025,Afghanistan: Earthquake - Nov 2025
Cuba,Arboviral Outbreak,Oct 2025,Cuba: Arboviral Outbreak - Oct 2025
Philippines,Earthquakes,Oct 2025,Philippines: Earthquakes - Oct 2025
Egypt,Floods,Oct 2025,Egypt: Floods - Oct 2025
Philippines,Earthquake,Sep 2025,Philippines: Earthquake - Sep 2025
Indonesia,Earthquake,Aug 2026,Indonesia: Earthquake - Aug 2026
Colombia,Earthquake,Aug 2026,Colombia: Earthquake - Aug 2026
Myanmar,Floods,Jul 2026,Myanmar: Floods - Jul 2026
Afghanistan,Flash Floods,Jul 2026,Afghanistan: Flash Floods - Jul 2026
India,Flash Floods,Jul 2026,India: Flash Floods - Jul 2026
Kyrgyzstan,Flash Floods,Jul 2026,Kyrgyzstan: Flash Floods - Jul 2026
Tajikistan,Floods,Jul 2026,Tajikistan: Floods - Jul 2026
Bangladesh,Flash Floods,Jul 2026,Bangladesh: Flash Floods - Jul 2026
Georgia,Floods,Jun 2026,Georgia: Floods - Jun 2026
Central African Republic,Cholera Outbreak,Jun 2026,Central African Republic: Cholera Outbreak - Jun 2026
Venezuela,Earthquakes,Jun 2026,Venezuela: Earthquakes - Jun 2026
Chad,Cholera Outbreak,Jun 2026,Chad: Cholera Outbreak - Jun 2026
Philippines,Earthquake and Tsunami,Jun 2026,Philippines: Earthquake and Tsunami - Jun 2026
Armenia,Hailstorm,Jun 2026,Armenia: Hailstorm - Jun 2026
Syria,Floods,May 2026,Syria: Floods - May 2026
Central/Eastern Africa,Ebola Outbreak,May 2026,Central/Eastern Africa: Ebola Outbreak - May 2026
Sri Lanka,Dengue Outbreak,May 2026,Sri Lanka: Dengue Outbreak - May 2026
Dominican Republic,Floods,Apr 2026,Dominican Republic: Floods - Apr 2026
Yemen,Floods,Mar 2026,Yemen: Floods - Mar 2026
Tanzania,Floods and Landslides,Mar 2026,Tanzania: Floods and Landslides - Mar 2026
Liberia,Windstorms,Mar 2026,Liberia: Windstorms - Mar 2026
Botswana,Floods,Mar 2026,Botswana: Floods - Mar 2026
Ethiopia,Floods and Landslides,Mar 2026,Ethiopia: Floods and Landslides - Mar 2026
Kenya,Floods,Mar 2026,Kenya: Floods - Mar 2026
Suriname,Chikungunya Virus Outbreak,Mar 2026,Suriname: Chikungunya Virus Outbreak - Mar 2026
Brazil,Floods,Feb 2026,Brazil: Floods - Feb 2026
Peru,Floods and Landslides,Feb 2026,Peru: Floods and Landslides - Feb 2026
Angola,Floods,Feb 2026,Angola: Floods - Feb 2026
Zambia,Cholera Outbreak,Feb 2026,Zambia: Cholera Outbreak - Feb 2026
Cameroon,Fires,Feb 2026,Cameroon: Fires - Feb 2026
Somalia,Dengue Outbreak,Feb 2026,Somalia: Dengue Outbreak - Feb 2026
Rwanda,Flash Floods,Jan 2026,Rwanda: Flash Floods - Jan 2026
Algeria,Floods,Jan 2026,Algeria: Floods - Jan 2026
Argentina,Landslides,Jan 2026,Argentina: Landslides - Jan 2026
South Africa,Floods,Jan 2026,South Africa: Floods - Jan 2026
North Macedonia,Floods,Jan 2026,North Macedonia: Floods - Jan 2026
Malawi,Floods,Jan 2026,Malawi: Floods - Jan 2026
Serbia,Cold Wave,Jan 2026,Serbia: Cold Wave - Jan 2026
Guatemala,Measles Outbreak,Jan 2026,Guatemala: Measles Outbreak - Jan 2026
Ecuador,Floods,Jan 2026,Ecuador: Floods - Jan 2026
Zimbabwe,Floods,Jan 2026,Zimbabwe: Floods - Jan 2026
Mozambique,Floods,Dec 2025,Mozambique: Floods - Dec 2025
Chile,Wild Fires,Dec 2025,Chile: Wild Fires - Dec 2025
Gabon,Windstorms,Dec 2025,Gabon: Windstorms - Dec 2025
Morocco,Floods,Dec 2025,Morocco: Floods - Dec 2025
Bolivia,Floods,Dec 2025,Bolivia: Floods - Dec 2025
Congo,Floods,Nov 2025,Congo: Floods - Nov 2025
Cuba,Arboviral Outbreak,Oct 2025,Cuba: Arboviral Outbreak - Oct 2025
Egypt,Floods,Oct 2025,Egypt: Floods - Oct 2025
Cabo Verde,Flash Floods,Aug 2025,Cabo Verde: Flash Floods - Aug 2025
South Sudan,Floods,Jul 2025,South Sudan: Floods - Jul 2025
Sudan,Floods,Jul 2025,Sudan: Floods - Jul 2025
Honduras,Floods,Jun 2025,Honduras: Floods - Jun 2025
Panama,River Pollution,Jun 2025,Panama: River Pollution - Jun 2025
Côte d'Ivoire,Cholera Outbreak,Jun 2025,Côte d'Ivoire: Cholera Outbreak - Jun 2025
Pacific,Dengue Outbreak,2025,Pacific: Dengue Outbreak - 2025-2026
Ghana,Cholera Outbreak,Oct 2024,Ghana: Cholera Outbreak - Oct 2024
Namibia,Drought,May 2024,Namibia: Drought - May 2024
Niger,Diphtheria Outbreak,Oct 2023,Niger: Diphtheria Outbreak - Oct 2023
Nigeria,Lassa Fever Outbreak,Jan 2023,Nigeria: Lassa Fever Outbreak - Jan 2023
Burundi,Cholera Outbreak,Jan 2023,Burundi: Cholera Outbreak - Jan 2023
Georgia,Flash Floods,Sep 2025,Georgia: Flash Floods - Sep 2025
Nigeria,Floods,Sep 2025,Nigeria: Floods - Sep 2025
DR Congo,Ebola Outbreak,Sep 2025,DR Congo: Ebola Outbreak - Sep 2025
Sierra Leone,Floods,Aug 2025,Sierra Leone: Floods - Aug 2025
Afghanistan,Earthquakes,Aug 2025,Afghanistan: Earthquakes - Aug 2025
Yemen,Floods,Aug 2025,Yemen: Floods - Aug 2025
Bolivia,Wild Fires,Aug 2025,Bolivia: Wild Fires - Aug 2025
Cabo Verde,Flash Floods,Aug 2025,Cabo Verde: Flash Floods - Aug 2025
Syria,Heat Wave,Aug 2025,Syria: Heat Wave - Aug 2025
Equatorial Guinea,Floods,Aug 2025,Equatorial Guinea: Floods - Aug 2025
Somalia,Diphtheria Outbreak,Jul 2025,Somalia: Diphtheria Outbreak - Jul 2025
Lao PDR,Floods,Jul 2025,Lao PDR: Floods - Jul 2025
South Sudan,Floods,Jul 2025,South Sudan: Floods - Jul 2025
Congo,Cholera Outbreak,Jul 2025,Congo: Cholera Outbreak - Jul 2025
Nepal,Drought,Jul 2025,Nepal: Drought - Jul 2025
Guinea,Floods,Jul 2025,Guinea: Floods - Jul 2025
Viet Nam,Floods and Landslides,Jul 2025,Viet Nam: Floods and Landslides - Jul 2025
Sudan,Floods,Jul 2025,Sudan: Floods - Jul 2025
Chad,Cholera Outbreak,Jul 2025,Chad: Cholera Outbreak - Jul 2025
Indonesia,Earthquake,Aug 2026,Indonesia: Earthquake - Aug 2026
Colombia,Earthquake,Aug 2026,Colombia: Earthquake - Aug 2026
Myanmar,Floods,Jul 2026,Myanmar: Floods - Jul 2026
Afghanistan,Flash Floods,Jul 2026,Afghanistan: Flash Floods - Jul 2026
India,Flash Floods,Jul 2026,India: Flash Floods - Jul 2026
Kyrgyzstan,Flash Floods,Jul 2026,Kyrgyzstan: Flash Floods - Jul 2026
Tajikistan,Floods,Jul 2026,Tajikistan: Floods - Jul 2026
Bangladesh,Flash Floods,Jul 2026,Bangladesh: Flash Floods - Jul 2026
Georgia,Floods,Jun 2026,Georgia: Floods - Jun 2026
Central African Republic,Cholera Outbreak,Jun 2026,Central African Republic: Cholera Outbreak - Jun 2026
Venezuela,Earthquakes,Jun 2026,Venezuela: Earthquakes - Jun 2026
Chad,Cholera Outbreak,Jun 2026,Chad: Cholera Outbreak - Jun 2026
Philippines,Earthquake and Tsunami,Jun 2026,Philippines: Earthquake and Tsunami - Jun 2026
Armenia,Hailstorm,Jun 2026,Armenia: Hailstorm - Jun 2026
Syria,Floods,May 2026,Syria: Floods - May 2026
Central/Eastern Africa,Ebola Outbreak,May 2026,Central/Eastern Africa: Ebola Outbreak - May 2026
Sri Lanka,Dengue Outbreak,May 2026,Sri Lanka: Dengue Outbreak - May 2026
Dominican Republic,Floods,Apr 2026,Dominican Republic: Floods - Apr 2026
Yemen,Floods,Mar 2026,Yemen: Floods - Mar 2026
Tanzania,Floods and Landslides,Mar 2026,Tanzania: Floods and Landslides - Mar 2026
Liberia,Windstorms,Mar 2026,Liberia: Windstorms - Mar 2026
Botswana,Floods,Mar 2026,Botswana: Floods - Mar 2026
Ethiopia,Floods and Landslides,Mar 2026,Ethiopia: Floods and Landslides - Mar 2026
Kenya,Floods,Mar 2026,Kenya: Floods - Mar 2026
Suriname,Chikungunya Virus Outbreak,Mar 2026,Suriname: Chikungunya Virus Outbreak - Mar 2026
Brazil,Floods,Feb 2026,Brazil: Floods - Feb 2026
Peru,Floods and Landslides,Feb 2026,Peru: Floods and Landslides - Feb 2026
Angola,Floods,Feb 2026,Angola: Floods - Feb 2026
Zambia,Cholera Outbreak,Feb 2026,Zambia: Cholera Outbreak - Feb 2026
Cameroon,Fires,Feb 2026,Cameroon: Fires - Feb 2026
Somalia,Dengue Outbreak,Feb 2026,Somalia: Dengue Outbreak - Feb 2026
Rwanda,Flash Floods,Jan 2026,Rwanda: Flash Floods - Jan 2026
Algeria,Floods,Jan 2026,Algeria: Floods - Jan 2026
Argentina,Landslides,Jan 2026,Argentina: Landslides - Jan 2026
South Africa,Floods,Jan 2026,South Africa: Floods - Jan 2026
North Macedonia,Floods,Jan 2026,North Macedonia: Floods - Jan 2026
Malawi,Floods,Jan 2026,Malawi: Floods - Jan 2026
Serbia,Cold Wave,Jan 2026,Serbia: Cold Wave - Jan 2026
Guatemala,Measles Outbreak,Jan 2026,Guatemala: Measles Outbreak - Jan 2026
Ecuador,Floods,Jan 2026,Ecuador: Floods - Jan 2026
Zimbabwe,Floods,Jan 2026,Zimbabwe: Floods - Jan 2026
Mozambique,Floods,Dec 2025,Mozambique: Floods - Dec 2025
Chile,Wild Fires,Dec 2025,Chile: Wild Fires - Dec 2025
Gabon,Windstorms,Dec 2025,Gabon: Windstorms - Dec 2025
Morocco,Floods,Dec 2025,Morocco: Floods - Dec 2025
Bolivia,Floods,Dec 2025,Bolivia: Floods - Dec 2025
Congo,Floods,Nov 2025,Congo: Floods - Nov 2025
Cuba,Arboviral Outbreak,Oct 2025,Cuba: Arboviral Outbreak - Oct 2025
Egypt,Floods,Oct 2025,Egypt: Floods - Oct 2025
Cabo Verde,Flash Floods,Aug 2025,Cabo Verde: Flash Floods - Aug 2025
South Sudan,Floods,Jul 2025,South Sudan: Floods - Jul 2025
Sudan,Floods,Jul 2025,Sudan: Floods - Jul 2025
Honduras,Floods,Jun 2025,Honduras: Floods - Jun 2025
Panama,River Pollution,Jun 2025,Panama: River Pollution - Jun 2025
Côte d'Ivoire,Cholera Outbreak,Jun 2025,Côte d'Ivoire: Cholera Outbreak - Jun 2025
Pacific,Dengue Outbreak,2025,Pacific: Dengue Outbreak - 2025-2026
Ghana,Cholera Outbreak,Oct 2024,Ghana: Cholera Outbreak - Oct 2024
Namibia,Drought,May 2024,Namibia: Drought - May 2024
Niger,Diphtheria Outbreak,Oct 2023,Niger: Diphtheria Outbreak - Oct 2023
Nigeria,Lassa Fever Outbreak,Jan 2023,Nigeria: Lassa Fever Outbreak - Jan 2023
Burundi,Cholera Outbreak,Jan 2023,Burundi: Cholera Outbreak - Jan 2023
Cameroon,Floods and Landslides,July 2025,Cameroon: Floods and Landslides - July 2025
Guatemala,Earthquake,Jul 2025,Guatemala: Earthquake - Jul 2025
Syria,Wild Fires,Jul 2025,Syria: Wild Fires - Jul 2025
Pakistan,Flash Floods,Jun 2025,Pakistan: Flash Floods - Jun 2025
Honduras,Floods,Jun 2025,Honduras: Floods - Jun 2025
Panama,River Pollution,Jun 2025,Panama: River Pollution - Jun 2025
Guinea-Bissau,Severe Local Storm,Jun 2025,Guinea-Bissau: Severe Local Storm - Jun 2025
Venezuela,Floods and Landslides,Jun 2025,Venezuela: Floods and Landslides - Jun 2025
Côte d'Ivoire,Cholera Outbreak,Jun 2025,Côte d'Ivoire: Cholera Outbreak - Jun 2025
Bangladesh,Floods and Landslides,May 2025,Bangladesh: Floods and Landslides - May 2025
Nigeria,Floods,May 2025,Nigeria: Floods - May 2025
Papua New Guinea,Polio Outbreak,May 2025,Papua New Guinea: Polio Outbreak - May 2025
Ecuador,Yellow Fever Outbreak,May 2025,Ecuador: Yellow Fever Outbreak - May 2025
Algeria,Floods,May 2025,Algeria: Floods - May 2025
Zimbabwe,Malaria Outbreak,May 2025,Zimbabwe: Malaria Outbreak - May 2025
Tajikistan,Earthquake,Apr 2025,Tajikistan: Earthquake - Apr 2025
DR Congo,Floods,Apr 2025,DR Congo: Floods - Apr 2025
Myanmar,Earthquake,Mar 2025,Myanmar: Earthquake - Mar 2025
Tanzania,Floods,Mar 2025,Tanzania: Floods - Mar 2025
Kyrgyzstan,Measles and Rubella Outbreak,Mar 2025,Kyrgyzstan: Measles and Rubella Outbreak - Mar 2025
Indonesia,Earthquake,Aug 2026,Indonesia: Earthquake - Aug 2026
Colombia,Earthquake,Aug 2026,Colombia: Earthquake - Aug 2026
Myanmar,Floods,Jul 2026,Myanmar: Floods - Jul 2026
Afghanistan,Flash Floods,Jul 2026,Afghanistan: Flash Floods - Jul 2026
India,Flash Floods,Jul 2026,India: Flash Floods - Jul 2026
Kyrgyzstan,Flash Floods,Jul 2026,Kyrgyzstan: Flash Floods - Jul 2026
Tajikistan,Floods,Jul 2026,Tajikistan: Floods - Jul 2026
Bangladesh,Flash Floods,Jul 2026,Bangladesh: Flash Floods - Jul 2026
Georgia,Floods,Jun 2026,Georgia: Floods - Jun 2026
Central African Republic,Cholera Outbreak,Jun 2026,Central African Republic: Cholera Outbreak - Jun 2026
Venezuela,Earthquakes,Jun 2026,Venezuela: Earthquakes - Jun 2026
Chad,Cholera Outbreak,Jun 2026,Chad: Cholera Outbreak - Jun 2026
Philippines,Earthquake and Tsunami,Jun 2026,Philippines: Earthquake and Tsunami - Jun 2026
Armenia,Hailstorm,Jun 2026,Armenia: Hailstorm - Jun 2026
Syria,Floods,May 2026,Syria: Floods - May 2026
Central/Eastern Africa,Ebola Outbreak,May 2026,Central/Eastern Africa: Ebola Outbreak - May 2026
Sri Lanka,Dengue Outbreak,May 2026,Sri Lanka: Dengue Outbreak - May 2026
Dominican Republic,Floods,Apr 2026,Dominican Republic: Floods - Apr 2026
Yemen,Floods,Mar 2026,Yemen: Floods - Mar 2026
Tanzania,Floods and Landslides,Mar 2026,Tanzania: Floods and Landslides - Mar 2026
Liberia,Windstorms,Mar 2026,Liberia: Windstorms - Mar 2026
Botswana,Floods,Mar 2026,Botswana: Floods - Mar 2026
Ethiopia,Floods and Landslides,Mar 2026,Ethiopia: Floods and Landslides - Mar 2026
Kenya,Floods,Mar 2026,Kenya: Floods - Mar 2026
Suriname,Chikungunya Virus Outbreak,Mar 2026,Suriname: Chikungunya Virus Outbreak - Mar 2026
Brazil,Floods,Feb 2026,Brazil: Floods - Feb 2026
Peru,Floods and Landslides,Feb 2026,Peru: Floods and Landslides - Feb 2026
Angola,Floods,Feb 2026,Angola: Floods - Feb 2026
Zambia,Cholera Outbreak,Feb 2026,Zambia: Cholera Outbreak - Feb 2026
Cameroon,Fires,Feb 2026,Cameroon: Fires - Feb 2026
Somalia,Dengue Outbreak,Feb 2026,Somalia: Dengue Outbreak - Feb 2026
Rwanda,Flash Floods,Jan 2026,Rwanda: Flash Floods - Jan 2026
Algeria,Floods,Jan 2026,Algeria: Floods - Jan 2026
Argentina,Landslides,Jan 2026,Argentina: Landslides - Jan 2026
South Africa,Floods,Jan 2026,South Africa: Floods - Jan 2026
North Macedonia,Floods,Jan 2026,North Macedonia: Floods - Jan 2026
Malawi,Floods,Jan 2026,Malawi: Floods - Jan 2026
Serbia,Cold Wave,Jan 2026,Serbia: Cold Wave - Jan 2026
Guatemala,Measles Outbreak,Jan 2026,Guatemala: Measles Outbreak - Jan 2026
Ecuador,Floods,Jan 2026,Ecuador: Floods - Jan 2026
Zimbabwe,Floods,Jan 2026,Zimbabwe: Floods - Jan 2026
Mozambique,Floods,Dec 2025,Mozambique: Floods - Dec 2025
Chile,Wild Fires,Dec 2025,Chile: Wild Fires - Dec 2025
Gabon,Windstorms,Dec 2025,Gabon: Windstorms - Dec 2025
Morocco,Floods,Dec 2025,Morocco: Floods - Dec 2025
Bolivia,Floods,Dec 2025,Bolivia: Floods - Dec 2025
Congo,Floods,Nov 2025,Congo: Floods - Nov 2025
Cuba,Arboviral Outbreak,Oct 2025,Cuba: Arboviral Outbreak - Oct 2025
Egypt,Floods,Oct 2025,Egypt: Floods - Oct 2025
Cabo Verde,Flash Floods,Aug 2025,Cabo Verde: Flash Floods - Aug 2025
South Sudan,Floods,Jul 2025,South Sudan: Floods - Jul 2025
Sudan,Floods,Jul 2025,Sudan: Floods - Jul 2025
Honduras,Floods,Jun 2025,Honduras: Floods - Jun 2025
Panama,River Pollution,Jun 2025,Panama: River Pollution - Jun 2025
Côte d'Ivoire,Cholera Outbreak,Jun 2025,Côte d'Ivoire: Cholera Outbreak - Jun 2025
Pacific,Dengue Outbreak,2025,Pacific: Dengue Outbreak - 2025-2026
Ghana,Cholera Outbreak,Oct 2024,Ghana: Cholera Outbreak - Oct 2024
Namibia,Drought,May 2024,Namibia: Drought - May 2024
Niger,Diphtheria Outbreak,Oct 2023,Niger: Diphtheria Outbreak - Oct 2023
Nigeria,Lassa Fever Outbreak,Jan 2023,Nigeria: Lassa Fever Outbreak - Jan 2023
Burundi,Cholera Outbreak,Jan 2023,Burundi: Cholera Outbreak - Jan 2023
Bolivia,Heavy Rains and Floods,Mar 2025,Bolivia: Heavy Rains and Floods - Mar 2025
Ecuador,Oil Spill,Mar 2025,Ecuador: Oil Spill - Mar 2025
Iraq,Floods,Mar 2025,Iraq: Floods - Mar 2025
Argentina,Floods,Mar 2025,Argentina: Floods - Mar 2025
Somalia,Leishmaniasis Outbreak,Mar 2025,Somalia: Leishmaniasis Outbreak - Mar 2025
Georgia,Heavy Snowfall and Cold Wave,Feb 2025,Georgia: Heavy Snowfall and Cold Wave - Feb 2025
Botswana,Floods,Feb 2025,Botswana: Floods - Feb 2025
Pacific,Dengue Outbreak,2025,Pacific: Dengue Outbreak - 2025-2026
Uganda,Ebola Outbreak,Jan 2025,Uganda: Ebola Outbreak - Jan 2025
Peru,Floods and Landslides,Jan 2025,Peru: Floods and Landslides - Jan 2025
Tanzania,Marburg Virus Disease Outbreak,Jan 2025,Tanzania: Marburg Virus Disease Outbreak - Jan 2025
Angola,Cholera Outbreak,Jan 2025,Angola: Cholera Outbreak - Jan 2025
Ethiopia,Earthquakes,Jan 2025,Ethiopia: Earthquakes - Jan 2025
Afghanistan,Measles Outbreak,Jan 2025,Afghanistan: Measles Outbreak - Jan 2025
Ecuador,Floods and Landslides,Jan 2025,Ecuador: Floods and Landslides - Jan 2025
Vanuatu,Earthquake,Dec 2024,Vanuatu: Earthquake - Dec 2024
Indonesia,Earthquake,Aug 2026,Indonesia: Earthquake - Aug 2026
Colombia,Earthquake,Aug 2026,Colombia: Earthquake - Aug 2026
Myanmar,Floods,Jul 2026,Myanmar: Floods - Jul 2026
Afghanistan,Flash Floods,Jul 2026,Afghanistan: Flash Floods - Jul 2026
India,Flash Floods,Jul 2026,India: Flash Floods - Jul 2026
Kyrgyzstan,Flash Floods,Jul 2026,Kyrgyzstan: Flash Floods - Jul 2026
Tajikistan,Floods,Jul 2026,Tajikistan: Floods - Jul 2026
Bangladesh,Flash Floods,Jul 2026,Bangladesh: Flash Floods - Jul 2026
Georgia,Floods,Jun 2026,Georgia: Floods - Jun 2026
Central African Republic,Cholera Outbreak,Jun 2026,Central African Republic: Cholera Outbreak - Jun 2026
Venezuela,Earthquakes,Jun 2026,Venezuela: Earthquakes - Jun 2026
Chad,Cholera Outbreak,Jun 2026,Chad: Cholera Outbreak - Jun 2026
Philippines,Earthquake and Tsunami,Jun 2026,Philippines: Earthquake and Tsunami - Jun 2026
Armenia,Hailstorm,Jun 2026,Armenia: Hailstorm - Jun 2026
Syria,Floods,May 2026,Syria: Floods - May 2026
Central/Eastern Africa,Ebola Outbreak,May 2026,Central/Eastern Africa: Ebola Outbreak - May 2026
Sri Lanka,Dengue Outbreak,May 2026,Sri Lanka: Dengue Outbreak - May 2026
Dominican Republic,Floods,Apr 2026,Dominican Republic: Floods - Apr 2026
Yemen,Floods,Mar 2026,Yemen: Floods - Mar 2026
Tanzania,Floods and Landslides,Mar 2026,Tanzania: Floods and Landslides - Mar 2026
Liberia,Windstorms,Mar 2026,Liberia: Windstorms - Mar 2026
Botswana,Floods,Mar 2026,Botswana: Floods - Mar 2026
Ethiopia,Floods and Landslides,Mar 2026,Ethiopia: Floods and Landslides - Mar 2026
Kenya,Floods,Mar 2026,Kenya: Floods - Mar 2026
Suriname,Chikungunya Virus Outbreak,Mar 2026,Suriname: Chikungunya Virus Outbreak - Mar 2026
Brazil,Floods,Feb 2026,Brazil: Floods - Feb 2026
Peru,Floods and Landslides,Feb 2026,Peru: Floods and Landslides - Feb 2026
Angola,Floods,Feb 2026,Angola: Floods - Feb 2026
Zambia,Cholera Outbreak,Feb 2026,Zambia: Cholera Outbreak - Feb 2026
Cameroon,Fires,Feb 2026,Cameroon: Fires - Feb 2026
Somalia,Dengue Outbreak,Feb 2026,Somalia: Dengue Outbreak - Feb 2026
Rwanda,Flash Floods,Jan 2026,Rwanda: Flash Floods - Jan 2026
Algeria,Floods,Jan 2026,Algeria: Floods - Jan 2026
Argentina,Landslides,Jan 2026,Argentina: Landslides - Jan 2026
South Africa,Floods,Jan 2026,South Africa: Floods - Jan 2026
North Macedonia,Floods,Jan 2026,North Macedonia: Floods - Jan 2026
Malawi,Floods,Jan 2026,Malawi: Floods - Jan 2026
Serbia,Cold Wave,Jan 2026,Serbia: Cold Wave - Jan 2026
Guatemala,Measles Outbreak,Jan 2026,Guatemala: Measles Outbreak - Jan 2026
Ecuador,Floods,Jan 2026,Ecuador: Floods - Jan 2026
Zimbabwe,Floods,Jan 2026,Zimbabwe: Floods - Jan 2026
Mozambique,Floods,Dec 2025,Mozambique: Floods - Dec 2025
Chile,Wild Fires,Dec 2025,Chile: Wild Fires - Dec 2025
Gabon,Windstorms,Dec 2025,Gabon: Windstorms - Dec 2025
Morocco,Floods,Dec 2025,Morocco: Floods - Dec 2025
Bolivia,Floods,Dec 2025,Bolivia: Floods - Dec 2025
Congo,Floods,Nov 2025,Congo: Floods - Nov 2025
Cuba,Arboviral Outbreak,Oct 2025,Cuba: Arboviral Outbreak - Oct 2025
Egypt,Floods,Oct 2025,Egypt: Floods - Oct 2025
Cabo Verde,Flash Floods,Aug 2025,Cabo Verde: Flash Floods - Aug 2025
South Sudan,Floods,Jul 2025,South Sudan: Floods - Jul 2025
Sudan,Floods,Jul 2025,Sudan: Floods - Jul 2025
Honduras,Floods,Jun 2025,Honduras: Floods - Jun 2025
Panama,River Pollution,Jun 2025,Panama: River Pollution - Jun 2025
Côte d'Ivoire,Cholera Outbreak,Jun 2025,Côte d'Ivoire: Cholera Outbreak - Jun 2025
Pacific,Dengue Outbreak,2025,Pacific: Dengue Outbreak - 2025-2026
Ghana,Cholera Outbreak,Oct 2024,Ghana: Cholera Outbreak - Oct 2024
Namibia,Drought,May 2024,Namibia: Drought - May 2024
Niger,Diphtheria Outbreak,Oct 2023,Niger: Diphtheria Outbreak - Oct 2023
Nigeria,Lassa Fever Outbreak,Jan 2023,Nigeria: Lassa Fever Outbreak - Jan 2023
Burundi,Cholera Outbreak,Jan 2023,Burundi: Cholera Outbreak - Jan 2023
Zimbabwe,Cholera Outbreak,Dec 2024,Zimbabwe: Cholera Outbreak - Dec 2024
Libya,Floods,Dec 2024,Libya: Floods - Dec 2024
Malaysia,Floods,Nov 2024,Malaysia: Floods - Nov 2024
Gabon,Floods,Nov 2024,Gabon: Floods - Nov 2024
Dominican Republic,Floods,Nov 2024,Dominican Republic: Floods - Nov 2024
Cuba,Earthquakes,Nov 2024,Cuba: Earthquakes - Nov 2024
Haiti,Floods,Nov 2024,Haiti: Floods - Nov 2024
Colombia,Floods,Nov 2024,Colombia: Floods - Nov 2024
Costa Rica,Floods,Nov 2024,Costa Rica: Floods - Nov 2024
Panama,Floods,Nov 2024,Panama: Floods - Nov 2024
Papua New Guinea,Drought,Nov 2024,Papua New Guinea: Drought - Nov 2024
Syria,Wild Fires,Oct 2024,Syria: Wild Fires - Oct 2024
South Sudan,Cholera Outbreak,Oct 2024,South Sudan: Cholera Outbreak - Oct 2024
Senegal,Floods,Oct 2024,Senegal: Floods - Oct 2024
Indonesia,Earthquake,Aug 2026,Indonesia: Earthquake - Aug 2026
Colombia,Earthquake,Aug 2026,Colombia: Earthquake - Aug 2026
Myanmar,Floods,Jul 2026,Myanmar: Floods - Jul 2026
Afghanistan,Flash Floods,Jul 2026,Afghanistan: Flash Floods - Jul 2026
India,Flash Floods,Jul 2026,India: Flash Floods - Jul 2026
Kyrgyzstan,Flash Floods,Jul 2026,Kyrgyzstan: Flash Floods - Jul 2026
Tajikistan,Floods,Jul 2026,Tajikistan: Floods - Jul 2026
Bangladesh,Flash Floods,Jul 2026,Bangladesh: Flash Floods - Jul 2026
Georgia,Floods,Jun 2026,Georgia: Floods - Jun 2026
Central African Republic,Cholera Outbreak,Jun 2026,Central African Republic: Cholera Outbreak - Jun 2026
Venezuela,Earthquakes,Jun 2026,Venezuela: Earthquakes - Jun 2026
Chad,Cholera Outbreak,Jun 2026,Chad: Cholera Outbreak - Jun 2026
Philippines,Earthquake and Tsunami,Jun 2026,Philippines: Earthquake and Tsunami - Jun 2026
Armenia,Hailstorm,Jun 2026,Armenia: Hailstorm - Jun 2026
Syria,Floods,May 2026,Syria: Floods - May 2026
Central/Eastern Africa,Ebola Outbreak,May 2026,Central/Eastern Africa: Ebola Outbreak - May 2026
Sri Lanka,Dengue Outbreak,May 2026,Sri Lanka: Dengue Outbreak - May 2026
Dominican Republic,Floods,Apr 2026,Dominican Republic: Floods - Apr 2026
Yemen,Floods,Mar 2026,Yemen: Floods - Mar 2026
Tanzania,Floods and Landslides,Mar 2026,Tanzania: Floods and Landslides - Mar 2026
Liberia,Windstorms,Mar 2026,Liberia: Windstorms - Mar 2026
Botswana,Floods,Mar 2026,Botswana: Floods - Mar 2026
Ethiopia,Floods and Landslides,Mar 2026,Ethiopia: Floods and Landslides - Mar 2026
Kenya,Floods,Mar 2026,Kenya: Floods - Mar 2026
Suriname,Chikungunya Virus Outbreak,Mar 2026,Suriname: Chikungunya Virus Outbreak - Mar 2026
Brazil,Floods,Feb 2026,Brazil: Floods - Feb 2026
Peru,Floods and Landslides,Feb 2026,Peru: Floods and Landslides - Feb 2026
Angola,Floods,Feb 2026,Angola: Floods - Feb 2026
Zambia,Cholera Outbreak,Feb 2026,Zambia: Cholera Outbreak - Feb 2026
Cameroon,Fires,Feb 2026,Cameroon: Fires - Feb 2026
Somalia,Dengue Outbreak,Feb 2026,Somalia: Dengue Outbreak - Feb 2026
Rwanda,Flash Floods,Jan 2026,Rwanda: Flash Floods - Jan 2026
Algeria,Floods,Jan 2026,Algeria: Floods - Jan 2026
Argentina,Landslides,Jan 2026,Argentina: Landslides - Jan 2026
South Africa,Floods,Jan 2026,South Africa: Floods - Jan 2026
North Macedonia,Floods,Jan 2026,North Macedonia: Floods - Jan 2026
Malawi,Floods,Jan 2026,Malawi: Floods - Jan 2026
Serbia,Cold Wave,Jan 2026,Serbia: Cold Wave - Jan 2026
Guatemala,Measles Outbreak,Jan 2026,Guatemala: Measles Outbreak - Jan 2026
Ecuador,Floods,Jan 2026,Ecuador: Floods - Jan 2026
Zimbabwe,Floods,Jan 2026,Zimbabwe: Floods - Jan 2026
Mozambique,Floods,Dec 2025,Mozambique: Floods - Dec 2025
Chile,Wild Fires,Dec 2025,Chile: Wild Fires - Dec 2025
Gabon,Windstorms,Dec 2025,Gabon: Windstorms - Dec 2025
Morocco,Floods,Dec 2025,Morocco: Floods - Dec 2025
Bolivia,Floods,Dec 2025,Bolivia: Floods - Dec 2025
Congo,Floods,Nov 2025,Congo: Floods - Nov 2025
Cuba,Arboviral Outbreak,Oct 2025,Cuba: Arboviral Outbreak - Oct 2025
Egypt,Floods,Oct 2025,Egypt: Floods - Oct 2025
Cabo Verde,Flash Floods,Aug 2025,Cabo Verde: Flash Floods - Aug 2025
South Sudan,Floods,Jul 2025,South Sudan: Floods - Jul 2025
Sudan,Floods,Jul 2025,Sudan: Floods - Jul 2025
Honduras,Floods,Jun 2025,Honduras: Floods - Jun 2025
Panama,River Pollution,Jun 2025,Panama: River Pollution - Jun 2025
Côte d'Ivoire,Cholera Outbreak,Jun 2025,Côte d'Ivoire: Cholera Outbreak - Jun 2025
Pacific,Dengue Outbreak,2025,Pacific: Dengue Outbreak - 2025-2026
Ghana,Cholera Outbreak,Oct 2024,Ghana: Cholera Outbreak - Oct 2024
Namibia,Drought,May 2024,Namibia: Drought - May 2024
Niger,Diphtheria Outbreak,Oct 2023,Niger: Diphtheria Outbreak - Oct 2023
Nigeria,Lassa Fever Outbreak,Jan 2023,Nigeria: Lassa Fever Outbreak - Jan 2023
Burundi,Cholera Outbreak,Jan 2023,Burundi: Cholera Outbreak - Jan 2023
Sri Lanka,Floods,Oct 2024,Sri Lanka: Floods - Oct 2024
Ghana,Cholera Outbreak,Oct 2024,Ghana: Cholera Outbreak - Oct 2024
Algeria,Malaria and Diphtheria Outbreaks,Oct 2024,Algeria: Malaria and Diphtheria Outbreaks - Oct 2024
Nepal,Floods and Landslides,Sep 2024,Nepal: Floods and Landslides - Sep 2024
Sierra Leone,Floods,Sep 2024,Sierra Leone: Floods - Sep 2024
Central Europe,Floods,Sep 2024,Central Europe: Floods - Sep 2024
Kenya,Polio Outbreak,Sep 2024,Kenya: Polio Outbreak - Sep 2024
Algeria,Floods,Sep 2024,Algeria: Floods - Sep 2024
Cameroon,Floods,Aug 2024,Cameroon: Floods - Aug 2024
Nigeria,Floods,Aug 2024,Nigeria: Floods - Aug 2024
Panama,Dengue Outbreak,Aug 2024,Panama: Dengue Outbreak - Aug 2024
Burundi,Mpox Outbreak,Aug 2024,Burundi: Mpox Outbreak - Aug 2024
Central African Republic,Floods,Aug 2024,Central African Republic: Floods - Aug 2024
Thailand,Floods and Landslides,Aug 2024,Thailand: Floods and Landslides - Aug 2024
Chad,Floods,Aug 2024,Chad: Floods - Aug 2024
Guinea,Floods,Jul 2024,Guinea: Floods - Jul 2024
South Sudan,Floods,Jul 2024,South Sudan: Floods - Jul 2024
Sudan,Floods,Jul 2024,Sudan: Floods - Jul 2024
Indonesia,Earthquake,Aug 2026,Indonesia: Earthquake - Aug 2026
Colombia,Earthquake,Aug 2026,Colombia: Earthquake - Aug 2026
Myanmar,Floods,Jul 2026,Myanmar: Floods - Jul 2026
Afghanistan,Flash Floods,Jul 2026,Afghanistan: Flash Floods - Jul 2026
India,Flash Floods,Jul 2026,India: Flash Floods - Jul 2026
Kyrgyzstan,Flash Floods,Jul 2026,Kyrgyzstan: Flash Floods - Jul 2026
Tajikistan,Floods,Jul 2026,Tajikistan: Floods - Jul 2026
Bangladesh,Flash Floods,Jul 2026,Bangladesh: Flash Floods - Jul 2026
Georgia,Floods,Jun 2026,Georgia: Floods - Jun 2026
Central African Republic,Cholera Outbreak,Jun 2026,Central African Republic: Cholera Outbreak - Jun 2026
Venezuela,Earthquakes,Jun 2026,Venezuela: Earthquakes - Jun 2026
Chad,Cholera Outbreak,Jun 2026,Chad: Cholera Outbreak - Jun 2026
Philippines,Earthquake and Tsunami,Jun 2026,Philippines: Earthquake and Tsunami - Jun 2026
Armenia,Hailstorm,Jun 2026,Armenia: Hailstorm - Jun 2026
Syria,Floods,May 2026,Syria: Floods - May 2026
Central/Eastern Africa,Ebola Outbreak,May 2026,Central/Eastern Africa: Ebola Outbreak - May 2026
Sri Lanka,Dengue Outbreak,May 2026,Sri Lanka: Dengue Outbreak - May 2026
Dominican Republic,Floods,Apr 2026,Dominican Republic: Floods - Apr 2026
Yemen,Floods,Mar 2026,Yemen: Floods - Mar 2026
Tanzania,Floods and Landslides,Mar 2026,Tanzania: Floods and Landslides - Mar 2026
Liberia,Windstorms,Mar 2026,Liberia: Windstorms - Mar 2026
Botswana,Floods,Mar 2026,Botswana: Floods - Mar 2026
Ethiopia,Floods and Landslides,Mar 2026,Ethiopia: Floods and Landslides - Mar 2026
Kenya,Floods,Mar 2026,Kenya: Floods - Mar 2026
Suriname,Chikungunya Virus Outbreak,Mar 2026,Suriname: Chikungunya Virus Outbreak - Mar 2026
Brazil,Floods,Feb 2026,Brazil: Floods - Feb 2026
Peru,Floods and Landslides,Feb 2026,Peru: Floods and Landslides - Feb 2026
Angola,Floods,Feb 2026,Angola: Floods - Feb 2026
Zambia,Cholera Outbreak,Feb 2026,Zambia: Cholera Outbreak - Feb 2026
Cameroon,Fires,Feb 2026,Cameroon: Fires - Feb 2026
Somalia,Dengue Outbreak,Feb 2026,Somalia: Dengue Outbreak - Feb 2026
Rwanda,Flash Floods,Jan 2026,Rwanda: Flash Floods - Jan 2026
Algeria,Floods,Jan 2026,Algeria: Floods - Jan 2026
Argentina,Landslides,Jan 2026,Argentina: Landslides - Jan 2026
South Africa,Floods,Jan 2026,South Africa: Floods - Jan 2026
North Macedonia,Floods,Jan 2026,North Macedonia: Floods - Jan 2026
Malawi,Floods,Jan 2026,Malawi: Floods - Jan 2026
Serbia,Cold Wave,Jan 2026,Serbia: Cold Wave - Jan 2026
Guatemala,Measles Outbreak,Jan 2026,Guatemala: Measles Outbreak - Jan 2026
Ecuador,Floods,Jan 2026,Ecuador: Floods - Jan 2026
Zimbabwe,Floods,Jan 2026,Zimbabwe: Floods - Jan 2026
Mozambique,Floods,Dec 2025,Mozambique: Floods - Dec 2025
Chile,Wild Fires,Dec 2025,Chile: Wild Fires - Dec 2025
Gabon,Windstorms,Dec 2025,Gabon: Windstorms - Dec 2025
Morocco,Floods,Dec 2025,Morocco: Floods - Dec 2025
Bolivia,Floods,Dec 2025,Bolivia: Floods - Dec 2025
Congo,Floods,Nov 2025,Congo: Floods - Nov 2025
Cuba,Arboviral Outbreak,Oct 2025,Cuba: Arboviral Outbreak - Oct 2025
Egypt,Floods,Oct 2025,Egypt: Floods - Oct 2025
Cabo Verde,Flash Floods,Aug 2025,Cabo Verde: Flash Floods - Aug 2025
South Sudan,Floods,Jul 2025,South Sudan: Floods - Jul 2025
Sudan,Floods,Jul 2025,Sudan: Floods - Jul 2025
Honduras,Floods,Jun 2025,Honduras: Floods - Jun 2025
Panama,River Pollution,Jun 2025,Panama: River Pollution - Jun 2025
Côte d'Ivoire,Cholera Outbreak,Jun 2025,Côte d'Ivoire: Cholera Outbreak - Jun 2025
Pacific,Dengue Outbreak,2025,Pacific: Dengue Outbreak - 2025-2026
Ghana,Cholera Outbreak,Oct 2024,Ghana: Cholera Outbreak - Oct 2024
Namibia,Drought,May 2024,Namibia: Drought - May 2024
Niger,Diphtheria Outbreak,Oct 2023,Niger: Diphtheria Outbreak - Oct 2023
Nigeria,Lassa Fever Outbreak,Jan 2023,Nigeria: Lassa Fever Outbreak - Jan 2023
Burundi,Cholera Outbreak,Jan 2023,Burundi: Cholera Outbreak - Jan 2023
Bolivia,Wild Fires,Jul 2024,Bolivia: Wild Fires - Jul 2024
Lao PDR,Floods,Jul 2024,Lao PDR: Floods - Jul 2024
Mali,Floods,Jul 2024,Mali: Floods - Jul 2024
Ethiopia,Landslides,Jul 2024,Ethiopia: Landslides - Jul 2024
India,Floods and Landslides,Jul 2024,India: Floods and Landslides - Jul 2024
Myanmar,Floods,Jul 2024,Myanmar: Floods - Jul 2024
Benin,Floods,Jun 2024,Benin: Floods - Jun 2024
Bangladesh,Floods and Landslides,Jun 2024,Bangladesh: Floods and Landslides - Jun 2024
El Salvador,Floods and Landslides,Jun 2024,El Salvador: Floods and Landslides - Jun 2024
Liberia,Floods,Jun 2024,Liberia: Floods - Jun 2024
Nepal,Floods and Landslides,Jun 2024,Nepal: Floods and Landslides - Jun 2024
Niger,Floods,Jun 2024,Niger: Floods - Jun 2024
Pakistan,Floods and Landslides,Jun 2024,Pakistan: Floods and Landslides - Jun 2024
Cabo Verde,Dengue Outbreak,Jun 2024,Cabo Verde: Dengue Outbreak - Jun 2024
Honduras,Dengue Outbreak,May 2024,Honduras: Dengue Outbreak - May 2024
Burkina Faso,Floods,May 2024,Burkina Faso: Floods - May 2024
Myanmar,Acute Watery Diarrhoea (AWD) Outbreak,May 2024,Myanmar: Acute Watery Diarrhoea (AWD) Outbreak - May 2024
Armenia,Floods,May 2024,Armenia: Floods - May 2024
Indonesia,Earthquake,Aug 2026,Indonesia: Earthquake - Aug 2026
Colombia,Earthquake,Aug 2026,Colombia: Earthquake - Aug 2026
Myanmar,Floods,Jul 2026,Myanmar: Floods - Jul 2026
Afghanistan,Flash Floods,Jul 2026,Afghanistan: Flash Floods - Jul 2026
India,Flash Floods,Jul 2026,India: Flash Floods - Jul 2026
Kyrgyzstan,Flash Floods,Jul 2026,Kyrgyzstan: Flash Floods - Jul 2026
Tajikistan,Floods,Jul 2026,Tajikistan: Floods - Jul 2026
Bangladesh,Flash Floods,Jul 2026,Bangladesh: Flash Floods - Jul 2026
Georgia,Floods,Jun 2026,Georgia: Floods - Jun 2026
Central African Republic,Cholera Outbreak,Jun 2026,Central African Republic: Cholera Outbreak - Jun 2026
Venezuela,Earthquakes,Jun 2026,Venezuela: Earthquakes - Jun 2026
Chad,Cholera Outbreak,Jun 2026,Chad: Cholera Outbreak - Jun 2026
Philippines,Earthquake and Tsunami,Jun 2026,Philippines: Earthquake and Tsunami - Jun 2026
Armenia,Hailstorm,Jun 2026,Armenia: Hailstorm - Jun 2026
Syria,Floods,May 2026,Syria: Floods - May 2026
Central/Eastern Africa,Ebola Outbreak,May 2026,Central/Eastern Africa: Ebola Outbreak - May 2026
Sri Lanka,Dengue Outbreak,May 2026,Sri Lanka: Dengue Outbreak - May 2026
Dominican Republic,Floods,Apr 2026,Dominican Republic: Floods - Apr 2026
Yemen,Floods,Mar 2026,Yemen: Floods - Mar 2026
Tanzania,Floods and Landslides,Mar 2026,Tanzania: Floods and Landslides - Mar 2026
Liberia,Windstorms,Mar 2026,Liberia: Windstorms - Mar 2026
Botswana,Floods,Mar 2026,Botswana: Floods - Mar 2026
Ethiopia,Floods and Landslides,Mar 2026,Ethiopia: Floods and Landslides - Mar 2026
Kenya,Floods,Mar 2026,Kenya: Floods - Mar 2026
Suriname,Chikungunya Virus Outbreak,Mar 2026,Suriname: Chikungunya Virus Outbreak - Mar 2026
Brazil,Floods,Feb 2026,Brazil: Floods - Feb 2026
Peru,Floods and Landslides,Feb 2026,Peru: Floods and Landslides - Feb 2026
Angola,Floods,Feb 2026,Angola: Floods - Feb 2026
Zambia,Cholera Outbreak,Feb 2026,Zambia: Cholera Outbreak - Feb 2026
Cameroon,Fires,Feb 2026,Cameroon: Fires - Feb 2026
Somalia,Dengue Outbreak,Feb 2026,Somalia: Dengue Outbreak - Feb 2026
Rwanda,Flash Floods,Jan 2026,Rwanda: Flash Floods - Jan 2026
Algeria,Floods,Jan 2026,Algeria: Floods - Jan 2026
Argentina,Landslides,Jan 2026,Argentina: Landslides - Jan 2026
South Africa,Floods,Jan 2026,South Africa: Floods - Jan 2026
North Macedonia,Floods,Jan 2026,North Macedonia: Floods - Jan 2026
Malawi,Floods,Jan 2026,Malawi: Floods - Jan 2026
Serbia,Cold Wave,Jan 2026,Serbia: Cold Wave - Jan 2026
Guatemala,Measles Outbreak,Jan 2026,Guatemala: Measles Outbreak - Jan 2026
Ecuador,Floods,Jan 2026,Ecuador: Floods - Jan 2026
Zimbabwe,Floods,Jan 2026,Zimbabwe: Floods - Jan 2026
Mozambique,Floods,Dec 2025,Mozambique: Floods - Dec 2025
Chile,Wild Fires,Dec 2025,Chile: Wild Fires - Dec 2025
Gabon,Windstorms,Dec 2025,Gabon: Windstorms - Dec 2025
Morocco,Floods,Dec 2025,Morocco: Floods - Dec 2025
Bolivia,Floods,Dec 2025,Bolivia: Floods - Dec 2025
Congo,Floods,Nov 2025,Congo: Floods - Nov 2025
Cuba,Arboviral Outbreak,Oct 2025,Cuba: Arboviral Outbreak - Oct 2025
Egypt,Floods,Oct 2025,Egypt: Floods - Oct 2025
Cabo Verde,Flash Floods,Aug 2025,Cabo Verde: Flash Floods - Aug 2025
South Sudan,Floods,Jul 2025,South Sudan: Floods - Jul 2025
Sudan,Floods,Jul 2025,Sudan: Floods - Jul 2025
Honduras,Floods,Jun 2025,Honduras: Floods - Jun 2025
Panama,River Pollution,Jun 2025,Panama: River Pollution - Jun 2025
Côte d'Ivoire,Cholera Outbreak,Jun 2025,Côte d'Ivoire: Cholera Outbreak - Jun 2025
Pacific,Dengue Outbreak,2025,Pacific: Dengue Outbreak - 2025-2026
Ghana,Cholera Outbreak,Oct 2024,Ghana: Cholera Outbreak - Oct 2024
Namibia,Drought,May 2024,Namibia: Drought - May 2024
Niger,Diphtheria Outbreak,Oct 2023,Niger: Diphtheria Outbreak - Oct 2023
Nigeria,Lassa Fever Outbreak,Jan 2023,Nigeria: Lassa Fever Outbreak - Jan 2023
Burundi,Cholera Outbreak,Jan 2023,Burundi: Cholera Outbreak - Jan 2023
Botswana,Drought,May 2024,Botswana: Drought - May 2024
Mozambique,Drought,May 2024,Mozambique: Drought - May 2024
Papua New Guinea,Landslide,May 2024,Papua New Guinea: Landslide - May 2024
Angola,Drought,2024,Angola: Drought - 2024-2026
Namibia,Drought,May 2024,Namibia: Drought - May 2024
Belize,Wild Fires,May 2024,Belize: Wild Fires - May 2024
Guatemala,Dengue Outbreak,May 2024,Guatemala: Dengue Outbreak - May 2024
Sri Lanka,Floods and Landslides,May 2024,Sri Lanka: Floods and Landslides - May 2024
Grenada,Drought,May 2024,Grenada: Drought - May 2024
Ethiopia,Floods,May 2024,Ethiopia: Floods - May 2024
Angola,Polio Outbreak,May 2024,Angola: Polio Outbreak - May 2024
Uganda,Floods,May 2024,Uganda: Floods - May 2024
Lesotho,Drought,Apr 2024,Lesotho: Drought - Apr 2024
Colombia,Floods,Apr 2024,Colombia: Floods - Apr 2024
Bangladesh,Heat Wave,Apr 2024,Bangladesh: Heat Wave - Apr 2024
Rwanda,Floods,Apr 2024,Rwanda: Floods - Apr 2024
Kyrgyzstan,Floods and Landslides,Apr 2024,Kyrgyzstan: Floods and Landslides - Apr 2024
Somalia,Floods,Apr 2024,Somalia: Floods - Apr 2024
Yemen,Floods,Apr 2024,Yemen: Floods - Apr 2024
Indonesia,Earthquake,Aug 2026,Indonesia: Earthquake - Aug 2026
Colombia,Earthquake,Aug 2026,Colombia: Earthquake - Aug 2026
Myanmar,Floods,Jul 2026,Myanmar: Floods - Jul 2026
Afghanistan,Flash Floods,Jul 2026,Afghanistan: Flash Floods - Jul 2026
India,Flash Floods,Jul 2026,India: Flash Floods - Jul 2026
Kyrgyzstan,Flash Floods,Jul 2026,Kyrgyzstan: Flash Floods - Jul 2026
Tajikistan,Floods,Jul 2026,Tajikistan: Floods - Jul 2026
Bangladesh,Flash Floods,Jul 2026,Bangladesh: Flash Floods - Jul 2026
Georgia,Floods,Jun 2026,Georgia: Floods - Jun 2026
Central African Republic,Cholera Outbreak,Jun 2026,Central African Republic: Cholera Outbreak - Jun 2026
Venezuela,Earthquakes,Jun 2026,Venezuela: Earthquakes - Jun 2026
Chad,Cholera Outbreak,Jun 2026,Chad: Cholera Outbreak - Jun 2026
Philippines,Earthquake and Tsunami,Jun 2026,Philippines: Earthquake and Tsunami - Jun 2026
Armenia,Hailstorm,Jun 2026,Armenia: Hailstorm - Jun 2026
Syria,Floods,May 2026,Syria: Floods - May 2026
Central/Eastern Africa,Ebola Outbreak,May 2026,Central/Eastern Africa: Ebola Outbreak - May 2026
Sri Lanka,Dengue Outbreak,May 2026,Sri Lanka: Dengue Outbreak - May 2026
Dominican Republic,Floods,Apr 2026,Dominican Republic: Floods - Apr 2026
Yemen,Floods,Mar 2026,Yemen: Floods - Mar 2026
Tanzania,Floods and Landslides,Mar 2026,Tanzania: Floods and Landslides - Mar 2026
Liberia,Windstorms,Mar 2026,Liberia: Windstorms - Mar 2026
Botswana,Floods,Mar 2026,Botswana: Floods - Mar 2026
Ethiopia,Floods and Landslides,Mar 2026,Ethiopia: Floods and Landslides - Mar 2026
Kenya,Floods,Mar 2026,Kenya: Floods - Mar 2026
Suriname,Chikungunya Virus Outbreak,Mar 2026,Suriname: Chikungunya Virus Outbreak - Mar 2026
Brazil,Floods,Feb 2026,Brazil: Floods - Feb 2026
Peru,Floods and Landslides,Feb 2026,Peru: Floods and Landslides - Feb 2026
Angola,Floods,Feb 2026,Angola: Floods - Feb 2026
Zambia,Cholera Outbreak,Feb 2026,Zambia: Cholera Outbreak - Feb 2026
Cameroon,Fires,Feb 2026,Cameroon: Fires - Feb 2026
Somalia,Dengue Outbreak,Feb 2026,Somalia: Dengue Outbreak - Feb 2026
Rwanda,Flash Floods,Jan 2026,Rwanda: Flash Floods - Jan 2026
Algeria,Floods,Jan 2026,Algeria: Floods - Jan 2026
Argentina,Landslides,Jan 2026,Argentina: Landslides - Jan 2026
South Africa,Floods,Jan 2026,South Africa: Floods - Jan 2026
North Macedonia,Floods,Jan 2026,North Macedonia: Floods - Jan 2026
Malawi,Floods,Jan 2026,Malawi: Floods - Jan 2026
Serbia,Cold Wave,Jan 2026,Serbia: Cold Wave - Jan 2026
Guatemala,Measles Outbreak,Jan 2026,Guatemala: Measles Outbreak - Jan 2026
Ecuador,Floods,Jan 2026,Ecuador: Floods - Jan 2026
Zimbabwe,Floods,Jan 2026,Zimbabwe: Floods - Jan 2026
Mozambique,Floods,Dec 2025,Mozambique: Floods - Dec 2025
Chile,Wild Fires,Dec 2025,Chile: Wild Fires - Dec 2025
Gabon,Windstorms,Dec 2025,Gabon: Windstorms - Dec 2025
Morocco,Floods,Dec 2025,Morocco: Floods - Dec 2025
Bolivia,Floods,Dec 2025,Bolivia: Floods - Dec 2025
Congo,Floods,Nov 2025,Congo: Floods - Nov 2025
Cuba,Arboviral Outbreak,Oct 2025,Cuba: Arboviral Outbreak - Oct 2025
Egypt,Floods,Oct 2025,Egypt: Floods - Oct 2025
Cabo Verde,Flash Floods,Aug 2025,Cabo Verde: Flash Floods - Aug 2025
South Sudan,Floods,Jul 2025,South Sudan: Floods - Jul 2025
Sudan,Floods,Jul 2025,Sudan: Floods - Jul 2025
Honduras,Floods,Jun 2025,Honduras: Floods - Jun 2025
Panama,River Pollution,Jun 2025,Panama: River Pollution - Jun 2025
Côte d'Ivoire,Cholera Outbreak,Jun 2025,Côte d'Ivoire: Cholera Outbreak - Jun 2025
Pacific,Dengue Outbreak,2025,Pacific: Dengue Outbreak - 2025-2026
Ghana,Cholera Outbreak,Oct 2024,Ghana: Cholera Outbreak - Oct 2024
Namibia,Drought,May 2024,Namibia: Drought - May 2024
Niger,Diphtheria Outbreak,Oct 2023,Niger: Diphtheria Outbreak - Oct 2023
Nigeria,Lassa Fever Outbreak,Jan 2023,Nigeria: Lassa Fever Outbreak - Jan 2023
Burundi,Cholera Outbreak,Jan 2023,Burundi: Cholera Outbreak - Jan 2023
Bosnia and Herzegovina,Measles Outbreak,Apr 2024,Bosnia and Herzegovina: Measles Outbreak - Apr 2024
Kenya,Floods,Apr 2024,Kenya: Floods - Apr 2024
Tanzania,Floods,Apr 2024,Tanzania: Floods - Apr 2024
Zimbabwe,Drought,Apr 2024,Zimbabwe: Drought - Apr 2024
Kazakhstan,Floods,Mar 2024,Kazakhstan: Floods - Mar 2024
Uruguay,Floods,Mar 2024,Uruguay: Floods - Mar 2024
Malawi,Drought,Mar 2024,Malawi: Drought - Mar 2024
Cuba,Floods,Mar 2024,Cuba: Floods - Mar 2024
Afghanistan,Cold Wave,Mar 2024,Afghanistan: Cold Wave - Mar 2024
Afghanistan,Floods,Mar 2024,Afghanistan: Floods - Mar 2024
Iraq,Floods,Mar 2024,Iraq: Floods - Mar 2024
Yemen,Cholera Outbreak,Mar 2024,Yemen: Cholera Outbreak - Mar 2024
Argentina,Floods,Mar 2024,Argentina: Floods - Mar 2024
Algeria,Floods,Feb 2024,Algeria: Floods - Feb 2024
Peru,Dengue Outbreak,Feb 2024,Peru: Dengue Outbreak - Feb 2024
Malawi,Floods,Feb 2024,Malawi: Floods - Feb 2024
Pakistan,Floods,Feb 2024,Pakistan: Floods - Feb 2024
Iran,Floods,Feb 2024,Iran: Floods - Feb 2024
Indonesia,Earthquake,Aug 2026,Indonesia: Earthquake - Aug 2026
Colombia,Earthquake,Aug 2026,Colombia: Earthquake - Aug 2026
Myanmar,Floods,Jul 2026,Myanmar: Floods - Jul 2026
Afghanistan,Flash Floods,Jul 2026,Afghanistan: Flash Floods - Jul 2026
India,Flash Floods,Jul 2026,India: Flash Floods - Jul 2026
Kyrgyzstan,Flash Floods,Jul 2026,Kyrgyzstan: Flash Floods - Jul 2026
Tajikistan,Floods,Jul 2026,Tajikistan: Floods - Jul 2026
Bangladesh,Flash Floods,Jul 2026,Bangladesh: Flash Floods - Jul 2026
Georgia,Floods,Jun 2026,Georgia: Floods - Jun 2026
Central African Republic,Cholera Outbreak,Jun 2026,Central African Republic: Cholera Outbreak - Jun 2026
Venezuela,Earthquakes,Jun 2026,Venezuela: Earthquakes - Jun 2026
Chad,Cholera Outbreak,Jun 2026,Chad: Cholera Outbreak - Jun 2026
Philippines,Earthquake and Tsunami,Jun 2026,Philippines: Earthquake and Tsunami - Jun 2026
Armenia,Hailstorm,Jun 2026,Armenia: Hailstorm - Jun 2026
Syria,Floods,May 2026,Syria: Floods - May 2026
Central/Eastern Africa,Ebola Outbreak,May 2026,Central/Eastern Africa: Ebola Outbreak - May 2026
Sri Lanka,Dengue Outbreak,May 2026,Sri Lanka: Dengue Outbreak - May 2026
Dominican Republic,Floods,Apr 2026,Dominican Republic: Floods - Apr 2026
Yemen,Floods,Mar 2026,Yemen: Floods - Mar 2026
Tanzania,Floods and Landslides,Mar 2026,Tanzania: Floods and Landslides - Mar 2026
Liberia,Windstorms,Mar 2026,Liberia: Windstorms - Mar 2026
Botswana,Floods,Mar 2026,Botswana: Floods - Mar 2026
Ethiopia,Floods and Landslides,Mar 2026,Ethiopia: Floods and Landslides - Mar 2026
Kenya,Floods,Mar 2026,Kenya: Floods - Mar 2026
Suriname,Chikungunya Virus Outbreak,Mar 2026,Suriname: Chikungunya Virus Outbreak - Mar 2026
Brazil,Floods,Feb 2026,Brazil: Floods - Feb 2026
Peru,Floods and Landslides,Feb 2026,Peru: Floods and Landslides - Feb 2026
Angola,Floods,Feb 2026,Angola: Floods - Feb 2026
Zambia,Cholera Outbreak,Feb 2026,Zambia: Cholera Outbreak - Feb 2026
Cameroon,Fires,Feb 2026,Cameroon: Fires - Feb 2026
Somalia,Dengue Outbreak,Feb 2026,Somalia: Dengue Outbreak - Feb 2026
Rwanda,Flash Floods,Jan 2026,Rwanda: Flash Floods - Jan 2026
Algeria,Floods,Jan 2026,Algeria: Floods - Jan 2026
Argentina,Landslides,Jan 2026,Argentina: Landslides - Jan 2026
South Africa,Floods,Jan 2026,South Africa: Floods - Jan 2026
North Macedonia,Floods,Jan 2026,North Macedonia: Floods - Jan 2026
Malawi,Floods,Jan 2026,Malawi: Floods - Jan 2026
Serbia,Cold Wave,Jan 2026,Serbia: Cold Wave - Jan 2026
Guatemala,Measles Outbreak,Jan 2026,Guatemala: Measles Outbreak - Jan 2026
Ecuador,Floods,Jan 2026,Ecuador: Floods - Jan 2026
Zimbabwe,Floods,Jan 2026,Zimbabwe: Floods - Jan 2026
Mozambique,Floods,Dec 2025,Mozambique: Floods - Dec 2025
Chile,Wild Fires,Dec 2025,Chile: Wild Fires - Dec 2025
Gabon,Windstorms,Dec 2025,Gabon: Windstorms - Dec 2025
Morocco,Floods,Dec 2025,Morocco: Floods - Dec 2025
Bolivia,Floods,Dec 2025,Bolivia: Floods - Dec 2025
Congo,Floods,Nov 2025,Congo: Floods - Nov 2025
Cuba,Arboviral Outbreak,Oct 2025,Cuba: Arboviral Outbreak - Oct 2025
Egypt,Floods,Oct 2025,Egypt: Floods - Oct 2025
Cabo Verde,Flash Floods,Aug 2025,Cabo Verde: Flash Floods - Aug 2025
South Sudan,Floods,Jul 2025,South Sudan: Floods - Jul 2025
Sudan,Floods,Jul 2025,Sudan: Floods - Jul 2025
Honduras,Floods,Jun 2025,Honduras: Floods - Jun 2025
Panama,River Pollution,Jun 2025,Panama: River Pollution - Jun 2025
Côte d'Ivoire,Cholera Outbreak,Jun 2025,Côte d'Ivoire: Cholera Outbreak - Jun 2025
Pacific,Dengue Outbreak,2025,Pacific: Dengue Outbreak - 2025-2026
Ghana,Cholera Outbreak,Oct 2024,Ghana: Cholera Outbreak - Oct 2024
Namibia,Drought,May 2024,Namibia: Drought - May 2024
Niger,Diphtheria Outbreak,Oct 2023,Niger: Diphtheria Outbreak - Oct 2023
Nigeria,Lassa Fever Outbreak,Jan 2023,Nigeria: Lassa Fever Outbreak - Jan 2023
Burundi,Cholera Outbreak,Jan 2023,Burundi: Cholera Outbreak - Jan 2023
Peru,Floods,Feb 2024,Peru: Floods - Feb 2024
Bolivia,Floods and Landslides,Feb 2024,Bolivia: Floods and Landslides - Feb 2024
Comoros,Cholera Outbreak,Feb 2024,Comoros: Cholera Outbreak - Feb 2024
Ecuador,Floods,Feb 2024,Ecuador: Floods - Feb 2024
Colombia,Drought and Wild Fires,Jan 2024,Colombia: Drought and Wild Fires - Jan 2024
Burkina Faso,Measles Outbreak,Jan 2024,Burkina Faso: Measles Outbreak - Jan 2024
Chile,Wild Fires,Jan 2024,Chile: Wild Fires - Jan 2024
Lebanon,Cold Wave,Jan 2024,Lebanon: Cold Wave - Jan 2024
Marshall Islands,Storm Surge,Jan 2024,Marshall Islands: Storm Surge - Jan 2024
Philippines,Floods and Landslides,Jan 2024,Philippines: Floods and Landslides - Jan 2024
Zambia,Drought,2024,Zambia: Drought - 2024-2026
Brazil,Floods,Jan 2024,Brazil: Floods - Jan 2024
South Africa,Floods,Jan 2024,South Africa: Floods - Jan 2024
DR Congo,Floods,Jan 2024,DR Congo: Floods - Jan 2024
Mongolia,Dzud,Dec 2023,Mongolia: Dzud - Dec 2023
Congo,Floods,Dec 2023,Congo: Floods - Dec 2023
Lesotho,Severe Local Storm,Dec 2023,Lesotho: Severe Local Storm - Dec 2023
Argentina,Severe Local Storm,Dec 2023,Argentina: Severe Local Storm - Dec 2023
Philippines,Earthquake,Dec 2023,Philippines: Earthquake - Dec 2023
Angola,Floods,Nov 2023,Angola: Floods - Nov 2023
Indonesia,Earthquake,Aug 2026,Indonesia: Earthquake - Aug 2026
Colombia,Earthquake,Aug 2026,Colombia: Earthquake - Aug 2026
Myanmar,Floods,Jul 2026,Myanmar: Floods - Jul 2026
Afghanistan,Flash Floods,Jul 2026,Afghanistan: Flash Floods - Jul 2026
India,Flash Floods,Jul 2026,India: Flash Floods - Jul 2026
Kyrgyzstan,Flash Floods,Jul 2026,Kyrgyzstan: Flash Floods - Jul 2026
Tajikistan,Floods,Jul 2026,Tajikistan: Floods - Jul 2026
Bangladesh,Flash Floods,Jul 2026,Bangladesh: Flash Floods - Jul 2026
Georgia,Floods,Jun 2026,Georgia: Floods - Jun 2026
Central African Republic,Cholera Outbreak,Jun 2026,Central African Republic: Cholera Outbreak - Jun 2026
Venezuela,Earthquakes,Jun 2026,Venezuela: Earthquakes - Jun 2026
Chad,Cholera Outbreak,Jun 2026,Chad: Cholera Outbreak - Jun 2026
Philippines,Earthquake and Tsunami,Jun 2026,Philippines: Earthquake and Tsunami - Jun 2026
Armenia,Hailstorm,Jun 2026,Armenia: Hailstorm - Jun 2026
Syria,Floods,May 2026,Syria: Floods - May 2026
Central/Eastern Africa,Ebola Outbreak,May 2026,Central/Eastern Africa: Ebola Outbreak - May 2026
Sri Lanka,Dengue Outbreak,May 2026,Sri Lanka: Dengue Outbreak - May 2026
Dominican Republic,Floods,Apr 2026,Dominican Republic: Floods - Apr 2026
Yemen,Floods,Mar 2026,Yemen: Floods - Mar 2026
Tanzania,Floods and Landslides,Mar 2026,Tanzania: Floods and Landslides - Mar 2026
Liberia,Windstorms,Mar 2026,Liberia: Windstorms - Mar 2026
Botswana,Floods,Mar 2026,Botswana: Floods - Mar 2026
Ethiopia,Floods and Landslides,Mar 2026,Ethiopia: Floods and Landslides - Mar 2026
Kenya,Floods,Mar 2026,Kenya: Floods - Mar 2026
Suriname,Chikungunya Virus Outbreak,Mar 2026,Suriname: Chikungunya Virus Outbreak - Mar 2026
Brazil,Floods,Feb 2026,Brazil: Floods - Feb 2026
Peru,Floods and Landslides,Feb 2026,Peru: Floods and Landslides - Feb 2026
Angola,Floods,Feb 2026,Angola: Floods - Feb 2026
Zambia,Cholera Outbreak,Feb 2026,Zambia: Cholera Outbreak - Feb 2026
Cameroon,Fires,Feb 2026,Cameroon: Fires - Feb 2026
Somalia,Dengue Outbreak,Feb 2026,Somalia: Dengue Outbreak - Feb 2026
Rwanda,Flash Floods,Jan 2026,Rwanda: Flash Floods - Jan 2026
Algeria,Floods,Jan 2026,Algeria: Floods - Jan 2026
Argentina,Landslides,Jan 2026,Argentina: Landslides - Jan 2026
South Africa,Floods,Jan 2026,South Africa: Floods - Jan 2026
North Macedonia,Floods,Jan 2026,North Macedonia: Floods - Jan 2026
Malawi,Floods,Jan 2026,Malawi: Floods - Jan 2026
Serbia,Cold Wave,Jan 2026,Serbia: Cold Wave - Jan 2026
Guatemala,Measles Outbreak,Jan 2026,Guatemala: Measles Outbreak - Jan 2026
Ecuador,Floods,Jan 2026,Ecuador: Floods - Jan 2026
Zimbabwe,Floods,Jan 2026,Zimbabwe: Floods - Jan 2026
Mozambique,Floods,Dec 2025,Mozambique: Floods - Dec 2025
Chile,Wild Fires,Dec 2025,Chile: Wild Fires - Dec 2025
Gabon,Windstorms,Dec 2025,Gabon: Windstorms - Dec 2025
Morocco,Floods,Dec 2025,Morocco: Floods - Dec 2025
Bolivia,Floods,Dec 2025,Bolivia: Floods - Dec 2025
Congo,Floods,Nov 2025,Congo: Floods - Nov 2025
Cuba,Arboviral Outbreak,Oct 2025,Cuba: Arboviral Outbreak - Oct 2025
Egypt,Floods,Oct 2025,Egypt: Floods - Oct 2025
Cabo Verde,Flash Floods,Aug 2025,Cabo Verde: Flash Floods - Aug 2025
South Sudan,Floods,Jul 2025,South Sudan: Floods - Jul 2025
Sudan,Floods,Jul 2025,Sudan: Floods - Jul 2025
Honduras,Floods,Jun 2025,Honduras: Floods - Jun 2025
Panama,River Pollution,Jun 2025,Panama: River Pollution - Jun 2025
Côte d'Ivoire,Cholera Outbreak,Jun 2025,Côte d'Ivoire: Cholera Outbreak - Jun 2025
Pacific,Dengue Outbreak,2025,Pacific: Dengue Outbreak - 2025-2026
Ghana,Cholera Outbreak,Oct 2024,Ghana: Cholera Outbreak - Oct 2024
Namibia,Drought,May 2024,Namibia: Drought - May 2024
Niger,Diphtheria Outbreak,Oct 2023,Niger: Diphtheria Outbreak - Oct 2023
Nigeria,Lassa Fever Outbreak,Jan 2023,Nigeria: Lassa Fever Outbreak - Jan 2023
Burundi,Cholera Outbreak,Jan 2023,Burundi: Cholera Outbreak - Jan 2023
Uganda,Anthrax Outbreak,Nov 2023,Uganda: Anthrax Outbreak - Nov 2023
Jordan,Cold Wave,Nov 2023,Jordan: Cold Wave - Nov 2023
Dominican Republic,Floods and Landslides,Nov 2023,Dominican Republic: Floods and Landslides - Nov 2023
Malaysia,Dengue Outbreak,Nov 2023,Malaysia: Dengue Outbreak - Nov 2023
Tanzania,Floods,Nov 2023,Tanzania: Floods - Nov 2023
Nepal,Earthquake,Nov 2023,Nepal: Earthquake - Nov 2023
Ethiopia,Floods,Nov 2023,Ethiopia: Floods - Nov 2023
Zimbabwe,Polio Outbreak,Oct 2023,Zimbabwe: Polio Outbreak - Oct 2023
Timor-Leste,Drought,2023,Timor-Leste: Drought - 2023-2024
Colombia,Floods,Oct 2023,Colombia: Floods - Oct 2023
Paraguay,Floods,Oct 2023,Paraguay: Floods - Oct 2023
Burundi,Floods and Landslides,Oct 2023,Burundi: Floods and Landslides - Oct 2023
Niger,Diphtheria Outbreak,Oct 2023,Niger: Diphtheria Outbreak - Oct 2023
Zambia,Cholera Outbreak,Oct 2023,Zambia: Cholera Outbreak - Oct 2023
Kenya,Floods,Oct 2023,Kenya: Floods - Oct 2023
Ghana,Floods,Oct 2023,Ghana: Floods - Oct 2023
Indonesia,Earthquake,Aug 2026,Indonesia: Earthquake - Aug 2026
Colombia,Earthquake,Aug 2026,Colombia: Earthquake - Aug 2026
Myanmar,Floods,Jul 2026,Myanmar: Floods - Jul 2026
Afghanistan,Flash Floods,Jul 2026,Afghanistan: Flash Floods - Jul 2026
India,Flash Floods,Jul 2026,India: Flash Floods - Jul 2026
Kyrgyzstan,Flash Floods,Jul 2026,Kyrgyzstan: Flash Floods - Jul 2026
Tajikistan,Floods,Jul 2026,Tajikistan: Floods - Jul 2026
Bangladesh,Flash Floods,Jul 2026,Bangladesh: Flash Floods - Jul 2026
Georgia,Floods,Jun 2026,Georgia: Floods - Jun 2026
Central African Republic,Cholera Outbreak,Jun 2026,Central African Republic: Cholera Outbreak - Jun 2026
Venezuela,Earthquakes,Jun 2026,Venezuela: Earthquakes - Jun 2026
Chad,Cholera Outbreak,Jun 2026,Chad: Cholera Outbreak - Jun 2026
Philippines,Earthquake and Tsunami,Jun 2026,Philippines: Earthquake and Tsunami - Jun 2026
Armenia,Hailstorm,Jun 2026,Armenia: Hailstorm - Jun 2026
Syria,Floods,May 2026,Syria: Floods - May 2026
Central/Eastern Africa,Ebola Outbreak,May 2026,Central/Eastern Africa: Ebola Outbreak - May 2026
Sri Lanka,Dengue Outbreak,May 2026,Sri Lanka: Dengue Outbreak - May 2026
Dominican Republic,Floods,Apr 2026,Dominican Republic: Floods - Apr 2026
Yemen,Floods,Mar 2026,Yemen: Floods - Mar 2026
Tanzania,Floods and Landslides,Mar 2026,Tanzania: Floods and Landslides - Mar 2026
Liberia,Windstorms,Mar 2026,Liberia: Windstorms - Mar 2026
Botswana,Floods,Mar 2026,Botswana: Floods - Mar 2026
Ethiopia,Floods and Landslides,Mar 2026,Ethiopia: Floods and Landslides - Mar 2026
Kenya,Floods,Mar 2026,Kenya: Floods - Mar 2026
Suriname,Chikungunya Virus Outbreak,Mar 2026,Suriname: Chikungunya Virus Outbreak - Mar 2026
Brazil,Floods,Feb 2026,Brazil: Floods - Feb 2026
Peru,Floods and Landslides,Feb 2026,Peru: Floods and Landslides - Feb 2026
Angola,Floods,Feb 2026,Angola: Floods - Feb 2026
Zambia,Cholera Outbreak,Feb 2026,Zambia: Cholera Outbreak - Feb 2026
Cameroon,Fires,Feb 2026,Cameroon: Fires - Feb 2026
Somalia,Dengue Outbreak,Feb 2026,Somalia: Dengue Outbreak - Feb 2026
Rwanda,Flash Floods,Jan 2026,Rwanda: Flash Floods - Jan 2026
Algeria,Floods,Jan 2026,Algeria: Floods - Jan 2026
Argentina,Landslides,Jan 2026,Argentina: Landslides - Jan 2026
South Africa,Floods,Jan 2026,South Africa: Floods - Jan 2026
North Macedonia,Floods,Jan 2026,North Macedonia: Floods - Jan 2026
Malawi,Floods,Jan 2026,Malawi: Floods - Jan 2026
Serbia,Cold Wave,Jan 2026,Serbia: Cold Wave - Jan 2026
Guatemala,Measles Outbreak,Jan 2026,Guatemala: Measles Outbreak - Jan 2026
Ecuador,Floods,Jan 2026,Ecuador: Floods - Jan 2026
Zimbabwe,Floods,Jan 2026,Zimbabwe: Floods - Jan 2026
Mozambique,Floods,Dec 2025,Mozambique: Floods - Dec 2025
Chile,Wild Fires,Dec 2025,Chile: Wild Fires - Dec 2025
Gabon,Windstorms,Dec 2025,Gabon: Windstorms - Dec 2025
Morocco,Floods,Dec 2025,Morocco: Floods - Dec 2025
Bolivia,Floods,Dec 2025,Bolivia: Floods - Dec 2025
Congo,Floods,Nov 2025,Congo: Floods - Nov 2025
Cuba,Arboviral Outbreak,Oct 2025,Cuba: Arboviral Outbreak - Oct 2025
Egypt,Floods,Oct 2025,Egypt: Floods - Oct 2025
Cabo Verde,Flash Floods,Aug 2025,Cabo Verde: Flash Floods - Aug 2025
South Sudan,Floods,Jul 2025,South Sudan: Floods - Jul 2025
Sudan,Floods,Jul 2025,Sudan: Floods - Jul 2025
Honduras,Floods,Jun 2025,Honduras: Floods - Jun 2025
Panama,River Pollution,Jun 2025,Panama: River Pollution - Jun 2025
Côte d'Ivoire,Cholera Outbreak,Jun 2025,Côte d'Ivoire: Cholera Outbreak - Jun 2025
Pacific,Dengue Outbreak,2025,Pacific: Dengue Outbreak - 2025-2026
Ghana,Cholera Outbreak,Oct 2024,Ghana: Cholera Outbreak - Oct 2024
Namibia,Drought,May 2024,Namibia: Drought - May 2024
Niger,Diphtheria Outbreak,Oct 2023,Niger: Diphtheria Outbreak - Oct 2023
Nigeria,Lassa Fever Outbreak,Jan 2023,Nigeria: Lassa Fever Outbreak - Jan 2023
Burundi,Cholera Outbreak,Jan 2023,Burundi: Cholera Outbreak - Jan 2023
Costa Rica,Dengue Outbreak,Oct 2023,Costa Rica: Dengue Outbreak - Oct 2023
Afghanistan,Earthquakes,Oct 2023,Afghanistan: Earthquakes - Oct 2023
Sri Lanka,Floods and Landslides,Oct 2023,Sri Lanka: Floods and Landslides - Oct 2023
Somalia,Floods,Oct 2023,Somalia: Floods - Oct 2023
Nepal,Earthquake,Oct 2023,Nepal: Earthquake - Oct 2023
Tonga,Drought,Sep 2023,Tonga: Drought - Sep 2023
Bolivia,Drought,Sep 2023,Bolivia: Drought - Sep 2023
South Sudan,Hepatitis E Outbreak,Sep 2023,South Sudan: Hepatitis E Outbreak - Sep 2023
Sudan,Cholera Outbreak,Sep 2023,Sudan: Cholera Outbreak - Sep 2023
South Africa,Floods,Sep 2023,South Africa: Floods - Sep 2023
Pacific,Drought,2023,Pacific: Drought - 2023-2024
Sudan,Floods,Sep 2023,Sudan: Floods - Sep 2023
Mali,Dengue Outbreak,Sep 2023,Mali: Dengue Outbreak - Sep 2023
Myanmar,Floods and Landslides,Sep 2023,Myanmar: Floods and Landslides - Sep 2023
Morocco,Earthquake,Sep 2023,Morocco: Earthquake - Sep 2023
Guinea,Diphtheria Outbreak,Sep 2023,Guinea: Diphtheria Outbreak - Sep 2023
Brazil,Floods,Sep 2023,Brazil: Floods - Sep 2023
Liberia,Floods,Sep 2023,Liberia: Floods - Sep 2023
Guatemala,Dengue Outbreak,Aug 2023,Guatemala: Dengue Outbreak - Aug 2023
Indonesia,Earthquake,Aug 2026,Indonesia: Earthquake - Aug 2026
Colombia,Earthquake,Aug 2026,Colombia: Earthquake - Aug 2026
Myanmar,Floods,Jul 2026,Myanmar: Floods - Jul 2026
Afghanistan,Flash Floods,Jul 2026,Afghanistan: Flash Floods - Jul 2026
India,Flash Floods,Jul 2026,India: Flash Floods - Jul 2026
Kyrgyzstan,Flash Floods,Jul 2026,Kyrgyzstan: Flash Floods - Jul 2026
Tajikistan,Floods,Jul 2026,Tajikistan: Floods - Jul 2026
Bangladesh,Flash Floods,Jul 2026,Bangladesh: Flash Floods - Jul 2026
Georgia,Floods,Jun 2026,Georgia: Floods - Jun 2026
Central African Republic,Cholera Outbreak,Jun 2026,Central African Republic: Cholera Outbreak - Jun 2026
Venezuela,Earthquakes,Jun 2026,Venezuela: Earthquakes - Jun 2026
Chad,Cholera Outbreak,Jun 2026,Chad: Cholera Outbreak - Jun 2026
Philippines,Earthquake and Tsunami,Jun 2026,Philippines: Earthquake and Tsunami - Jun 2026
Armenia,Hailstorm,Jun 2026,Armenia: Hailstorm - Jun 2026
Syria,Floods,May 2026,Syria: Floods - May 2026
Central/Eastern Africa,Ebola Outbreak,May 2026,Central/Eastern Africa: Ebola Outbreak - May 2026
Sri Lanka,Dengue Outbreak,May 2026,Sri Lanka: Dengue Outbreak - May 2026
Dominican Republic,Floods,Apr 2026,Dominican Republic: Floods - Apr 2026
Yemen,Floods,Mar 2026,Yemen: Floods - Mar 2026
Tanzania,Floods and Landslides,Mar 2026,Tanzania: Floods and Landslides - Mar 2026
Liberia,Windstorms,Mar 2026,Liberia: Windstorms - Mar 2026
Botswana,Floods,Mar 2026,Botswana: Floods - Mar 2026
Ethiopia,Floods and Landslides,Mar 2026,Ethiopia: Floods and Landslides - Mar 2026
Kenya,Floods,Mar 2026,Kenya: Floods - Mar 2026
Suriname,Chikungunya Virus Outbreak,Mar 2026,Suriname: Chikungunya Virus Outbreak - Mar 2026
Brazil,Floods,Feb 2026,Brazil: Floods - Feb 2026
Peru,Floods and Landslides,Feb 2026,Peru: Floods and Landslides - Feb 2026
Angola,Floods,Feb 2026,Angola: Floods - Feb 2026
Zambia,Cholera Outbreak,Feb 2026,Zambia: Cholera Outbreak - Feb 2026
Cameroon,Fires,Feb 2026,Cameroon: Fires - Feb 2026
Somalia,Dengue Outbreak,Feb 2026,Somalia: Dengue Outbreak - Feb 2026
Rwanda,Flash Floods,Jan 2026,Rwanda: Flash Floods - Jan 2026
Algeria,Floods,Jan 2026,Algeria: Floods - Jan 2026
Argentina,Landslides,Jan 2026,Argentina: Landslides - Jan 2026
South Africa,Floods,Jan 2026,South Africa: Floods - Jan 2026
North Macedonia,Floods,Jan 2026,North Macedonia: Floods - Jan 2026
Malawi,Floods,Jan 2026,Malawi: Floods - Jan 2026
Serbia,Cold Wave,Jan 2026,Serbia: Cold Wave - Jan 2026
Guatemala,Measles Outbreak,Jan 2026,Guatemala: Measles Outbreak - Jan 2026
Ecuador,Floods,Jan 2026,Ecuador: Floods - Jan 2026
Zimbabwe,Floods,Jan 2026,Zimbabwe: Floods - Jan 2026
Mozambique,Floods,Dec 2025,Mozambique: Floods - Dec 2025
Chile,Wild Fires,Dec 2025,Chile: Wild Fires - Dec 2025
Gabon,Windstorms,Dec 2025,Gabon: Windstorms - Dec 2025
Morocco,Floods,Dec 2025,Morocco: Floods - Dec 2025
Bolivia,Floods,Dec 2025,Bolivia: Floods - Dec 2025
Congo,Floods,Nov 2025,Congo: Floods - Nov 2025
Cuba,Arboviral Outbreak,Oct 2025,Cuba: Arboviral Outbreak - Oct 2025
Egypt,Floods,Oct 2025,Egypt: Floods - Oct 2025
Cabo Verde,Flash Floods,Aug 2025,Cabo Verde: Flash Floods - Aug 2025
South Sudan,Floods,Jul 2025,South Sudan: Floods - Jul 2025
Sudan,Floods,Jul 2025,Sudan: Floods - Jul 2025
Honduras,Floods,Jun 2025,Honduras: Floods - Jun 2025
Panama,River Pollution,Jun 2025,Panama: River Pollution - Jun 2025
Côte d'Ivoire,Cholera Outbreak,Jun 2025,Côte d'Ivoire: Cholera Outbreak - Jun 2025
Pacific,Dengue Outbreak,2025,Pacific: Dengue Outbreak - 2025-2026
Ghana,Cholera Outbreak,Oct 2024,Ghana: Cholera Outbreak - Oct 2024
Namibia,Drought,May 2024,Namibia: Drought - May 2024
Niger,Diphtheria Outbreak,Oct 2023,Niger: Diphtheria Outbreak - Oct 2023
Nigeria,Lassa Fever Outbreak,Jan 2023,Nigeria: Lassa Fever Outbreak - Jan 2023
Burundi,Cholera Outbreak,Jan 2023,Burundi: Cholera Outbreak - Jan 2023
Nigeria,Floods,Aug 2023,Nigeria: Floods - Aug 2023
Kyrgyzstan,Measles and Rubella Outbreak,Aug 2023,Kyrgyzstan: Measles and Rubella Outbreak - Aug 2023
Kyrgyzstan,Floods and Mudslides,Aug 2023,Kyrgyzstan: Floods and Mudslides - Aug 2023
Bangladesh,Floods and Landslides,Aug 2023,Bangladesh: Floods and Landslides - Aug 2023
Guinea,Floods,Aug 2023,Guinea: Floods - Aug 2023
Lao PDR,Floods and Landslides,Aug 2023,Lao PDR: Floods and Landslides - Aug 2023
Slovenia,Floods,Aug 2023,Slovenia: Floods - Aug 2023
Sri Lanka,Drought,Aug 2023,Sri Lanka: Drought - Aug 2023
Viet Nam,Floods and Landslides,Aug 2023,Viet Nam: Floods and Landslides - Aug 2023
Chad,Floods,Aug 2023,Chad: Floods - Aug 2023
Indonesia,Floods and Landslides,Aug 2023,Indonesia: Floods and Landslides - Aug 2023
Mauritania,Floods,Jul 2023,Mauritania: Floods - Jul 2023
Guatemala,Floods,Jul 2023,Guatemala: Floods - Jul 2023
Syria,Wild Fires,Jul 2023,Syria: Wild Fires - Jul 2023
Algeria,Wild Fires,Jul 2023,Algeria: Wild Fires - Jul 2023
Afghanistan,Floods,Jul 2023,Afghanistan: Floods - Jul 2023
Cameroon,Floods,Jul 2023,Cameroon: Floods - Jul 2023
Bangladesh,Dengue Outbreak,Jul 2023,Bangladesh: Dengue Outbreak - Jul 2023
Honduras,Dengue Outbreak,Jul 2023,Honduras: Dengue Outbreak - Jul 2023
Indonesia,Earthquake,Aug 2026,Indonesia: Earthquake - Aug 2026
Colombia,Earthquake,Aug 2026,Colombia: Earthquake - Aug 2026
Myanmar,Floods,Jul 2026,Myanmar: Floods - Jul 2026
Afghanistan,Flash Floods,Jul 2026,Afghanistan: Flash Floods - Jul 2026
India,Flash Floods,Jul 2026,India: Flash Floods - Jul 2026
Kyrgyzstan,Flash Floods,Jul 2026,Kyrgyzstan: Flash Floods - Jul 2026
Tajikistan,Floods,Jul 2026,Tajikistan: Floods - Jul 2026
Bangladesh,Flash Floods,Jul 2026,Bangladesh: Flash Floods - Jul 2026
Georgia,Floods,Jun 2026,Georgia: Floods - Jun 2026
Central African Republic,Cholera Outbreak,Jun 2026,Central African Republic: Cholera Outbreak - Jun 2026
Venezuela,Earthquakes,Jun 2026,Venezuela: Earthquakes - Jun 2026
Chad,Cholera Outbreak,Jun 2026,Chad: Cholera Outbreak - Jun 2026
Philippines,Earthquake and Tsunami,Jun 2026,Philippines: Earthquake and Tsunami - Jun 2026
Armenia,Hailstorm,Jun 2026,Armenia: Hailstorm - Jun 2026
Syria,Floods,May 2026,Syria: Floods - May 2026
Central/Eastern Africa,Ebola Outbreak,May 2026,Central/Eastern Africa: Ebola Outbreak - May 2026
Sri Lanka,Dengue Outbreak,May 2026,Sri Lanka: Dengue Outbreak - May 2026
Dominican Republic,Floods,Apr 2026,Dominican Republic: Floods - Apr 2026
Yemen,Floods,Mar 2026,Yemen: Floods - Mar 2026
Tanzania,Floods and Landslides,Mar 2026,Tanzania: Floods and Landslides - Mar 2026
Liberia,Windstorms,Mar 2026,Liberia: Windstorms - Mar 2026
Botswana,Floods,Mar 2026,Botswana: Floods - Mar 2026
Ethiopia,Floods and Landslides,Mar 2026,Ethiopia: Floods and Landslides - Mar 2026
Kenya,Floods,Mar 2026,Kenya: Floods - Mar 2026
Suriname,Chikungunya Virus Outbreak,Mar 2026,Suriname: Chikungunya Virus Outbreak - Mar 2026
Brazil,Floods,Feb 2026,Brazil: Floods - Feb 2026
Peru,Floods and Landslides,Feb 2026,Peru: Floods and Landslides - Feb 2026
Angola,Floods,Feb 2026,Angola: Floods - Feb 2026
Zambia,Cholera Outbreak,Feb 2026,Zambia: Cholera Outbreak - Feb 2026
Cameroon,Fires,Feb 2026,Cameroon: Fires - Feb 2026
Somalia,Dengue Outbreak,Feb 2026,Somalia: Dengue Outbreak - Feb 2026
Rwanda,Flash Floods,Jan 2026,Rwanda: Flash Floods - Jan 2026
Algeria,Floods,Jan 2026,Algeria: Floods - Jan 2026
Argentina,Landslides,Jan 2026,Argentina: Landslides - Jan 2026
South Africa,Floods,Jan 2026,South Africa: Floods - Jan 2026
North Macedonia,Floods,Jan 2026,North Macedonia: Floods - Jan 2026
Malawi,Floods,Jan 2026,Malawi: Floods - Jan 2026
Serbia,Cold Wave,Jan 2026,Serbia: Cold Wave - Jan 2026
Guatemala,Measles Outbreak,Jan 2026,Guatemala: Measles Outbreak - Jan 2026
Ecuador,Floods,Jan 2026,Ecuador: Floods - Jan 2026
Zimbabwe,Floods,Jan 2026,Zimbabwe: Floods - Jan 2026
Mozambique,Floods,Dec 2025,Mozambique: Floods - Dec 2025
Chile,Wild Fires,Dec 2025,Chile: Wild Fires - Dec 2025
Gabon,Windstorms,Dec 2025,Gabon: Windstorms - Dec 2025
Morocco,Floods,Dec 2025,Morocco: Floods - Dec 2025
Bolivia,Floods,Dec 2025,Bolivia: Floods - Dec 2025
Congo,Floods,Nov 2025,Congo: Floods - Nov 2025
Cuba,Arboviral Outbreak,Oct 2025,Cuba: Arboviral Outbreak - Oct 2025
Egypt,Floods,Oct 2025,Egypt: Floods - Oct 2025
Cabo Verde,Flash Floods,Aug 2025,Cabo Verde: Flash Floods - Aug 2025
South Sudan,Floods,Jul 2025,South Sudan: Floods - Jul 2025
Sudan,Floods,Jul 2025,Sudan: Floods - Jul 2025
Honduras,Floods,Jun 2025,Honduras: Floods - Jun 2025
Panama,River Pollution,Jun 2025,Panama: River Pollution - Jun 2025
Côte d'Ivoire,Cholera Outbreak,Jun 2025,Côte d'Ivoire: Cholera Outbreak - Jun 2025
Pacific,Dengue Outbreak,2025,Pacific: Dengue Outbreak - 2025-2026
Ghana,Cholera Outbreak,Oct 2024,Ghana: Cholera Outbreak - Oct 2024
Namibia,Drought,May 2024,Namibia: Drought - May 2024
Niger,Diphtheria Outbreak,Oct 2023,Niger: Diphtheria Outbreak - Oct 2023
Nigeria,Lassa Fever Outbreak,Jan 2023,Nigeria: Lassa Fever Outbreak - Jan 2023
Burundi,Cholera Outbreak,Jan 2023,Burundi: Cholera Outbreak - Jan 2023
Republic of Congo,Cholera Outbreak,Jul 2023,Republic of Congo: Cholera Outbreak - Jul 2023
Niger,Floods,Jul 2023,Niger: Floods - Jul 2023
Indonesia,Drought,2023,Indonesia: Drought - 2023-2024
Mongolia,Floods,Jul 2023,Mongolia: Floods - Jul 2023
Tanzania,Cholera Outbreak,Jul 2023,Tanzania: Cholera Outbreak - Jul 2023
Chile,Floods,Jun 2023,Chile: Floods - Jun 2023
India,Floods and Landslides,Jun 2023,India: Floods and Landslides - Jun 2023
Serbia,Floods,Jun 2023,Serbia: Floods - Jun 2023
Armenia,Hailstorms,Jun 2023,Armenia: Hailstorms - Jun 2023
Georgia,Flash Floods,Jun 2023,Georgia: Flash Floods - Jun 2023
Philippines,Mayon Volcano,Jun 2023,Philippines: Mayon Volcano - Jun 2023
Nepal,Dengue Outbreak,Jun 2023,Nepal: Dengue Outbreak - Jun 2023
Ecuador,Floods,Jun 2023,Ecuador: Floods - Jun 2023
Haiti,Floods and Landslides,Jun 2023,Haiti: Floods and Landslides - Jun 2023
Dominican Republic,Floods,Jun 2023,Dominican Republic: Floods - Jun 2023
Eswatini,Drought,Jun 2023,Eswatini: Drought - Jun 2023
Peru,Dengue Outbreak,Jun 2023,Peru: Dengue Outbreak - Jun 2023
Pakistan,Floods,Jun 2023,Pakistan: Floods - Jun 2023
Argentina,Floods,Jun 2023,Argentina: Floods - Jun 2023
Italy,Floods,May 2023,Italy: Floods - May 2023
Indonesia,Earthquake,Aug 2026,Indonesia: Earthquake - Aug 2026
Colombia,Earthquake,Aug 2026,Colombia: Earthquake - Aug 2026
Myanmar,Floods,Jul 2026,Myanmar: Floods - Jul 2026
Afghanistan,Flash Floods,Jul 2026,Afghanistan: Flash Floods - Jul 2026
India,Flash Floods,Jul 2026,India: Flash Floods - Jul 2026
Kyrgyzstan,Flash Floods,Jul 2026,Kyrgyzstan: Flash Floods - Jul 2026
Tajikistan,Floods,Jul 2026,Tajikistan: Floods - Jul 2026
Bangladesh,Flash Floods,Jul 2026,Bangladesh: Flash Floods - Jul 2026
Georgia,Floods,Jun 2026,Georgia: Floods - Jun 2026
Central African Republic,Cholera Outbreak,Jun 2026,Central African Republic: Cholera Outbreak - Jun 2026
Venezuela,Earthquakes,Jun 2026,Venezuela: Earthquakes - Jun 2026
Chad,Cholera Outbreak,Jun 2026,Chad: Cholera Outbreak - Jun 2026
Philippines,Earthquake and Tsunami,Jun 2026,Philippines: Earthquake and Tsunami - Jun 2026
Armenia,Hailstorm,Jun 2026,Armenia: Hailstorm - Jun 2026
Syria,Floods,May 2026,Syria: Floods - May 2026
Central/Eastern Africa,Ebola Outbreak,May 2026,Central/Eastern Africa: Ebola Outbreak - May 2026
Sri Lanka,Dengue Outbreak,May 2026,Sri Lanka: Dengue Outbreak - May 2026
Dominican Republic,Floods,Apr 2026,Dominican Republic: Floods - Apr 2026
Yemen,Floods,Mar 2026,Yemen: Floods - Mar 2026
Tanzania,Floods and Landslides,Mar 2026,Tanzania: Floods and Landslides - Mar 2026
Liberia,Windstorms,Mar 2026,Liberia: Windstorms - Mar 2026
Botswana,Floods,Mar 2026,Botswana: Floods - Mar 2026
Ethiopia,Floods and Landslides,Mar 2026,Ethiopia: Floods and Landslides - Mar 2026
Kenya,Floods,Mar 2026,Kenya: Floods - Mar 2026
Suriname,Chikungunya Virus Outbreak,Mar 2026,Suriname: Chikungunya Virus Outbreak - Mar 2026
Brazil,Floods,Feb 2026,Brazil: Floods - Feb 2026
Peru,Floods and Landslides,Feb 2026,Peru: Floods and Landslides - Feb 2026
Angola,Floods,Feb 2026,Angola: Floods - Feb 2026
Zambia,Cholera Outbreak,Feb 2026,Zambia: Cholera Outbreak - Feb 2026
Cameroon,Fires,Feb 2026,Cameroon: Fires - Feb 2026
Somalia,Dengue Outbreak,Feb 2026,Somalia: Dengue Outbreak - Feb 2026
Rwanda,Flash Floods,Jan 2026,Rwanda: Flash Floods - Jan 2026
Algeria,Floods,Jan 2026,Algeria: Floods - Jan 2026
Argentina,Landslides,Jan 2026,Argentina: Landslides - Jan 2026
South Africa,Floods,Jan 2026,South Africa: Floods - Jan 2026
North Macedonia,Floods,Jan 2026,North Macedonia: Floods - Jan 2026
Malawi,Floods,Jan 2026,Malawi: Floods - Jan 2026
Serbia,Cold Wave,Jan 2026,Serbia: Cold Wave - Jan 2026
Guatemala,Measles Outbreak,Jan 2026,Guatemala: Measles Outbreak - Jan 2026
Ecuador,Floods,Jan 2026,Ecuador: Floods - Jan 2026
Zimbabwe,Floods,Jan 2026,Zimbabwe: Floods - Jan 2026
Mozambique,Floods,Dec 2025,Mozambique: Floods - Dec 2025
Chile,Wild Fires,Dec 2025,Chile: Wild Fires - Dec 2025
Gabon,Windstorms,Dec 2025,Gabon: Windstorms - Dec 2025
Morocco,Floods,Dec 2025,Morocco: Floods - Dec 2025
Bolivia,Floods,Dec 2025,Bolivia: Floods - Dec 2025
Congo,Floods,Nov 2025,Congo: Floods - Nov 2025
Cuba,Arboviral Outbreak,Oct 2025,Cuba: Arboviral Outbreak - Oct 2025
Egypt,Floods,Oct 2025,Egypt: Floods - Oct 2025
Cabo Verde,Flash Floods,Aug 2025,Cabo Verde: Flash Floods - Aug 2025
South Sudan,Floods,Jul 2025,South Sudan: Floods - Jul 2025
Sudan,Floods,Jul 2025,Sudan: Floods - Jul 2025
Honduras,Floods,Jun 2025,Honduras: Floods - Jun 2025
Panama,River Pollution,Jun 2025,Panama: River Pollution - Jun 2025
Côte d'Ivoire,Cholera Outbreak,Jun 2025,Côte d'Ivoire: Cholera Outbreak - Jun 2025
Pacific,Dengue Outbreak,2025,Pacific: Dengue Outbreak - 2025-2026
Ghana,Cholera Outbreak,Oct 2024,Ghana: Cholera Outbreak - Oct 2024
Namibia,Drought,May 2024,Namibia: Drought - May 2024
Niger,Diphtheria Outbreak,Oct 2023,Niger: Diphtheria Outbreak - Oct 2023
Nigeria,Lassa Fever Outbreak,Jan 2023,Nigeria: Lassa Fever Outbreak - Jan 2023
Burundi,Cholera Outbreak,Jan 2023,Burundi: Cholera Outbreak - Jan 2023
Mongolia,Cold Wave,May 2023,Mongolia: Cold Wave - May 2023
Gabon,Severe Local Storm,May 2023,Gabon: Severe Local Storm - May 2023
Bosnia and Herzegovina,Floods,May 2023,Bosnia and Herzegovina: Floods - May 2023
Sri Lanka,Dengue Outbreak,May 2023,Sri Lanka: Dengue Outbreak - May 2023
DR Congo,Floods and Landslides,May 2023,DR Congo: Floods and Landslides - May 2023
Rwanda,Floods and Landslides,May 2023,Rwanda: Floods and Landslides - May 2023
Yemen,Floods,Apr 2023,Yemen: Floods - Apr 2023
Tanzania,Floods,Apr 2023,Tanzania: Floods - Apr 2023
Kenya,Floods,Mar 2023,Kenya: Floods - Mar 2023
Tajikistan,Earthquake,Mar 2023,Tajikistan: Earthquake - Mar 2023
Cameroon,Floods,Mar 2023,Cameroon: Floods - Mar 2023
Ecuador/Peru,Earthquake,Mar 2023,Ecuador/Peru: Earthquake - Mar 2023
Tanzania,Marburg Virus Disease Outbreak,Mar 2023,Tanzania: Marburg Virus Disease Outbreak - Mar 2023
Türkiye,Floods,Mar 2023,Türkiye: Floods - Mar 2023
Somalia,Floods,Mar 2023,Somalia: Floods - Mar 2023
Peru,Floods and Landslides,Mar 2023,Peru: Floods and Landslides - Mar 2023
Bangladesh,Cox’s Bazar Camp Settlement Fire,Mar 2023,Bangladesh: Cox’s Bazar Camp Settlement Fire - Mar 2023
Vanuatu,Earthquake,Mar 2023,Vanuatu: Earthquake - Mar 2023
Indonesia,Earthquake,Aug 2026,Indonesia: Earthquake - Aug 2026
Colombia,Earthquake,Aug 2026,Colombia: Earthquake - Aug 2026
Myanmar,Floods,Jul 2026,Myanmar: Floods - Jul 2026
Afghanistan,Flash Floods,Jul 2026,Afghanistan: Flash Floods - Jul 2026
India,Flash Floods,Jul 2026,India: Flash Floods - Jul 2026
Kyrgyzstan,Flash Floods,Jul 2026,Kyrgyzstan: Flash Floods - Jul 2026
Tajikistan,Floods,Jul 2026,Tajikistan: Floods - Jul 2026
Bangladesh,Flash Floods,Jul 2026,Bangladesh: Flash Floods - Jul 2026
Georgia,Floods,Jun 2026,Georgia: Floods - Jun 2026
Central African Republic,Cholera Outbreak,Jun 2026,Central African Republic: Cholera Outbreak - Jun 2026
Venezuela,Earthquakes,Jun 2026,Venezuela: Earthquakes - Jun 2026
Chad,Cholera Outbreak,Jun 2026,Chad: Cholera Outbreak - Jun 2026
Philippines,Earthquake and Tsunami,Jun 2026,Philippines: Earthquake and Tsunami - Jun 2026
Armenia,Hailstorm,Jun 2026,Armenia: Hailstorm - Jun 2026
Syria,Floods,May 2026,Syria: Floods - May 2026
Central/Eastern Africa,Ebola Outbreak,May 2026,Central/Eastern Africa: Ebola Outbreak - May 2026
Sri Lanka,Dengue Outbreak,May 2026,Sri Lanka: Dengue Outbreak - May 2026
Dominican Republic,Floods,Apr 2026,Dominican Republic: Floods - Apr 2026
Yemen,Floods,Mar 2026,Yemen: Floods - Mar 2026
Tanzania,Floods and Landslides,Mar 2026,Tanzania: Floods and Landslides - Mar 2026
Liberia,Windstorms,Mar 2026,Liberia: Windstorms - Mar 2026
Botswana,Floods,Mar 2026,Botswana: Floods - Mar 2026
Ethiopia,Floods and Landslides,Mar 2026,Ethiopia: Floods and Landslides - Mar 2026
Kenya,Floods,Mar 2026,Kenya: Floods - Mar 2026
Suriname,Chikungunya Virus Outbreak,Mar 2026,Suriname: Chikungunya Virus Outbreak - Mar 2026
Brazil,Floods,Feb 2026,Brazil: Floods - Feb 2026
Peru,Floods and Landslides,Feb 2026,Peru: Floods and Landslides - Feb 2026
Angola,Floods,Feb 2026,Angola: Floods - Feb 2026
Zambia,Cholera Outbreak,Feb 2026,Zambia: Cholera Outbreak - Feb 2026
Cameroon,Fires,Feb 2026,Cameroon: Fires - Feb 2026
Somalia,Dengue Outbreak,Feb 2026,Somalia: Dengue Outbreak - Feb 2026
Rwanda,Flash Floods,Jan 2026,Rwanda: Flash Floods - Jan 2026
Algeria,Floods,Jan 2026,Algeria: Floods - Jan 2026
Argentina,Landslides,Jan 2026,Argentina: Landslides - Jan 2026
South Africa,Floods,Jan 2026,South Africa: Floods - Jan 2026
North Macedonia,Floods,Jan 2026,North Macedonia: Floods - Jan 2026
Malawi,Floods,Jan 2026,Malawi: Floods - Jan 2026
Serbia,Cold Wave,Jan 2026,Serbia: Cold Wave - Jan 2026
Guatemala,Measles Outbreak,Jan 2026,Guatemala: Measles Outbreak - Jan 2026
Ecuador,Floods,Jan 2026,Ecuador: Floods - Jan 2026
Zimbabwe,Floods,Jan 2026,Zimbabwe: Floods - Jan 2026
Mozambique,Floods,Dec 2025,Mozambique: Floods - Dec 2025
Chile,Wild Fires,Dec 2025,Chile: Wild Fires - Dec 2025
Gabon,Windstorms,Dec 2025,Gabon: Windstorms - Dec 2025
Morocco,Floods,Dec 2025,Morocco: Floods - Dec 2025
Bolivia,Floods,Dec 2025,Bolivia: Floods - Dec 2025
Congo,Floods,Nov 2025,Congo: Floods - Nov 2025
Cuba,Arboviral Outbreak,Oct 2025,Cuba: Arboviral Outbreak - Oct 2025
Egypt,Floods,Oct 2025,Egypt: Floods - Oct 2025
Cabo Verde,Flash Floods,Aug 2025,Cabo Verde: Flash Floods - Aug 2025
South Sudan,Floods,Jul 2025,South Sudan: Floods - Jul 2025
Sudan,Floods,Jul 2025,Sudan: Floods - Jul 2025
Honduras,Floods,Jun 2025,Honduras: Floods - Jun 2025
Panama,River Pollution,Jun 2025,Panama: River Pollution - Jun 2025
Côte d'Ivoire,Cholera Outbreak,Jun 2025,Côte d'Ivoire: Cholera Outbreak - Jun 2025
Pacific,Dengue Outbreak,2025,Pacific: Dengue Outbreak - 2025-2026
Ghana,Cholera Outbreak,Oct 2024,Ghana: Cholera Outbreak - Oct 2024
Namibia,Drought,May 2024,Namibia: Drought - May 2024
Niger,Diphtheria Outbreak,Oct 2023,Niger: Diphtheria Outbreak - Oct 2023
Nigeria,Lassa Fever Outbreak,Jan 2023,Nigeria: Lassa Fever Outbreak - Jan 2023
Burundi,Cholera Outbreak,Jan 2023,Burundi: Cholera Outbreak - Jan 2023
Ethiopia,Floods,Mar 2023,Ethiopia: Floods - Mar 2023
Ecuador,Floods and Landslides,Feb 2023,Ecuador: Floods and Landslides - Feb 2023
Paraguay,Floods,Feb 2023,Paraguay: Floods - Feb 2023
Zimbabwe,Cholera Outbreak,Feb 2023,Zimbabwe: Cholera Outbreak - Feb 2023
Syria,Floods,Feb 2023,Syria: Floods - Feb 2023
Mozambique,Floods,Feb 2023,Mozambique: Floods - Feb 2023
Türkiye/Syria,Earthquakes,Feb 2023,Türkiye/Syria: Earthquakes - Feb 2023
Lebanon,Cold Wave,Jan 2023,Lebanon: Cold Wave - Jan 2023
Zambia,Cholera Outbreak,Jan 2023,Zambia: Cholera Outbreak - Jan 2023
Nigeria,Diphtheria Outbreak,Jan 2023,Nigeria: Diphtheria Outbreak - Jan 2023
Nigeria,Lassa Fever Outbreak,Jan 2023,Nigeria: Lassa Fever Outbreak - Jan 2023
Uruguay,Drought,Jan 2023,Uruguay: Drought - Jan 2023
Iran,Earthquake,Jan 2023,Iran: Earthquake - Jan 2023
Guinea-Bissau,Fire,Jan 2023,Guinea-Bissau: Fire - Jan 2023
Namibia,Floods,Jan 2023,Namibia: Floods - Jan 2023
Zambia,Floods,Jan 2023,Zambia: Floods - Jan 2023
Equatorial Guinea,Marburg Virus Disease Outbreak,Jan 2023,Equatorial Guinea: Marburg Virus Disease Outbreak - Jan 2023
Indonesia,Earthquake,Aug 2026,Indonesia: Earthquake - Aug 2026
Colombia,Earthquake,Aug 2026,Colombia: Earthquake - Aug 2026
Myanmar,Floods,Jul 2026,Myanmar: Floods - Jul 2026
Afghanistan,Flash Floods,Jul 2026,Afghanistan: Flash Floods - Jul 2026
India,Flash Floods,Jul 2026,India: Flash Floods - Jul 2026
Kyrgyzstan,Flash Floods,Jul 2026,Kyrgyzstan: Flash Floods - Jul 2026
Tajikistan,Floods,Jul 2026,Tajikistan: Floods - Jul 2026
Bangladesh,Flash Floods,Jul 2026,Bangladesh: Flash Floods - Jul 2026
Georgia,Floods,Jun 2026,Georgia: Floods - Jun 2026
Central African Republic,Cholera Outbreak,Jun 2026,Central African Republic: Cholera Outbreak - Jun 2026
Venezuela,Earthquakes,Jun 2026,Venezuela: Earthquakes - Jun 2026
Chad,Cholera Outbreak,Jun 2026,Chad: Cholera Outbreak - Jun 2026
Philippines,Earthquake and Tsunami,Jun 2026,Philippines: Earthquake and Tsunami - Jun 2026
Armenia,Hailstorm,Jun 2026,Armenia: Hailstorm - Jun 2026
Syria,Floods,May 2026,Syria: Floods - May 2026
Central/Eastern Africa,Ebola Outbreak,May 2026,Central/Eastern Africa: Ebola Outbreak - May 2026
Sri Lanka,Dengue Outbreak,May 2026,Sri Lanka: Dengue Outbreak - May 2026
Dominican Republic,Floods,Apr 2026,Dominican Republic: Floods - Apr 2026
Yemen,Floods,Mar 2026,Yemen: Floods - Mar 2026
Tanzania,Floods and Landslides,Mar 2026,Tanzania: Floods and Landslides - Mar 2026
Liberia,Windstorms,Mar 2026,Liberia: Windstorms - Mar 2026
Botswana,Floods,Mar 2026,Botswana: Floods - Mar 2026
Ethiopia,Floods and Landslides,Mar 2026,Ethiopia: Floods and Landslides - Mar 2026
Kenya,Floods,Mar 2026,Kenya: Floods - Mar 2026
Suriname,Chikungunya Virus Outbreak,Mar 2026,Suriname: Chikungunya Virus Outbreak - Mar 2026
Brazil,Floods,Feb 2026,Brazil: Floods - Feb 2026
Peru,Floods and Landslides,Feb 2026,Peru: Floods and Landslides - Feb 2026
Angola,Floods,Feb 2026,Angola: Floods - Feb 2026
Zambia,Cholera Outbreak,Feb 2026,Zambia: Cholera Outbreak - Feb 2026
Cameroon,Fires,Feb 2026,Cameroon: Fires - Feb 2026
Somalia,Dengue Outbreak,Feb 2026,Somalia: Dengue Outbreak - Feb 2026
Rwanda,Flash Floods,Jan 2026,Rwanda: Flash Floods - Jan 2026
Algeria,Floods,Jan 2026,Algeria: Floods - Jan 2026
Argentina,Landslides,Jan 2026,Argentina: Landslides - Jan 2026
South Africa,Floods,Jan 2026,South Africa: Floods - Jan 2026
North Macedonia,Floods,Jan 2026,North Macedonia: Floods - Jan 2026
Malawi,Floods,Jan 2026,Malawi: Floods - Jan 2026
Serbia,Cold Wave,Jan 2026,Serbia: Cold Wave - Jan 2026
Guatemala,Measles Outbreak,Jan 2026,Guatemala: Measles Outbreak - Jan 2026
Ecuador,Floods,Jan 2026,Ecuador: Floods - Jan 2026
Zimbabwe,Floods,Jan 2026,Zimbabwe: Floods - Jan 2026
Mozambique,Floods,Dec 2025,Mozambique: Floods - Dec 2025
Chile,Wild Fires,Dec 2025,Chile: Wild Fires - Dec 2025
Gabon,Windstorms,Dec 2025,Gabon: Windstorms - Dec 2025
Morocco,Floods,Dec 2025,Morocco: Floods - Dec 2025
Bolivia,Floods,Dec 2025,Bolivia: Floods - Dec 2025
Congo,Floods,Nov 2025,Congo: Floods - Nov 2025
Cuba,Arboviral Outbreak,Oct 2025,Cuba: Arboviral Outbreak - Oct 2025
Egypt,Floods,Oct 2025,Egypt: Floods - Oct 2025
Cabo Verde,Flash Floods,Aug 2025,Cabo Verde: Flash Floods - Aug 2025
South Sudan,Floods,Jul 2025,South Sudan: Floods - Jul 2025
Sudan,Floods,Jul 2025,Sudan: Floods - Jul 2025
Honduras,Floods,Jun 2025,Honduras: Floods - Jun 2025
Panama,River Pollution,Jun 2025,Panama: River Pollution - Jun 2025
Côte d'Ivoire,Cholera Outbreak,Jun 2025,Côte d'Ivoire: Cholera Outbreak - Jun 2025
Pacific,Dengue Outbreak,2025,Pacific: Dengue Outbreak - 2025-2026
Ghana,Cholera Outbreak,Oct 2024,Ghana: Cholera Outbreak - Oct 2024
Namibia,Drought,May 2024,Namibia: Drought - May 2024
Niger,Diphtheria Outbreak,Oct 2023,Niger: Diphtheria Outbreak - Oct 2023
Nigeria,Lassa Fever Outbreak,Jan 2023,Nigeria: Lassa Fever Outbreak - Jan 2023
Burundi,Cholera Outbreak,Jan 2023,Burundi: Cholera Outbreak - Jan 2023
Burundi,Cholera Outbreak,Jan 2023,Burundi: Cholera Outbreak - Jan 2023
Republic of Congo,Floods,Dec 2022,Republic of Congo: Floods - Dec 2022
Chile,Wild Fires,Dec 2022,Chile: Wild Fires - Dec 2022
Mozambique,Cholera Outbreak,Dec 2022,Mozambique: Cholera Outbreak - Dec 2022
DR Congo,Floods and Landslides,Dec 2022,DR Congo: Floods and Landslides - Dec 2022
Bosnia and Herzegovina,Floods,Dec 2022,Bosnia and Herzegovina: Floods - Dec 2022
Malaysia,Floods and Landslides,Dec 2022,Malaysia: Floods and Landslides - Dec 2022
South Sudan,Measles,Dec 2022,South Sudan: Measles - Dec 2022
South Africa,Floods,Dec 2022,South Africa: Floods - Dec 2022
Mongolia,Dzud,Dec 2022,Mongolia: Dzud - Dec 2022
Trinidad and Tobago,Floods,Nov 2022,Trinidad and Tobago: Floods - Nov 2022
Indonesia,Earthquake,Nov 2022,Indonesia: Earthquake - Nov 2022
Panama,Floods,Nov 2022,Panama: Floods - Nov 2022
Nepal,Earthquake,Nov 2022,Nepal: Earthquake - Nov 2022
Saint Lucia,Flash Floods,Nov 2022,Saint Lucia: Flash Floods - Nov 2022
Eswatini,Hailstorms,Nov 2022,Eswatini: Hailstorms - Nov 2022
Viet Nam,Floods and Landslides,Oct 2022,Viet Nam: Floods and Landslides - Oct 2022
Kenya,Cholera Outbreak,Oct 2022,Kenya: Cholera Outbreak - Oct 2022
Indonesia,Earthquake,Aug 2026,Indonesia: Earthquake - Aug 2026
Colombia,Earthquake,Aug 2026,Colombia: Earthquake - Aug 2026
Myanmar,Floods,Jul 2026,Myanmar: Floods - Jul 2026
Afghanistan,Flash Floods,Jul 2026,Afghanistan: Flash Floods - Jul 2026
India,Flash Floods,Jul 2026,India: Flash Floods - Jul 2026
Kyrgyzstan,Flash Floods,Jul 2026,Kyrgyzstan: Flash Floods - Jul 2026
Tajikistan,Floods,Jul 2026,Tajikistan: Floods - Jul 2026
Bangladesh,Flash Floods,Jul 2026,Bangladesh: Flash Floods - Jul 2026
Georgia,Floods,Jun 2026,Georgia: Floods - Jun 2026
Central African Republic,Cholera Outbreak,Jun 2026,Central African Republic: Cholera Outbreak - Jun 2026
Venezuela,Earthquakes,Jun 2026,Venezuela: Earthquakes - Jun 2026
Chad,Cholera Outbreak,Jun 2026,Chad: Cholera Outbreak - Jun 2026
Philippines,Earthquake and Tsunami,Jun 2026,Philippines: Earthquake and Tsunami - Jun 2026
Armenia,Hailstorm,Jun 2026,Armenia: Hailstorm - Jun 2026
Syria,Floods,May 2026,Syria: Floods - May 2026
Central/Eastern Africa,Ebola Outbreak,May 2026,Central/Eastern Africa: Ebola Outbreak - May 2026
Sri Lanka,Dengue Outbreak,May 2026,Sri Lanka: Dengue Outbreak - May 2026
Dominican Republic,Floods,Apr 2026,Dominican Republic: Floods - Apr 2026
Yemen,Floods,Mar 2026,Yemen: Floods - Mar 2026
Tanzania,Floods and Landslides,Mar 2026,Tanzania: Floods and Landslides - Mar 2026
Liberia,Windstorms,Mar 2026,Liberia: Windstorms - Mar 2026
Botswana,Floods,Mar 2026,Botswana: Floods - Mar 2026
Ethiopia,Floods and Landslides,Mar 2026,Ethiopia: Floods and Landslides - Mar 2026
Kenya,Floods,Mar 2026,Kenya: Floods - Mar 2026
Suriname,Chikungunya Virus Outbreak,Mar 2026,Suriname: Chikungunya Virus Outbreak - Mar 2026
Brazil,Floods,Feb 2026,Brazil: Floods - Feb 2026
Peru,Floods and Landslides,Feb 2026,Peru: Floods and Landslides - Feb 2026
Angola,Floods,Feb 2026,Angola: Floods - Feb 2026
Zambia,Cholera Outbreak,Feb 2026,Zambia: Cholera Outbreak - Feb 2026
Cameroon,Fires,Feb 2026,Cameroon: Fires - Feb 2026
Somalia,Dengue Outbreak,Feb 2026,Somalia: Dengue Outbreak - Feb 2026
Rwanda,Flash Floods,Jan 2026,Rwanda: Flash Floods - Jan 2026
Algeria,Floods,Jan 2026,Algeria: Floods - Jan 2026
Argentina,Landslides,Jan 2026,Argentina: Landslides - Jan 2026
South Africa,Floods,Jan 2026,South Africa: Floods - Jan 2026
North Macedonia,Floods,Jan 2026,North Macedonia: Floods - Jan 2026
Malawi,Floods,Jan 2026,Malawi: Floods - Jan 2026
Serbia,Cold Wave,Jan 2026,Serbia: Cold Wave - Jan 2026
Guatemala,Measles Outbreak,Jan 2026,Guatemala: Measles Outbreak - Jan 2026
Ecuador,Floods,Jan 2026,Ecuador: Floods - Jan 2026
Zimbabwe,Floods,Jan 2026,Zimbabwe: Floods - Jan 2026
Mozambique,Floods,Dec 2025,Mozambique: Floods - Dec 2025
Chile,Wild Fires,Dec 2025,Chile: Wild Fires - Dec 2025
Gabon,Windstorms,Dec 2025,Gabon: Windstorms - Dec 2025
Morocco,Floods,Dec 2025,Morocco: Floods - Dec 2025
Bolivia,Floods,Dec 2025,Bolivia: Floods - Dec 2025
Congo,Floods,Nov 2025,Congo: Floods - Nov 2025
Cuba,Arboviral Outbreak,Oct 2025,Cuba: Arboviral Outbreak - Oct 2025
Egypt,Floods,Oct 2025,Egypt: Floods - Oct 2025
Cabo Verde,Flash Floods,Aug 2025,Cabo Verde: Flash Floods - Aug 2025
South Sudan,Floods,Jul 2025,South Sudan: Floods - Jul 2025
Sudan,Floods,Jul 2025,Sudan: Floods - Jul 2025
Honduras,Floods,Jun 2025,Honduras: Floods - Jun 2025
Panama,River Pollution,Jun 2025,Panama: River Pollution - Jun 2025
Côte d'Ivoire,Cholera Outbreak,Jun 2025,Côte d'Ivoire: Cholera Outbreak - Jun 2025
Pacific,Dengue Outbreak,2025,Pacific: Dengue Outbreak - 2025-2026
Ghana,Cholera Outbreak,Oct 2024,Ghana: Cholera Outbreak - Oct 2024
Namibia,Drought,May 2024,Namibia: Drought - May 2024
Niger,Diphtheria Outbreak,Oct 2023,Niger: Diphtheria Outbreak - Oct 2023
Nigeria,Lassa Fever Outbreak,Jan 2023,Nigeria: Lassa Fever Outbreak - Jan 2023
Burundi,Cholera Outbreak,Jan 2023,Burundi: Cholera Outbreak - Jan 2023
Costa Rica,Floods,Oct 2022,Costa Rica: Floods - Oct 2022
Thailand,Floods,Oct 2022,Thailand: Floods - Oct 2022
Lebanon,Cholera Outbreak,Oct 2022,Lebanon: Cholera Outbreak - Oct 2022
Iran,Earthquake,Oct 2022,Iran: Earthquake - Oct 2022
Haiti,Cholera Outbreak,Sep 2022,Haiti: Cholera Outbreak - Sep 2022
Benin,Floods,Sep 2022,Benin: Floods - Sep 2022
Honduras,Floods,Sep 2022,Honduras: Floods - Sep 2022
Uganda,Ebola Outbreak,Sep 2022,Uganda: Ebola Outbreak - Sep 2022
Ethiopia,Cholera Outbreak,Sep 2022,Ethiopia: Cholera Outbreak - Sep 2022
Papua New Guinea,Earthquake,Sep 2022,Papua New Guinea: Earthquake - Sep 2022
Niger,Floods,Sep 2022,Niger: Floods - Sep 2022
El Salvador,Floods and Landslides,Sep 2022,El Salvador: Floods and Landslides - Sep 2022
Bulgaria,Floods,Sep 2022,Bulgaria: Floods - Sep 2022
Sierra Leone,Flash Floods,Aug 2022,Sierra Leone: Flash Floods - Aug 2022
Guinea,Floods,Aug 2022,Guinea: Floods - Aug 2022
Syria,Cholera Outbreak,Aug 2022,Syria: Cholera Outbreak - Aug 2022
Cameroon,Floods,Aug 2022,Cameroon: Floods - Aug 2022
Indonesia,Earthquake,Aug 2026,Indonesia: Earthquake - Aug 2026
Colombia,Earthquake,Aug 2026,Colombia: Earthquake - Aug 2026
Myanmar,Floods,Jul 2026,Myanmar: Floods - Jul 2026
Afghanistan,Flash Floods,Jul 2026,Afghanistan: Flash Floods - Jul 2026
India,Flash Floods,Jul 2026,India: Flash Floods - Jul 2026
Kyrgyzstan,Flash Floods,Jul 2026,Kyrgyzstan: Flash Floods - Jul 2026
Tajikistan,Floods,Jul 2026,Tajikistan: Floods - Jul 2026
Bangladesh,Flash Floods,Jul 2026,Bangladesh: Flash Floods - Jul 2026
Georgia,Floods,Jun 2026,Georgia: Floods - Jun 2026
Central African Republic,Cholera Outbreak,Jun 2026,Central African Republic: Cholera Outbreak - Jun 2026
Venezuela,Earthquakes,Jun 2026,Venezuela: Earthquakes - Jun 2026
Chad,Cholera Outbreak,Jun 2026,Chad: Cholera Outbreak - Jun 2026
Philippines,Earthquake and Tsunami,Jun 2026,Philippines: Earthquake and Tsunami - Jun 2026
Armenia,Hailstorm,Jun 2026,Armenia: Hailstorm - Jun 2026
Syria,Floods,May 2026,Syria: Floods - May 2026
Central/Eastern Africa,Ebola Outbreak,May 2026,Central/Eastern Africa: Ebola Outbreak - May 2026
Sri Lanka,Dengue Outbreak,May 2026,Sri Lanka: Dengue Outbreak - May 2026
Dominican Republic,Floods,Apr 2026,Dominican Republic: Floods - Apr 2026
Yemen,Floods,Mar 2026,Yemen: Floods - Mar 2026
Tanzania,Floods and Landslides,Mar 2026,Tanzania: Floods and Landslides - Mar 2026
Liberia,Windstorms,Mar 2026,Liberia: Windstorms - Mar 2026
Botswana,Floods,Mar 2026,Botswana: Floods - Mar 2026
Ethiopia,Floods and Landslides,Mar 2026,Ethiopia: Floods and Landslides - Mar 2026
Kenya,Floods,Mar 2026,Kenya: Floods - Mar 2026
Suriname,Chikungunya Virus Outbreak,Mar 2026,Suriname: Chikungunya Virus Outbreak - Mar 2026
Brazil,Floods,Feb 2026,Brazil: Floods - Feb 2026
Peru,Floods and Landslides,Feb 2026,Peru: Floods and Landslides - Feb 2026
Angola,Floods,Feb 2026,Angola: Floods - Feb 2026
Zambia,Cholera Outbreak,Feb 2026,Zambia: Cholera Outbreak - Feb 2026
Cameroon,Fires,Feb 2026,Cameroon: Fires - Feb 2026
Somalia,Dengue Outbreak,Feb 2026,Somalia: Dengue Outbreak - Feb 2026
Rwanda,Flash Floods,Jan 2026,Rwanda: Flash Floods - Jan 2026
Algeria,Floods,Jan 2026,Algeria: Floods - Jan 2026
Argentina,Landslides,Jan 2026,Argentina: Landslides - Jan 2026
South Africa,Floods,Jan 2026,South Africa: Floods - Jan 2026
North Macedonia,Floods,Jan 2026,North Macedonia: Floods - Jan 2026
Malawi,Floods,Jan 2026,Malawi: Floods - Jan 2026
Serbia,Cold Wave,Jan 2026,Serbia: Cold Wave - Jan 2026
Guatemala,Measles Outbreak,Jan 2026,Guatemala: Measles Outbreak - Jan 2026
Ecuador,Floods,Jan 2026,Ecuador: Floods - Jan 2026
Zimbabwe,Floods,Jan 2026,Zimbabwe: Floods - Jan 2026
Mozambique,Floods,Dec 2025,Mozambique: Floods - Dec 2025
Chile,Wild Fires,Dec 2025,Chile: Wild Fires - Dec 2025
Gabon,Windstorms,Dec 2025,Gabon: Windstorms - Dec 2025
Morocco,Floods,Dec 2025,Morocco: Floods - Dec 2025
Bolivia,Floods,Dec 2025,Bolivia: Floods - Dec 2025
Congo,Floods,Nov 2025,Congo: Floods - Nov 2025
Cuba,Arboviral Outbreak,Oct 2025,Cuba: Arboviral Outbreak - Oct 2025
Egypt,Floods,Oct 2025,Egypt: Floods - Oct 2025
Cabo Verde,Flash Floods,Aug 2025,Cabo Verde: Flash Floods - Aug 2025
South Sudan,Floods,Jul 2025,South Sudan: Floods - Jul 2025
Sudan,Floods,Jul 2025,Sudan: Floods - Jul 2025
Honduras,Floods,Jun 2025,Honduras: Floods - Jun 2025
Panama,River Pollution,Jun 2025,Panama: River Pollution - Jun 2025
Côte d'Ivoire,Cholera Outbreak,Jun 2025,Côte d'Ivoire: Cholera Outbreak - Jun 2025
Pacific,Dengue Outbreak,2025,Pacific: Dengue Outbreak - 2025-2026
Ghana,Cholera Outbreak,Oct 2024,Ghana: Cholera Outbreak - Oct 2024
Namibia,Drought,May 2024,Namibia: Drought - May 2024
Niger,Diphtheria Outbreak,Oct 2023,Niger: Diphtheria Outbreak - Oct 2023
Nigeria,Lassa Fever Outbreak,Jan 2023,Nigeria: Lassa Fever Outbreak - Jan 2023
Burundi,Cholera Outbreak,Jan 2023,Burundi: Cholera Outbreak - Jan 2023
DR Congo,Ebola Outbreak,Aug 2022,DR Congo: Ebola Outbreak - Aug 2022
Algeria,Wild Fires,Aug 2022,Algeria: Wild Fires - Aug 2022
Nepal,Dengue Outbreak,Aug 2022,Nepal: Dengue Outbreak - Aug 2022
Lao PDR,Floods and Landslides,Aug 2022,Lao PDR: Floods and Landslides - Aug 2022
Senegal,Floods,Aug 2022,Senegal: Floods - Aug 2022
Sri Lanka,Floods and Landslides,Aug 2022,Sri Lanka: Floods and Landslides - Aug 2022
Gambia,Floods,Jul 2022,Gambia: Floods - Jul 2022
Uganda,Floods,Jul 2022,Uganda: Floods - Jul 2022
Central African Republic,Floods,Jul 2022,Central African Republic: Floods - Jul 2022
Philippines,Earthquake,Jul 2022,Philippines: Earthquake - Jul 2022
Chad,Floods,Jul 2022,Chad: Floods - Jul 2022
Mauritania,Floods,Jul 2022,Mauritania: Floods - Jul 2022
Iran,Flash Floods,Jul 2022,Iran: Flash Floods - Jul 2022
Mongolia,Flash Floods,Jul 2022,Mongolia: Flash Floods - Jul 2022
Nigeria,Floods,Jun 2022,Nigeria: Floods - Jun 2022
Ethiopia,Floods,Jul 2022,Ethiopia: Floods - Jul 2022
Iran,Earthquake,Jul 2022,Iran: Earthquake - Jul 2022
Pakistan,Floods,Jul 2022,Pakistan: Floods - Jul 2022
Mauritania,Drought,Jun 2022,Mauritania: Drought - Jun 2022
Georgia,Floods,Jun 2022,Georgia: Floods - Jun 2022
Indonesia,Earthquake,Aug 2026,Indonesia: Earthquake - Aug 2026
Colombia,Earthquake,Aug 2026,Colombia: Earthquake - Aug 2026
Myanmar,Floods,Jul 2026,Myanmar: Floods - Jul 2026
Afghanistan,Flash Floods,Jul 2026,Afghanistan: Flash Floods - Jul 2026
India,Flash Floods,Jul 2026,India: Flash Floods - Jul 2026
Kyrgyzstan,Flash Floods,Jul 2026,Kyrgyzstan: Flash Floods - Jul 2026
Tajikistan,Floods,Jul 2026,Tajikistan: Floods - Jul 2026
Bangladesh,Flash Floods,Jul 2026,Bangladesh: Flash Floods - Jul 2026
Georgia,Floods,Jun 2026,Georgia: Floods - Jun 2026
Central African Republic,Cholera Outbreak,Jun 2026,Central African Republic: Cholera Outbreak - Jun 2026
Venezuela,Earthquakes,Jun 2026,Venezuela: Earthquakes - Jun 2026
Chad,Cholera Outbreak,Jun 2026,Chad: Cholera Outbreak - Jun 2026
Philippines,Earthquake and Tsunami,Jun 2026,Philippines: Earthquake and Tsunami - Jun 2026
Armenia,Hailstorm,Jun 2026,Armenia: Hailstorm - Jun 2026
Syria,Floods,May 2026,Syria: Floods - May 2026
Central/Eastern Africa,Ebola Outbreak,May 2026,Central/Eastern Africa: Ebola Outbreak - May 2026
Sri Lanka,Dengue Outbreak,May 2026,Sri Lanka: Dengue Outbreak - May 2026
Dominican Republic,Floods,Apr 2026,Dominican Republic: Floods - Apr 2026
Yemen,Floods,Mar 2026,Yemen: Floods - Mar 2026
Tanzania,Floods and Landslides,Mar 2026,Tanzania: Floods and Landslides - Mar 2026
Liberia,Windstorms,Mar 2026,Liberia: Windstorms - Mar 2026
Botswana,Floods,Mar 2026,Botswana: Floods - Mar 2026
Ethiopia,Floods and Landslides,Mar 2026,Ethiopia: Floods and Landslides - Mar 2026
Kenya,Floods,Mar 2026,Kenya: Floods - Mar 2026
Suriname,Chikungunya Virus Outbreak,Mar 2026,Suriname: Chikungunya Virus Outbreak - Mar 2026
Brazil,Floods,Feb 2026,Brazil: Floods - Feb 2026
Peru,Floods and Landslides,Feb 2026,Peru: Floods and Landslides - Feb 2026
Angola,Floods,Feb 2026,Angola: Floods - Feb 2026
Zambia,Cholera Outbreak,Feb 2026,Zambia: Cholera Outbreak - Feb 2026
Cameroon,Fires,Feb 2026,Cameroon: Fires - Feb 2026
Somalia,Dengue Outbreak,Feb 2026,Somalia: Dengue Outbreak - Feb 2026
Rwanda,Flash Floods,Jan 2026,Rwanda: Flash Floods - Jan 2026
Algeria,Floods,Jan 2026,Algeria: Floods - Jan 2026
Argentina,Landslides,Jan 2026,Argentina: Landslides - Jan 2026
South Africa,Floods,Jan 2026,South Africa: Floods - Jan 2026
North Macedonia,Floods,Jan 2026,North Macedonia: Floods - Jan 2026
Malawi,Floods,Jan 2026,Malawi: Floods - Jan 2026
Serbia,Cold Wave,Jan 2026,Serbia: Cold Wave - Jan 2026
Guatemala,Measles Outbreak,Jan 2026,Guatemala: Measles Outbreak - Jan 2026
Ecuador,Floods,Jan 2026,Ecuador: Floods - Jan 2026
Zimbabwe,Floods,Jan 2026,Zimbabwe: Floods - Jan 2026
Mozambique,Floods,Dec 2025,Mozambique: Floods - Dec 2025
Chile,Wild Fires,Dec 2025,Chile: Wild Fires - Dec 2025
Gabon,Windstorms,Dec 2025,Gabon: Windstorms - Dec 2025
Morocco,Floods,Dec 2025,Morocco: Floods - Dec 2025
Bolivia,Floods,Dec 2025,Bolivia: Floods - Dec 2025
Congo,Floods,Nov 2025,Congo: Floods - Nov 2025
Cuba,Arboviral Outbreak,Oct 2025,Cuba: Arboviral Outbreak - Oct 2025
Egypt,Floods,Oct 2025,Egypt: Floods - Oct 2025
Cabo Verde,Flash Floods,Aug 2025,Cabo Verde: Flash Floods - Aug 2025
South Sudan,Floods,Jul 2025,South Sudan: Floods - Jul 2025
Sudan,Floods,Jul 2025,Sudan: Floods - Jul 2025
Honduras,Floods,Jun 2025,Honduras: Floods - Jun 2025
Panama,River Pollution,Jun 2025,Panama: River Pollution - Jun 2025
Côte d'Ivoire,Cholera Outbreak,Jun 2025,Côte d'Ivoire: Cholera Outbreak - Jun 2025
Pacific,Dengue Outbreak,2025,Pacific: Dengue Outbreak - 2025-2026
Ghana,Cholera Outbreak,Oct 2024,Ghana: Cholera Outbreak - Oct 2024
Namibia,Drought,May 2024,Namibia: Drought - May 2024
Niger,Diphtheria Outbreak,Oct 2023,Niger: Diphtheria Outbreak - Oct 2023
Nigeria,Lassa Fever Outbreak,Jan 2023,Nigeria: Lassa Fever Outbreak - Jan 2023
Burundi,Cholera Outbreak,Jan 2023,Burundi: Cholera Outbreak - Jan 2023
Afghanistan,Earthquake,Jun 2022,Afghanistan: Earthquake - Jun 2022
Iraq,Cholera Outbreak,Jun 2022,Iraq: Cholera Outbreak - Jun 2022
Nepal,Cholera Outbreak,Jun 2022,Nepal: Cholera Outbreak - Jun 2022
Sudan,Floods,Jun 2022,Sudan: Floods - Jun 2022
Cote d'Ivoire,Floods,Jun 2022,Cote d'Ivoire: Floods - Jun 2022
Yemen,Floods,Jun 2022,Yemen: Floods - Jun 2022
Guatemala,Floods and Landslides,May 2022,Guatemala: Floods and Landslides - May 2022
Bangladesh,Floods and Landslides,May 2022,Bangladesh: Floods and Landslides - May 2022
Sao Tome and Principe,Dengue Fever Outbreak,May 2022,Sao Tome and Principe: Dengue Fever Outbreak - May 2022
India,Floods and Landslides,May 2022,India: Floods and Landslides - May 2022
Somalia,Rain and Windstorms,May 2022,Somalia: Rain and Windstorms - May 2022
Niger,Drought,May 2022,Niger: Drought - May 2022
South Sudan,Cholera Outbreak,May 2022,South Sudan: Cholera Outbreak - May 2022
Afghanistan,Flash Floods,May 2022,Afghanistan: Flash Floods - May 2022
Pacific,Drought,May 2022,Pacific: Drought - May 2022
Venezuela,Floods,Apr 2022,Venezuela: Floods - Apr 2022
Tanzania,Cholera Outbreak,Apr 2022,Tanzania: Cholera Outbreak - Apr 2022
DR Congo,Ebola Outbreak,Apr 2022,DR Congo: Ebola Outbreak - Apr 2022
Liberia,Measles Outbreak,Apr 2022,Liberia: Measles Outbreak - Apr 2022
Zambia,Cholera Outbreak,Apr 2022,Zambia: Cholera Outbreak - Apr 2022
Indonesia,Earthquake,Aug 2026,Indonesia: Earthquake - Aug 2026
Colombia,Earthquake,Aug 2026,Colombia: Earthquake - Aug 2026
Myanmar,Floods,Jul 2026,Myanmar: Floods - Jul 2026
Afghanistan,Flash Floods,Jul 2026,Afghanistan: Flash Floods - Jul 2026
India,Flash Floods,Jul 2026,India: Flash Floods - Jul 2026
Kyrgyzstan,Flash Floods,Jul 2026,Kyrgyzstan: Flash Floods - Jul 2026
Tajikistan,Floods,Jul 2026,Tajikistan: Floods - Jul 2026
Bangladesh,Flash Floods,Jul 2026,Bangladesh: Flash Floods - Jul 2026
Georgia,Floods,Jun 2026,Georgia: Floods - Jun 2026
Central African Republic,Cholera Outbreak,Jun 2026,Central African Republic: Cholera Outbreak - Jun 2026
Venezuela,Earthquakes,Jun 2026,Venezuela: Earthquakes - Jun 2026
Chad,Cholera Outbreak,Jun 2026,Chad: Cholera Outbreak - Jun 2026
Philippines,Earthquake and Tsunami,Jun 2026,Philippines: Earthquake and Tsunami - Jun 2026
Armenia,Hailstorm,Jun 2026,Armenia: Hailstorm - Jun 2026
Syria,Floods,May 2026,Syria: Floods - May 2026
Central/Eastern Africa,Ebola Outbreak,May 2026,Central/Eastern Africa: Ebola Outbreak - May 2026
Sri Lanka,Dengue Outbreak,May 2026,Sri Lanka: Dengue Outbreak - May 2026
Dominican Republic,Floods,Apr 2026,Dominican Republic: Floods - Apr 2026
Yemen,Floods,Mar 2026,Yemen: Floods - Mar 2026
Tanzania,Floods and Landslides,Mar 2026,Tanzania: Floods and Landslides - Mar 2026
Liberia,Windstorms,Mar 2026,Liberia: Windstorms - Mar 2026
Botswana,Floods,Mar 2026,Botswana: Floods - Mar 2026
Ethiopia,Floods and Landslides,Mar 2026,Ethiopia: Floods and Landslides - Mar 2026
Kenya,Floods,Mar 2026,Kenya: Floods - Mar 2026
Suriname,Chikungunya Virus Outbreak,Mar 2026,Suriname: Chikungunya Virus Outbreak - Mar 2026
Brazil,Floods,Feb 2026,Brazil: Floods - Feb 2026
Peru,Floods and Landslides,Feb 2026,Peru: Floods and Landslides - Feb 2026
Angola,Floods,Feb 2026,Angola: Floods - Feb 2026
Zambia,Cholera Outbreak,Feb 2026,Zambia: Cholera Outbreak - Feb 2026
Cameroon,Fires,Feb 2026,Cameroon: Fires - Feb 2026
Somalia,Dengue Outbreak,Feb 2026,Somalia: Dengue Outbreak - Feb 2026
Rwanda,Flash Floods,Jan 2026,Rwanda: Flash Floods - Jan 2026
Algeria,Floods,Jan 2026,Algeria: Floods - Jan 2026
Argentina,Landslides,Jan 2026,Argentina: Landslides - Jan 2026
South Africa,Floods,Jan 2026,South Africa: Floods - Jan 2026
North Macedonia,Floods,Jan 2026,North Macedonia: Floods - Jan 2026
Malawi,Floods,Jan 2026,Malawi: Floods - Jan 2026
Serbia,Cold Wave,Jan 2026,Serbia: Cold Wave - Jan 2026
Guatemala,Measles Outbreak,Jan 2026,Guatemala: Measles Outbreak - Jan 2026
Ecuador,Floods,Jan 2026,Ecuador: Floods - Jan 2026
Zimbabwe,Floods,Jan 2026,Zimbabwe: Floods - Jan 2026
Mozambique,Floods,Dec 2025,Mozambique: Floods - Dec 2025
Chile,Wild Fires,Dec 2025,Chile: Wild Fires - Dec 2025
Gabon,Windstorms,Dec 2025,Gabon: Windstorms - Dec 2025
Morocco,Floods,Dec 2025,Morocco: Floods - Dec 2025
Bolivia,Floods,Dec 2025,Bolivia: Floods - Dec 2025
Congo,Floods,Nov 2025,Congo: Floods - Nov 2025
Cuba,Arboviral Outbreak,Oct 2025,Cuba: Arboviral Outbreak - Oct 2025
Egypt,Floods,Oct 2025,Egypt: Floods - Oct 2025
Cabo Verde,Flash Floods,Aug 2025,Cabo Verde: Flash Floods - Aug 2025
South Sudan,Floods,Jul 2025,South Sudan: Floods - Jul 2025
Sudan,Floods,Jul 2025,Sudan: Floods - Jul 2025
Honduras,Floods,Jun 2025,Honduras: Floods - Jun 2025
Panama,River Pollution,Jun 2025,Panama: River Pollution - Jun 2025
Côte d'Ivoire,Cholera Outbreak,Jun 2025,Côte d'Ivoire: Cholera Outbreak - Jun 2025
Pacific,Dengue Outbreak,2025,Pacific: Dengue Outbreak - 2025-2026
Ghana,Cholera Outbreak,Oct 2024,Ghana: Cholera Outbreak - Oct 2024
Namibia,Drought,May 2024,Namibia: Drought - May 2024
Niger,Diphtheria Outbreak,Oct 2023,Niger: Diphtheria Outbreak - Oct 2023
Nigeria,Lassa Fever Outbreak,Jan 2023,Nigeria: Lassa Fever Outbreak - Jan 2023
Burundi,Cholera Outbreak,Jan 2023,Burundi: Cholera Outbreak - Jan 2023
South Africa,Floods and Landslides,Apr 2022,South Africa: Floods and Landslides - Apr 2022
Zimbabwe,Measles Outbreak,Apr 2022,Zimbabwe: Measles Outbreak - Apr 2022
DR Congo,Plague Outbreak,Apr 2022,DR Congo: Plague Outbreak - Apr 2022
Sri Lanka,Food Security Crisis,2022,Sri Lanka: Food Security Crisis - 2022-2023
Somalia,Urban Fire Incident,Apr 2022,Somalia: Urban Fire Incident - Apr 2022
Ecuador,Earthquake,Mar 2022,Ecuador: Earthquake - Mar 2022
Tunisia,Flash Floods,Mar 2022,Tunisia: Flash Floods - Mar 2022
Colombia,Floods and Landslides,Mar 2022,Colombia: Floods and Landslides - Mar 2022
Djibouti,Drought,Mar 2022,Djibouti: Drought - Mar 2022
Malawi,Cholera Outbreak,Mar 2022,Malawi: Cholera Outbreak - Mar 2022
Central African Republic,Fires,Feb 2022,Central African Republic: Fires - Feb 2022
Malawi,Polio Outbreak,Feb 2022,Malawi: Polio Outbreak - Feb 2022
Cabo Verde,Drought,Feb 2022,Cabo Verde: Drought - Feb 2022
Sudan,Kala,azar Outbreak,Sudan: Kala-azar Outbreak - Feb 2022
Haiti,Floods,Feb 2022,Haiti: Floods - Feb 2022
Ecuador,Floods and Landslides,Feb 2022,Ecuador: Floods and Landslides - Feb 2022
Indonesia,Earthquake,Aug 2026,Indonesia: Earthquake - Aug 2026
Colombia,Earthquake,Aug 2026,Colombia: Earthquake - Aug 2026
Myanmar,Floods,Jul 2026,Myanmar: Floods - Jul 2026
Afghanistan,Flash Floods,Jul 2026,Afghanistan: Flash Floods - Jul 2026
India,Flash Floods,Jul 2026,India: Flash Floods - Jul 2026
Kyrgyzstan,Flash Floods,Jul 2026,Kyrgyzstan: Flash Floods - Jul 2026
Tajikistan,Floods,Jul 2026,Tajikistan: Floods - Jul 2026
Bangladesh,Flash Floods,Jul 2026,Bangladesh: Flash Floods - Jul 2026
Georgia,Floods,Jun 2026,Georgia: Floods - Jun 2026
Central African Republic,Cholera Outbreak,Jun 2026,Central African Republic: Cholera Outbreak - Jun 2026
Venezuela,Earthquakes,Jun 2026,Venezuela: Earthquakes - Jun 2026
Chad,Cholera Outbreak,Jun 2026,Chad: Cholera Outbreak - Jun 2026
Philippines,Earthquake and Tsunami,Jun 2026,Philippines: Earthquake and Tsunami - Jun 2026
Armenia,Hailstorm,Jun 2026,Armenia: Hailstorm - Jun 2026
Syria,Floods,May 2026,Syria: Floods - May 2026
Central/Eastern Africa,Ebola Outbreak,May 2026,Central/Eastern Africa: Ebola Outbreak - May 2026
Sri Lanka,Dengue Outbreak,May 2026,Sri Lanka: Dengue Outbreak - May 2026
Dominican Republic,Floods,Apr 2026,Dominican Republic: Floods - Apr 2026
Yemen,Floods,Mar 2026,Yemen: Floods - Mar 2026
Tanzania,Floods and Landslides,Mar 2026,Tanzania: Floods and Landslides - Mar 2026
Liberia,Windstorms,Mar 2026,Liberia: Windstorms - Mar 2026
Botswana,Floods,Mar 2026,Botswana: Floods - Mar 2026
Ethiopia,Floods and Landslides,Mar 2026,Ethiopia: Floods and Landslides - Mar 2026
Kenya,Floods,Mar 2026,Kenya: Floods - Mar 2026
Suriname,Chikungunya Virus Outbreak,Mar 2026,Suriname: Chikungunya Virus Outbreak - Mar 2026
Brazil,Floods,Feb 2026,Brazil: Floods - Feb 2026
Peru,Floods and Landslides,Feb 2026,Peru: Floods and Landslides - Feb 2026
Angola,Floods,Feb 2026,Angola: Floods - Feb 2026
Zambia,Cholera Outbreak,Feb 2026,Zambia: Cholera Outbreak - Feb 2026
Cameroon,Fires,Feb 2026,Cameroon: Fires - Feb 2026
Somalia,Dengue Outbreak,Feb 2026,Somalia: Dengue Outbreak - Feb 2026
Rwanda,Flash Floods,Jan 2026,Rwanda: Flash Floods - Jan 2026
Algeria,Floods,Jan 2026,Algeria: Floods - Jan 2026
Argentina,Landslides,Jan 2026,Argentina: Landslides - Jan 2026
South Africa,Floods,Jan 2026,South Africa: Floods - Jan 2026
North Macedonia,Floods,Jan 2026,North Macedonia: Floods - Jan 2026
Malawi,Floods,Jan 2026,Malawi: Floods - Jan 2026
Serbia,Cold Wave,Jan 2026,Serbia: Cold Wave - Jan 2026
Guatemala,Measles Outbreak,Jan 2026,Guatemala: Measles Outbreak - Jan 2026
Ecuador,Floods,Jan 2026,Ecuador: Floods - Jan 2026
Zimbabwe,Floods,Jan 2026,Zimbabwe: Floods - Jan 2026
Mozambique,Floods,Dec 2025,Mozambique: Floods - Dec 2025
Chile,Wild Fires,Dec 2025,Chile: Wild Fires - Dec 2025
Gabon,Windstorms,Dec 2025,Gabon: Windstorms - Dec 2025
Morocco,Floods,Dec 2025,Morocco: Floods - Dec 2025
Bolivia,Floods,Dec 2025,Bolivia: Floods - Dec 2025
Congo,Floods,Nov 2025,Congo: Floods - Nov 2025
Cuba,Arboviral Outbreak,Oct 2025,Cuba: Arboviral Outbreak - Oct 2025
Egypt,Floods,Oct 2025,Egypt: Floods - Oct 2025
Cabo Verde,Flash Floods,Aug 2025,Cabo Verde: Flash Floods - Aug 2025
South Sudan,Floods,Jul 2025,South Sudan: Floods - Jul 2025
Sudan,Floods,Jul 2025,Sudan: Floods - Jul 2025
Honduras,Floods,Jun 2025,Honduras: Floods - Jun 2025
Panama,River Pollution,Jun 2025,Panama: River Pollution - Jun 2025
Côte d'Ivoire,Cholera Outbreak,Jun 2025,Côte d'Ivoire: Cholera Outbreak - Jun 2025
Pacific,Dengue Outbreak,2025,Pacific: Dengue Outbreak - 2025-2026
Ghana,Cholera Outbreak,Oct 2024,Ghana: Cholera Outbreak - Oct 2024
Namibia,Drought,May 2024,Namibia: Drought - May 2024
Niger,Diphtheria Outbreak,Oct 2023,Niger: Diphtheria Outbreak - Oct 2023
Nigeria,Lassa Fever Outbreak,Jan 2023,Nigeria: Lassa Fever Outbreak - Jan 2023
Burundi,Cholera Outbreak,Jan 2023,Burundi: Cholera Outbreak - Jan 2023
Peru,Oil Spill,Jan 2022,Peru: Oil Spill - Jan 2022
occupied Palestinian territory,Cold Wave,Jan 2022,occupied Palestinian territory: Cold Wave - Jan 2022
Ghana,Explosion in Apeate,Jan 2022,Ghana: Explosion in Apeate - Jan 2022
Syria,Cold Wave,Jan 2022,Syria: Cold Wave - Jan 2022
Madagascar,Floods and Landslides,Jan 2022,Madagascar: Floods and Landslides - Jan 2022
Afghanistan,Earthquake,Jan 2022,Afghanistan: Earthquake - Jan 2022
Zambia,Flash Floods,Jan 2022,Zambia: Flash Floods - Jan 2022
Timor-Leste,Dengue Outbreak,Jan 2022,Timor-Leste: Dengue Outbreak - Jan 2022
Tonga,Volcanic Eruption and Tsunami,Jan 2022,Tonga: Volcanic Eruption and Tsunami - Jan 2022
Kenya,Yellow Fever and Chikungunya Outbreaks,Jan 2022,Kenya: Yellow Fever and Chikungunya Outbreaks - Jan 2022
Marshall Islands,Drought,Jan 2022,Marshall Islands: Drought - Jan 2022
Iran,Floods,Jan 2022,Iran: Floods - Jan 2022
Sao Tome and Principe,Floods and Landslides,Dec 2021,Sao Tome and Principe: Floods and Landslides - Dec 2021
Afghanistan,Measles Outbreak,Dec 2021,Afghanistan: Measles Outbreak - Dec 2021
Malaysia,Flash Floods,Dec 2021,Malaysia: Flash Floods - Dec 2021
Iraq,Flash Floods,Dec 2021,Iraq: Flash Floods - Dec 2021
Haiti,Fuel Truck Explosion,Dec 2021,Haiti: Fuel Truck Explosion - Dec 2021
Indonesia,Earthquake,Aug 2026,Indonesia: Earthquake - Aug 2026
Colombia,Earthquake,Aug 2026,Colombia: Earthquake - Aug 2026
Myanmar,Floods,Jul 2026,Myanmar: Floods - Jul 2026
Afghanistan,Flash Floods,Jul 2026,Afghanistan: Flash Floods - Jul 2026
India,Flash Floods,Jul 2026,India: Flash Floods - Jul 2026
Kyrgyzstan,Flash Floods,Jul 2026,Kyrgyzstan: Flash Floods - Jul 2026
Tajikistan,Floods,Jul 2026,Tajikistan: Floods - Jul 2026
Bangladesh,Flash Floods,Jul 2026,Bangladesh: Flash Floods - Jul 2026
Georgia,Floods,Jun 2026,Georgia: Floods - Jun 2026
Central African Republic,Cholera Outbreak,Jun 2026,Central African Republic: Cholera Outbreak - Jun 2026
Venezuela,Earthquakes,Jun 2026,Venezuela: Earthquakes - Jun 2026
Chad,Cholera Outbreak,Jun 2026,Chad: Cholera Outbreak - Jun 2026
Philippines,Earthquake and Tsunami,Jun 2026,Philippines: Earthquake and Tsunami - Jun 2026
Armenia,Hailstorm,Jun 2026,Armenia: Hailstorm - Jun 2026
Syria,Floods,May 2026,Syria: Floods - May 2026
Central/Eastern Africa,Ebola Outbreak,May 2026,Central/Eastern Africa: Ebola Outbreak - May 2026
Sri Lanka,Dengue Outbreak,May 2026,Sri Lanka: Dengue Outbreak - May 2026
Dominican Republic,Floods,Apr 2026,Dominican Republic: Floods - Apr 2026
Yemen,Floods,Mar 2026,Yemen: Floods - Mar 2026
Tanzania,Floods and Landslides,Mar 2026,Tanzania: Floods and Landslides - Mar 2026
Liberia,Windstorms,Mar 2026,Liberia: Windstorms - Mar 2026
Botswana,Floods,Mar 2026,Botswana: Floods - Mar 2026
Ethiopia,Floods and Landslides,Mar 2026,Ethiopia: Floods and Landslides - Mar 2026
Kenya,Floods,Mar 2026,Kenya: Floods - Mar 2026
Suriname,Chikungunya Virus Outbreak,Mar 2026,Suriname: Chikungunya Virus Outbreak - Mar 2026
Brazil,Floods,Feb 2026,Brazil: Floods - Feb 2026
Peru,Floods and Landslides,Feb 2026,Peru: Floods and Landslides - Feb 2026
Angola,Floods,Feb 2026,Angola: Floods - Feb 2026
Zambia,Cholera Outbreak,Feb 2026,Zambia: Cholera Outbreak - Feb 2026
Cameroon,Fires,Feb 2026,Cameroon: Fires - Feb 2026
Somalia,Dengue Outbreak,Feb 2026,Somalia: Dengue Outbreak - Feb 2026
Rwanda,Flash Floods,Jan 2026,Rwanda: Flash Floods - Jan 2026
Algeria,Floods,Jan 2026,Algeria: Floods - Jan 2026
Argentina,Landslides,Jan 2026,Argentina: Landslides - Jan 2026
South Africa,Floods,Jan 2026,South Africa: Floods - Jan 2026
North Macedonia,Floods,Jan 2026,North Macedonia: Floods - Jan 2026
Malawi,Floods,Jan 2026,Malawi: Floods - Jan 2026
Serbia,Cold Wave,Jan 2026,Serbia: Cold Wave - Jan 2026
Guatemala,Measles Outbreak,Jan 2026,Guatemala: Measles Outbreak - Jan 2026
Ecuador,Floods,Jan 2026,Ecuador: Floods - Jan 2026
Zimbabwe,Floods,Jan 2026,Zimbabwe: Floods - Jan 2026
Mozambique,Floods,Dec 2025,Mozambique: Floods - Dec 2025
Chile,Wild Fires,Dec 2025,Chile: Wild Fires - Dec 2025
Gabon,Windstorms,Dec 2025,Gabon: Windstorms - Dec 2025
Morocco,Floods,Dec 2025,Morocco: Floods - Dec 2025
Bolivia,Floods,Dec 2025,Bolivia: Floods - Dec 2025
Congo,Floods,Nov 2025,Congo: Floods - Nov 2025
Cuba,Arboviral Outbreak,Oct 2025,Cuba: Arboviral Outbreak - Oct 2025
Egypt,Floods,Oct 2025,Egypt: Floods - Oct 2025
Cabo Verde,Flash Floods,Aug 2025,Cabo Verde: Flash Floods - Aug 2025
South Sudan,Floods,Jul 2025,South Sudan: Floods - Jul 2025
Sudan,Floods,Jul 2025,Sudan: Floods - Jul 2025
Honduras,Floods,Jun 2025,Honduras: Floods - Jun 2025
Panama,River Pollution,Jun 2025,Panama: River Pollution - Jun 2025
Côte d'Ivoire,Cholera Outbreak,Jun 2025,Côte d'Ivoire: Cholera Outbreak - Jun 2025
Pacific,Dengue Outbreak,2025,Pacific: Dengue Outbreak - 2025-2026
Ghana,Cholera Outbreak,Oct 2024,Ghana: Cholera Outbreak - Oct 2024
Namibia,Drought,May 2024,Namibia: Drought - May 2024
Niger,Diphtheria Outbreak,Oct 2023,Niger: Diphtheria Outbreak - Oct 2023
Nigeria,Lassa Fever Outbreak,Jan 2023,Nigeria: Lassa Fever Outbreak - Jan 2023
Burundi,Cholera Outbreak,Jan 2023,Burundi: Cholera Outbreak - Jan 2023
South Africa,Severe Thunderstorms,Dec 2021,South Africa: Severe Thunderstorms - Dec 2021
Brazil,Floods,Dec 2021,Brazil: Floods - Dec 2021
Indonesia,Semeru Volcano,Dec 2021,Indonesia: Semeru Volcano - Dec 2021
Republic of Congo,Floods,Nov 2021,Republic of Congo: Floods - Nov 2021
Peru,Earthquake,Nov 2021,Peru: Earthquake - Nov 2021
Malawi,Strong Winds and Heavy Rains,Dec 2021,Malawi: Strong Winds and Heavy Rains - Dec 2021
Iran,Earthquake,Nov 2021,Iran: Earthquake - Nov 2021
Egypt,Floods,Nov 2021,Egypt: Floods - Nov 2021
Bosnia and Herzegovina,Floods,Nov 2021,Bosnia and Herzegovina: Floods - Nov 2021
Sierra Leone,Oil Tanker Explosion,Nov 2021,Sierra Leone: Oil Tanker Explosion - Nov 2021
Vanuatu,Yasur Volcano,Oct 2021,Vanuatu: Yasur Volcano - Oct 2021
Pakistan,Dengue Outbreak,Oct 2021,Pakistan: Dengue Outbreak - Oct 2021
DR Congo,Ebola Outbreak,Oct 2021,DR Congo: Ebola Outbreak - Oct 2021
Pakistan,Earthquake,Oct 2021,Pakistan: Earthquake - Oct 2021
Honduras,Wildfires,Oct 2021,Honduras: Wildfires - Oct 2021
India,Floods and Landslides,Oct 2021,India: Floods and Landslides - Oct 2021
Georgia,Floods,Sep 2021,Georgia: Floods - Sep 2021
Uganda,Floods and Landslides,Sep 2021,Uganda: Floods and Landslides - Sep 2021
DR Congo,Meningitis Outbreak,Sep 2021,DR Congo: Meningitis Outbreak - Sep 2021
Indonesia,Earthquake,Aug 2026,Indonesia: Earthquake - Aug 2026
Colombia,Earthquake,Aug 2026,Colombia: Earthquake - Aug 2026
Myanmar,Floods,Jul 2026,Myanmar: Floods - Jul 2026
Afghanistan,Flash Floods,Jul 2026,Afghanistan: Flash Floods - Jul 2026
India,Flash Floods,Jul 2026,India: Flash Floods - Jul 2026
Kyrgyzstan,Flash Floods,Jul 2026,Kyrgyzstan: Flash Floods - Jul 2026
Tajikistan,Floods,Jul 2026,Tajikistan: Floods - Jul 2026
Bangladesh,Flash Floods,Jul 2026,Bangladesh: Flash Floods - Jul 2026
Georgia,Floods,Jun 2026,Georgia: Floods - Jun 2026
Central African Republic,Cholera Outbreak,Jun 2026,Central African Republic: Cholera Outbreak - Jun 2026
Venezuela,Earthquakes,Jun 2026,Venezuela: Earthquakes - Jun 2026
Chad,Cholera Outbreak,Jun 2026,Chad: Cholera Outbreak - Jun 2026
Philippines,Earthquake and Tsunami,Jun 2026,Philippines: Earthquake and Tsunami - Jun 2026
Armenia,Hailstorm,Jun 2026,Armenia: Hailstorm - Jun 2026
Syria,Floods,May 2026,Syria: Floods - May 2026
Central/Eastern Africa,Ebola Outbreak,May 2026,Central/Eastern Africa: Ebola Outbreak - May 2026
Sri Lanka,Dengue Outbreak,May 2026,Sri Lanka: Dengue Outbreak - May 2026
Dominican Republic,Floods,Apr 2026,Dominican Republic: Floods - Apr 2026
Yemen,Floods,Mar 2026,Yemen: Floods - Mar 2026
Tanzania,Floods and Landslides,Mar 2026,Tanzania: Floods and Landslides - Mar 2026
Liberia,Windstorms,Mar 2026,Liberia: Windstorms - Mar 2026
Botswana,Floods,Mar 2026,Botswana: Floods - Mar 2026
Ethiopia,Floods and Landslides,Mar 2026,Ethiopia: Floods and Landslides - Mar 2026
Kenya,Floods,Mar 2026,Kenya: Floods - Mar 2026
Suriname,Chikungunya Virus Outbreak,Mar 2026,Suriname: Chikungunya Virus Outbreak - Mar 2026
Brazil,Floods,Feb 2026,Brazil: Floods - Feb 2026
Peru,Floods and Landslides,Feb 2026,Peru: Floods and Landslides - Feb 2026
Angola,Floods,Feb 2026,Angola: Floods - Feb 2026
Zambia,Cholera Outbreak,Feb 2026,Zambia: Cholera Outbreak - Feb 2026
Cameroon,Fires,Feb 2026,Cameroon: Fires - Feb 2026
Somalia,Dengue Outbreak,Feb 2026,Somalia: Dengue Outbreak - Feb 2026
Rwanda,Flash Floods,Jan 2026,Rwanda: Flash Floods - Jan 2026
Algeria,Floods,Jan 2026,Algeria: Floods - Jan 2026
Argentina,Landslides,Jan 2026,Argentina: Landslides - Jan 2026
South Africa,Floods,Jan 2026,South Africa: Floods - Jan 2026
North Macedonia,Floods,Jan 2026,North Macedonia: Floods - Jan 2026
Malawi,Floods,Jan 2026,Malawi: Floods - Jan 2026
Serbia,Cold Wave,Jan 2026,Serbia: Cold Wave - Jan 2026
Guatemala,Measles Outbreak,Jan 2026,Guatemala: Measles Outbreak - Jan 2026
Ecuador,Floods,Jan 2026,Ecuador: Floods - Jan 2026
Zimbabwe,Floods,Jan 2026,Zimbabwe: Floods - Jan 2026
Mozambique,Floods,Dec 2025,Mozambique: Floods - Dec 2025
Chile,Wild Fires,Dec 2025,Chile: Wild Fires - Dec 2025
Gabon,Windstorms,Dec 2025,Gabon: Windstorms - Dec 2025
Morocco,Floods,Dec 2025,Morocco: Floods - Dec 2025
Bolivia,Floods,Dec 2025,Bolivia: Floods - Dec 2025
Congo,Floods,Nov 2025,Congo: Floods - Nov 2025
Cuba,Arboviral Outbreak,Oct 2025,Cuba: Arboviral Outbreak - Oct 2025
Egypt,Floods,Oct 2025,Egypt: Floods - Oct 2025
Cabo Verde,Flash Floods,Aug 2025,Cabo Verde: Flash Floods - Aug 2025
South Sudan,Floods,Jul 2025,South Sudan: Floods - Jul 2025
Sudan,Floods,Jul 2025,Sudan: Floods - Jul 2025
Honduras,Floods,Jun 2025,Honduras: Floods - Jun 2025
Panama,River Pollution,Jun 2025,Panama: River Pollution - Jun 2025
Côte d'Ivoire,Cholera Outbreak,Jun 2025,Côte d'Ivoire: Cholera Outbreak - Jun 2025
Pacific,Dengue Outbreak,2025,Pacific: Dengue Outbreak - 2025-2026
Ghana,Cholera Outbreak,Oct 2024,Ghana: Cholera Outbreak - Oct 2024
Namibia,Drought,May 2024,Namibia: Drought - May 2024
Niger,Diphtheria Outbreak,Oct 2023,Niger: Diphtheria Outbreak - Oct 2023
Nigeria,Lassa Fever Outbreak,Jan 2023,Nigeria: Lassa Fever Outbreak - Jan 2023
Burundi,Cholera Outbreak,Jan 2023,Burundi: Cholera Outbreak - Jan 2023
Benin,Floods,Sep 2021,Benin: Floods - Sep 2021
Guinea,Floods,Aug 2021,Guinea: Floods - Aug 2021
Lesotho,Windstorms,Aug 2021,Lesotho: Windstorms - Aug 2021
Thailand,Floods and Landslides,Aug 2021,Thailand: Floods and Landslides - Aug 2021
Venezuela,Floods,Aug 2021,Venezuela: Floods - Aug 2021
Iraq,Drought,Aug 2021,Iraq: Drought - Aug 2021
Malaysia,Floods,Aug 2021,Malaysia: Floods - Aug 2021
Niger,Cholera Outbreak,Aug 2021,Niger: Cholera Outbreak - Aug 2021
Haiti,Earthquake,Aug 2021,Haiti: Earthquake - Aug 2021
Algeria,Wild Fires,Aug 2021,Algeria: Wild Fires - Aug 2021
Central African Republic,Floods,Aug 2021,Central African Republic: Floods - Aug 2021
Tuvalu,Drought,Aug 2021,Tuvalu: Drought - Aug 2021
Indonesia,Floods and Landslides,Aug 2021,Indonesia: Floods and Landslides - Aug 2021
North Macedonia,Wild Fires,Jul 2021,North Macedonia: Wild Fires - Jul 2021
Yemen,Floods,Jul 2021,Yemen: Floods - Jul 2021
Bangladesh,Floods and Landslides,Jul 2021,Bangladesh: Floods and Landslides - Jul 2021
Kazakhstan,Drought,Jul 2021,Kazakhstan: Drought - Jul 2021
Myanmar,Floods and Landslides,Jul 2021,Myanmar: Floods and Landslides - Jul 2021
Tunisia,Wild Fires,Jul 2021,Tunisia: Wild Fires - Jul 2021
Mongolia,Flash Floods,Jul 2021,Mongolia: Flash Floods - Jul 2021
Indonesia,Earthquake,Aug 2026,Indonesia: Earthquake - Aug 2026
Colombia,Earthquake,Aug 2026,Colombia: Earthquake - Aug 2026
Myanmar,Floods,Jul 2026,Myanmar: Floods - Jul 2026
Afghanistan,Flash Floods,Jul 2026,Afghanistan: Flash Floods - Jul 2026
India,Flash Floods,Jul 2026,India: Flash Floods - Jul 2026
Kyrgyzstan,Flash Floods,Jul 2026,Kyrgyzstan: Flash Floods - Jul 2026
Tajikistan,Floods,Jul 2026,Tajikistan: Floods - Jul 2026
Bangladesh,Flash Floods,Jul 2026,Bangladesh: Flash Floods - Jul 2026
Georgia,Floods,Jun 2026,Georgia: Floods - Jun 2026
Central African Republic,Cholera Outbreak,Jun 2026,Central African Republic: Cholera Outbreak - Jun 2026
Venezuela,Earthquakes,Jun 2026,Venezuela: Earthquakes - Jun 2026
Chad,Cholera Outbreak,Jun 2026,Chad: Cholera Outbreak - Jun 2026
Philippines,Earthquake and Tsunami,Jun 2026,Philippines: Earthquake and Tsunami - Jun 2026
Armenia,Hailstorm,Jun 2026,Armenia: Hailstorm - Jun 2026
Syria,Floods,May 2026,Syria: Floods - May 2026
Central/Eastern Africa,Ebola Outbreak,May 2026,Central/Eastern Africa: Ebola Outbreak - May 2026
Sri Lanka,Dengue Outbreak,May 2026,Sri Lanka: Dengue Outbreak - May 2026
Dominican Republic,Floods,Apr 2026,Dominican Republic: Floods - Apr 2026
Yemen,Floods,Mar 2026,Yemen: Floods - Mar 2026
Tanzania,Floods and Landslides,Mar 2026,Tanzania: Floods and Landslides - Mar 2026
Liberia,Windstorms,Mar 2026,Liberia: Windstorms - Mar 2026
Botswana,Floods,Mar 2026,Botswana: Floods - Mar 2026
Ethiopia,Floods and Landslides,Mar 2026,Ethiopia: Floods and Landslides - Mar 2026
Kenya,Floods,Mar 2026,Kenya: Floods - Mar 2026
Suriname,Chikungunya Virus Outbreak,Mar 2026,Suriname: Chikungunya Virus Outbreak - Mar 2026
Brazil,Floods,Feb 2026,Brazil: Floods - Feb 2026
Peru,Floods and Landslides,Feb 2026,Peru: Floods and Landslides - Feb 2026
Angola,Floods,Feb 2026,Angola: Floods - Feb 2026
Zambia,Cholera Outbreak,Feb 2026,Zambia: Cholera Outbreak - Feb 2026
Cameroon,Fires,Feb 2026,Cameroon: Fires - Feb 2026
Somalia,Dengue Outbreak,Feb 2026,Somalia: Dengue Outbreak - Feb 2026
Rwanda,Flash Floods,Jan 2026,Rwanda: Flash Floods - Jan 2026
Algeria,Floods,Jan 2026,Algeria: Floods - Jan 2026
Argentina,Landslides,Jan 2026,Argentina: Landslides - Jan 2026
South Africa,Floods,Jan 2026,South Africa: Floods - Jan 2026
North Macedonia,Floods,Jan 2026,North Macedonia: Floods - Jan 2026
Malawi,Floods,Jan 2026,Malawi: Floods - Jan 2026
Serbia,Cold Wave,Jan 2026,Serbia: Cold Wave - Jan 2026
Guatemala,Measles Outbreak,Jan 2026,Guatemala: Measles Outbreak - Jan 2026
Ecuador,Floods,Jan 2026,Ecuador: Floods - Jan 2026
Zimbabwe,Floods,Jan 2026,Zimbabwe: Floods - Jan 2026
Mozambique,Floods,Dec 2025,Mozambique: Floods - Dec 2025
Chile,Wild Fires,Dec 2025,Chile: Wild Fires - Dec 2025
Gabon,Windstorms,Dec 2025,Gabon: Windstorms - Dec 2025
Morocco,Floods,Dec 2025,Morocco: Floods - Dec 2025
Bolivia,Floods,Dec 2025,Bolivia: Floods - Dec 2025
Congo,Floods,Nov 2025,Congo: Floods - Nov 2025
Cuba,Arboviral Outbreak,Oct 2025,Cuba: Arboviral Outbreak - Oct 2025
Egypt,Floods,Oct 2025,Egypt: Floods - Oct 2025
Cabo Verde,Flash Floods,Aug 2025,Cabo Verde: Flash Floods - Aug 2025
South Sudan,Floods,Jul 2025,South Sudan: Floods - Jul 2025
Sudan,Floods,Jul 2025,Sudan: Floods - Jul 2025
Honduras,Floods,Jun 2025,Honduras: Floods - Jun 2025
Panama,River Pollution,Jun 2025,Panama: River Pollution - Jun 2025
Côte d'Ivoire,Cholera Outbreak,Jun 2025,Côte d'Ivoire: Cholera Outbreak - Jun 2025
Pacific,Dengue Outbreak,2025,Pacific: Dengue Outbreak - 2025-2026
Ghana,Cholera Outbreak,Oct 2024,Ghana: Cholera Outbreak - Oct 2024
Namibia,Drought,May 2024,Namibia: Drought - May 2024
Niger,Diphtheria Outbreak,Oct 2023,Niger: Diphtheria Outbreak - Oct 2023
Nigeria,Lassa Fever Outbreak,Jan 2023,Nigeria: Lassa Fever Outbreak - Jan 2023
Burundi,Cholera Outbreak,Jan 2023,Burundi: Cholera Outbreak - Jan 2023
Panama,Floods and Landslides,Jul 2021,Panama: Floods and Landslides - Jul 2021
Sudan,Floods,Jul 2021,Sudan: Floods - Jul 2021
Costa Rica,Floods,Jul 2021,Costa Rica: Floods - Jul 2021
South Sudan,Floods 2021,2022,South Sudan: Floods 2021-2022
Philippines,Floods and Landslides,Jul 2021,Philippines: Floods and Landslides - Jul 2021
Gambia,Windstorm,Jul 2021,Gambia: Windstorm - Jul 2021
Iran,Drought,Jul 2021,Iran: Drought - Jul 2021
Philippines,Taal Volcano,Jul 2021,Philippines: Taal Volcano - Jul 2021
Chad,Floods,Jun 2021,Chad: Floods - Jun 2021
Nepal,Floods and Landslides,Jun 2021,Nepal: Floods and Landslides - Jun 2021
Niger,Floods,Jun 2021,Niger: Floods - Jun 2021
Syria,Drought,2021,Syria: Drought - 2021-2026
DR Congo,Volcano Nyiragongo,May 2021,DR Congo: Volcano Nyiragongo - May 2021
Guyana,Floods,May 2021,Guyana: Floods - May 2021
Malaysia,Floods,May 2021,Malaysia: Floods - May 2021
Sri Lanka,Floods and Landslides,May 2021,Sri Lanka: Floods and Landslides - May 2021
Tajikistan,Floods and Mudslides,May 2021,Tajikistan: Floods and Mudslides - May 2021
Somalia,Floods,May 2021,Somalia: Floods - May 2021
Indonesia,Earthquake,Aug 2026,Indonesia: Earthquake - Aug 2026
Colombia,Earthquake,Aug 2026,Colombia: Earthquake - Aug 2026
Myanmar,Floods,Jul 2026,Myanmar: Floods - Jul 2026
Afghanistan,Flash Floods,Jul 2026,Afghanistan: Flash Floods - Jul 2026
India,Flash Floods,Jul 2026,India: Flash Floods - Jul 2026
Kyrgyzstan,Flash Floods,Jul 2026,Kyrgyzstan: Flash Floods - Jul 2026
Tajikistan,Floods,Jul 2026,Tajikistan: Floods - Jul 2026
Bangladesh,Flash Floods,Jul 2026,Bangladesh: Flash Floods - Jul 2026
Georgia,Floods,Jun 2026,Georgia: Floods - Jun 2026
Central African Republic,Cholera Outbreak,Jun 2026,Central African Republic: Cholera Outbreak - Jun 2026
Venezuela,Earthquakes,Jun 2026,Venezuela: Earthquakes - Jun 2026
Chad,Cholera Outbreak,Jun 2026,Chad: Cholera Outbreak - Jun 2026
Philippines,Earthquake and Tsunami,Jun 2026,Philippines: Earthquake and Tsunami - Jun 2026
Armenia,Hailstorm,Jun 2026,Armenia: Hailstorm - Jun 2026
Syria,Floods,May 2026,Syria: Floods - May 2026
Central/Eastern Africa,Ebola Outbreak,May 2026,Central/Eastern Africa: Ebola Outbreak - May 2026
Sri Lanka,Dengue Outbreak,May 2026,Sri Lanka: Dengue Outbreak - May 2026
Dominican Republic,Floods,Apr 2026,Dominican Republic: Floods - Apr 2026
Yemen,Floods,Mar 2026,Yemen: Floods - Mar 2026
Tanzania,Floods and Landslides,Mar 2026,Tanzania: Floods and Landslides - Mar 2026
Liberia,Windstorms,Mar 2026,Liberia: Windstorms - Mar 2026
Botswana,Floods,Mar 2026,Botswana: Floods - Mar 2026
Ethiopia,Floods and Landslides,Mar 2026,Ethiopia: Floods and Landslides - Mar 2026
Kenya,Floods,Mar 2026,Kenya: Floods - Mar 2026
Suriname,Chikungunya Virus Outbreak,Mar 2026,Suriname: Chikungunya Virus Outbreak - Mar 2026
Brazil,Floods,Feb 2026,Brazil: Floods - Feb 2026
Peru,Floods and Landslides,Feb 2026,Peru: Floods and Landslides - Feb 2026
Angola,Floods,Feb 2026,Angola: Floods - Feb 2026
Zambia,Cholera Outbreak,Feb 2026,Zambia: Cholera Outbreak - Feb 2026
Cameroon,Fires,Feb 2026,Cameroon: Fires - Feb 2026
Somalia,Dengue Outbreak,Feb 2026,Somalia: Dengue Outbreak - Feb 2026
Rwanda,Flash Floods,Jan 2026,Rwanda: Flash Floods - Jan 2026
Algeria,Floods,Jan 2026,Algeria: Floods - Jan 2026
Argentina,Landslides,Jan 2026,Argentina: Landslides - Jan 2026
South Africa,Floods,Jan 2026,South Africa: Floods - Jan 2026
North Macedonia,Floods,Jan 2026,North Macedonia: Floods - Jan 2026
Malawi,Floods,Jan 2026,Malawi: Floods - Jan 2026
Serbia,Cold Wave,Jan 2026,Serbia: Cold Wave - Jan 2026
Guatemala,Measles Outbreak,Jan 2026,Guatemala: Measles Outbreak - Jan 2026
Ecuador,Floods,Jan 2026,Ecuador: Floods - Jan 2026
Zimbabwe,Floods,Jan 2026,Zimbabwe: Floods - Jan 2026
Mozambique,Floods,Dec 2025,Mozambique: Floods - Dec 2025
Chile,Wild Fires,Dec 2025,Chile: Wild Fires - Dec 2025
Gabon,Windstorms,Dec 2025,Gabon: Windstorms - Dec 2025
Morocco,Floods,Dec 2025,Morocco: Floods - Dec 2025
Bolivia,Floods,Dec 2025,Bolivia: Floods - Dec 2025
Congo,Floods,Nov 2025,Congo: Floods - Nov 2025
Cuba,Arboviral Outbreak,Oct 2025,Cuba: Arboviral Outbreak - Oct 2025
Egypt,Floods,Oct 2025,Egypt: Floods - Oct 2025
Cabo Verde,Flash Floods,Aug 2025,Cabo Verde: Flash Floods - Aug 2025
South Sudan,Floods,Jul 2025,South Sudan: Floods - Jul 2025
Sudan,Floods,Jul 2025,Sudan: Floods - Jul 2025
Honduras,Floods,Jun 2025,Honduras: Floods - Jun 2025
Panama,River Pollution,Jun 2025,Panama: River Pollution - Jun 2025
Côte d'Ivoire,Cholera Outbreak,Jun 2025,Côte d'Ivoire: Cholera Outbreak - Jun 2025
Pacific,Dengue Outbreak,2025,Pacific: Dengue Outbreak - 2025-2026
Ghana,Cholera Outbreak,Oct 2024,Ghana: Cholera Outbreak - Oct 2024
Namibia,Drought,May 2024,Namibia: Drought - May 2024
Niger,Diphtheria Outbreak,Oct 2023,Niger: Diphtheria Outbreak - Oct 2023
Nigeria,Lassa Fever Outbreak,Jan 2023,Nigeria: Lassa Fever Outbreak - Jan 2023
Burundi,Cholera Outbreak,Jan 2023,Burundi: Cholera Outbreak - Jan 2023
Afghanistan,Floods,May 2021,Afghanistan: Floods - May 2021
Rwanda,Floods and Windstorm,Apr 2021,Rwanda: Floods and Windstorm - Apr 2021
Suriname,Floods,Apr 2021,Suriname: Floods - Apr 2021
Burundi,Floods,Apr 2021,Burundi: Floods - Apr 2021
Guatemala,Floods and Landslides,Apr 2021,Guatemala: Floods and Landslides - Apr 2021
Yemen,Floods,Apr 2021,Yemen: Floods - Apr 2021
Kenya,Floods,Apr 2021,Kenya: Floods - Apr 2021
Pakistan,Drought,2021,Pakistan: Drought - 2021-2022
Timor-Leste,Flash Floods,Mar 2021,Timor-Leste: Flash Floods - Mar 2021
Bangladesh,Cox’s Bazar Camp Settlement Fire,Mar 2021,Bangladesh: Cox’s Bazar Camp Settlement Fire - Mar 2021
Mongolia,Sandstorm,Mar 2021,Mongolia: Sandstorm - Mar 2021
Equatorial Guinea,Bata Explosions,Mar 2021,Equatorial Guinea: Bata Explosions - Mar 2021
Algeria,Floods,Mar 2021,Algeria: Floods - Mar 2021
Kenya,Dengue Outbreak,May 2021,Kenya: Dengue Outbreak - May 2021
Iran,Earthquake,Feb 2021,Iran: Earthquake - Feb 2021
Peru,Floods,Feb 2021,Peru: Floods - Feb 2021
DR Congo,Ebola Outbreak,Feb 2021,DR Congo: Ebola Outbreak - Feb 2021
Indonesia,Earthquake,Aug 2026,Indonesia: Earthquake - Aug 2026
Colombia,Earthquake,Aug 2026,Colombia: Earthquake - Aug 2026
Myanmar,Floods,Jul 2026,Myanmar: Floods - Jul 2026
Afghanistan,Flash Floods,Jul 2026,Afghanistan: Flash Floods - Jul 2026
India,Flash Floods,Jul 2026,India: Flash Floods - Jul 2026
Kyrgyzstan,Flash Floods,Jul 2026,Kyrgyzstan: Flash Floods - Jul 2026
Tajikistan,Floods,Jul 2026,Tajikistan: Floods - Jul 2026
Bangladesh,Flash Floods,Jul 2026,Bangladesh: Flash Floods - Jul 2026
Georgia,Floods,Jun 2026,Georgia: Floods - Jun 2026
Central African Republic,Cholera Outbreak,Jun 2026,Central African Republic: Cholera Outbreak - Jun 2026
Venezuela,Earthquakes,Jun 2026,Venezuela: Earthquakes - Jun 2026
Chad,Cholera Outbreak,Jun 2026,Chad: Cholera Outbreak - Jun 2026
Philippines,Earthquake and Tsunami,Jun 2026,Philippines: Earthquake and Tsunami - Jun 2026
Armenia,Hailstorm,Jun 2026,Armenia: Hailstorm - Jun 2026
Syria,Floods,May 2026,Syria: Floods - May 2026
Central/Eastern Africa,Ebola Outbreak,May 2026,Central/Eastern Africa: Ebola Outbreak - May 2026
Sri Lanka,Dengue Outbreak,May 2026,Sri Lanka: Dengue Outbreak - May 2026
Dominican Republic,Floods,Apr 2026,Dominican Republic: Floods - Apr 2026
Yemen,Floods,Mar 2026,Yemen: Floods - Mar 2026
Tanzania,Floods and Landslides,Mar 2026,Tanzania: Floods and Landslides - Mar 2026
Liberia,Windstorms,Mar 2026,Liberia: Windstorms - Mar 2026
Botswana,Floods,Mar 2026,Botswana: Floods - Mar 2026
Ethiopia,Floods and Landslides,Mar 2026,Ethiopia: Floods and Landslides - Mar 2026
Kenya,Floods,Mar 2026,Kenya: Floods - Mar 2026
Suriname,Chikungunya Virus Outbreak,Mar 2026,Suriname: Chikungunya Virus Outbreak - Mar 2026
Brazil,Floods,Feb 2026,Brazil: Floods - Feb 2026
Peru,Floods and Landslides,Feb 2026,Peru: Floods and Landslides - Feb 2026
Angola,Floods,Feb 2026,Angola: Floods - Feb 2026
Zambia,Cholera Outbreak,Feb 2026,Zambia: Cholera Outbreak - Feb 2026
Cameroon,Fires,Feb 2026,Cameroon: Fires - Feb 2026
Somalia,Dengue Outbreak,Feb 2026,Somalia: Dengue Outbreak - Feb 2026
Rwanda,Flash Floods,Jan 2026,Rwanda: Flash Floods - Jan 2026
Algeria,Floods,Jan 2026,Algeria: Floods - Jan 2026
Argentina,Landslides,Jan 2026,Argentina: Landslides - Jan 2026
South Africa,Floods,Jan 2026,South Africa: Floods - Jan 2026
North Macedonia,Floods,Jan 2026,North Macedonia: Floods - Jan 2026
Malawi,Floods,Jan 2026,Malawi: Floods - Jan 2026
Serbia,Cold Wave,Jan 2026,Serbia: Cold Wave - Jan 2026
Guatemala,Measles Outbreak,Jan 2026,Guatemala: Measles Outbreak - Jan 2026
Ecuador,Floods,Jan 2026,Ecuador: Floods - Jan 2026
Zimbabwe,Floods,Jan 2026,Zimbabwe: Floods - Jan 2026
Mozambique,Floods,Dec 2025,Mozambique: Floods - Dec 2025
Chile,Wild Fires,Dec 2025,Chile: Wild Fires - Dec 2025
Gabon,Windstorms,Dec 2025,Gabon: Windstorms - Dec 2025
Morocco,Floods,Dec 2025,Morocco: Floods - Dec 2025
Bolivia,Floods,Dec 2025,Bolivia: Floods - Dec 2025
Congo,Floods,Nov 2025,Congo: Floods - Nov 2025
Cuba,Arboviral Outbreak,Oct 2025,Cuba: Arboviral Outbreak - Oct 2025
Egypt,Floods,Oct 2025,Egypt: Floods - Oct 2025
Cabo Verde,Flash Floods,Aug 2025,Cabo Verde: Flash Floods - Aug 2025
South Sudan,Floods,Jul 2025,South Sudan: Floods - Jul 2025
Sudan,Floods,Jul 2025,Sudan: Floods - Jul 2025
Honduras,Floods,Jun 2025,Honduras: Floods - Jun 2025
Panama,River Pollution,Jun 2025,Panama: River Pollution - Jun 2025
Côte d'Ivoire,Cholera Outbreak,Jun 2025,Côte d'Ivoire: Cholera Outbreak - Jun 2025
Pacific,Dengue Outbreak,2025,Pacific: Dengue Outbreak - 2025-2026
Ghana,Cholera Outbreak,Oct 2024,Ghana: Cholera Outbreak - Oct 2024
Namibia,Drought,May 2024,Namibia: Drought - May 2024
Niger,Diphtheria Outbreak,Oct 2023,Niger: Diphtheria Outbreak - Oct 2023
Nigeria,Lassa Fever Outbreak,Jan 2023,Nigeria: Lassa Fever Outbreak - Jan 2023
Burundi,Cholera Outbreak,Jan 2023,Burundi: Cholera Outbreak - Jan 2023
Afghanistan,Drought,2021,Afghanistan: Drought - 2021-2026
Guinea,Ebola Outbreak,Jan 2021,Guinea: Ebola Outbreak - Jan 2021
Syria,Floods,Jan 2021,Syria: Floods - Jan 2021
Indonesia,Earthquake,Jan 2021,Indonesia: Earthquake - Jan 2021
Indonesia,Floods and Landslides,Jan 2021,Indonesia: Floods and Landslides - Jan 2021
Malaysia,Floods,Jan 2021,Malaysia: Floods - Jan 2021
St Vincent & the Grenadines,La Soufrière Volcano,Dec 2020,St Vincent & the Grenadines: La Soufrière Volcano - Dec 2020
Zambia,Floods,Dec 2020,Zambia: Floods - Dec 2020
Sri Lanka,Floods,Dec 2020,Sri Lanka: Floods - Dec 2020
Indonesia,Ili Lewotolok Volcano,Nov 2020,Indonesia: Ili Lewotolok Volcano - Nov 2020
Colombia,Floods and Landslides,Nov 2020,Colombia: Floods and Landslides - Nov 2020
Somalia,Flash Floods,Oct 2020,Somalia: Flash Floods - Oct 2020
Indonesia,Earthquake,Aug 2026,Indonesia: Earthquake - Aug 2026
Colombia,Earthquake,Aug 2026,Colombia: Earthquake - Aug 2026
Myanmar,Floods,Jul 2026,Myanmar: Floods - Jul 2026
Afghanistan,Flash Floods,Jul 2026,Afghanistan: Flash Floods - Jul 2026
India,Flash Floods,Jul 2026,India: Flash Floods - Jul 2026
Kyrgyzstan,Flash Floods,Jul 2026,Kyrgyzstan: Flash Floods - Jul 2026
Tajikistan,Floods,Jul 2026,Tajikistan: Floods - Jul 2026
Bangladesh,Flash Floods,Jul 2026,Bangladesh: Flash Floods - Jul 2026
Georgia,Floods,Jun 2026,Georgia: Floods - Jun 2026
Central African Republic,Cholera Outbreak,Jun 2026,Central African Republic: Cholera Outbreak - Jun 2026
Venezuela,Earthquakes,Jun 2026,Venezuela: Earthquakes - Jun 2026
Chad,Cholera Outbreak,Jun 2026,Chad: Cholera Outbreak - Jun 2026
Philippines,Earthquake and Tsunami,Jun 2026,Philippines: Earthquake and Tsunami - Jun 2026
Armenia,Hailstorm,Jun 2026,Armenia: Hailstorm - Jun 2026
Syria,Floods,May 2026,Syria: Floods - May 2026
Central/Eastern Africa,Ebola Outbreak,May 2026,Central/Eastern Africa: Ebola Outbreak - May 2026
Sri Lanka,Dengue Outbreak,May 2026,Sri Lanka: Dengue Outbreak - May 2026
Dominican Republic,Floods,Apr 2026,Dominican Republic: Floods - Apr 2026
Yemen,Floods,Mar 2026,Yemen: Floods - Mar 2026
Tanzania,Floods and Landslides,Mar 2026,Tanzania: Floods and Landslides - Mar 2026
Liberia,Windstorms,Mar 2026,Liberia: Windstorms - Mar 2026
Botswana,Floods,Mar 2026,Botswana: Floods - Mar 2026
Ethiopia,Floods and Landslides,Mar 2026,Ethiopia: Floods and Landslides - Mar 2026
Kenya,Floods,Mar 2026,Kenya: Floods - Mar 2026
Suriname,Chikungunya Virus Outbreak,Mar 2026,Suriname: Chikungunya Virus Outbreak - Mar 2026
Brazil,Floods,Feb 2026,Brazil: Floods - Feb 2026
Peru,Floods and Landslides,Feb 2026,Peru: Floods and Landslides - Feb 2026
Angola,Floods,Feb 2026,Angola: Floods - Feb 2026
Zambia,Cholera Outbreak,Feb 2026,Zambia: Cholera Outbreak - Feb 2026
Cameroon,Fires,Feb 2026,Cameroon: Fires - Feb 2026
Somalia,Dengue Outbreak,Feb 2026,Somalia: Dengue Outbreak - Feb 2026
Rwanda,Flash Floods,Jan 2026,Rwanda: Flash Floods - Jan 2026
Algeria,Floods,Jan 2026,Algeria: Floods - Jan 2026
Argentina,Landslides,Jan 2026,Argentina: Landslides - Jan 2026
South Africa,Floods,Jan 2026,South Africa: Floods - Jan 2026
North Macedonia,Floods,Jan 2026,North Macedonia: Floods - Jan 2026
Malawi,Floods,Jan 2026,Malawi: Floods - Jan 2026
Serbia,Cold Wave,Jan 2026,Serbia: Cold Wave - Jan 2026
Guatemala,Measles Outbreak,Jan 2026,Guatemala: Measles Outbreak - Jan 2026
Ecuador,Floods,Jan 2026,Ecuador: Floods - Jan 2026
Zimbabwe,Floods,Jan 2026,Zimbabwe: Floods - Jan 2026
Mozambique,Floods,Dec 2025,Mozambique: Floods - Dec 2025
Chile,Wild Fires,Dec 2025,Chile: Wild Fires - Dec 2025
Gabon,Windstorms,Dec 2025,Gabon: Windstorms - Dec 2025
Morocco,Floods,Dec 2025,Morocco: Floods - Dec 2025
Bolivia,Floods,Dec 2025,Bolivia: Floods - Dec 2025
Congo,Floods,Nov 2025,Congo: Floods - Nov 2025
Cuba,Arboviral Outbreak,Oct 2025,Cuba: Arboviral Outbreak - Oct 2025
Egypt,Floods,Oct 2025,Egypt: Floods - Oct 2025
Cabo Verde,Flash Floods,Aug 2025,Cabo Verde: Flash Floods - Aug 2025
South Sudan,Floods,Jul 2025,South Sudan: Floods - Jul 2025
Sudan,Floods,Jul 2025,Sudan: Floods - Jul 2025
Honduras,Floods,Jun 2025,Honduras: Floods - Jun 2025
Panama,River Pollution,Jun 2025,Panama: River Pollution - Jun 2025
Côte d'Ivoire,Cholera Outbreak,Jun 2025,Côte d'Ivoire: Cholera Outbreak - Jun 2025
Pacific,Dengue Outbreak,2025,Pacific: Dengue Outbreak - 2025-2026
Ghana,Cholera Outbreak,Oct 2024,Ghana: Cholera Outbreak - Oct 2024
Namibia,Drought,May 2024,Namibia: Drought - May 2024
Niger,Diphtheria Outbreak,Oct 2023,Niger: Diphtheria Outbreak - Oct 2023
Nigeria,Lassa Fever Outbreak,Jan 2023,Nigeria: Lassa Fever Outbreak - Jan 2023
Burundi,Cholera Outbreak,Jan 2023,Burundi: Cholera Outbreak - Jan 2023
Saint Vincent and the Grenadines,Dengue Outbreak,Oct 2020,Saint Vincent and the Grenadines: Dengue Outbreak - Oct 2020
Syria,Wild Fires,Oct 2020,Syria: Wild Fires - Oct 2020
Lao PDR,Floods and Landslides,Oct 2020,Lao PDR: Floods and Landslides - Oct 2020
DR Congo,Floods,Oct 2020,DR Congo: Floods - Oct 2020
Cambodia,Floods,Oct 2020,Cambodia: Floods - Oct 2020
Ecuador,Sangay Volcano,Sep 2020,Ecuador: Sangay Volcano - Sep 2020
Viet Nam,Floods and Landslides,Sep 2020,Viet Nam: Floods and Landslides - Sep 2020
Tunisia,Flash Floods,Sep 2020,Tunisia: Flash Floods - Sep 2020
Senegal,Floods,Sep 2020,Senegal: Floods - Sep 2020
Guinea,Floods,Sep 2020,Guinea: Floods - Sep 2020
Burkina Faso,Floods,Sep 2020,Burkina Faso: Floods - Sep 2020
Mauritania,Floods,Sep 2020,Mauritania: Floods - Sep 2020
Saint Lucia,Dengue Outbreak,Aug 2020,Saint Lucia: Dengue Outbreak - Aug 2020
Afghanistan,Flash Floods,Aug 2020,Afghanistan: Flash Floods - Aug 2020
Chad,Floods,Aug 2020,Chad: Floods - Aug 2020
Yemen,Polio Outbreak,Aug 2020,Yemen: Polio Outbreak - Aug 2020
Sudan,Polio Outbreak,Aug 2020,Sudan: Polio Outbreak - Aug 2020
Algeria,Earthquake,Aug 2020,Algeria: Earthquake - Aug 2020
South Sudan,Floods,Aug 2020,South Sudan: Floods - Aug 2020
Mauritius,MV Wakashio Oil Spill,Aug 2020,Mauritius: MV Wakashio Oil Spill - Aug 2020
Indonesia,Earthquake,Aug 2026,Indonesia: Earthquake - Aug 2026
Colombia,Earthquake,Aug 2026,Colombia: Earthquake - Aug 2026
Myanmar,Floods,Jul 2026,Myanmar: Floods - Jul 2026
Afghanistan,Flash Floods,Jul 2026,Afghanistan: Flash Floods - Jul 2026
India,Flash Floods,Jul 2026,India: Flash Floods - Jul 2026
Kyrgyzstan,Flash Floods,Jul 2026,Kyrgyzstan: Flash Floods - Jul 2026
Tajikistan,Floods,Jul 2026,Tajikistan: Floods - Jul 2026
Bangladesh,Flash Floods,Jul 2026,Bangladesh: Flash Floods - Jul 2026
Georgia,Floods,Jun 2026,Georgia: Floods - Jun 2026
Central African Republic,Cholera Outbreak,Jun 2026,Central African Republic: Cholera Outbreak - Jun 2026
Venezuela,Earthquakes,Jun 2026,Venezuela: Earthquakes - Jun 2026
Chad,Cholera Outbreak,Jun 2026,Chad: Cholera Outbreak - Jun 2026
Philippines,Earthquake and Tsunami,Jun 2026,Philippines: Earthquake and Tsunami - Jun 2026
Armenia,Hailstorm,Jun 2026,Armenia: Hailstorm - Jun 2026
Syria,Floods,May 2026,Syria: Floods - May 2026
Central/Eastern Africa,Ebola Outbreak,May 2026,Central/Eastern Africa: Ebola Outbreak - May 2026
Sri Lanka,Dengue Outbreak,May 2026,Sri Lanka: Dengue Outbreak - May 2026
Dominican Republic,Floods,Apr 2026,Dominican Republic: Floods - Apr 2026
Yemen,Floods,Mar 2026,Yemen: Floods - Mar 2026
Tanzania,Floods and Landslides,Mar 2026,Tanzania: Floods and Landslides - Mar 2026
Liberia,Windstorms,Mar 2026,Liberia: Windstorms - Mar 2026
Botswana,Floods,Mar 2026,Botswana: Floods - Mar 2026
Ethiopia,Floods and Landslides,Mar 2026,Ethiopia: Floods and Landslides - Mar 2026
Kenya,Floods,Mar 2026,Kenya: Floods - Mar 2026
Suriname,Chikungunya Virus Outbreak,Mar 2026,Suriname: Chikungunya Virus Outbreak - Mar 2026
Brazil,Floods,Feb 2026,Brazil: Floods - Feb 2026
Peru,Floods and Landslides,Feb 2026,Peru: Floods and Landslides - Feb 2026
Angola,Floods,Feb 2026,Angola: Floods - Feb 2026
Zambia,Cholera Outbreak,Feb 2026,Zambia: Cholera Outbreak - Feb 2026
Cameroon,Fires,Feb 2026,Cameroon: Fires - Feb 2026
Somalia,Dengue Outbreak,Feb 2026,Somalia: Dengue Outbreak - Feb 2026
Rwanda,Flash Floods,Jan 2026,Rwanda: Flash Floods - Jan 2026
Algeria,Floods,Jan 2026,Algeria: Floods - Jan 2026
Argentina,Landslides,Jan 2026,Argentina: Landslides - Jan 2026
South Africa,Floods,Jan 2026,South Africa: Floods - Jan 2026
North Macedonia,Floods,Jan 2026,North Macedonia: Floods - Jan 2026
Malawi,Floods,Jan 2026,Malawi: Floods - Jan 2026
Serbia,Cold Wave,Jan 2026,Serbia: Cold Wave - Jan 2026
Guatemala,Measles Outbreak,Jan 2026,Guatemala: Measles Outbreak - Jan 2026
Ecuador,Floods,Jan 2026,Ecuador: Floods - Jan 2026
Zimbabwe,Floods,Jan 2026,Zimbabwe: Floods - Jan 2026
Mozambique,Floods,Dec 2025,Mozambique: Floods - Dec 2025
Chile,Wild Fires,Dec 2025,Chile: Wild Fires - Dec 2025
Gabon,Windstorms,Dec 2025,Gabon: Windstorms - Dec 2025
Morocco,Floods,Dec 2025,Morocco: Floods - Dec 2025
Bolivia,Floods,Dec 2025,Bolivia: Floods - Dec 2025
Congo,Floods,Nov 2025,Congo: Floods - Nov 2025
Cuba,Arboviral Outbreak,Oct 2025,Cuba: Arboviral Outbreak - Oct 2025
Egypt,Floods,Oct 2025,Egypt: Floods - Oct 2025
Cabo Verde,Flash Floods,Aug 2025,Cabo Verde: Flash Floods - Aug 2025
South Sudan,Floods,Jul 2025,South Sudan: Floods - Jul 2025
Sudan,Floods,Jul 2025,Sudan: Floods - Jul 2025
Honduras,Floods,Jun 2025,Honduras: Floods - Jun 2025
Panama,River Pollution,Jun 2025,Panama: River Pollution - Jun 2025
Côte d'Ivoire,Cholera Outbreak,Jun 2025,Côte d'Ivoire: Cholera Outbreak - Jun 2025
Pacific,Dengue Outbreak,2025,Pacific: Dengue Outbreak - 2025-2026
Ghana,Cholera Outbreak,Oct 2024,Ghana: Cholera Outbreak - Oct 2024
Namibia,Drought,May 2024,Namibia: Drought - May 2024
Niger,Diphtheria Outbreak,Oct 2023,Niger: Diphtheria Outbreak - Oct 2023
Nigeria,Lassa Fever Outbreak,Jan 2023,Nigeria: Lassa Fever Outbreak - Jan 2023
Burundi,Cholera Outbreak,Jan 2023,Burundi: Cholera Outbreak - Jan 2023
Pakistan,Floods and Landslides,Aug 2020,Pakistan: Floods and Landslides - Aug 2020
Lebanon,Beirut Port Explosions,Aug 2020,Lebanon: Beirut Port Explosions - Aug 2020
Cameroon,Floods,Aug 2020,Cameroon: Floods - Aug 2020
Georgia,Floods,Jul 2020,Georgia: Floods - Jul 2020
Sudan,Floods,Jul 2020,Sudan: Floods - Jul 2020
Nigeria,Floods,Jul 2020,Nigeria: Floods - Jul 2020
Myanmar,Floods and Landslides,Jun 2020,Myanmar: Floods and Landslides - Jun 2020
Niger,Floods,Jul 2020,Niger: Floods - Jul 2020
Armenia,Hail Storm,Jul 2020,Armenia: Hail Storm - Jul 2020
Nepal,Floods and Landslides,Jul 2020,Nepal: Floods and Landslides - Jul 2020
Bangladesh,Floods and Landslides,Jul 2020,Bangladesh: Floods and Landslides - Jul 2020
India,Floods and Landslides,Jul 2020,India: Floods and Landslides - Jul 2020
Serbia,Floods,Jun 2020,Serbia: Floods - Jun 2020
Bosnia and Herzegovina,Floods and Landslides,Jun 2020,Bosnia and Herzegovina: Floods and Landslides - Jun 2020
Ukraine,Floods,Jun 2020,Ukraine: Floods - Jun 2020
Mongolia,Flash Floods,Jun 2020,Mongolia: Flash Floods - Jun 2020
Cote d'Ivoire,Floods and Landslides,Jun 2020,Cote d'Ivoire: Floods and Landslides - Jun 2020
DR Congo,Ebola Outbreak,Jun 2020,DR Congo: Ebola Outbreak - Jun 2020
Indonesia,Earthquake,Aug 2026,Indonesia: Earthquake - Aug 2026
Colombia,Earthquake,Aug 2026,Colombia: Earthquake - Aug 2026
Myanmar,Floods,Jul 2026,Myanmar: Floods - Jul 2026
Afghanistan,Flash Floods,Jul 2026,Afghanistan: Flash Floods - Jul 2026
India,Flash Floods,Jul 2026,India: Flash Floods - Jul 2026
Kyrgyzstan,Flash Floods,Jul 2026,Kyrgyzstan: Flash Floods - Jul 2026
Tajikistan,Floods,Jul 2026,Tajikistan: Floods - Jul 2026
Bangladesh,Flash Floods,Jul 2026,Bangladesh: Flash Floods - Jul 2026
Georgia,Floods,Jun 2026,Georgia: Floods - Jun 2026
Central African Republic,Cholera Outbreak,Jun 2026,Central African Republic: Cholera Outbreak - Jun 2026
Venezuela,Earthquakes,Jun 2026,Venezuela: Earthquakes - Jun 2026
Chad,Cholera Outbreak,Jun 2026,Chad: Cholera Outbreak - Jun 2026
Philippines,Earthquake and Tsunami,Jun 2026,Philippines: Earthquake and Tsunami - Jun 2026
Armenia,Hailstorm,Jun 2026,Armenia: Hailstorm - Jun 2026
Syria,Floods,May 2026,Syria: Floods - May 2026
Central/Eastern Africa,Ebola Outbreak,May 2026,Central/Eastern Africa: Ebola Outbreak - May 2026
Sri Lanka,Dengue Outbreak,May 2026,Sri Lanka: Dengue Outbreak - May 2026
Dominican Republic,Floods,Apr 2026,Dominican Republic: Floods - Apr 2026
Yemen,Floods,Mar 2026,Yemen: Floods - Mar 2026
Tanzania,Floods and Landslides,Mar 2026,Tanzania: Floods and Landslides - Mar 2026
Liberia,Windstorms,Mar 2026,Liberia: Windstorms - Mar 2026
Botswana,Floods,Mar 2026,Botswana: Floods - Mar 2026
Ethiopia,Floods and Landslides,Mar 2026,Ethiopia: Floods and Landslides - Mar 2026
Kenya,Floods,Mar 2026,Kenya: Floods - Mar 2026
Suriname,Chikungunya Virus Outbreak,Mar 2026,Suriname: Chikungunya Virus Outbreak - Mar 2026
Brazil,Floods,Feb 2026,Brazil: Floods - Feb 2026
Peru,Floods and Landslides,Feb 2026,Peru: Floods and Landslides - Feb 2026
Angola,Floods,Feb 2026,Angola: Floods - Feb 2026
Zambia,Cholera Outbreak,Feb 2026,Zambia: Cholera Outbreak - Feb 2026
Cameroon,Fires,Feb 2026,Cameroon: Fires - Feb 2026
Somalia,Dengue Outbreak,Feb 2026,Somalia: Dengue Outbreak - Feb 2026
Rwanda,Flash Floods,Jan 2026,Rwanda: Flash Floods - Jan 2026
Algeria,Floods,Jan 2026,Algeria: Floods - Jan 2026
Argentina,Landslides,Jan 2026,Argentina: Landslides - Jan 2026
South Africa,Floods,Jan 2026,South Africa: Floods - Jan 2026
North Macedonia,Floods,Jan 2026,North Macedonia: Floods - Jan 2026
Malawi,Floods,Jan 2026,Malawi: Floods - Jan 2026
Serbia,Cold Wave,Jan 2026,Serbia: Cold Wave - Jan 2026
Guatemala,Measles Outbreak,Jan 2026,Guatemala: Measles Outbreak - Jan 2026
Ecuador,Floods,Jan 2026,Ecuador: Floods - Jan 2026
Zimbabwe,Floods,Jan 2026,Zimbabwe: Floods - Jan 2026
Mozambique,Floods,Dec 2025,Mozambique: Floods - Dec 2025
Chile,Wild Fires,Dec 2025,Chile: Wild Fires - Dec 2025
Gabon,Windstorms,Dec 2025,Gabon: Windstorms - Dec 2025
Morocco,Floods,Dec 2025,Morocco: Floods - Dec 2025
Bolivia,Floods,Dec 2025,Bolivia: Floods - Dec 2025
Congo,Floods,Nov 2025,Congo: Floods - Nov 2025
Cuba,Arboviral Outbreak,Oct 2025,Cuba: Arboviral Outbreak - Oct 2025
Egypt,Floods,Oct 2025,Egypt: Floods - Oct 2025
Cabo Verde,Flash Floods,Aug 2025,Cabo Verde: Flash Floods - Aug 2025
South Sudan,Floods,Jul 2025,South Sudan: Floods - Jul 2025
Sudan,Floods,Jul 2025,Sudan: Floods - Jul 2025
Honduras,Floods,Jun 2025,Honduras: Floods - Jun 2025
Panama,River Pollution,Jun 2025,Panama: River Pollution - Jun 2025
Côte d'Ivoire,Cholera Outbreak,Jun 2025,Côte d'Ivoire: Cholera Outbreak - Jun 2025
Pacific,Dengue Outbreak,2025,Pacific: Dengue Outbreak - 2025-2026
Ghana,Cholera Outbreak,Oct 2024,Ghana: Cholera Outbreak - Oct 2024
Namibia,Drought,May 2024,Namibia: Drought - May 2024
Niger,Diphtheria Outbreak,Oct 2023,Niger: Diphtheria Outbreak - Oct 2023
Nigeria,Lassa Fever Outbreak,Jan 2023,Nigeria: Lassa Fever Outbreak - Jan 2023
Burundi,Cholera Outbreak,Jan 2023,Burundi: Cholera Outbreak - Jan 2023
Cuba,Severe Local Storm,May 2020,Cuba: Severe Local Storm - May 2020
Indonesia,Floods and Landslides,May 2020,Indonesia: Floods and Landslides - May 2020
Tajikistan,Floods and Mudslides,May 2020,Tajikistan: Floods and Mudslides - May 2020
Uganda,Floods and Landslides,May 2020,Uganda: Floods and Landslides - May 2020
Tanzania,Floods,Apr 2020,Tanzania: Floods - Apr 2020
Ethiopia,Floods,Apr 2020,Ethiopia: Floods - Apr 2020
Somalia,Flash Floods,Apr 2020,Somalia: Flash Floods - Apr 2020
Kenya,Floods and Landslides,Apr 2020,Kenya: Floods and Landslides - Apr 2020
DR Congo,Floods,Apr 2020,DR Congo: Floods - Apr 2020
Burundi,Floods and Landslides,Apr 2020,Burundi: Floods and Landslides - Apr 2020
Afghanistan,Floods,Mar 2020,Afghanistan: Floods - Mar 2020
Yemen,Floods,Mar 2020,Yemen: Floods - Mar 2020
Egypt,Floods,Mar 2020,Egypt: Floods - Mar 2020
Iran,Locust Infestation,Mar 2020,Iran: Locust Infestation - Mar 2020
Zimbabwe,Malaria Outbreak,Mar 2020,Zimbabwe: Malaria Outbreak - Mar 2020
Sri Lanka,Drought,Mar 2020,Sri Lanka: Drought - Mar 2020
Bolivia,Floods,Feb 2020,Bolivia: Floods - Feb 2020
Indonesia,Earthquake,Aug 2026,Indonesia: Earthquake - Aug 2026
Colombia,Earthquake,Aug 2026,Colombia: Earthquake - Aug 2026
Myanmar,Floods,Jul 2026,Myanmar: Floods - Jul 2026
Afghanistan,Flash Floods,Jul 2026,Afghanistan: Flash Floods - Jul 2026
India,Flash Floods,Jul 2026,India: Flash Floods - Jul 2026
Kyrgyzstan,Flash Floods,Jul 2026,Kyrgyzstan: Flash Floods - Jul 2026
Tajikistan,Floods,Jul 2026,Tajikistan: Floods - Jul 2026
Bangladesh,Flash Floods,Jul 2026,Bangladesh: Flash Floods - Jul 2026
Georgia,Floods,Jun 2026,Georgia: Floods - Jun 2026
Central African Republic,Cholera Outbreak,Jun 2026,Central African Republic: Cholera Outbreak - Jun 2026
Venezuela,Earthquakes,Jun 2026,Venezuela: Earthquakes - Jun 2026
Chad,Cholera Outbreak,Jun 2026,Chad: Cholera Outbreak - Jun 2026
Philippines,Earthquake and Tsunami,Jun 2026,Philippines: Earthquake and Tsunami - Jun 2026
Armenia,Hailstorm,Jun 2026,Armenia: Hailstorm - Jun 2026
Syria,Floods,May 2026,Syria: Floods - May 2026
Central/Eastern Africa,Ebola Outbreak,May 2026,Central/Eastern Africa: Ebola Outbreak - May 2026
Sri Lanka,Dengue Outbreak,May 2026,Sri Lanka: Dengue Outbreak - May 2026
Dominican Republic,Floods,Apr 2026,Dominican Republic: Floods - Apr 2026
Yemen,Floods,Mar 2026,Yemen: Floods - Mar 2026
Tanzania,Floods and Landslides,Mar 2026,Tanzania: Floods and Landslides - Mar 2026
Liberia,Windstorms,Mar 2026,Liberia: Windstorms - Mar 2026
Botswana,Floods,Mar 2026,Botswana: Floods - Mar 2026
Ethiopia,Floods and Landslides,Mar 2026,Ethiopia: Floods and Landslides - Mar 2026
Kenya,Floods,Mar 2026,Kenya: Floods - Mar 2026
Suriname,Chikungunya Virus Outbreak,Mar 2026,Suriname: Chikungunya Virus Outbreak - Mar 2026
Brazil,Floods,Feb 2026,Brazil: Floods - Feb 2026
Peru,Floods and Landslides,Feb 2026,Peru: Floods and Landslides - Feb 2026
Angola,Floods,Feb 2026,Angola: Floods - Feb 2026
Zambia,Cholera Outbreak,Feb 2026,Zambia: Cholera Outbreak - Feb 2026
Cameroon,Fires,Feb 2026,Cameroon: Fires - Feb 2026
Somalia,Dengue Outbreak,Feb 2026,Somalia: Dengue Outbreak - Feb 2026
Rwanda,Flash Floods,Jan 2026,Rwanda: Flash Floods - Jan 2026
Algeria,Floods,Jan 2026,Algeria: Floods - Jan 2026
Argentina,Landslides,Jan 2026,Argentina: Landslides - Jan 2026
South Africa,Floods,Jan 2026,South Africa: Floods - Jan 2026
North Macedonia,Floods,Jan 2026,North Macedonia: Floods - Jan 2026
Malawi,Floods,Jan 2026,Malawi: Floods - Jan 2026
Serbia,Cold Wave,Jan 2026,Serbia: Cold Wave - Jan 2026
Guatemala,Measles Outbreak,Jan 2026,Guatemala: Measles Outbreak - Jan 2026
Ecuador,Floods,Jan 2026,Ecuador: Floods - Jan 2026
Zimbabwe,Floods,Jan 2026,Zimbabwe: Floods - Jan 2026
Mozambique,Floods,Dec 2025,Mozambique: Floods - Dec 2025
Chile,Wild Fires,Dec 2025,Chile: Wild Fires - Dec 2025
Gabon,Windstorms,Dec 2025,Gabon: Windstorms - Dec 2025
Morocco,Floods,Dec 2025,Morocco: Floods - Dec 2025
Bolivia,Floods,Dec 2025,Bolivia: Floods - Dec 2025
Congo,Floods,Nov 2025,Congo: Floods - Nov 2025
Cuba,Arboviral Outbreak,Oct 2025,Cuba: Arboviral Outbreak - Oct 2025
Egypt,Floods,Oct 2025,Egypt: Floods - Oct 2025
Cabo Verde,Flash Floods,Aug 2025,Cabo Verde: Flash Floods - Aug 2025
South Sudan,Floods,Jul 2025,South Sudan: Floods - Jul 2025
Sudan,Floods,Jul 2025,Sudan: Floods - Jul 2025
Honduras,Floods,Jun 2025,Honduras: Floods - Jun 2025
Panama,River Pollution,Jun 2025,Panama: River Pollution - Jun 2025
Côte d'Ivoire,Cholera Outbreak,Jun 2025,Côte d'Ivoire: Cholera Outbreak - Jun 2025
Pacific,Dengue Outbreak,2025,Pacific: Dengue Outbreak - 2025-2026
Ghana,Cholera Outbreak,Oct 2024,Ghana: Cholera Outbreak - Oct 2024
Namibia,Drought,May 2024,Namibia: Drought - May 2024
Niger,Diphtheria Outbreak,Oct 2023,Niger: Diphtheria Outbreak - Oct 2023
Nigeria,Lassa Fever Outbreak,Jan 2023,Nigeria: Lassa Fever Outbreak - Jan 2023
Burundi,Cholera Outbreak,Jan 2023,Burundi: Cholera Outbreak - Jan 2023
South Asia,Locust Infestation,Feb 2020,South Asia: Locust Infestation - Feb 2020
Tanzania,Floods,Jan 2020,Tanzania: Floods - Jan 2020
Central African Republic,Measles Outbreak,Jan 2020,Central African Republic: Measles Outbreak - Jan 2020
Madagascar,Floods,Jan 2020,Madagascar: Floods - Jan 2020
occupied Palestinian territory,Cold Wave,Jan 2020,occupied Palestinian territory: Cold Wave - Jan 2020
Afghanistan,Cold Wave,Jan 2020,Afghanistan: Cold Wave - Jan 2020
Pakistan,Cold Wave,Jan 2020,Pakistan: Cold Wave - Jan 2020
Philippines,Taal Volcano,Jan 2020,Philippines: Taal Volcano - Jan 2020
Iran,Floods,Jan 2020,Iran: Floods - Jan 2020
Mozambique,Floods,Dec 2019,Mozambique: Floods - Dec 2019
Yemen,Dengue Outbreak,Dec 2019,Yemen: Dengue Outbreak - Dec 2019
Indonesia,Floods and Landslides,Dec 2019,Indonesia: Floods and Landslides - Dec 2019
Philippines,Earthquake,Dec 2019,Philippines: Earthquake - Dec 2019
Rwanda,Floods,Dec 2019,Rwanda: Floods - Dec 2019
Burundi,Floods and Landslides,Dec 2019,Burundi: Floods and Landslides - Dec 2019
Sri Lanka,Floods and Landslides,Dec 2019,Sri Lanka: Floods and Landslides - Dec 2019
Indonesia,Earthquake,Aug 2026,Indonesia: Earthquake - Aug 2026
Colombia,Earthquake,Aug 2026,Colombia: Earthquake - Aug 2026
Myanmar,Floods,Jul 2026,Myanmar: Floods - Jul 2026
Afghanistan,Flash Floods,Jul 2026,Afghanistan: Flash Floods - Jul 2026
India,Flash Floods,Jul 2026,India: Flash Floods - Jul 2026
Kyrgyzstan,Flash Floods,Jul 2026,Kyrgyzstan: Flash Floods - Jul 2026
Tajikistan,Floods,Jul 2026,Tajikistan: Floods - Jul 2026
Bangladesh,Flash Floods,Jul 2026,Bangladesh: Flash Floods - Jul 2026
Georgia,Floods,Jun 2026,Georgia: Floods - Jun 2026
Central African Republic,Cholera Outbreak,Jun 2026,Central African Republic: Cholera Outbreak - Jun 2026
Venezuela,Earthquakes,Jun 2026,Venezuela: Earthquakes - Jun 2026
Chad,Cholera Outbreak,Jun 2026,Chad: Cholera Outbreak - Jun 2026
Philippines,Earthquake and Tsunami,Jun 2026,Philippines: Earthquake and Tsunami - Jun 2026
Armenia,Hailstorm,Jun 2026,Armenia: Hailstorm - Jun 2026
Syria,Floods,May 2026,Syria: Floods - May 2026
Central/Eastern Africa,Ebola Outbreak,May 2026,Central/Eastern Africa: Ebola Outbreak - May 2026
Sri Lanka,Dengue Outbreak,May 2026,Sri Lanka: Dengue Outbreak - May 2026
Dominican Republic,Floods,Apr 2026,Dominican Republic: Floods - Apr 2026
Yemen,Floods,Mar 2026,Yemen: Floods - Mar 2026
Tanzania,Floods and Landslides,Mar 2026,Tanzania: Floods and Landslides - Mar 2026
Liberia,Windstorms,Mar 2026,Liberia: Windstorms - Mar 2026
Botswana,Floods,Mar 2026,Botswana: Floods - Mar 2026
Ethiopia,Floods and Landslides,Mar 2026,Ethiopia: Floods and Landslides - Mar 2026
Kenya,Floods,Mar 2026,Kenya: Floods - Mar 2026
Suriname,Chikungunya Virus Outbreak,Mar 2026,Suriname: Chikungunya Virus Outbreak - Mar 2026
Brazil,Floods,Feb 2026,Brazil: Floods - Feb 2026
Peru,Floods and Landslides,Feb 2026,Peru: Floods and Landslides - Feb 2026
Angola,Floods,Feb 2026,Angola: Floods - Feb 2026
Zambia,Cholera Outbreak,Feb 2026,Zambia: Cholera Outbreak - Feb 2026
Cameroon,Fires,Feb 2026,Cameroon: Fires - Feb 2026
Somalia,Dengue Outbreak,Feb 2026,Somalia: Dengue Outbreak - Feb 2026
Rwanda,Flash Floods,Jan 2026,Rwanda: Flash Floods - Jan 2026
Algeria,Floods,Jan 2026,Algeria: Floods - Jan 2026
Argentina,Landslides,Jan 2026,Argentina: Landslides - Jan 2026
South Africa,Floods,Jan 2026,South Africa: Floods - Jan 2026
North Macedonia,Floods,Jan 2026,North Macedonia: Floods - Jan 2026
Malawi,Floods,Jan 2026,Malawi: Floods - Jan 2026
Serbia,Cold Wave,Jan 2026,Serbia: Cold Wave - Jan 2026
Guatemala,Measles Outbreak,Jan 2026,Guatemala: Measles Outbreak - Jan 2026
Ecuador,Floods,Jan 2026,Ecuador: Floods - Jan 2026
Zimbabwe,Floods,Jan 2026,Zimbabwe: Floods - Jan 2026
Mozambique,Floods,Dec 2025,Mozambique: Floods - Dec 2025
Chile,Wild Fires,Dec 2025,Chile: Wild Fires - Dec 2025
Gabon,Windstorms,Dec 2025,Gabon: Windstorms - Dec 2025
Morocco,Floods,Dec 2025,Morocco: Floods - Dec 2025
Bolivia,Floods,Dec 2025,Bolivia: Floods - Dec 2025
Congo,Floods,Nov 2025,Congo: Floods - Nov 2025
Cuba,Arboviral Outbreak,Oct 2025,Cuba: Arboviral Outbreak - Oct 2025
Egypt,Floods,Oct 2025,Egypt: Floods - Oct 2025
Cabo Verde,Flash Floods,Aug 2025,Cabo Verde: Flash Floods - Aug 2025
South Sudan,Floods,Jul 2025,South Sudan: Floods - Jul 2025
Sudan,Floods,Jul 2025,Sudan: Floods - Jul 2025
Honduras,Floods,Jun 2025,Honduras: Floods - Jun 2025
Panama,River Pollution,Jun 2025,Panama: River Pollution - Jun 2025
Côte d'Ivoire,Cholera Outbreak,Jun 2025,Côte d'Ivoire: Cholera Outbreak - Jun 2025
Pacific,Dengue Outbreak,2025,Pacific: Dengue Outbreak - 2025-2026
Ghana,Cholera Outbreak,Oct 2024,Ghana: Cholera Outbreak - Oct 2024
Namibia,Drought,May 2024,Namibia: Drought - May 2024
Niger,Diphtheria Outbreak,Oct 2023,Niger: Diphtheria Outbreak - Oct 2023
Nigeria,Lassa Fever Outbreak,Jan 2023,Nigeria: Lassa Fever Outbreak - Jan 2023
Burundi,Cholera Outbreak,Jan 2023,Burundi: Cholera Outbreak - Jan 2023
Malaysia,Floods and Landslides,Nov 2019,Malaysia: Floods and Landslides - Nov 2019
Albania,Earthquake,Nov 2019,Albania: Earthquake - Nov 2019
Djibouti,Floods,Nov 2019,Djibouti: Floods - Nov 2019
Mongolia,Dzud,Jan 2020,Mongolia: Dzud - Jan 2020
El Salvador,Floods,Oct 2019,El Salvador: Floods - Oct 2019
Kenya,Floods and Landslides,Oct 2019,Kenya: Floods and Landslides - Oct 2019
Somalia,Floods,Oct 2019,Somalia: Floods - Oct 2019
Uganda,Floods and Landslides,Oct 2019,Uganda: Floods and Landslides - Oct 2019
Philippines,Earthquakes,Oct 2019,Philippines: Earthquakes - Oct 2019
Tanzania,Floods,Oct 2019,Tanzania: Floods - Oct 2019
Pacific,Measles Outbreak,Oct 2019,Pacific: Measles Outbreak - Oct 2019
DR Congo,Floods,Oct 2019,DR Congo: Floods - Oct 2019
Cote d'Ivoire,Floods,Oct 2019,Cote d'Ivoire: Floods - Oct 2019
Sudan,Rift Valley Fever Outbreak,Oct 2019,Sudan: Rift Valley Fever Outbreak - Oct 2019
Ghana,Floods,Oct 2019,Ghana: Floods - Oct 2019
Republic of Congo,Floods,Oct 2019,Republic of Congo: Floods - Oct 2019
Horn of Africa,Locust Infestation,Oct 2019,Horn of Africa: Locust Infestation - Oct 2019
Cameroon/Chad,Floods,Oct 2019,Cameroon/Chad: Floods - Oct 2019
Bangladesh,Measles Outbreak,Sep 2019,Bangladesh: Measles Outbreak - Sep 2019
Indonesia,Earthquake,Aug 2026,Indonesia: Earthquake - Aug 2026
Colombia,Earthquake,Aug 2026,Colombia: Earthquake - Aug 2026
Myanmar,Floods,Jul 2026,Myanmar: Floods - Jul 2026
Afghanistan,Flash Floods,Jul 2026,Afghanistan: Flash Floods - Jul 2026
India,Flash Floods,Jul 2026,India: Flash Floods - Jul 2026
Kyrgyzstan,Flash Floods,Jul 2026,Kyrgyzstan: Flash Floods - Jul 2026
Tajikistan,Floods,Jul 2026,Tajikistan: Floods - Jul 2026
Bangladesh,Flash Floods,Jul 2026,Bangladesh: Flash Floods - Jul 2026
Georgia,Floods,Jun 2026,Georgia: Floods - Jun 2026
Central African Republic,Cholera Outbreak,Jun 2026,Central African Republic: Cholera Outbreak - Jun 2026
Venezuela,Earthquakes,Jun 2026,Venezuela: Earthquakes - Jun 2026
Chad,Cholera Outbreak,Jun 2026,Chad: Cholera Outbreak - Jun 2026
Philippines,Earthquake and Tsunami,Jun 2026,Philippines: Earthquake and Tsunami - Jun 2026
Armenia,Hailstorm,Jun 2026,Armenia: Hailstorm - Jun 2026
Syria,Floods,May 2026,Syria: Floods - May 2026
Central/Eastern Africa,Ebola Outbreak,May 2026,Central/Eastern Africa: Ebola Outbreak - May 2026
Sri Lanka,Dengue Outbreak,May 2026,Sri Lanka: Dengue Outbreak - May 2026
Dominican Republic,Floods,Apr 2026,Dominican Republic: Floods - Apr 2026
Yemen,Floods,Mar 2026,Yemen: Floods - Mar 2026
Tanzania,Floods and Landslides,Mar 2026,Tanzania: Floods and Landslides - Mar 2026
Liberia,Windstorms,Mar 2026,Liberia: Windstorms - Mar 2026
Botswana,Floods,Mar 2026,Botswana: Floods - Mar 2026
Ethiopia,Floods and Landslides,Mar 2026,Ethiopia: Floods and Landslides - Mar 2026
Kenya,Floods,Mar 2026,Kenya: Floods - Mar 2026
Suriname,Chikungunya Virus Outbreak,Mar 2026,Suriname: Chikungunya Virus Outbreak - Mar 2026
Brazil,Floods,Feb 2026,Brazil: Floods - Feb 2026
Peru,Floods and Landslides,Feb 2026,Peru: Floods and Landslides - Feb 2026
Angola,Floods,Feb 2026,Angola: Floods - Feb 2026
Zambia,Cholera Outbreak,Feb 2026,Zambia: Cholera Outbreak - Feb 2026
Cameroon,Fires,Feb 2026,Cameroon: Fires - Feb 2026
Somalia,Dengue Outbreak,Feb 2026,Somalia: Dengue Outbreak - Feb 2026
Rwanda,Flash Floods,Jan 2026,Rwanda: Flash Floods - Jan 2026
Algeria,Floods,Jan 2026,Algeria: Floods - Jan 2026
Argentina,Landslides,Jan 2026,Argentina: Landslides - Jan 2026
South Africa,Floods,Jan 2026,South Africa: Floods - Jan 2026
North Macedonia,Floods,Jan 2026,North Macedonia: Floods - Jan 2026
Malawi,Floods,Jan 2026,Malawi: Floods - Jan 2026
Serbia,Cold Wave,Jan 2026,Serbia: Cold Wave - Jan 2026
Guatemala,Measles Outbreak,Jan 2026,Guatemala: Measles Outbreak - Jan 2026
Ecuador,Floods,Jan 2026,Ecuador: Floods - Jan 2026
Zimbabwe,Floods,Jan 2026,Zimbabwe: Floods - Jan 2026
Mozambique,Floods,Dec 2025,Mozambique: Floods - Dec 2025
Chile,Wild Fires,Dec 2025,Chile: Wild Fires - Dec 2025
Gabon,Windstorms,Dec 2025,Gabon: Windstorms - Dec 2025
Morocco,Floods,Dec 2025,Morocco: Floods - Dec 2025
Bolivia,Floods,Dec 2025,Bolivia: Floods - Dec 2025
Congo,Floods,Nov 2025,Congo: Floods - Nov 2025
Cuba,Arboviral Outbreak,Oct 2025,Cuba: Arboviral Outbreak - Oct 2025
Egypt,Floods,Oct 2025,Egypt: Floods - Oct 2025
Cabo Verde,Flash Floods,Aug 2025,Cabo Verde: Flash Floods - Aug 2025
South Sudan,Floods,Jul 2025,South Sudan: Floods - Jul 2025
Sudan,Floods,Jul 2025,Sudan: Floods - Jul 2025
Honduras,Floods,Jun 2025,Honduras: Floods - Jun 2025
Panama,River Pollution,Jun 2025,Panama: River Pollution - Jun 2025
Côte d'Ivoire,Cholera Outbreak,Jun 2025,Côte d'Ivoire: Cholera Outbreak - Jun 2025
Pacific,Dengue Outbreak,2025,Pacific: Dengue Outbreak - 2025-2026
Ghana,Cholera Outbreak,Oct 2024,Ghana: Cholera Outbreak - Oct 2024
Namibia,Drought,May 2024,Namibia: Drought - May 2024
Niger,Diphtheria Outbreak,Oct 2023,Niger: Diphtheria Outbreak - Oct 2023
Nigeria,Lassa Fever Outbreak,Jan 2023,Nigeria: Lassa Fever Outbreak - Jan 2023
Burundi,Cholera Outbreak,Jan 2023,Burundi: Cholera Outbreak - Jan 2023
Pakistan,Earthquake,Sep 2019,Pakistan: Earthquake - Sep 2019
Philippines/Malaysia,Polio Outbreak,Sep 2019,Philippines/Malaysia: Polio Outbreak - Sep 2019
Senegal,Floods,Sep 2019,Senegal: Floods - Sep 2019
Sudan,Cholera Outbreak,Sep 2019,Sudan: Cholera Outbreak - Sep 2019
Pakistan,Dengue Outbreak,Sep 2019,Pakistan: Dengue Outbreak - Sep 2019
Thailand,Floods and Landslides,Aug 2019,Thailand: Floods and Landslides - Aug 2019
Niger,Floods,Aug 2019,Niger: Floods - Aug 2019
Mauritania,Floods,Aug 2019,Mauritania: Floods - Aug 2019
Bolivia,Wild Fires,Aug 2019,Bolivia: Wild Fires - Aug 2019
Mali,Floods,Aug 2019,Mali: Floods - Aug 2019
Guatemala,Floods and Landslides,Aug 2019,Guatemala: Floods and Landslides - Aug 2019
Lao PDR,Floods,Aug 2019,Lao PDR: Floods - Aug 2019
Central African Republic,Floods,Aug 2019,Central African Republic: Floods - Aug 2019
Ethiopia,Floods,Aug 2019,Ethiopia: Floods - Aug 2019
Sudan,Dengue Fever Outbreak,Aug 2019,Sudan: Dengue Fever Outbreak - Aug 2019
Nigeria,Floods,Aug 2019,Nigeria: Floods - Aug 2019
Sierra Leone,Floods,Aug 2019,Sierra Leone: Floods - Aug 2019
Papua New Guinea,Mt. Manam Volcano,Jun 2019,Papua New Guinea: Mt. Manam Volcano - Jun 2019
Philippines,Earthquakes,Jul 2019,Philippines: Earthquakes - Jul 2019
Indonesia,Earthquake,Aug 2026,Indonesia: Earthquake - Aug 2026
Colombia,Earthquake,Aug 2026,Colombia: Earthquake - Aug 2026
Myanmar,Floods,Jul 2026,Myanmar: Floods - Jul 2026
Afghanistan,Flash Floods,Jul 2026,Afghanistan: Flash Floods - Jul 2026
India,Flash Floods,Jul 2026,India: Flash Floods - Jul 2026
Kyrgyzstan,Flash Floods,Jul 2026,Kyrgyzstan: Flash Floods - Jul 2026
Tajikistan,Floods,Jul 2026,Tajikistan: Floods - Jul 2026
Bangladesh,Flash Floods,Jul 2026,Bangladesh: Flash Floods - Jul 2026
Georgia,Floods,Jun 2026,Georgia: Floods - Jun 2026
Central African Republic,Cholera Outbreak,Jun 2026,Central African Republic: Cholera Outbreak - Jun 2026
Venezuela,Earthquakes,Jun 2026,Venezuela: Earthquakes - Jun 2026
Chad,Cholera Outbreak,Jun 2026,Chad: Cholera Outbreak - Jun 2026
Philippines,Earthquake and Tsunami,Jun 2026,Philippines: Earthquake and Tsunami - Jun 2026
Armenia,Hailstorm,Jun 2026,Armenia: Hailstorm - Jun 2026
Syria,Floods,May 2026,Syria: Floods - May 2026
Central/Eastern Africa,Ebola Outbreak,May 2026,Central/Eastern Africa: Ebola Outbreak - May 2026
Sri Lanka,Dengue Outbreak,May 2026,Sri Lanka: Dengue Outbreak - May 2026
Dominican Republic,Floods,Apr 2026,Dominican Republic: Floods - Apr 2026
Yemen,Floods,Mar 2026,Yemen: Floods - Mar 2026
Tanzania,Floods and Landslides,Mar 2026,Tanzania: Floods and Landslides - Mar 2026
Liberia,Windstorms,Mar 2026,Liberia: Windstorms - Mar 2026
Botswana,Floods,Mar 2026,Botswana: Floods - Mar 2026
Ethiopia,Floods and Landslides,Mar 2026,Ethiopia: Floods and Landslides - Mar 2026
Kenya,Floods,Mar 2026,Kenya: Floods - Mar 2026
Suriname,Chikungunya Virus Outbreak,Mar 2026,Suriname: Chikungunya Virus Outbreak - Mar 2026
Brazil,Floods,Feb 2026,Brazil: Floods - Feb 2026
Peru,Floods and Landslides,Feb 2026,Peru: Floods and Landslides - Feb 2026
Angola,Floods,Feb 2026,Angola: Floods - Feb 2026
Zambia,Cholera Outbreak,Feb 2026,Zambia: Cholera Outbreak - Feb 2026
Cameroon,Fires,Feb 2026,Cameroon: Fires - Feb 2026
Somalia,Dengue Outbreak,Feb 2026,Somalia: Dengue Outbreak - Feb 2026
Rwanda,Flash Floods,Jan 2026,Rwanda: Flash Floods - Jan 2026
Algeria,Floods,Jan 2026,Algeria: Floods - Jan 2026
Argentina,Landslides,Jan 2026,Argentina: Landslides - Jan 2026
South Africa,Floods,Jan 2026,South Africa: Floods - Jan 2026
North Macedonia,Floods,Jan 2026,North Macedonia: Floods - Jan 2026
Malawi,Floods,Jan 2026,Malawi: Floods - Jan 2026
Serbia,Cold Wave,Jan 2026,Serbia: Cold Wave - Jan 2026
Guatemala,Measles Outbreak,Jan 2026,Guatemala: Measles Outbreak - Jan 2026
Ecuador,Floods,Jan 2026,Ecuador: Floods - Jan 2026
Zimbabwe,Floods,Jan 2026,Zimbabwe: Floods - Jan 2026
Mozambique,Floods,Dec 2025,Mozambique: Floods - Dec 2025
Chile,Wild Fires,Dec 2025,Chile: Wild Fires - Dec 2025
Gabon,Windstorms,Dec 2025,Gabon: Windstorms - Dec 2025
Morocco,Floods,Dec 2025,Morocco: Floods - Dec 2025
Bolivia,Floods,Dec 2025,Bolivia: Floods - Dec 2025
Congo,Floods,Nov 2025,Congo: Floods - Nov 2025
Cuba,Arboviral Outbreak,Oct 2025,Cuba: Arboviral Outbreak - Oct 2025
Egypt,Floods,Oct 2025,Egypt: Floods - Oct 2025
Cabo Verde,Flash Floods,Aug 2025,Cabo Verde: Flash Floods - Aug 2025
South Sudan,Floods,Jul 2025,South Sudan: Floods - Jul 2025
Sudan,Floods,Jul 2025,Sudan: Floods - Jul 2025
Honduras,Floods,Jun 2025,Honduras: Floods - Jun 2025
Panama,River Pollution,Jun 2025,Panama: River Pollution - Jun 2025
Côte d'Ivoire,Cholera Outbreak,Jun 2025,Côte d'Ivoire: Cholera Outbreak - Jun 2025
Pacific,Dengue Outbreak,2025,Pacific: Dengue Outbreak - 2025-2026
Ghana,Cholera Outbreak,Oct 2024,Ghana: Cholera Outbreak - Oct 2024
Namibia,Drought,May 2024,Namibia: Drought - May 2024
Niger,Diphtheria Outbreak,Oct 2023,Niger: Diphtheria Outbreak - Oct 2023
Nigeria,Lassa Fever Outbreak,Jan 2023,Nigeria: Lassa Fever Outbreak - Jan 2023
Burundi,Cholera Outbreak,Jan 2023,Burundi: Cholera Outbreak - Jan 2023
Pakistan,Floods and Landslides,Jul 2019,Pakistan: Floods and Landslides - Jul 2019
Philippines,Dengue Outbreak,Jul 2019,Philippines: Dengue Outbreak - Jul 2019
Myanmar,Floods,Jul 2019,Myanmar: Floods - Jul 2019
Nepal,Floods and Landslides,Jul 2019,Nepal: Floods and Landslides - Jul 2019
Dominican Republic,Dengue Outbreak,July 2019,Dominican Republic: Dengue Outbreak - July 2019
Sri Lanka,Dengue Outbreak,Jul 2019,Sri Lanka: Dengue Outbreak - Jul 2019
Hungary,Severe Local Storm,Jun 2019,Hungary: Severe Local Storm - Jun 2019
Armenia,Hail Storm,Jun 2019,Armenia: Hail Storm - Jun 2019
Viet Nam,Floods and Landslides,Jun 2019,Viet Nam: Floods and Landslides - Jun 2019
India,Floods and Landslides,Jun 2019,India: Floods and Landslides - Jun 2019
Papua New Guinea,Mt. Ulawun Volcano,Jun 2019,Papua New Guinea: Mt. Ulawun Volcano - Jun 2019
Bangladesh,Floods and Landslides,Jun 2019,Bangladesh: Floods and Landslides - Jun 2019
Gambia,Windstorm Surge,Jun 2019,Gambia: Windstorm Surge - Jun 2019
Central and Latin America,Dengue Outbreak,Jun 2019,Central and Latin America: Dengue Outbreak - Jun 2019
Yemen,Floods,Jun 2019,Yemen: Floods - Jun 2019
South Sudan,Floods,Jun 2019,South Sudan: Floods - Jun 2019
Philippines,Floods and Landslides,Jun 2019,Philippines: Floods and Landslides - Jun 2019
Ethiopia,Cholera Outbreak,Jun 2019,Ethiopia: Cholera Outbreak - Jun 2019
Burundi,Cholera Outbreak,Jun 2019,Burundi: Cholera Outbreak - Jun 2019
Uganda,Floods and Landslides,Jun 2019,Uganda: Floods and Landslides - Jun 2019
Indonesia,Earthquake,Aug 2026,Indonesia: Earthquake - Aug 2026
Colombia,Earthquake,Aug 2026,Colombia: Earthquake - Aug 2026
Myanmar,Floods,Jul 2026,Myanmar: Floods - Jul 2026
Afghanistan,Flash Floods,Jul 2026,Afghanistan: Flash Floods - Jul 2026
India,Flash Floods,Jul 2026,India: Flash Floods - Jul 2026
Kyrgyzstan,Flash Floods,Jul 2026,Kyrgyzstan: Flash Floods - Jul 2026
Tajikistan,Floods,Jul 2026,Tajikistan: Floods - Jul 2026
Bangladesh,Flash Floods,Jul 2026,Bangladesh: Flash Floods - Jul 2026
Georgia,Floods,Jun 2026,Georgia: Floods - Jun 2026
Central African Republic,Cholera Outbreak,Jun 2026,Central African Republic: Cholera Outbreak - Jun 2026
Venezuela,Earthquakes,Jun 2026,Venezuela: Earthquakes - Jun 2026
Chad,Cholera Outbreak,Jun 2026,Chad: Cholera Outbreak - Jun 2026
Philippines,Earthquake and Tsunami,Jun 2026,Philippines: Earthquake and Tsunami - Jun 2026
Armenia,Hailstorm,Jun 2026,Armenia: Hailstorm - Jun 2026
Syria,Floods,May 2026,Syria: Floods - May 2026
Central/Eastern Africa,Ebola Outbreak,May 2026,Central/Eastern Africa: Ebola Outbreak - May 2026
Sri Lanka,Dengue Outbreak,May 2026,Sri Lanka: Dengue Outbreak - May 2026
Dominican Republic,Floods,Apr 2026,Dominican Republic: Floods - Apr 2026
Yemen,Floods,Mar 2026,Yemen: Floods - Mar 2026
Tanzania,Floods and Landslides,Mar 2026,Tanzania: Floods and Landslides - Mar 2026
Liberia,Windstorms,Mar 2026,Liberia: Windstorms - Mar 2026
Botswana,Floods,Mar 2026,Botswana: Floods - Mar 2026
Ethiopia,Floods and Landslides,Mar 2026,Ethiopia: Floods and Landslides - Mar 2026
Kenya,Floods,Mar 2026,Kenya: Floods - Mar 2026
Suriname,Chikungunya Virus Outbreak,Mar 2026,Suriname: Chikungunya Virus Outbreak - Mar 2026
Brazil,Floods,Feb 2026,Brazil: Floods - Feb 2026
Peru,Floods and Landslides,Feb 2026,Peru: Floods and Landslides - Feb 2026
Angola,Floods,Feb 2026,Angola: Floods - Feb 2026
Zambia,Cholera Outbreak,Feb 2026,Zambia: Cholera Outbreak - Feb 2026
Cameroon,Fires,Feb 2026,Cameroon: Fires - Feb 2026
Somalia,Dengue Outbreak,Feb 2026,Somalia: Dengue Outbreak - Feb 2026
Rwanda,Flash Floods,Jan 2026,Rwanda: Flash Floods - Jan 2026
Algeria,Floods,Jan 2026,Algeria: Floods - Jan 2026
Argentina,Landslides,Jan 2026,Argentina: Landslides - Jan 2026
South Africa,Floods,Jan 2026,South Africa: Floods - Jan 2026
North Macedonia,Floods,Jan 2026,North Macedonia: Floods - Jan 2026
Malawi,Floods,Jan 2026,Malawi: Floods - Jan 2026
Serbia,Cold Wave,Jan 2026,Serbia: Cold Wave - Jan 2026
Guatemala,Measles Outbreak,Jan 2026,Guatemala: Measles Outbreak - Jan 2026
Ecuador,Floods,Jan 2026,Ecuador: Floods - Jan 2026
Zimbabwe,Floods,Jan 2026,Zimbabwe: Floods - Jan 2026
Mozambique,Floods,Dec 2025,Mozambique: Floods - Dec 2025
Chile,Wild Fires,Dec 2025,Chile: Wild Fires - Dec 2025
Gabon,Windstorms,Dec 2025,Gabon: Windstorms - Dec 2025
Morocco,Floods,Dec 2025,Morocco: Floods - Dec 2025
Bolivia,Floods,Dec 2025,Bolivia: Floods - Dec 2025
Congo,Floods,Nov 2025,Congo: Floods - Nov 2025
Cuba,Arboviral Outbreak,Oct 2025,Cuba: Arboviral Outbreak - Oct 2025
Egypt,Floods,Oct 2025,Egypt: Floods - Oct 2025
Cabo Verde,Flash Floods,Aug 2025,Cabo Verde: Flash Floods - Aug 2025
South Sudan,Floods,Jul 2025,South Sudan: Floods - Jul 2025
Sudan,Floods,Jul 2025,Sudan: Floods - Jul 2025
Honduras,Floods,Jun 2025,Honduras: Floods - Jun 2025
Panama,River Pollution,Jun 2025,Panama: River Pollution - Jun 2025
Côte d'Ivoire,Cholera Outbreak,Jun 2025,Côte d'Ivoire: Cholera Outbreak - Jun 2025
Pacific,Dengue Outbreak,2025,Pacific: Dengue Outbreak - 2025-2026
Ghana,Cholera Outbreak,Oct 2024,Ghana: Cholera Outbreak - Oct 2024
Namibia,Drought,May 2024,Namibia: Drought - May 2024
Niger,Diphtheria Outbreak,Oct 2023,Niger: Diphtheria Outbreak - Oct 2023
Nigeria,Lassa Fever Outbreak,Jan 2023,Nigeria: Lassa Fever Outbreak - Jan 2023
Burundi,Cholera Outbreak,Jan 2023,Burundi: Cholera Outbreak - Jan 2023
Sudan,Floods,Jun 2019,Sudan: Floods - Jun 2019
Serbia,Floods,Jun 2019,Serbia: Floods - Jun 2019
Tajikistan,Floods and Mudslides,Jun 2019,Tajikistan: Floods and Mudslides - Jun 2019
Libya,Floods,May 2019,Libya: Floods - May 2019
Central African Republic,Polio Outbreak,May 2019,Central African Republic: Polio Outbreak - May 2019
Pakistan,Polio Outbreak,May 2019,Pakistan: Polio Outbreak - May 2019
Georgia,Floods,May 2019,Georgia: Floods - May 2019
Tanzania,Floods,May 2019,Tanzania: Floods - May 2019
Burundi,Malaria Outbreak,May 2019,Burundi: Malaria Outbreak - May 2019
DPR Korea,Drought,Apr 2019,DPR Korea: Drought - Apr 2019
Syria,Floods,Mar 2019,Syria: Floods - Mar 2019
Mozambique,Cholera Outbreak,Mar 2019,Mozambique: Cholera Outbreak - Mar 2019
Colombia,Floods and Landslides,Mar 2019,Colombia: Floods and Landslides - Mar 2019
Iraq,Floods,Mar 2019,Iraq: Floods - Mar 2019
Iran,Floods,Mar 2019,Iran: Floods - Mar 2019
Indonesia,Floods and Landslides in Papua Province,Mar 2019,Indonesia: Floods and Landslides in Papua Province - Mar 2019
Southeast Asia,Drought,2019,Southeast Asia: Drought - 2019-2020
Indonesia,Earthquake,Aug 2026,Indonesia: Earthquake - Aug 2026
Colombia,Earthquake,Aug 2026,Colombia: Earthquake - Aug 2026
Myanmar,Floods,Jul 2026,Myanmar: Floods - Jul 2026
Afghanistan,Flash Floods,Jul 2026,Afghanistan: Flash Floods - Jul 2026
India,Flash Floods,Jul 2026,India: Flash Floods - Jul 2026
Kyrgyzstan,Flash Floods,Jul 2026,Kyrgyzstan: Flash Floods - Jul 2026
Tajikistan,Floods,Jul 2026,Tajikistan: Floods - Jul 2026
Bangladesh,Flash Floods,Jul 2026,Bangladesh: Flash Floods - Jul 2026
Georgia,Floods,Jun 2026,Georgia: Floods - Jun 2026
Central African Republic,Cholera Outbreak,Jun 2026,Central African Republic: Cholera Outbreak - Jun 2026
Venezuela,Earthquakes,Jun 2026,Venezuela: Earthquakes - Jun 2026
Chad,Cholera Outbreak,Jun 2026,Chad: Cholera Outbreak - Jun 2026
Philippines,Earthquake and Tsunami,Jun 2026,Philippines: Earthquake and Tsunami - Jun 2026
Armenia,Hailstorm,Jun 2026,Armenia: Hailstorm - Jun 2026
Syria,Floods,May 2026,Syria: Floods - May 2026
Central/Eastern Africa,Ebola Outbreak,May 2026,Central/Eastern Africa: Ebola Outbreak - May 2026
Sri Lanka,Dengue Outbreak,May 2026,Sri Lanka: Dengue Outbreak - May 2026
Dominican Republic,Floods,Apr 2026,Dominican Republic: Floods - Apr 2026
Yemen,Floods,Mar 2026,Yemen: Floods - Mar 2026
Tanzania,Floods and Landslides,Mar 2026,Tanzania: Floods and Landslides - Mar 2026
Liberia,Windstorms,Mar 2026,Liberia: Windstorms - Mar 2026
Botswana,Floods,Mar 2026,Botswana: Floods - Mar 2026
Ethiopia,Floods and Landslides,Mar 2026,Ethiopia: Floods and Landslides - Mar 2026
Kenya,Floods,Mar 2026,Kenya: Floods - Mar 2026
Suriname,Chikungunya Virus Outbreak,Mar 2026,Suriname: Chikungunya Virus Outbreak - Mar 2026
Brazil,Floods,Feb 2026,Brazil: Floods - Feb 2026
Peru,Floods and Landslides,Feb 2026,Peru: Floods and Landslides - Feb 2026
Angola,Floods,Feb 2026,Angola: Floods - Feb 2026
Zambia,Cholera Outbreak,Feb 2026,Zambia: Cholera Outbreak - Feb 2026
Cameroon,Fires,Feb 2026,Cameroon: Fires - Feb 2026
Somalia,Dengue Outbreak,Feb 2026,Somalia: Dengue Outbreak - Feb 2026
Rwanda,Flash Floods,Jan 2026,Rwanda: Flash Floods - Jan 2026
Algeria,Floods,Jan 2026,Algeria: Floods - Jan 2026
Argentina,Landslides,Jan 2026,Argentina: Landslides - Jan 2026
South Africa,Floods,Jan 2026,South Africa: Floods - Jan 2026
North Macedonia,Floods,Jan 2026,North Macedonia: Floods - Jan 2026
Malawi,Floods,Jan 2026,Malawi: Floods - Jan 2026
Serbia,Cold Wave,Jan 2026,Serbia: Cold Wave - Jan 2026
Guatemala,Measles Outbreak,Jan 2026,Guatemala: Measles Outbreak - Jan 2026
Ecuador,Floods,Jan 2026,Ecuador: Floods - Jan 2026
Zimbabwe,Floods,Jan 2026,Zimbabwe: Floods - Jan 2026
Mozambique,Floods,Dec 2025,Mozambique: Floods - Dec 2025
Chile,Wild Fires,Dec 2025,Chile: Wild Fires - Dec 2025
Gabon,Windstorms,Dec 2025,Gabon: Windstorms - Dec 2025
Morocco,Floods,Dec 2025,Morocco: Floods - Dec 2025
Bolivia,Floods,Dec 2025,Bolivia: Floods - Dec 2025
Congo,Floods,Nov 2025,Congo: Floods - Nov 2025
Cuba,Arboviral Outbreak,Oct 2025,Cuba: Arboviral Outbreak - Oct 2025
Egypt,Floods,Oct 2025,Egypt: Floods - Oct 2025
Cabo Verde,Flash Floods,Aug 2025,Cabo Verde: Flash Floods - Aug 2025
South Sudan,Floods,Jul 2025,South Sudan: Floods - Jul 2025
Sudan,Floods,Jul 2025,Sudan: Floods - Jul 2025
Honduras,Floods,Jun 2025,Honduras: Floods - Jun 2025
Panama,River Pollution,Jun 2025,Panama: River Pollution - Jun 2025
Côte d'Ivoire,Cholera Outbreak,Jun 2025,Côte d'Ivoire: Cholera Outbreak - Jun 2025
Pacific,Dengue Outbreak,2025,Pacific: Dengue Outbreak - 2025-2026
Ghana,Cholera Outbreak,Oct 2024,Ghana: Cholera Outbreak - Oct 2024
Namibia,Drought,May 2024,Namibia: Drought - May 2024
Niger,Diphtheria Outbreak,Oct 2023,Niger: Diphtheria Outbreak - Oct 2023
Nigeria,Lassa Fever Outbreak,Jan 2023,Nigeria: Lassa Fever Outbreak - Jan 2023
Burundi,Cholera Outbreak,Jan 2023,Burundi: Cholera Outbreak - Jan 2023
Afghanistan,Flash Floods,Mar 2019,Afghanistan: Flash Floods - Mar 2019
Bolivia,Floods,Feb 2019,Bolivia: Floods - Feb 2019
Paraguay,Floods,Mar 2019,Paraguay: Floods - Mar 2019
Peru,Floods and Landslides,Feb 2019,Peru: Floods and Landslides - Feb 2019
Philippines,Measles Outbreak,Feb 2019,Philippines: Measles Outbreak - Feb 2019
Moldova,Cold Wave,Jan 2019,Moldova: Cold Wave - Jan 2019
Sri Lanka,Drought,Jan 2019,Sri Lanka: Drought - Jan 2019
Cuba,Severe Local Storm,Jan 2019,Cuba: Severe Local Storm - Jan 2019
Argentina,Floods,Jan 2019,Argentina: Floods - Jan 2019
Kenya,Cholera Outbreak,Jan 2019,Kenya: Cholera Outbreak - Jan 2019
Malawi,Floods,Jan 2019,Malawi: Floods - Jan 2019
Nigeria,Lassa Fever Outbreak,Jan 2019,Nigeria: Lassa Fever Outbreak - Jan 2019
Algeria,Cold Wave,Jan 2019,Algeria: Cold Wave - Jan 2019
Ukraine,Measles Outbreak,Jan 2019,Ukraine: Measles Outbreak - Jan 2019
Middle East,Floods and Cold Wave,Dec 2018,Middle East: Floods and Cold Wave - Dec 2018
South Sudan,Measles Outbreak,Dec 2018,South Sudan: Measles Outbreak - Dec 2018
Sri Lanka,Floods,Dec 2018,Sri Lanka: Floods - Dec 2018
Indonesia,Tsunami,Dec 2018,Indonesia: Tsunami - Dec 2018
Indonesia,Earthquake,Aug 2026,Indonesia: Earthquake - Aug 2026
Colombia,Earthquake,Aug 2026,Colombia: Earthquake - Aug 2026
Myanmar,Floods,Jul 2026,Myanmar: Floods - Jul 2026
Afghanistan,Flash Floods,Jul 2026,Afghanistan: Flash Floods - Jul 2026
India,Flash Floods,Jul 2026,India: Flash Floods - Jul 2026
Kyrgyzstan,Flash Floods,Jul 2026,Kyrgyzstan: Flash Floods - Jul 2026
Tajikistan,Floods,Jul 2026,Tajikistan: Floods - Jul 2026
Bangladesh,Flash Floods,Jul 2026,Bangladesh: Flash Floods - Jul 2026
Georgia,Floods,Jun 2026,Georgia: Floods - Jun 2026
Central African Republic,Cholera Outbreak,Jun 2026,Central African Republic: Cholera Outbreak - Jun 2026
Venezuela,Earthquakes,Jun 2026,Venezuela: Earthquakes - Jun 2026
Chad,Cholera Outbreak,Jun 2026,Chad: Cholera Outbreak - Jun 2026
Philippines,Earthquake and Tsunami,Jun 2026,Philippines: Earthquake and Tsunami - Jun 2026
Armenia,Hailstorm,Jun 2026,Armenia: Hailstorm - Jun 2026
Syria,Floods,May 2026,Syria: Floods - May 2026
Central/Eastern Africa,Ebola Outbreak,May 2026,Central/Eastern Africa: Ebola Outbreak - May 2026
Sri Lanka,Dengue Outbreak,May 2026,Sri Lanka: Dengue Outbreak - May 2026
Dominican Republic,Floods,Apr 2026,Dominican Republic: Floods - Apr 2026
Yemen,Floods,Mar 2026,Yemen: Floods - Mar 2026
Tanzania,Floods and Landslides,Mar 2026,Tanzania: Floods and Landslides - Mar 2026
Liberia,Windstorms,Mar 2026,Liberia: Windstorms - Mar 2026
Botswana,Floods,Mar 2026,Botswana: Floods - Mar 2026
Ethiopia,Floods and Landslides,Mar 2026,Ethiopia: Floods and Landslides - Mar 2026
Kenya,Floods,Mar 2026,Kenya: Floods - Mar 2026
Suriname,Chikungunya Virus Outbreak,Mar 2026,Suriname: Chikungunya Virus Outbreak - Mar 2026
Brazil,Floods,Feb 2026,Brazil: Floods - Feb 2026
Peru,Floods and Landslides,Feb 2026,Peru: Floods and Landslides - Feb 2026
Angola,Floods,Feb 2026,Angola: Floods - Feb 2026
Zambia,Cholera Outbreak,Feb 2026,Zambia: Cholera Outbreak - Feb 2026
Cameroon,Fires,Feb 2026,Cameroon: Fires - Feb 2026
Somalia,Dengue Outbreak,Feb 2026,Somalia: Dengue Outbreak - Feb 2026
Rwanda,Flash Floods,Jan 2026,Rwanda: Flash Floods - Jan 2026
Algeria,Floods,Jan 2026,Algeria: Floods - Jan 2026
Argentina,Landslides,Jan 2026,Argentina: Landslides - Jan 2026
South Africa,Floods,Jan 2026,South Africa: Floods - Jan 2026
North Macedonia,Floods,Jan 2026,North Macedonia: Floods - Jan 2026
Malawi,Floods,Jan 2026,Malawi: Floods - Jan 2026
Serbia,Cold Wave,Jan 2026,Serbia: Cold Wave - Jan 2026
Guatemala,Measles Outbreak,Jan 2026,Guatemala: Measles Outbreak - Jan 2026
Ecuador,Floods,Jan 2026,Ecuador: Floods - Jan 2026
Zimbabwe,Floods,Jan 2026,Zimbabwe: Floods - Jan 2026
Mozambique,Floods,Dec 2025,Mozambique: Floods - Dec 2025
Chile,Wild Fires,Dec 2025,Chile: Wild Fires - Dec 2025
Gabon,Windstorms,Dec 2025,Gabon: Windstorms - Dec 2025
Morocco,Floods,Dec 2025,Morocco: Floods - Dec 2025
Bolivia,Floods,Dec 2025,Bolivia: Floods - Dec 2025
Congo,Floods,Nov 2025,Congo: Floods - Nov 2025
Cuba,Arboviral Outbreak,Oct 2025,Cuba: Arboviral Outbreak - Oct 2025
Egypt,Floods,Oct 2025,Egypt: Floods - Oct 2025
Cabo Verde,Flash Floods,Aug 2025,Cabo Verde: Flash Floods - Aug 2025
South Sudan,Floods,Jul 2025,South Sudan: Floods - Jul 2025
Sudan,Floods,Jul 2025,Sudan: Floods - Jul 2025
Honduras,Floods,Jun 2025,Honduras: Floods - Jun 2025
Panama,River Pollution,Jun 2025,Panama: River Pollution - Jun 2025
Côte d'Ivoire,Cholera Outbreak,Jun 2025,Côte d'Ivoire: Cholera Outbreak - Jun 2025
Pacific,Dengue Outbreak,2025,Pacific: Dengue Outbreak - 2025-2026
Ghana,Cholera Outbreak,Oct 2024,Ghana: Cholera Outbreak - Oct 2024
Namibia,Drought,May 2024,Namibia: Drought - May 2024
Niger,Diphtheria Outbreak,Oct 2023,Niger: Diphtheria Outbreak - Oct 2023
Nigeria,Lassa Fever Outbreak,Jan 2023,Nigeria: Lassa Fever Outbreak - Jan 2023
Burundi,Cholera Outbreak,Jan 2023,Burundi: Cholera Outbreak - Jan 2023
Southern Africa,Drought,2018,Southern Africa: Drought - 2018-2022
Iraq,Floods,Nov 2018,Iraq: Floods - Nov 2018
India,Floods,Nov 2018,India: Floods - Nov 2018
Madagascar,Measles Outbreak,Oct 2018,Madagascar: Measles Outbreak - Oct 2018
Paraguay,Floods,Nov 2018,Paraguay: Floods - Nov 2018
Pacific,Dengue Outbreak,Oct 2018,Pacific: Dengue Outbreak - Oct 2018
Russian Federation,Floods,Oct 2018,Russian Federation: Floods - Oct 2018
Trinidad and Tobago,Floods,Oct 2018,Trinidad and Tobago: Floods - Oct 2018
Indonesia,Floods and Landslides,Oct 2018,Indonesia: Floods and Landslides - Oct 2018
Haiti,Earthquake,Oct 2018,Haiti: Earthquake - Oct 2018
Costa Rica,Floods,Oct 2018,Costa Rica: Floods - Oct 2018
El Salvador,Floods,Oct 2018,El Salvador: Floods - Oct 2018
Honduras,Floods,Oct 2018,Honduras: Floods - Oct 2018
Indonesia,Tsunami/Earthquakes,Sep 2018,Indonesia: Tsunami/Earthquakes - Sep 2018
Tunisia,Flash Floods,Sep 2018,Tunisia: Flash Floods - Sep 2018
Madagascar,Plague Outbreak,Sep 2018,Madagascar: Plague Outbreak - Sep 2018
Pakistan,Drought,2018,Pakistan: Drought - 2018-2019
Zimbabwe,Cholera Outbreak,Sep 2018,Zimbabwe: Cholera Outbreak - Sep 2018
Indonesia,Earthquake,Aug 2026,Indonesia: Earthquake - Aug 2026
Colombia,Earthquake,Aug 2026,Colombia: Earthquake - Aug 2026
Myanmar,Floods,Jul 2026,Myanmar: Floods - Jul 2026
Afghanistan,Flash Floods,Jul 2026,Afghanistan: Flash Floods - Jul 2026
India,Flash Floods,Jul 2026,India: Flash Floods - Jul 2026
Kyrgyzstan,Flash Floods,Jul 2026,Kyrgyzstan: Flash Floods - Jul 2026
Tajikistan,Floods,Jul 2026,Tajikistan: Floods - Jul 2026
Bangladesh,Flash Floods,Jul 2026,Bangladesh: Flash Floods - Jul 2026
Georgia,Floods,Jun 2026,Georgia: Floods - Jun 2026
Central African Republic,Cholera Outbreak,Jun 2026,Central African Republic: Cholera Outbreak - Jun 2026
Venezuela,Earthquakes,Jun 2026,Venezuela: Earthquakes - Jun 2026
Chad,Cholera Outbreak,Jun 2026,Chad: Cholera Outbreak - Jun 2026
Philippines,Earthquake and Tsunami,Jun 2026,Philippines: Earthquake and Tsunami - Jun 2026
Armenia,Hailstorm,Jun 2026,Armenia: Hailstorm - Jun 2026
Syria,Floods,May 2026,Syria: Floods - May 2026
Central/Eastern Africa,Ebola Outbreak,May 2026,Central/Eastern Africa: Ebola Outbreak - May 2026
Sri Lanka,Dengue Outbreak,May 2026,Sri Lanka: Dengue Outbreak - May 2026
Dominican Republic,Floods,Apr 2026,Dominican Republic: Floods - Apr 2026
Yemen,Floods,Mar 2026,Yemen: Floods - Mar 2026
Tanzania,Floods and Landslides,Mar 2026,Tanzania: Floods and Landslides - Mar 2026
Liberia,Windstorms,Mar 2026,Liberia: Windstorms - Mar 2026
Botswana,Floods,Mar 2026,Botswana: Floods - Mar 2026
Ethiopia,Floods and Landslides,Mar 2026,Ethiopia: Floods and Landslides - Mar 2026
Kenya,Floods,Mar 2026,Kenya: Floods - Mar 2026
Suriname,Chikungunya Virus Outbreak,Mar 2026,Suriname: Chikungunya Virus Outbreak - Mar 2026
Brazil,Floods,Feb 2026,Brazil: Floods - Feb 2026
Peru,Floods and Landslides,Feb 2026,Peru: Floods and Landslides - Feb 2026
Angola,Floods,Feb 2026,Angola: Floods - Feb 2026
Zambia,Cholera Outbreak,Feb 2026,Zambia: Cholera Outbreak - Feb 2026
Cameroon,Fires,Feb 2026,Cameroon: Fires - Feb 2026
Somalia,Dengue Outbreak,Feb 2026,Somalia: Dengue Outbreak - Feb 2026
Rwanda,Flash Floods,Jan 2026,Rwanda: Flash Floods - Jan 2026
Algeria,Floods,Jan 2026,Algeria: Floods - Jan 2026
Argentina,Landslides,Jan 2026,Argentina: Landslides - Jan 2026
South Africa,Floods,Jan 2026,South Africa: Floods - Jan 2026
North Macedonia,Floods,Jan 2026,North Macedonia: Floods - Jan 2026
Malawi,Floods,Jan 2026,Malawi: Floods - Jan 2026
Serbia,Cold Wave,Jan 2026,Serbia: Cold Wave - Jan 2026
Guatemala,Measles Outbreak,Jan 2026,Guatemala: Measles Outbreak - Jan 2026
Ecuador,Floods,Jan 2026,Ecuador: Floods - Jan 2026
Zimbabwe,Floods,Jan 2026,Zimbabwe: Floods - Jan 2026
Mozambique,Floods,Dec 2025,Mozambique: Floods - Dec 2025
Chile,Wild Fires,Dec 2025,Chile: Wild Fires - Dec 2025
Gabon,Windstorms,Dec 2025,Gabon: Windstorms - Dec 2025
Morocco,Floods,Dec 2025,Morocco: Floods - Dec 2025
Bolivia,Floods,Dec 2025,Bolivia: Floods - Dec 2025
Congo,Floods,Nov 2025,Congo: Floods - Nov 2025
Cuba,Arboviral Outbreak,Oct 2025,Cuba: Arboviral Outbreak - Oct 2025
Egypt,Floods,Oct 2025,Egypt: Floods - Oct 2025
Cabo Verde,Flash Floods,Aug 2025,Cabo Verde: Flash Floods - Aug 2025
South Sudan,Floods,Jul 2025,South Sudan: Floods - Jul 2025
Sudan,Floods,Jul 2025,Sudan: Floods - Jul 2025
Honduras,Floods,Jun 2025,Honduras: Floods - Jun 2025
Panama,River Pollution,Jun 2025,Panama: River Pollution - Jun 2025
Côte d'Ivoire,Cholera Outbreak,Jun 2025,Côte d'Ivoire: Cholera Outbreak - Jun 2025
Pacific,Dengue Outbreak,2025,Pacific: Dengue Outbreak - 2025-2026
Ghana,Cholera Outbreak,Oct 2024,Ghana: Cholera Outbreak - Oct 2024
Namibia,Drought,May 2024,Namibia: Drought - May 2024
Niger,Diphtheria Outbreak,Oct 2023,Niger: Diphtheria Outbreak - Oct 2023
Nigeria,Lassa Fever Outbreak,Jan 2023,Nigeria: Lassa Fever Outbreak - Jan 2023
Burundi,Cholera Outbreak,Jan 2023,Burundi: Cholera Outbreak - Jan 2023
Ghana,Floods,Aug 2018,Ghana: Floods - Aug 2018
Madagascar,Drought,2018,Madagascar: Drought - 2018-2025
Dominican Republic/Haiti,Cholera Outbreak,Aug 2018,Dominican Republic/Haiti: Cholera Outbreak - Aug 2018
DPR Korea,Floods,Aug 2018,DPR Korea: Floods - Aug 2018
Armenia,Hail Storm,Aug 2018,Armenia: Hail Storm - Aug 2018
Mali,Floods,Aug 2018,Mali: Floods - Aug 2018
DPR Korea,Heat Wave,Aug 2018,DPR Korea: Heat Wave - Aug 2018
Horn of Africa,Polio Outbreak,Aug 2018,Horn of Africa: Polio Outbreak - Aug 2018
DR Congo,Ebola Outbreak,Aug 2018,DR Congo: Ebola Outbreak - Aug 2018
Indonesia,Earthquakes,Jul 2018,Indonesia: Earthquakes - Jul 2018
Central America and the Caribbean,Drought,Jul 2018,Central America and the Caribbean: Drought - Jul 2018
Sudan,Floods,Jul 2018,Sudan: Floods - Jul 2018
Lao PDR/Cambodia,Floods,Jul 2018,Lao PDR/Cambodia: Floods - Jul 2018
Asia,Armyworm Infestation,Jul 2018,Asia: Armyworm Infestation - Jul 2018
Cameroon,Cholera Outbreak,Jul 2018,Cameroon: Cholera Outbreak - Jul 2018
Nigeria,Floods,Jul 2018,Nigeria: Floods - Jul 2018
Niger,Cholera Outbreak,Jul 2018,Niger: Cholera Outbreak - Jul 2018
China,Floods,Jul 2018,China: Floods - Jul 2018
Georgia,Floods,Jul 2018,Georgia: Floods - Jul 2018
Mongolia,Flash Floods,Jul 2018,Mongolia: Flash Floods - Jul 2018
Indonesia,Earthquake,Aug 2026,Indonesia: Earthquake - Aug 2026
Colombia,Earthquake,Aug 2026,Colombia: Earthquake - Aug 2026
Myanmar,Floods,Jul 2026,Myanmar: Floods - Jul 2026
Afghanistan,Flash Floods,Jul 2026,Afghanistan: Flash Floods - Jul 2026
India,Flash Floods,Jul 2026,India: Flash Floods - Jul 2026
Kyrgyzstan,Flash Floods,Jul 2026,Kyrgyzstan: Flash Floods - Jul 2026
Tajikistan,Floods,Jul 2026,Tajikistan: Floods - Jul 2026
Bangladesh,Flash Floods,Jul 2026,Bangladesh: Flash Floods - Jul 2026
Georgia,Floods,Jun 2026,Georgia: Floods - Jun 2026
Central African Republic,Cholera Outbreak,Jun 2026,Central African Republic: Cholera Outbreak - Jun 2026
Venezuela,Earthquakes,Jun 2026,Venezuela: Earthquakes - Jun 2026
Chad,Cholera Outbreak,Jun 2026,Chad: Cholera Outbreak - Jun 2026
Philippines,Earthquake and Tsunami,Jun 2026,Philippines: Earthquake and Tsunami - Jun 2026
Armenia,Hailstorm,Jun 2026,Armenia: Hailstorm - Jun 2026
Syria,Floods,May 2026,Syria: Floods - May 2026
Central/Eastern Africa,Ebola Outbreak,May 2026,Central/Eastern Africa: Ebola Outbreak - May 2026
Sri Lanka,Dengue Outbreak,May 2026,Sri Lanka: Dengue Outbreak - May 2026
Dominican Republic,Floods,Apr 2026,Dominican Republic: Floods - Apr 2026
Yemen,Floods,Mar 2026,Yemen: Floods - Mar 2026
Tanzania,Floods and Landslides,Mar 2026,Tanzania: Floods and Landslides - Mar 2026
Liberia,Windstorms,Mar 2026,Liberia: Windstorms - Mar 2026
Botswana,Floods,Mar 2026,Botswana: Floods - Mar 2026
Ethiopia,Floods and Landslides,Mar 2026,Ethiopia: Floods and Landslides - Mar 2026
Kenya,Floods,Mar 2026,Kenya: Floods - Mar 2026
Suriname,Chikungunya Virus Outbreak,Mar 2026,Suriname: Chikungunya Virus Outbreak - Mar 2026
Brazil,Floods,Feb 2026,Brazil: Floods - Feb 2026
Peru,Floods and Landslides,Feb 2026,Peru: Floods and Landslides - Feb 2026
Angola,Floods,Feb 2026,Angola: Floods - Feb 2026
Zambia,Cholera Outbreak,Feb 2026,Zambia: Cholera Outbreak - Feb 2026
Cameroon,Fires,Feb 2026,Cameroon: Fires - Feb 2026
Somalia,Dengue Outbreak,Feb 2026,Somalia: Dengue Outbreak - Feb 2026
Rwanda,Flash Floods,Jan 2026,Rwanda: Flash Floods - Jan 2026
Algeria,Floods,Jan 2026,Algeria: Floods - Jan 2026
Argentina,Landslides,Jan 2026,Argentina: Landslides - Jan 2026
South Africa,Floods,Jan 2026,South Africa: Floods - Jan 2026
North Macedonia,Floods,Jan 2026,North Macedonia: Floods - Jan 2026
Malawi,Floods,Jan 2026,Malawi: Floods - Jan 2026
Serbia,Cold Wave,Jan 2026,Serbia: Cold Wave - Jan 2026
Guatemala,Measles Outbreak,Jan 2026,Guatemala: Measles Outbreak - Jan 2026
Ecuador,Floods,Jan 2026,Ecuador: Floods - Jan 2026
Zimbabwe,Floods,Jan 2026,Zimbabwe: Floods - Jan 2026
Mozambique,Floods,Dec 2025,Mozambique: Floods - Dec 2025
Chile,Wild Fires,Dec 2025,Chile: Wild Fires - Dec 2025
Gabon,Windstorms,Dec 2025,Gabon: Windstorms - Dec 2025
Morocco,Floods,Dec 2025,Morocco: Floods - Dec 2025
Bolivia,Floods,Dec 2025,Bolivia: Floods - Dec 2025
Congo,Floods,Nov 2025,Congo: Floods - Nov 2025
Cuba,Arboviral Outbreak,Oct 2025,Cuba: Arboviral Outbreak - Oct 2025
Egypt,Floods,Oct 2025,Egypt: Floods - Oct 2025
Cabo Verde,Flash Floods,Aug 2025,Cabo Verde: Flash Floods - Aug 2025
South Sudan,Floods,Jul 2025,South Sudan: Floods - Jul 2025
Sudan,Floods,Jul 2025,Sudan: Floods - Jul 2025
Honduras,Floods,Jun 2025,Honduras: Floods - Jun 2025
Panama,River Pollution,Jun 2025,Panama: River Pollution - Jun 2025
Côte d'Ivoire,Cholera Outbreak,Jun 2025,Côte d'Ivoire: Cholera Outbreak - Jun 2025
Pacific,Dengue Outbreak,2025,Pacific: Dengue Outbreak - 2025-2026
Ghana,Cholera Outbreak,Oct 2024,Ghana: Cholera Outbreak - Oct 2024
Namibia,Drought,May 2024,Namibia: Drought - May 2024
Niger,Diphtheria Outbreak,Oct 2023,Niger: Diphtheria Outbreak - Oct 2023
Nigeria,Lassa Fever Outbreak,Jan 2023,Nigeria: Lassa Fever Outbreak - Jan 2023
Burundi,Cholera Outbreak,Jan 2023,Burundi: Cholera Outbreak - Jan 2023
Guinea-Bissau,Severe Local Storm,Jun 2018,Guinea-Bissau: Severe Local Storm - Jun 2018
Papua New Guinea,Polio Outbreak,Jun 2018,Papua New Guinea: Polio Outbreak - Jun 2018
Côte d'Ivoire,Floods,Jun 2018,Côte d'Ivoire: Floods - Jun 2018
Myanmar,Floods and Landslides,Jun 2018,Myanmar: Floods and Landslides - Jun 2018
Philippines,Floods and Landslides,Jun 2018,Philippines: Floods and Landslides - Jun 2018
India,Floods and Landslides,Jun 2018,India: Floods and Landslides - Jun 2018
Guatemala,Fuego Volcano,Jun 2018,Guatemala: Fuego Volcano - Jun 2018
Chad,Measles Outbreak,May 2018,Chad: Measles Outbreak - May 2018
Sri Lanka,Floods and Landslides,May 2018,Sri Lanka: Floods and Landslides - May 2018
Mauritania,Drought,May 2018,Mauritania: Drought - May 2018
DR Congo,Ebola Outbreak,May 2018,DR Congo: Ebola Outbreak - May 2018
Tajikistan,Floods,May 2018,Tajikistan: Floods - May 2018
El Salvador,Earthquake,May 2018,El Salvador: Earthquake - May 2018
Burundi,Floods,Apr 2018,Burundi: Floods - Apr 2018
Tanzania,Floods,Apr 2018,Tanzania: Floods - Apr 2018
Bangladesh,Floods and Landslides,Apr 2018,Bangladesh: Floods and Landslides - Apr 2018
Ethiopia,Floods and Landslides,Apr 2018,Ethiopia: Floods and Landslides - Apr 2018
Somalia,Flash Floods,Apr 2018,Somalia: Flash Floods - Apr 2018
Indonesia,Earthquake,Aug 2026,Indonesia: Earthquake - Aug 2026
Colombia,Earthquake,Aug 2026,Colombia: Earthquake - Aug 2026
Myanmar,Floods,Jul 2026,Myanmar: Floods - Jul 2026
Afghanistan,Flash Floods,Jul 2026,Afghanistan: Flash Floods - Jul 2026
India,Flash Floods,Jul 2026,India: Flash Floods - Jul 2026
Kyrgyzstan,Flash Floods,Jul 2026,Kyrgyzstan: Flash Floods - Jul 2026
Tajikistan,Floods,Jul 2026,Tajikistan: Floods - Jul 2026
Bangladesh,Flash Floods,Jul 2026,Bangladesh: Flash Floods - Jul 2026
Georgia,Floods,Jun 2026,Georgia: Floods - Jun 2026
Central African Republic,Cholera Outbreak,Jun 2026,Central African Republic: Cholera Outbreak - Jun 2026
Venezuela,Earthquakes,Jun 2026,Venezuela: Earthquakes - Jun 2026
Chad,Cholera Outbreak,Jun 2026,Chad: Cholera Outbreak - Jun 2026
Philippines,Earthquake and Tsunami,Jun 2026,Philippines: Earthquake and Tsunami - Jun 2026
Armenia,Hailstorm,Jun 2026,Armenia: Hailstorm - Jun 2026
Syria,Floods,May 2026,Syria: Floods - May 2026
Central/Eastern Africa,Ebola Outbreak,May 2026,Central/Eastern Africa: Ebola Outbreak - May 2026
Sri Lanka,Dengue Outbreak,May 2026,Sri Lanka: Dengue Outbreak - May 2026
Dominican Republic,Floods,Apr 2026,Dominican Republic: Floods - Apr 2026
Yemen,Floods,Mar 2026,Yemen: Floods - Mar 2026
Tanzania,Floods and Landslides,Mar 2026,Tanzania: Floods and Landslides - Mar 2026
Liberia,Windstorms,Mar 2026,Liberia: Windstorms - Mar 2026
Botswana,Floods,Mar 2026,Botswana: Floods - Mar 2026
Ethiopia,Floods and Landslides,Mar 2026,Ethiopia: Floods and Landslides - Mar 2026
Kenya,Floods,Mar 2026,Kenya: Floods - Mar 2026
Suriname,Chikungunya Virus Outbreak,Mar 2026,Suriname: Chikungunya Virus Outbreak - Mar 2026
Brazil,Floods,Feb 2026,Brazil: Floods - Feb 2026
Peru,Floods and Landslides,Feb 2026,Peru: Floods and Landslides - Feb 2026
Angola,Floods,Feb 2026,Angola: Floods - Feb 2026
Zambia,Cholera Outbreak,Feb 2026,Zambia: Cholera Outbreak - Feb 2026
Cameroon,Fires,Feb 2026,Cameroon: Fires - Feb 2026
Somalia,Dengue Outbreak,Feb 2026,Somalia: Dengue Outbreak - Feb 2026
Rwanda,Flash Floods,Jan 2026,Rwanda: Flash Floods - Jan 2026
Algeria,Floods,Jan 2026,Algeria: Floods - Jan 2026
Argentina,Landslides,Jan 2026,Argentina: Landslides - Jan 2026
South Africa,Floods,Jan 2026,South Africa: Floods - Jan 2026
North Macedonia,Floods,Jan 2026,North Macedonia: Floods - Jan 2026
Malawi,Floods,Jan 2026,Malawi: Floods - Jan 2026
Serbia,Cold Wave,Jan 2026,Serbia: Cold Wave - Jan 2026
Guatemala,Measles Outbreak,Jan 2026,Guatemala: Measles Outbreak - Jan 2026
Ecuador,Floods,Jan 2026,Ecuador: Floods - Jan 2026
Zimbabwe,Floods,Jan 2026,Zimbabwe: Floods - Jan 2026
Mozambique,Floods,Dec 2025,Mozambique: Floods - Dec 2025
Chile,Wild Fires,Dec 2025,Chile: Wild Fires - Dec 2025
Gabon,Windstorms,Dec 2025,Gabon: Windstorms - Dec 2025
Morocco,Floods,Dec 2025,Morocco: Floods - Dec 2025
Bolivia,Floods,Dec 2025,Bolivia: Floods - Dec 2025
Congo,Floods,Nov 2025,Congo: Floods - Nov 2025
Cuba,Arboviral Outbreak,Oct 2025,Cuba: Arboviral Outbreak - Oct 2025
Egypt,Floods,Oct 2025,Egypt: Floods - Oct 2025
Cabo Verde,Flash Floods,Aug 2025,Cabo Verde: Flash Floods - Aug 2025
South Sudan,Floods,Jul 2025,South Sudan: Floods - Jul 2025
Sudan,Floods,Jul 2025,Sudan: Floods - Jul 2025
Honduras,Floods,Jun 2025,Honduras: Floods - Jun 2025
Panama,River Pollution,Jun 2025,Panama: River Pollution - Jun 2025
Côte d'Ivoire,Cholera Outbreak,Jun 2025,Côte d'Ivoire: Cholera Outbreak - Jun 2025
Pacific,Dengue Outbreak,2025,Pacific: Dengue Outbreak - 2025-2026
Ghana,Cholera Outbreak,Oct 2024,Ghana: Cholera Outbreak - Oct 2024
Namibia,Drought,May 2024,Namibia: Drought - May 2024
Niger,Diphtheria Outbreak,Oct 2023,Niger: Diphtheria Outbreak - Oct 2023
Nigeria,Lassa Fever Outbreak,Jan 2023,Nigeria: Lassa Fever Outbreak - Jan 2023
Burundi,Cholera Outbreak,Jan 2023,Burundi: Cholera Outbreak - Jan 2023
Colombia,Floods,Apr 2018,Colombia: Floods - Apr 2018
Afghanistan,Drought,2018,Afghanistan: Drought - 2018-2019
Russian Federation,Floods,Mar 2018,Russian Federation: Floods - Mar 2018
Uruguay,Drought,Mar 2018,Uruguay: Drought - Mar 2018
Fiji,Meningitis Outbreak,Mar 2018,Fiji: Meningitis Outbreak - Mar 2018
Belarus,Floods,Mar 2018,Belarus: Floods - Mar 2018
Vanuatu,Monaro Volcano,Mar 2018,Vanuatu: Monaro Volcano - Mar 2018
Rwanda,Floods,Mar 2018,Rwanda: Floods - Mar 2018
Kenya,Floods,Mar 2018,Kenya: Floods - Mar 2018
Papua New Guinea,Earthquakes,Feb 2018,Papua New Guinea: Earthquakes - Feb 2018
Botswana,Floods,Feb 2018,Botswana: Floods - Feb 2018
Uganda,Cholera Outbreak,Feb 2018,Uganda: Cholera Outbreak - Feb 2018
DR Congo,Polio Outbreak,Feb 2018,DR Congo: Polio Outbreak - Feb 2018
Mongolia,Dzud,Jan 2018,Mongolia: Dzud - Jan 2018
DR Congo,Floods,Jan 2018,DR Congo: Floods - Jan 2018
Argentina,Floods,Jan 2018,Argentina: Floods - Jan 2018
Philippines,Mayon Volcano,Jan 2018,Philippines: Mayon Volcano - Jan 2018
Morocco,Cold Wave,Jan 2018,Morocco: Cold Wave - Jan 2018
Indonesia,Earthquake,Aug 2026,Indonesia: Earthquake - Aug 2026
Colombia,Earthquake,Aug 2026,Colombia: Earthquake - Aug 2026
Myanmar,Floods,Jul 2026,Myanmar: Floods - Jul 2026
Afghanistan,Flash Floods,Jul 2026,Afghanistan: Flash Floods - Jul 2026
India,Flash Floods,Jul 2026,India: Flash Floods - Jul 2026
Kyrgyzstan,Flash Floods,Jul 2026,Kyrgyzstan: Flash Floods - Jul 2026
Tajikistan,Floods,Jul 2026,Tajikistan: Floods - Jul 2026
Bangladesh,Flash Floods,Jul 2026,Bangladesh: Flash Floods - Jul 2026
Georgia,Floods,Jun 2026,Georgia: Floods - Jun 2026
Central African Republic,Cholera Outbreak,Jun 2026,Central African Republic: Cholera Outbreak - Jun 2026
Venezuela,Earthquakes,Jun 2026,Venezuela: Earthquakes - Jun 2026
Chad,Cholera Outbreak,Jun 2026,Chad: Cholera Outbreak - Jun 2026
Philippines,Earthquake and Tsunami,Jun 2026,Philippines: Earthquake and Tsunami - Jun 2026
Armenia,Hailstorm,Jun 2026,Armenia: Hailstorm - Jun 2026
Syria,Floods,May 2026,Syria: Floods - May 2026
Central/Eastern Africa,Ebola Outbreak,May 2026,Central/Eastern Africa: Ebola Outbreak - May 2026
Sri Lanka,Dengue Outbreak,May 2026,Sri Lanka: Dengue Outbreak - May 2026
Dominican Republic,Floods,Apr 2026,Dominican Republic: Floods - Apr 2026
Yemen,Floods,Mar 2026,Yemen: Floods - Mar 2026
Tanzania,Floods and Landslides,Mar 2026,Tanzania: Floods and Landslides - Mar 2026
Liberia,Windstorms,Mar 2026,Liberia: Windstorms - Mar 2026
Botswana,Floods,Mar 2026,Botswana: Floods - Mar 2026
Ethiopia,Floods and Landslides,Mar 2026,Ethiopia: Floods and Landslides - Mar 2026
Kenya,Floods,Mar 2026,Kenya: Floods - Mar 2026
Suriname,Chikungunya Virus Outbreak,Mar 2026,Suriname: Chikungunya Virus Outbreak - Mar 2026
Brazil,Floods,Feb 2026,Brazil: Floods - Feb 2026
Peru,Floods and Landslides,Feb 2026,Peru: Floods and Landslides - Feb 2026
Angola,Floods,Feb 2026,Angola: Floods - Feb 2026
Zambia,Cholera Outbreak,Feb 2026,Zambia: Cholera Outbreak - Feb 2026
Cameroon,Fires,Feb 2026,Cameroon: Fires - Feb 2026
Somalia,Dengue Outbreak,Feb 2026,Somalia: Dengue Outbreak - Feb 2026
Rwanda,Flash Floods,Jan 2026,Rwanda: Flash Floods - Jan 2026
Algeria,Floods,Jan 2026,Algeria: Floods - Jan 2026
Argentina,Landslides,Jan 2026,Argentina: Landslides - Jan 2026
South Africa,Floods,Jan 2026,South Africa: Floods - Jan 2026
North Macedonia,Floods,Jan 2026,North Macedonia: Floods - Jan 2026
Malawi,Floods,Jan 2026,Malawi: Floods - Jan 2026
Serbia,Cold Wave,Jan 2026,Serbia: Cold Wave - Jan 2026
Guatemala,Measles Outbreak,Jan 2026,Guatemala: Measles Outbreak - Jan 2026
Ecuador,Floods,Jan 2026,Ecuador: Floods - Jan 2026
Zimbabwe,Floods,Jan 2026,Zimbabwe: Floods - Jan 2026
Mozambique,Floods,Dec 2025,Mozambique: Floods - Dec 2025
Chile,Wild Fires,Dec 2025,Chile: Wild Fires - Dec 2025
Gabon,Windstorms,Dec 2025,Gabon: Windstorms - Dec 2025
Morocco,Floods,Dec 2025,Morocco: Floods - Dec 2025
Bolivia,Floods,Dec 2025,Bolivia: Floods - Dec 2025
Congo,Floods,Nov 2025,Congo: Floods - Nov 2025
Cuba,Arboviral Outbreak,Oct 2025,Cuba: Arboviral Outbreak - Oct 2025
Egypt,Floods,Oct 2025,Egypt: Floods - Oct 2025
Cabo Verde,Flash Floods,Aug 2025,Cabo Verde: Flash Floods - Aug 2025
South Sudan,Floods,Jul 2025,South Sudan: Floods - Jul 2025
Sudan,Floods,Jul 2025,Sudan: Floods - Jul 2025
Honduras,Floods,Jun 2025,Honduras: Floods - Jun 2025
Panama,River Pollution,Jun 2025,Panama: River Pollution - Jun 2025
Côte d'Ivoire,Cholera Outbreak,Jun 2025,Côte d'Ivoire: Cholera Outbreak - Jun 2025
Pacific,Dengue Outbreak,2025,Pacific: Dengue Outbreak - 2025-2026
Ghana,Cholera Outbreak,Oct 2024,Ghana: Cholera Outbreak - Oct 2024
Namibia,Drought,May 2024,Namibia: Drought - May 2024
Niger,Diphtheria Outbreak,Oct 2023,Niger: Diphtheria Outbreak - Oct 2023
Nigeria,Lassa Fever Outbreak,Jan 2023,Nigeria: Lassa Fever Outbreak - Jan 2023
Burundi,Cholera Outbreak,Jan 2023,Burundi: Cholera Outbreak - Jan 2023
Papua New Guinea,Kadovar Volcano,Jan 2018,Papua New Guinea: Kadovar Volcano - Jan 2018
Bolivia,Floods,Jan 2018,Bolivia: Floods - Jan 2018
Bangladesh,Diphtheria Outbreak,2017,Bangladesh: Diphtheria Outbreak - 2017-2019
Albania,Floods,Nov 2017,Albania: Floods - Nov 2017
Yemen,Diphtheria Outbreak,Nov 2017,Yemen: Diphtheria Outbreak - Nov 2017
Iran/Iraq,Earthquake,Nov 2017,Iran/Iraq: Earthquake - Nov 2017
Pacific,Dengue Outbreak,2017,Pacific: Dengue Outbreak - 2017-2018
Honduras,Floods,Oct 2017,Honduras: Floods - Oct 2017
Zambia,Cholera Outbreak,Oct 2017,Zambia: Cholera Outbreak - Oct 2017
Burkina Faso,Dengue Outbreak,Sep 2017,Burkina Faso: Dengue Outbreak - Sep 2017
Togo,Floods,Sep 2017,Togo: Floods - Sep 2017
Vanuatu,Monaro Volcano,Sep 2017,Vanuatu: Monaro Volcano - Sep 2017
Indonesia,Mt Agung Volcano,Sep 2017,Indonesia: Mt Agung Volcano - Sep 2017
Mexico,Earthquakes,Sep 2017,Mexico: Earthquakes - Sep 2017
South Sudan,Floods,Sep 2017,South Sudan: Floods - Sep 2017
Indonesia,Earthquake,Aug 2026,Indonesia: Earthquake - Aug 2026
Colombia,Earthquake,Aug 2026,Colombia: Earthquake - Aug 2026
Myanmar,Floods,Jul 2026,Myanmar: Floods - Jul 2026
Afghanistan,Flash Floods,Jul 2026,Afghanistan: Flash Floods - Jul 2026
India,Flash Floods,Jul 2026,India: Flash Floods - Jul 2026
Kyrgyzstan,Flash Floods,Jul 2026,Kyrgyzstan: Flash Floods - Jul 2026
Tajikistan,Floods,Jul 2026,Tajikistan: Floods - Jul 2026
Bangladesh,Flash Floods,Jul 2026,Bangladesh: Flash Floods - Jul 2026
Georgia,Floods,Jun 2026,Georgia: Floods - Jun 2026
Central African Republic,Cholera Outbreak,Jun 2026,Central African Republic: Cholera Outbreak - Jun 2026
Venezuela,Earthquakes,Jun 2026,Venezuela: Earthquakes - Jun 2026
Chad,Cholera Outbreak,Jun 2026,Chad: Cholera Outbreak - Jun 2026
Philippines,Earthquake and Tsunami,Jun 2026,Philippines: Earthquake and Tsunami - Jun 2026
Armenia,Hailstorm,Jun 2026,Armenia: Hailstorm - Jun 2026
Syria,Floods,May 2026,Syria: Floods - May 2026
Central/Eastern Africa,Ebola Outbreak,May 2026,Central/Eastern Africa: Ebola Outbreak - May 2026
Sri Lanka,Dengue Outbreak,May 2026,Sri Lanka: Dengue Outbreak - May 2026
Dominican Republic,Floods,Apr 2026,Dominican Republic: Floods - Apr 2026
Yemen,Floods,Mar 2026,Yemen: Floods - Mar 2026
Tanzania,Floods and Landslides,Mar 2026,Tanzania: Floods and Landslides - Mar 2026
Liberia,Windstorms,Mar 2026,Liberia: Windstorms - Mar 2026
Botswana,Floods,Mar 2026,Botswana: Floods - Mar 2026
Ethiopia,Floods and Landslides,Mar 2026,Ethiopia: Floods and Landslides - Mar 2026
Kenya,Floods,Mar 2026,Kenya: Floods - Mar 2026
Suriname,Chikungunya Virus Outbreak,Mar 2026,Suriname: Chikungunya Virus Outbreak - Mar 2026
Brazil,Floods,Feb 2026,Brazil: Floods - Feb 2026
Peru,Floods and Landslides,Feb 2026,Peru: Floods and Landslides - Feb 2026
Angola,Floods,Feb 2026,Angola: Floods - Feb 2026
Zambia,Cholera Outbreak,Feb 2026,Zambia: Cholera Outbreak - Feb 2026
Cameroon,Fires,Feb 2026,Cameroon: Fires - Feb 2026
Somalia,Dengue Outbreak,Feb 2026,Somalia: Dengue Outbreak - Feb 2026
Rwanda,Flash Floods,Jan 2026,Rwanda: Flash Floods - Jan 2026
Algeria,Floods,Jan 2026,Algeria: Floods - Jan 2026
Argentina,Landslides,Jan 2026,Argentina: Landslides - Jan 2026
South Africa,Floods,Jan 2026,South Africa: Floods - Jan 2026
North Macedonia,Floods,Jan 2026,North Macedonia: Floods - Jan 2026
Malawi,Floods,Jan 2026,Malawi: Floods - Jan 2026
Serbia,Cold Wave,Jan 2026,Serbia: Cold Wave - Jan 2026
Guatemala,Measles Outbreak,Jan 2026,Guatemala: Measles Outbreak - Jan 2026
Ecuador,Floods,Jan 2026,Ecuador: Floods - Jan 2026
Zimbabwe,Floods,Jan 2026,Zimbabwe: Floods - Jan 2026
Mozambique,Floods,Dec 2025,Mozambique: Floods - Dec 2025
Chile,Wild Fires,Dec 2025,Chile: Wild Fires - Dec 2025
Gabon,Windstorms,Dec 2025,Gabon: Windstorms - Dec 2025
Morocco,Floods,Dec 2025,Morocco: Floods - Dec 2025
Bolivia,Floods,Dec 2025,Bolivia: Floods - Dec 2025
Congo,Floods,Nov 2025,Congo: Floods - Nov 2025
Cuba,Arboviral Outbreak,Oct 2025,Cuba: Arboviral Outbreak - Oct 2025
Egypt,Floods,Oct 2025,Egypt: Floods - Oct 2025
Cabo Verde,Flash Floods,Aug 2025,Cabo Verde: Flash Floods - Aug 2025
South Sudan,Floods,Jul 2025,South Sudan: Floods - Jul 2025
Sudan,Floods,Jul 2025,Sudan: Floods - Jul 2025
Honduras,Floods,Jun 2025,Honduras: Floods - Jun 2025
Panama,River Pollution,Jun 2025,Panama: River Pollution - Jun 2025
Côte d'Ivoire,Cholera Outbreak,Jun 2025,Côte d'Ivoire: Cholera Outbreak - Jun 2025
Pacific,Dengue Outbreak,2025,Pacific: Dengue Outbreak - 2025-2026
Ghana,Cholera Outbreak,Oct 2024,Ghana: Cholera Outbreak - Oct 2024
Namibia,Drought,May 2024,Namibia: Drought - May 2024
Niger,Diphtheria Outbreak,Oct 2023,Niger: Diphtheria Outbreak - Oct 2023
Nigeria,Lassa Fever Outbreak,Jan 2023,Nigeria: Lassa Fever Outbreak - Jan 2023
Burundi,Cholera Outbreak,Jan 2023,Burundi: Cholera Outbreak - Jan 2023
Rwanda,Severe Local Storms,Sep 2017,Rwanda: Severe Local Storms - Sep 2017
Nigeria,Yellow Fever Outbreak,Sep 2017,Nigeria: Yellow Fever Outbreak - Sep 2017
Madagascar,Plague Outbreak,Sep 2017,Madagascar: Plague Outbreak - Sep 2017
Bangladesh,Measles Outbreak,2017,Bangladesh: Measles Outbreak - 2017-2018
Pakistan,Dengue Outbreak,Sep 2017,Pakistan: Dengue Outbreak - Sep 2017
Ethiopia,Floods,Aug 2017,Ethiopia: Floods - Aug 2017
Papua New Guinea,Measles Outbreak,Aug 2017,Papua New Guinea: Measles Outbreak - Aug 2017
Central African Republic,Floods,Aug 2017,Central African Republic: Floods - Aug 2017
Chad,Cholera Outbreak,Aug 2017,Chad: Cholera Outbreak - Aug 2017
DR Congo,Landslide,Aug 2017,DR Congo: Landslide - Aug 2017
Sierra Leone,Mudslides,Aug 2017,Sierra Leone: Mudslides - Aug 2017
Nigeria,Floods,Aug 2017,Nigeria: Floods - Aug 2017
Cameroon,Flash Floods,Aug 2017,Cameroon: Flash Floods - Aug 2017
Tunisia,Forest Fires,Aug 2017,Tunisia: Forest Fires - Aug 2017
Sri Lanka,Dengue Outbreak,Jul 2017,Sri Lanka: Dengue Outbreak - Jul 2017
Sudan,Acute Watery Diarrhoea (AWD) Outbreak,Jul 2017,Sudan: Acute Watery Diarrhoea (AWD) Outbreak - Jul 2017
Ghana,Floods,Jul 2017,Ghana: Floods - Jul 2017
Indonesia,Earthquake,Aug 2026,Indonesia: Earthquake - Aug 2026
Colombia,Earthquake,Aug 2026,Colombia: Earthquake - Aug 2026
Myanmar,Floods,Jul 2026,Myanmar: Floods - Jul 2026
Afghanistan,Flash Floods,Jul 2026,Afghanistan: Flash Floods - Jul 2026
India,Flash Floods,Jul 2026,India: Flash Floods - Jul 2026
Kyrgyzstan,Flash Floods,Jul 2026,Kyrgyzstan: Flash Floods - Jul 2026
Tajikistan,Floods,Jul 2026,Tajikistan: Floods - Jul 2026
Bangladesh,Flash Floods,Jul 2026,Bangladesh: Flash Floods - Jul 2026
Georgia,Floods,Jun 2026,Georgia: Floods - Jun 2026
Central African Republic,Cholera Outbreak,Jun 2026,Central African Republic: Cholera Outbreak - Jun 2026
Venezuela,Earthquakes,Jun 2026,Venezuela: Earthquakes - Jun 2026
Chad,Cholera Outbreak,Jun 2026,Chad: Cholera Outbreak - Jun 2026
Philippines,Earthquake and Tsunami,Jun 2026,Philippines: Earthquake and Tsunami - Jun 2026
Armenia,Hailstorm,Jun 2026,Armenia: Hailstorm - Jun 2026
Syria,Floods,May 2026,Syria: Floods - May 2026
Central/Eastern Africa,Ebola Outbreak,May 2026,Central/Eastern Africa: Ebola Outbreak - May 2026
Sri Lanka,Dengue Outbreak,May 2026,Sri Lanka: Dengue Outbreak - May 2026
Dominican Republic,Floods,Apr 2026,Dominican Republic: Floods - Apr 2026
Yemen,Floods,Mar 2026,Yemen: Floods - Mar 2026
Tanzania,Floods and Landslides,Mar 2026,Tanzania: Floods and Landslides - Mar 2026
Liberia,Windstorms,Mar 2026,Liberia: Windstorms - Mar 2026
Botswana,Floods,Mar 2026,Botswana: Floods - Mar 2026
Ethiopia,Floods and Landslides,Mar 2026,Ethiopia: Floods and Landslides - Mar 2026
Kenya,Floods,Mar 2026,Kenya: Floods - Mar 2026
Suriname,Chikungunya Virus Outbreak,Mar 2026,Suriname: Chikungunya Virus Outbreak - Mar 2026
Brazil,Floods,Feb 2026,Brazil: Floods - Feb 2026
Peru,Floods and Landslides,Feb 2026,Peru: Floods and Landslides - Feb 2026
Angola,Floods,Feb 2026,Angola: Floods - Feb 2026
Zambia,Cholera Outbreak,Feb 2026,Zambia: Cholera Outbreak - Feb 2026
Cameroon,Fires,Feb 2026,Cameroon: Fires - Feb 2026
Somalia,Dengue Outbreak,Feb 2026,Somalia: Dengue Outbreak - Feb 2026
Rwanda,Flash Floods,Jan 2026,Rwanda: Flash Floods - Jan 2026
Algeria,Floods,Jan 2026,Algeria: Floods - Jan 2026
Argentina,Landslides,Jan 2026,Argentina: Landslides - Jan 2026
South Africa,Floods,Jan 2026,South Africa: Floods - Jan 2026
North Macedonia,Floods,Jan 2026,North Macedonia: Floods - Jan 2026
Malawi,Floods,Jan 2026,Malawi: Floods - Jan 2026
Serbia,Cold Wave,Jan 2026,Serbia: Cold Wave - Jan 2026
Guatemala,Measles Outbreak,Jan 2026,Guatemala: Measles Outbreak - Jan 2026
Ecuador,Floods,Jan 2026,Ecuador: Floods - Jan 2026
Zimbabwe,Floods,Jan 2026,Zimbabwe: Floods - Jan 2026
Mozambique,Floods,Dec 2025,Mozambique: Floods - Dec 2025
Chile,Wild Fires,Dec 2025,Chile: Wild Fires - Dec 2025
Gabon,Windstorms,Dec 2025,Gabon: Windstorms - Dec 2025
Morocco,Floods,Dec 2025,Morocco: Floods - Dec 2025
Bolivia,Floods,Dec 2025,Bolivia: Floods - Dec 2025
Congo,Floods,Nov 2025,Congo: Floods - Nov 2025
Cuba,Arboviral Outbreak,Oct 2025,Cuba: Arboviral Outbreak - Oct 2025
Egypt,Floods,Oct 2025,Egypt: Floods - Oct 2025
Cabo Verde,Flash Floods,Aug 2025,Cabo Verde: Flash Floods - Aug 2025
South Sudan,Floods,Jul 2025,South Sudan: Floods - Jul 2025
Sudan,Floods,Jul 2025,Sudan: Floods - Jul 2025
Honduras,Floods,Jun 2025,Honduras: Floods - Jun 2025
Panama,River Pollution,Jun 2025,Panama: River Pollution - Jun 2025
Côte d'Ivoire,Cholera Outbreak,Jun 2025,Côte d'Ivoire: Cholera Outbreak - Jun 2025
Pacific,Dengue Outbreak,2025,Pacific: Dengue Outbreak - 2025-2026
Ghana,Cholera Outbreak,Oct 2024,Ghana: Cholera Outbreak - Oct 2024
Namibia,Drought,May 2024,Namibia: Drought - May 2024
Niger,Diphtheria Outbreak,Oct 2023,Niger: Diphtheria Outbreak - Oct 2023
Nigeria,Lassa Fever Outbreak,Jan 2023,Nigeria: Lassa Fever Outbreak - Jan 2023
Burundi,Cholera Outbreak,Jan 2023,Burundi: Cholera Outbreak - Jan 2023
Philippines,Earthquakes,Jul 2017,Philippines: Earthquakes - Jul 2017
Myanmar,Floods and Landslides,Jul 2017,Myanmar: Floods and Landslides - Jul 2017
Guinea,Floods,Jul 2017,Guinea: Floods - Jul 2017
DPR Korea,Drought,Jun 2017,DPR Korea: Drought - Jun 2017
Tajikistan,Floods and Mudslides,Jun 2017,Tajikistan: Floods and Mudslides - Jun 2017
China,Floods and Landslides,Jun 2017,China: Floods and Landslides - Jun 2017
Hungary,Severe Local Storm,Jun 2017,Hungary: Severe Local Storm - Jun 2017
Sudan,Floods,Jun 2017,Sudan: Floods - Jun 2017
Nigeria,Hepatitis E Outbreak,Jun 2017,Nigeria: Hepatitis E Outbreak - Jun 2017
Mali,Floods,Jun 2017,Mali: Floods - Jun 2017
Niger,Floods,Jun 2017,Niger: Floods - Jun 2017
Bangladesh,Floods and Landslides,Jun 2017,Bangladesh: Floods and Landslides - Jun 2017
Syria,Polio Outbreak,Jun 2017,Syria: Polio Outbreak - Jun 2017
Nigeria,Cholera Outbreak,Jun 2017,Nigeria: Cholera Outbreak - Jun 2017
Viet Nam,Floods and Landslides,Jun 2017,Viet Nam: Floods and Landslides - Jun 2017
Nepal,Floods and Landslides,Jun 2017,Nepal: Floods and Landslides - Jun 2017
Guatemala,Floods and Landslides,Jun 2017,Guatemala: Floods and Landslides - Jun 2017
Sri Lanka,Floods and Landslides,May 2017,Sri Lanka: Floods and Landslides - May 2017
Thailand,Floods,May 2017,Thailand: Floods - May 2017
Indonesia,Earthquake,Aug 2026,Indonesia: Earthquake - Aug 2026
Colombia,Earthquake,Aug 2026,Colombia: Earthquake - Aug 2026
Myanmar,Floods,Jul 2026,Myanmar: Floods - Jul 2026
Afghanistan,Flash Floods,Jul 2026,Afghanistan: Flash Floods - Jul 2026
India,Flash Floods,Jul 2026,India: Flash Floods - Jul 2026
Kyrgyzstan,Flash Floods,Jul 2026,Kyrgyzstan: Flash Floods - Jul 2026
Tajikistan,Floods,Jul 2026,Tajikistan: Floods - Jul 2026
Bangladesh,Flash Floods,Jul 2026,Bangladesh: Flash Floods - Jul 2026
Georgia,Floods,Jun 2026,Georgia: Floods - Jun 2026
Central African Republic,Cholera Outbreak,Jun 2026,Central African Republic: Cholera Outbreak - Jun 2026
Venezuela,Earthquakes,Jun 2026,Venezuela: Earthquakes - Jun 2026
Chad,Cholera Outbreak,Jun 2026,Chad: Cholera Outbreak - Jun 2026
Philippines,Earthquake and Tsunami,Jun 2026,Philippines: Earthquake and Tsunami - Jun 2026
Armenia,Hailstorm,Jun 2026,Armenia: Hailstorm - Jun 2026
Syria,Floods,May 2026,Syria: Floods - May 2026
Central/Eastern Africa,Ebola Outbreak,May 2026,Central/Eastern Africa: Ebola Outbreak - May 2026
Sri Lanka,Dengue Outbreak,May 2026,Sri Lanka: Dengue Outbreak - May 2026
Dominican Republic,Floods,Apr 2026,Dominican Republic: Floods - Apr 2026
Yemen,Floods,Mar 2026,Yemen: Floods - Mar 2026
Tanzania,Floods and Landslides,Mar 2026,Tanzania: Floods and Landslides - Mar 2026
Liberia,Windstorms,Mar 2026,Liberia: Windstorms - Mar 2026
Botswana,Floods,Mar 2026,Botswana: Floods - Mar 2026
Ethiopia,Floods and Landslides,Mar 2026,Ethiopia: Floods and Landslides - Mar 2026
Kenya,Floods,Mar 2026,Kenya: Floods - Mar 2026
Suriname,Chikungunya Virus Outbreak,Mar 2026,Suriname: Chikungunya Virus Outbreak - Mar 2026
Brazil,Floods,Feb 2026,Brazil: Floods - Feb 2026
Peru,Floods and Landslides,Feb 2026,Peru: Floods and Landslides - Feb 2026
Angola,Floods,Feb 2026,Angola: Floods - Feb 2026
Zambia,Cholera Outbreak,Feb 2026,Zambia: Cholera Outbreak - Feb 2026
Cameroon,Fires,Feb 2026,Cameroon: Fires - Feb 2026
Somalia,Dengue Outbreak,Feb 2026,Somalia: Dengue Outbreak - Feb 2026
Rwanda,Flash Floods,Jan 2026,Rwanda: Flash Floods - Jan 2026
Algeria,Floods,Jan 2026,Algeria: Floods - Jan 2026
Argentina,Landslides,Jan 2026,Argentina: Landslides - Jan 2026
South Africa,Floods,Jan 2026,South Africa: Floods - Jan 2026
North Macedonia,Floods,Jan 2026,North Macedonia: Floods - Jan 2026
Malawi,Floods,Jan 2026,Malawi: Floods - Jan 2026
Serbia,Cold Wave,Jan 2026,Serbia: Cold Wave - Jan 2026
Guatemala,Measles Outbreak,Jan 2026,Guatemala: Measles Outbreak - Jan 2026
Ecuador,Floods,Jan 2026,Ecuador: Floods - Jan 2026
Zimbabwe,Floods,Jan 2026,Zimbabwe: Floods - Jan 2026
Mozambique,Floods,Dec 2025,Mozambique: Floods - Dec 2025
Chile,Wild Fires,Dec 2025,Chile: Wild Fires - Dec 2025
Gabon,Windstorms,Dec 2025,Gabon: Windstorms - Dec 2025
Morocco,Floods,Dec 2025,Morocco: Floods - Dec 2025
Bolivia,Floods,Dec 2025,Bolivia: Floods - Dec 2025
Congo,Floods,Nov 2025,Congo: Floods - Nov 2025
Cuba,Arboviral Outbreak,Oct 2025,Cuba: Arboviral Outbreak - Oct 2025
Egypt,Floods,Oct 2025,Egypt: Floods - Oct 2025
Cabo Verde,Flash Floods,Aug 2025,Cabo Verde: Flash Floods - Aug 2025
South Sudan,Floods,Jul 2025,South Sudan: Floods - Jul 2025
Sudan,Floods,Jul 2025,Sudan: Floods - Jul 2025
Honduras,Floods,Jun 2025,Honduras: Floods - Jun 2025
Panama,River Pollution,Jun 2025,Panama: River Pollution - Jun 2025
Côte d'Ivoire,Cholera Outbreak,Jun 2025,Côte d'Ivoire: Cholera Outbreak - Jun 2025
Pacific,Dengue Outbreak,2025,Pacific: Dengue Outbreak - 2025-2026
Ghana,Cholera Outbreak,Oct 2024,Ghana: Cholera Outbreak - Oct 2024
Namibia,Drought,May 2024,Namibia: Drought - May 2024
Niger,Diphtheria Outbreak,Oct 2023,Niger: Diphtheria Outbreak - Oct 2023
Nigeria,Lassa Fever Outbreak,Jan 2023,Nigeria: Lassa Fever Outbreak - Jan 2023
Burundi,Cholera Outbreak,Jan 2023,Burundi: Cholera Outbreak - Jan 2023
Burkina Faso,Floods,May 2017,Burkina Faso: Floods - May 2017
Ethiopia,Measles Outbreak,May 2017,Ethiopia: Measles Outbreak - May 2017
DR Congo,Ebola Outbreak,May 2017,DR Congo: Ebola Outbreak - May 2017
Russian Federation,Floods,May 2017,Russian Federation: Floods - May 2017
India,Floods and Landslides,May 2017,India: Floods and Landslides - May 2017
Kyrgyzstan,Earthquake,May 2017,Kyrgyzstan: Earthquake - May 2017
East Africa,Armyworm Infestation,Mar 2017,East Africa: Armyworm Infestation - Mar 2017
Haiti,Floods,Apr 2017,Haiti: Floods - Apr 2017
Tajikistan,Measles Outbreak,Apr 2017,Tajikistan: Measles Outbreak - Apr 2017
Niger,Hepatitis E Outbreak,Apr 2017,Niger: Hepatitis E Outbreak - Apr 2017
Rwanda,Severe Local Storm,Apr 2017,Rwanda: Severe Local Storm - Apr 2017
Colombia,Mudslides,Mar 2017,Colombia: Mudslides - Mar 2017
Niger,Meningitis Outbreak,Mar 2017,Niger: Meningitis Outbreak - Mar 2017
Nigeria,Meningitis Outbreak,Mar 2017,Nigeria: Meningitis Outbreak - Mar 2017
Peru,Dengue Outbreak,Mar 2017,Peru: Dengue Outbreak - Mar 2017
Central African Republic,Severe Local Storm,Mar 2017,Central African Republic: Severe Local Storm - Mar 2017
Burundi,Malaria Outbreak,Mar 2017,Burundi: Malaria Outbreak - Mar 2017
West Africa,Armyworm Infestation,Mar 2017,West Africa: Armyworm Infestation - Mar 2017
Indonesia,Earthquake,Aug 2026,Indonesia: Earthquake - Aug 2026
Colombia,Earthquake,Aug 2026,Colombia: Earthquake - Aug 2026
Myanmar,Floods,Jul 2026,Myanmar: Floods - Jul 2026
Afghanistan,Flash Floods,Jul 2026,Afghanistan: Flash Floods - Jul 2026
India,Flash Floods,Jul 2026,India: Flash Floods - Jul 2026
Kyrgyzstan,Flash Floods,Jul 2026,Kyrgyzstan: Flash Floods - Jul 2026
Tajikistan,Floods,Jul 2026,Tajikistan: Floods - Jul 2026
Bangladesh,Flash Floods,Jul 2026,Bangladesh: Flash Floods - Jul 2026
Georgia,Floods,Jun 2026,Georgia: Floods - Jun 2026
Central African Republic,Cholera Outbreak,Jun 2026,Central African Republic: Cholera Outbreak - Jun 2026
Venezuela,Earthquakes,Jun 2026,Venezuela: Earthquakes - Jun 2026
Chad,Cholera Outbreak,Jun 2026,Chad: Cholera Outbreak - Jun 2026
Philippines,Earthquake and Tsunami,Jun 2026,Philippines: Earthquake and Tsunami - Jun 2026
Armenia,Hailstorm,Jun 2026,Armenia: Hailstorm - Jun 2026
Syria,Floods,May 2026,Syria: Floods - May 2026
Central/Eastern Africa,Ebola Outbreak,May 2026,Central/Eastern Africa: Ebola Outbreak - May 2026
Sri Lanka,Dengue Outbreak,May 2026,Sri Lanka: Dengue Outbreak - May 2026
Dominican Republic,Floods,Apr 2026,Dominican Republic: Floods - Apr 2026
Yemen,Floods,Mar 2026,Yemen: Floods - Mar 2026
Tanzania,Floods and Landslides,Mar 2026,Tanzania: Floods and Landslides - Mar 2026
Liberia,Windstorms,Mar 2026,Liberia: Windstorms - Mar 2026
Botswana,Floods,Mar 2026,Botswana: Floods - Mar 2026
Ethiopia,Floods and Landslides,Mar 2026,Ethiopia: Floods and Landslides - Mar 2026
Kenya,Floods,Mar 2026,Kenya: Floods - Mar 2026
Suriname,Chikungunya Virus Outbreak,Mar 2026,Suriname: Chikungunya Virus Outbreak - Mar 2026
Brazil,Floods,Feb 2026,Brazil: Floods - Feb 2026
Peru,Floods and Landslides,Feb 2026,Peru: Floods and Landslides - Feb 2026
Angola,Floods,Feb 2026,Angola: Floods - Feb 2026
Zambia,Cholera Outbreak,Feb 2026,Zambia: Cholera Outbreak - Feb 2026
Cameroon,Fires,Feb 2026,Cameroon: Fires - Feb 2026
Somalia,Dengue Outbreak,Feb 2026,Somalia: Dengue Outbreak - Feb 2026
Rwanda,Flash Floods,Jan 2026,Rwanda: Flash Floods - Jan 2026
Algeria,Floods,Jan 2026,Algeria: Floods - Jan 2026
Argentina,Landslides,Jan 2026,Argentina: Landslides - Jan 2026
South Africa,Floods,Jan 2026,South Africa: Floods - Jan 2026
North Macedonia,Floods,Jan 2026,North Macedonia: Floods - Jan 2026
Malawi,Floods,Jan 2026,Malawi: Floods - Jan 2026
Serbia,Cold Wave,Jan 2026,Serbia: Cold Wave - Jan 2026
Guatemala,Measles Outbreak,Jan 2026,Guatemala: Measles Outbreak - Jan 2026
Ecuador,Floods,Jan 2026,Ecuador: Floods - Jan 2026
Zimbabwe,Floods,Jan 2026,Zimbabwe: Floods - Jan 2026
Mozambique,Floods,Dec 2025,Mozambique: Floods - Dec 2025
Chile,Wild Fires,Dec 2025,Chile: Wild Fires - Dec 2025
Gabon,Windstorms,Dec 2025,Gabon: Windstorms - Dec 2025
Morocco,Floods,Dec 2025,Morocco: Floods - Dec 2025
Bolivia,Floods,Dec 2025,Bolivia: Floods - Dec 2025
Congo,Floods,Nov 2025,Congo: Floods - Nov 2025
Cuba,Arboviral Outbreak,Oct 2025,Cuba: Arboviral Outbreak - Oct 2025
Egypt,Floods,Oct 2025,Egypt: Floods - Oct 2025
Cabo Verde,Flash Floods,Aug 2025,Cabo Verde: Flash Floods - Aug 2025
South Sudan,Floods,Jul 2025,South Sudan: Floods - Jul 2025
Sudan,Floods,Jul 2025,Sudan: Floods - Jul 2025
Honduras,Floods,Jun 2025,Honduras: Floods - Jun 2025
Panama,River Pollution,Jun 2025,Panama: River Pollution - Jun 2025
Côte d'Ivoire,Cholera Outbreak,Jun 2025,Côte d'Ivoire: Cholera Outbreak - Jun 2025
Pacific,Dengue Outbreak,2025,Pacific: Dengue Outbreak - 2025-2026
Ghana,Cholera Outbreak,Oct 2024,Ghana: Cholera Outbreak - Oct 2024
Namibia,Drought,May 2024,Namibia: Drought - May 2024
Niger,Diphtheria Outbreak,Oct 2023,Niger: Diphtheria Outbreak - Oct 2023
Nigeria,Lassa Fever Outbreak,Jan 2023,Nigeria: Lassa Fever Outbreak - Jan 2023
Burundi,Cholera Outbreak,Jan 2023,Burundi: Cholera Outbreak - Jan 2023
Philippines,Earthquakes,Feb 2017,Philippines: Earthquakes - Feb 2017
Guinea,Measles Outbreak,Feb 2017,Guinea: Measles Outbreak - Feb 2017
Peru,Floods and Landslides,Feb 2017,Peru: Floods and Landslides - Feb 2017
Afghanistan,Avalanches and Floods,Jan 2017,Afghanistan: Avalanches and Floods - Jan 2017
Philippines,Floods and Landslides,Jan 2017,Philippines: Floods and Landslides - Jan 2017
Algeria,Cold Wave,Jan 2017,Algeria: Cold Wave - Jan 2017
Morocco,Cold Wave,Jan 2017,Morocco: Cold Wave - Jan 2017
Pakistan,Floods and Heavy Snowfalls,Jan 2017,Pakistan: Floods and Heavy Snowfalls - Jan 2017
Brazil,Yellow Fever Outbreak,Jan 2017,Brazil: Yellow Fever Outbreak - Jan 2017
Southern Africa,Armyworm Infestation,Jan 2017,Southern Africa: Armyworm Infestation - Jan 2017
FYR Macedonia,Cold Wave,Jan 2017,FYR Macedonia: Cold Wave - Jan 2017
Belarus,Cold Wave,Jan 2017,Belarus: Cold Wave - Jan 2017
Southern Africa,Floods,Jan 2017,Southern Africa: Floods - Jan 2017
Thailand,Floods,Dec 2016,Thailand: Floods - Dec 2016
Malaysia,Floods,Dec 2016,Malaysia: Floods - Dec 2016
Mongolia,Dzud,Dec 2016,Mongolia: Dzud - Dec 2016
Nigeria,Lassa Fever Outbreak,Dec 2016,Nigeria: Lassa Fever Outbreak - Dec 2016
Somalia,Measles Outbreak,2016,Somalia: Measles Outbreak - 2016-2026
Indonesia,Earthquake,Aug 2026,Indonesia: Earthquake - Aug 2026
Colombia,Earthquake,Aug 2026,Colombia: Earthquake - Aug 2026
Myanmar,Floods,Jul 2026,Myanmar: Floods - Jul 2026
Afghanistan,Flash Floods,Jul 2026,Afghanistan: Flash Floods - Jul 2026
India,Flash Floods,Jul 2026,India: Flash Floods - Jul 2026
Kyrgyzstan,Flash Floods,Jul 2026,Kyrgyzstan: Flash Floods - Jul 2026
Tajikistan,Floods,Jul 2026,Tajikistan: Floods - Jul 2026
Bangladesh,Flash Floods,Jul 2026,Bangladesh: Flash Floods - Jul 2026
Georgia,Floods,Jun 2026,Georgia: Floods - Jun 2026
Central African Republic,Cholera Outbreak,Jun 2026,Central African Republic: Cholera Outbreak - Jun 2026
Venezuela,Earthquakes,Jun 2026,Venezuela: Earthquakes - Jun 2026
Chad,Cholera Outbreak,Jun 2026,Chad: Cholera Outbreak - Jun 2026
Philippines,Earthquake and Tsunami,Jun 2026,Philippines: Earthquake and Tsunami - Jun 2026
Armenia,Hailstorm,Jun 2026,Armenia: Hailstorm - Jun 2026
Syria,Floods,May 2026,Syria: Floods - May 2026
Central/Eastern Africa,Ebola Outbreak,May 2026,Central/Eastern Africa: Ebola Outbreak - May 2026
Sri Lanka,Dengue Outbreak,May 2026,Sri Lanka: Dengue Outbreak - May 2026
Dominican Republic,Floods,Apr 2026,Dominican Republic: Floods - Apr 2026
Yemen,Floods,Mar 2026,Yemen: Floods - Mar 2026
Tanzania,Floods and Landslides,Mar 2026,Tanzania: Floods and Landslides - Mar 2026
Liberia,Windstorms,Mar 2026,Liberia: Windstorms - Mar 2026
Botswana,Floods,Mar 2026,Botswana: Floods - Mar 2026
Ethiopia,Floods and Landslides,Mar 2026,Ethiopia: Floods and Landslides - Mar 2026
Kenya,Floods,Mar 2026,Kenya: Floods - Mar 2026
Suriname,Chikungunya Virus Outbreak,Mar 2026,Suriname: Chikungunya Virus Outbreak - Mar 2026
Brazil,Floods,Feb 2026,Brazil: Floods - Feb 2026
Peru,Floods and Landslides,Feb 2026,Peru: Floods and Landslides - Feb 2026
Angola,Floods,Feb 2026,Angola: Floods - Feb 2026
Zambia,Cholera Outbreak,Feb 2026,Zambia: Cholera Outbreak - Feb 2026
Cameroon,Fires,Feb 2026,Cameroon: Fires - Feb 2026
Somalia,Dengue Outbreak,Feb 2026,Somalia: Dengue Outbreak - Feb 2026
Rwanda,Flash Floods,Jan 2026,Rwanda: Flash Floods - Jan 2026
Algeria,Floods,Jan 2026,Algeria: Floods - Jan 2026
Argentina,Landslides,Jan 2026,Argentina: Landslides - Jan 2026
South Africa,Floods,Jan 2026,South Africa: Floods - Jan 2026
North Macedonia,Floods,Jan 2026,North Macedonia: Floods - Jan 2026
Malawi,Floods,Jan 2026,Malawi: Floods - Jan 2026
Serbia,Cold Wave,Jan 2026,Serbia: Cold Wave - Jan 2026
Guatemala,Measles Outbreak,Jan 2026,Guatemala: Measles Outbreak - Jan 2026
Ecuador,Floods,Jan 2026,Ecuador: Floods - Jan 2026
Zimbabwe,Floods,Jan 2026,Zimbabwe: Floods - Jan 2026
Mozambique,Floods,Dec 2025,Mozambique: Floods - Dec 2025
Chile,Wild Fires,Dec 2025,Chile: Wild Fires - Dec 2025
Gabon,Windstorms,Dec 2025,Gabon: Windstorms - Dec 2025
Morocco,Floods,Dec 2025,Morocco: Floods - Dec 2025
Bolivia,Floods,Dec 2025,Bolivia: Floods - Dec 2025
Congo,Floods,Nov 2025,Congo: Floods - Nov 2025
Cuba,Arboviral Outbreak,Oct 2025,Cuba: Arboviral Outbreak - Oct 2025
Egypt,Floods,Oct 2025,Egypt: Floods - Oct 2025
Cabo Verde,Flash Floods,Aug 2025,Cabo Verde: Flash Floods - Aug 2025
South Sudan,Floods,Jul 2025,South Sudan: Floods - Jul 2025
Sudan,Floods,Jul 2025,Sudan: Floods - Jul 2025
Honduras,Floods,Jun 2025,Honduras: Floods - Jun 2025
Panama,River Pollution,Jun 2025,Panama: River Pollution - Jun 2025
Côte d'Ivoire,Cholera Outbreak,Jun 2025,Côte d'Ivoire: Cholera Outbreak - Jun 2025
Pacific,Dengue Outbreak,2025,Pacific: Dengue Outbreak - 2025-2026
Ghana,Cholera Outbreak,Oct 2024,Ghana: Cholera Outbreak - Oct 2024
Namibia,Drought,May 2024,Namibia: Drought - May 2024
Niger,Diphtheria Outbreak,Oct 2023,Niger: Diphtheria Outbreak - Oct 2023
Nigeria,Lassa Fever Outbreak,Jan 2023,Nigeria: Lassa Fever Outbreak - Jan 2023
Burundi,Cholera Outbreak,Jan 2023,Burundi: Cholera Outbreak - Jan 2023
Solomon Islands,Earthquake,Dec 2016,Solomon Islands: Earthquake - Dec 2016
Indonesia,Earthquake,Dec 2016,Indonesia: Earthquake - Dec 2016
South America,Floods and Landslides,Dec 2016,South America: Floods and Landslides - Dec 2016
Saint Vincent and the Grenadines,Floods,Nov 2016,Saint Vincent and the Grenadines: Floods - Nov 2016
DR Congo,Floods,Nov 2016,DR Congo: Floods - Nov 2016
Serbia,Floods,Nov 2016,Serbia: Floods - Nov 2016
Albania,Floods,Nov 2016,Albania: Floods - Nov 2016
Chile,Wild Fires,Nov 2016,Chile: Wild Fires - Nov 2016
Dominican Republic,Floods and Landslides,Nov 2016,Dominican Republic: Floods and Landslides - Nov 2016
Egypt,Floods,Oct 2016,Egypt: Floods - Oct 2016
Ghana,Cholera Outbreak,Oct 2016,Ghana: Cholera Outbreak - Oct 2016
Pacific,Dengue Outbreak,Oct 2016,Pacific: Dengue Outbreak - Oct 2016
Yemen,Cholera Outbreak,Oct 2016,Yemen: Cholera Outbreak - Oct 2016
Nigeria,Measles Outbreak,Oct 2016,Nigeria: Measles Outbreak - Oct 2016
Niger,Rift Valley Fever Outbreak,Sep 2016,Niger: Rift Valley Fever Outbreak - Sep 2016
Sri Lanka,Drought,2016,Sri Lanka: Drought - 2016-2017
Indonesia,Earthquake,Aug 2026,Indonesia: Earthquake - Aug 2026
Colombia,Earthquake,Aug 2026,Colombia: Earthquake - Aug 2026
Myanmar,Floods,Jul 2026,Myanmar: Floods - Jul 2026
Afghanistan,Flash Floods,Jul 2026,Afghanistan: Flash Floods - Jul 2026
India,Flash Floods,Jul 2026,India: Flash Floods - Jul 2026
Kyrgyzstan,Flash Floods,Jul 2026,Kyrgyzstan: Flash Floods - Jul 2026
Tajikistan,Floods,Jul 2026,Tajikistan: Floods - Jul 2026
Bangladesh,Flash Floods,Jul 2026,Bangladesh: Flash Floods - Jul 2026
Georgia,Floods,Jun 2026,Georgia: Floods - Jun 2026
Central African Republic,Cholera Outbreak,Jun 2026,Central African Republic: Cholera Outbreak - Jun 2026
Venezuela,Earthquakes,Jun 2026,Venezuela: Earthquakes - Jun 2026
Chad,Cholera Outbreak,Jun 2026,Chad: Cholera Outbreak - Jun 2026
Philippines,Earthquake and Tsunami,Jun 2026,Philippines: Earthquake and Tsunami - Jun 2026
Armenia,Hailstorm,Jun 2026,Armenia: Hailstorm - Jun 2026
Syria,Floods,May 2026,Syria: Floods - May 2026
Central/Eastern Africa,Ebola Outbreak,May 2026,Central/Eastern Africa: Ebola Outbreak - May 2026
Sri Lanka,Dengue Outbreak,May 2026,Sri Lanka: Dengue Outbreak - May 2026
Dominican Republic,Floods,Apr 2026,Dominican Republic: Floods - Apr 2026
Yemen,Floods,Mar 2026,Yemen: Floods - Mar 2026
Tanzania,Floods and Landslides,Mar 2026,Tanzania: Floods and Landslides - Mar 2026
Liberia,Windstorms,Mar 2026,Liberia: Windstorms - Mar 2026
Botswana,Floods,Mar 2026,Botswana: Floods - Mar 2026
Ethiopia,Floods and Landslides,Mar 2026,Ethiopia: Floods and Landslides - Mar 2026
Kenya,Floods,Mar 2026,Kenya: Floods - Mar 2026
Suriname,Chikungunya Virus Outbreak,Mar 2026,Suriname: Chikungunya Virus Outbreak - Mar 2026
Brazil,Floods,Feb 2026,Brazil: Floods - Feb 2026
Peru,Floods and Landslides,Feb 2026,Peru: Floods and Landslides - Feb 2026
Angola,Floods,Feb 2026,Angola: Floods - Feb 2026
Zambia,Cholera Outbreak,Feb 2026,Zambia: Cholera Outbreak - Feb 2026
Cameroon,Fires,Feb 2026,Cameroon: Fires - Feb 2026
Somalia,Dengue Outbreak,Feb 2026,Somalia: Dengue Outbreak - Feb 2026
Rwanda,Flash Floods,Jan 2026,Rwanda: Flash Floods - Jan 2026
Algeria,Floods,Jan 2026,Algeria: Floods - Jan 2026
Argentina,Landslides,Jan 2026,Argentina: Landslides - Jan 2026
South Africa,Floods,Jan 2026,South Africa: Floods - Jan 2026
North Macedonia,Floods,Jan 2026,North Macedonia: Floods - Jan 2026
Malawi,Floods,Jan 2026,Malawi: Floods - Jan 2026
Serbia,Cold Wave,Jan 2026,Serbia: Cold Wave - Jan 2026
Guatemala,Measles Outbreak,Jan 2026,Guatemala: Measles Outbreak - Jan 2026
Ecuador,Floods,Jan 2026,Ecuador: Floods - Jan 2026
Zimbabwe,Floods,Jan 2026,Zimbabwe: Floods - Jan 2026
Mozambique,Floods,Dec 2025,Mozambique: Floods - Dec 2025
Chile,Wild Fires,Dec 2025,Chile: Wild Fires - Dec 2025
Gabon,Windstorms,Dec 2025,Gabon: Windstorms - Dec 2025
Morocco,Floods,Dec 2025,Morocco: Floods - Dec 2025
Bolivia,Floods,Dec 2025,Bolivia: Floods - Dec 2025
Congo,Floods,Nov 2025,Congo: Floods - Nov 2025
Cuba,Arboviral Outbreak,Oct 2025,Cuba: Arboviral Outbreak - Oct 2025
Egypt,Floods,Oct 2025,Egypt: Floods - Oct 2025
Cabo Verde,Flash Floods,Aug 2025,Cabo Verde: Flash Floods - Aug 2025
South Sudan,Floods,Jul 2025,South Sudan: Floods - Jul 2025
Sudan,Floods,Jul 2025,Sudan: Floods - Jul 2025
Honduras,Floods,Jun 2025,Honduras: Floods - Jun 2025
Panama,River Pollution,Jun 2025,Panama: River Pollution - Jun 2025
Côte d'Ivoire,Cholera Outbreak,Jun 2025,Côte d'Ivoire: Cholera Outbreak - Jun 2025
Pacific,Dengue Outbreak,2025,Pacific: Dengue Outbreak - 2025-2026
Ghana,Cholera Outbreak,Oct 2024,Ghana: Cholera Outbreak - Oct 2024
Namibia,Drought,May 2024,Namibia: Drought - May 2024
Niger,Diphtheria Outbreak,Oct 2023,Niger: Diphtheria Outbreak - Oct 2023
Nigeria,Lassa Fever Outbreak,Jan 2023,Nigeria: Lassa Fever Outbreak - Jan 2023
Burundi,Cholera Outbreak,Jan 2023,Burundi: Cholera Outbreak - Jan 2023
Benin,Cholera Outbreak,Sep 2016,Benin: Cholera Outbreak - Sep 2016
Tanzania,Earthquake,Sept 2016,Tanzania: Earthquake - Sept 2016
Senegal,Floods,Sep 2016,Senegal: Floods - Sep 2016
Chad,Hepatitis E Outbreak,Sep 2016,Chad: Hepatitis E Outbreak - Sep 2016
DPR Korea,Floods,Aug 2016,DPR Korea: Floods - Aug 2016
Nigeria,Polio Outbreak,Aug 2016,Nigeria: Polio Outbreak - Aug 2016
Peru,Earthquake,Aug 2016,Peru: Earthquake - Aug 2016
Lao PDR,Floods,Aug 2016,Lao PDR: Floods - Aug 2016
Central African Republic,Cholera Outbreak,Aug 2016,Central African Republic: Cholera Outbreak - Aug 2016
Philippines,Floods and Landslides,Aug 2016,Philippines: Floods and Landslides - Aug 2016
FYR Macedonia,Flash Floods,Aug 2016,FYR Macedonia: Flash Floods - Aug 2016
Viet Nam,Floods and Landslides,Aug 2016,Viet Nam: Floods and Landslides - Aug 2016
Burundi,Cholera Outbreak,Jul 2016,Burundi: Cholera Outbreak - Jul 2016
Niger,Floods,Jul 2016,Niger: Floods - Jul 2016
Senegal,Floods,Jul 2016,Senegal: Floods - Jul 2016
Burkina Faso,Floods,Jul 2016,Burkina Faso: Floods - Jul 2016
Mali,Floods,Jul 2016,Mali: Floods - Jul 2016
South Sudan,Cholera Outbreak,Jul 2016,South Sudan: Cholera Outbreak - Jul 2016
Nepal,Floods and Landslides,Jul 2016,Nepal: Floods and Landslides - Jul 2016
Indonesia,Earthquake,Aug 2026,Indonesia: Earthquake - Aug 2026
Colombia,Earthquake,Aug 2026,Colombia: Earthquake - Aug 2026
Myanmar,Floods,Jul 2026,Myanmar: Floods - Jul 2026
Afghanistan,Flash Floods,Jul 2026,Afghanistan: Flash Floods - Jul 2026
India,Flash Floods,Jul 2026,India: Flash Floods - Jul 2026
Kyrgyzstan,Flash Floods,Jul 2026,Kyrgyzstan: Flash Floods - Jul 2026
Tajikistan,Floods,Jul 2026,Tajikistan: Floods - Jul 2026
Bangladesh,Flash Floods,Jul 2026,Bangladesh: Flash Floods - Jul 2026
Georgia,Floods,Jun 2026,Georgia: Floods - Jun 2026
Central African Republic,Cholera Outbreak,Jun 2026,Central African Republic: Cholera Outbreak - Jun 2026
Venezuela,Earthquakes,Jun 2026,Venezuela: Earthquakes - Jun 2026
Chad,Cholera Outbreak,Jun 2026,Chad: Cholera Outbreak - Jun 2026
Philippines,Earthquake and Tsunami,Jun 2026,Philippines: Earthquake and Tsunami - Jun 2026
Armenia,Hailstorm,Jun 2026,Armenia: Hailstorm - Jun 2026
Syria,Floods,May 2026,Syria: Floods - May 2026
Central/Eastern Africa,Ebola Outbreak,May 2026,Central/Eastern Africa: Ebola Outbreak - May 2026
Sri Lanka,Dengue Outbreak,May 2026,Sri Lanka: Dengue Outbreak - May 2026
Dominican Republic,Floods,Apr 2026,Dominican Republic: Floods - Apr 2026
Yemen,Floods,Mar 2026,Yemen: Floods - Mar 2026
Tanzania,Floods and Landslides,Mar 2026,Tanzania: Floods and Landslides - Mar 2026
Liberia,Windstorms,Mar 2026,Liberia: Windstorms - Mar 2026
Botswana,Floods,Mar 2026,Botswana: Floods - Mar 2026
Ethiopia,Floods and Landslides,Mar 2026,Ethiopia: Floods and Landslides - Mar 2026
Kenya,Floods,Mar 2026,Kenya: Floods - Mar 2026
Suriname,Chikungunya Virus Outbreak,Mar 2026,Suriname: Chikungunya Virus Outbreak - Mar 2026
Brazil,Floods,Feb 2026,Brazil: Floods - Feb 2026
Peru,Floods and Landslides,Feb 2026,Peru: Floods and Landslides - Feb 2026
Angola,Floods,Feb 2026,Angola: Floods - Feb 2026
Zambia,Cholera Outbreak,Feb 2026,Zambia: Cholera Outbreak - Feb 2026
Cameroon,Fires,Feb 2026,Cameroon: Fires - Feb 2026
Somalia,Dengue Outbreak,Feb 2026,Somalia: Dengue Outbreak - Feb 2026
Rwanda,Flash Floods,Jan 2026,Rwanda: Flash Floods - Jan 2026
Algeria,Floods,Jan 2026,Algeria: Floods - Jan 2026
Argentina,Landslides,Jan 2026,Argentina: Landslides - Jan 2026
South Africa,Floods,Jan 2026,South Africa: Floods - Jan 2026
North Macedonia,Floods,Jan 2026,North Macedonia: Floods - Jan 2026
Malawi,Floods,Jan 2026,Malawi: Floods - Jan 2026
Serbia,Cold Wave,Jan 2026,Serbia: Cold Wave - Jan 2026
Guatemala,Measles Outbreak,Jan 2026,Guatemala: Measles Outbreak - Jan 2026
Ecuador,Floods,Jan 2026,Ecuador: Floods - Jan 2026
Zimbabwe,Floods,Jan 2026,Zimbabwe: Floods - Jan 2026
Mozambique,Floods,Dec 2025,Mozambique: Floods - Dec 2025
Chile,Wild Fires,Dec 2025,Chile: Wild Fires - Dec 2025
Gabon,Windstorms,Dec 2025,Gabon: Windstorms - Dec 2025
Morocco,Floods,Dec 2025,Morocco: Floods - Dec 2025
Bolivia,Floods,Dec 2025,Bolivia: Floods - Dec 2025
Congo,Floods,Nov 2025,Congo: Floods - Nov 2025
Cuba,Arboviral Outbreak,Oct 2025,Cuba: Arboviral Outbreak - Oct 2025
Egypt,Floods,Oct 2025,Egypt: Floods - Oct 2025
Cabo Verde,Flash Floods,Aug 2025,Cabo Verde: Flash Floods - Aug 2025
South Sudan,Floods,Jul 2025,South Sudan: Floods - Jul 2025
Sudan,Floods,Jul 2025,Sudan: Floods - Jul 2025
Honduras,Floods,Jun 2025,Honduras: Floods - Jun 2025
Panama,River Pollution,Jun 2025,Panama: River Pollution - Jun 2025
Côte d'Ivoire,Cholera Outbreak,Jun 2025,Côte d'Ivoire: Cholera Outbreak - Jun 2025
Pacific,Dengue Outbreak,2025,Pacific: Dengue Outbreak - 2025-2026
Ghana,Cholera Outbreak,Oct 2024,Ghana: Cholera Outbreak - Oct 2024
Namibia,Drought,May 2024,Namibia: Drought - May 2024
Niger,Diphtheria Outbreak,Oct 2023,Niger: Diphtheria Outbreak - Oct 2023
Nigeria,Lassa Fever Outbreak,Jan 2023,Nigeria: Lassa Fever Outbreak - Jan 2023
Burundi,Cholera Outbreak,Jan 2023,Burundi: Cholera Outbreak - Jan 2023
Bangladesh,Floods and Landslides,Jul 2016,Bangladesh: Floods and Landslides - Jul 2016
Liberia,Floods,Jun 2016,Liberia: Floods - Jun 2016
Ethiopia,Acute Watery Diarrhoea (AWD) Outbreak,May 2016,Ethiopia: Acute Watery Diarrhoea (AWD) Outbreak - May 2016
Sudan,Floods,Jun 2016,Sudan: Floods - Jun 2016
India,Floods,Jun 2016,India: Floods - Jun 2016
Myanmar,Floods,Jun 2016,Myanmar: Floods - Jun 2016
China,Floods and Landslides,Jun 2016,China: Floods and Landslides - Jun 2016
Russian Federation,Floods and Landslides,Jun 2016,Russian Federation: Floods and Landslides - Jun 2016
Pakistan,Floods and Landslides,Jun 2016,Pakistan: Floods and Landslides - Jun 2016
Central America,Floods and Landslides,Jun 2016,Central America: Floods and Landslides - Jun 2016
Sri Lanka,Floods and Landslides,May 2016,Sri Lanka: Floods and Landslides - May 2016
Indonesia,Floods and Landslides,May 2016,Indonesia: Floods and Landslides - May 2016
Tajikistan,Floods and Mudslides,May 2016,Tajikistan: Floods and Mudslides - May 2016
Haiti,Floods,Apr 2016,Haiti: Floods - Apr 2016
Somalia,Floods,May 2016,Somalia: Floods - May 2016
Kenya,Floods,Apr 2016,Kenya: Floods - Apr 2016
Somalia,Cholera Outbreak,2016,Somalia: Cholera Outbreak - 2016-2026
Ecuador,Earthquake,Apr 2016,Ecuador: Earthquake - Apr 2016
Yemen,Flash Floods,Apr 2016,Yemen: Flash Floods - Apr 2016
Indonesia,Earthquake,Aug 2026,Indonesia: Earthquake - Aug 2026
Colombia,Earthquake,Aug 2026,Colombia: Earthquake - Aug 2026
Myanmar,Floods,Jul 2026,Myanmar: Floods - Jul 2026
Afghanistan,Flash Floods,Jul 2026,Afghanistan: Flash Floods - Jul 2026
India,Flash Floods,Jul 2026,India: Flash Floods - Jul 2026
Kyrgyzstan,Flash Floods,Jul 2026,Kyrgyzstan: Flash Floods - Jul 2026
Tajikistan,Floods,Jul 2026,Tajikistan: Floods - Jul 2026
Bangladesh,Flash Floods,Jul 2026,Bangladesh: Flash Floods - Jul 2026
Georgia,Floods,Jun 2026,Georgia: Floods - Jun 2026
Central African Republic,Cholera Outbreak,Jun 2026,Central African Republic: Cholera Outbreak - Jun 2026
Venezuela,Earthquakes,Jun 2026,Venezuela: Earthquakes - Jun 2026
Chad,Cholera Outbreak,Jun 2026,Chad: Cholera Outbreak - Jun 2026
Philippines,Earthquake and Tsunami,Jun 2026,Philippines: Earthquake and Tsunami - Jun 2026
Armenia,Hailstorm,Jun 2026,Armenia: Hailstorm - Jun 2026
Syria,Floods,May 2026,Syria: Floods - May 2026
Central/Eastern Africa,Ebola Outbreak,May 2026,Central/Eastern Africa: Ebola Outbreak - May 2026
Sri Lanka,Dengue Outbreak,May 2026,Sri Lanka: Dengue Outbreak - May 2026
Dominican Republic,Floods,Apr 2026,Dominican Republic: Floods - Apr 2026
Yemen,Floods,Mar 2026,Yemen: Floods - Mar 2026
Tanzania,Floods and Landslides,Mar 2026,Tanzania: Floods and Landslides - Mar 2026
Liberia,Windstorms,Mar 2026,Liberia: Windstorms - Mar 2026
Botswana,Floods,Mar 2026,Botswana: Floods - Mar 2026
Ethiopia,Floods and Landslides,Mar 2026,Ethiopia: Floods and Landslides - Mar 2026
Kenya,Floods,Mar 2026,Kenya: Floods - Mar 2026
Suriname,Chikungunya Virus Outbreak,Mar 2026,Suriname: Chikungunya Virus Outbreak - Mar 2026
Brazil,Floods,Feb 2026,Brazil: Floods - Feb 2026
Peru,Floods and Landslides,Feb 2026,Peru: Floods and Landslides - Feb 2026
Angola,Floods,Feb 2026,Angola: Floods - Feb 2026
Zambia,Cholera Outbreak,Feb 2026,Zambia: Cholera Outbreak - Feb 2026
Cameroon,Fires,Feb 2026,Cameroon: Fires - Feb 2026
Somalia,Dengue Outbreak,Feb 2026,Somalia: Dengue Outbreak - Feb 2026
Rwanda,Flash Floods,Jan 2026,Rwanda: Flash Floods - Jan 2026
Algeria,Floods,Jan 2026,Algeria: Floods - Jan 2026
Argentina,Landslides,Jan 2026,Argentina: Landslides - Jan 2026
South Africa,Floods,Jan 2026,South Africa: Floods - Jan 2026
North Macedonia,Floods,Jan 2026,North Macedonia: Floods - Jan 2026
Malawi,Floods,Jan 2026,Malawi: Floods - Jan 2026
Serbia,Cold Wave,Jan 2026,Serbia: Cold Wave - Jan 2026
Guatemala,Measles Outbreak,Jan 2026,Guatemala: Measles Outbreak - Jan 2026
Ecuador,Floods,Jan 2026,Ecuador: Floods - Jan 2026
Zimbabwe,Floods,Jan 2026,Zimbabwe: Floods - Jan 2026
Mozambique,Floods,Dec 2025,Mozambique: Floods - Dec 2025
Chile,Wild Fires,Dec 2025,Chile: Wild Fires - Dec 2025
Gabon,Windstorms,Dec 2025,Gabon: Windstorms - Dec 2025
Morocco,Floods,Dec 2025,Morocco: Floods - Dec 2025
Bolivia,Floods,Dec 2025,Bolivia: Floods - Dec 2025
Congo,Floods,Nov 2025,Congo: Floods - Nov 2025
Cuba,Arboviral Outbreak,Oct 2025,Cuba: Arboviral Outbreak - Oct 2025
Egypt,Floods,Oct 2025,Egypt: Floods - Oct 2025
Cabo Verde,Flash Floods,Aug 2025,Cabo Verde: Flash Floods - Aug 2025
South Sudan,Floods,Jul 2025,South Sudan: Floods - Jul 2025
Sudan,Floods,Jul 2025,Sudan: Floods - Jul 2025
Honduras,Floods,Jun 2025,Honduras: Floods - Jun 2025
Panama,River Pollution,Jun 2025,Panama: River Pollution - Jun 2025
Côte d'Ivoire,Cholera Outbreak,Jun 2025,Côte d'Ivoire: Cholera Outbreak - Jun 2025
Pacific,Dengue Outbreak,2025,Pacific: Dengue Outbreak - 2025-2026
Ghana,Cholera Outbreak,Oct 2024,Ghana: Cholera Outbreak - Oct 2024
Namibia,Drought,May 2024,Namibia: Drought - May 2024
Niger,Diphtheria Outbreak,Oct 2023,Niger: Diphtheria Outbreak - Oct 2023
Nigeria,Lassa Fever Outbreak,Jan 2023,Nigeria: Lassa Fever Outbreak - Jan 2023
Burundi,Cholera Outbreak,Jan 2023,Burundi: Cholera Outbreak - Jan 2023
Uganda,Yellow Fever Outbreak,Apr 2016,Uganda: Yellow Fever Outbreak - Apr 2016
Ethiopia,Floods,Apr 2016,Ethiopia: Floods - Apr 2016
Pakistan,Floods and Landslides,Mar 2016,Pakistan: Floods and Landslides - Mar 2016
Serbia,Floods,Mar 2016,Serbia: Floods - Mar 2016
Niger,Meningitis Outbreak,Mar 2016,Niger: Meningitis Outbreak - Mar 2016
Morocco,Cold Wave,Feb 2016,Morocco: Cold Wave - Feb 2016
Papua New Guinea,Floods,Feb 2016,Papua New Guinea: Floods - Feb 2016
Taiwan (China),Earthquake,Feb 2016,Taiwan (China): Earthquake - Feb 2016
Zambia,Cholera Outbreak,Feb 2016,Zambia: Cholera Outbreak - Feb 2016
Togo,Meningitis Outbreak,Feb 2016,Togo: Meningitis Outbreak - Feb 2016
Haiti,Floods,Jan 2016,Haiti: Floods - Jan 2016
Tanzania,Floods,Jan 2016,Tanzania: Floods - Jan 2016
Angola/DR Congo,Yellow Fever Outbreak,Jan 2016,Angola/DR Congo: Yellow Fever Outbreak - Jan 2016
Benin/Nigeria/Togo,Lassa Fever Outbreak,Jan 2016,Benin/Nigeria/Togo: Lassa Fever Outbreak - Jan 2016
Mongolia,Dzud,Jan 2016,Mongolia: Dzud - Jan 2016
Malawi,Cholera Outbreak,Dec 2015,Malawi: Cholera Outbreak - Dec 2015
Central African Republic,Monkey Pox Outbreak,Dec 2015,Central African Republic: Monkey Pox Outbreak - Dec 2015
Indonesia,Earthquake,Aug 2026,Indonesia: Earthquake - Aug 2026
Colombia,Earthquake,Aug 2026,Colombia: Earthquake - Aug 2026
Myanmar,Floods,Jul 2026,Myanmar: Floods - Jul 2026
Afghanistan,Flash Floods,Jul 2026,Afghanistan: Flash Floods - Jul 2026
India,Flash Floods,Jul 2026,India: Flash Floods - Jul 2026
Kyrgyzstan,Flash Floods,Jul 2026,Kyrgyzstan: Flash Floods - Jul 2026
Tajikistan,Floods,Jul 2026,Tajikistan: Floods - Jul 2026
Bangladesh,Flash Floods,Jul 2026,Bangladesh: Flash Floods - Jul 2026
Georgia,Floods,Jun 2026,Georgia: Floods - Jun 2026
Central African Republic,Cholera Outbreak,Jun 2026,Central African Republic: Cholera Outbreak - Jun 2026
Venezuela,Earthquakes,Jun 2026,Venezuela: Earthquakes - Jun 2026
Chad,Cholera Outbreak,Jun 2026,Chad: Cholera Outbreak - Jun 2026
Philippines,Earthquake and Tsunami,Jun 2026,Philippines: Earthquake and Tsunami - Jun 2026
Armenia,Hailstorm,Jun 2026,Armenia: Hailstorm - Jun 2026
Syria,Floods,May 2026,Syria: Floods - May 2026
Central/Eastern Africa,Ebola Outbreak,May 2026,Central/Eastern Africa: Ebola Outbreak - May 2026
Sri Lanka,Dengue Outbreak,May 2026,Sri Lanka: Dengue Outbreak - May 2026
Dominican Republic,Floods,Apr 2026,Dominican Republic: Floods - Apr 2026
Yemen,Floods,Mar 2026,Yemen: Floods - Mar 2026
Tanzania,Floods and Landslides,Mar 2026,Tanzania: Floods and Landslides - Mar 2026
Liberia,Windstorms,Mar 2026,Liberia: Windstorms - Mar 2026
Botswana,Floods,Mar 2026,Botswana: Floods - Mar 2026
Ethiopia,Floods and Landslides,Mar 2026,Ethiopia: Floods and Landslides - Mar 2026
Kenya,Floods,Mar 2026,Kenya: Floods - Mar 2026
Suriname,Chikungunya Virus Outbreak,Mar 2026,Suriname: Chikungunya Virus Outbreak - Mar 2026
Brazil,Floods,Feb 2026,Brazil: Floods - Feb 2026
Peru,Floods and Landslides,Feb 2026,Peru: Floods and Landslides - Feb 2026
Angola,Floods,Feb 2026,Angola: Floods - Feb 2026
Zambia,Cholera Outbreak,Feb 2026,Zambia: Cholera Outbreak - Feb 2026
Cameroon,Fires,Feb 2026,Cameroon: Fires - Feb 2026
Somalia,Dengue Outbreak,Feb 2026,Somalia: Dengue Outbreak - Feb 2026
Rwanda,Flash Floods,Jan 2026,Rwanda: Flash Floods - Jan 2026
Algeria,Floods,Jan 2026,Algeria: Floods - Jan 2026
Argentina,Landslides,Jan 2026,Argentina: Landslides - Jan 2026
South Africa,Floods,Jan 2026,South Africa: Floods - Jan 2026
North Macedonia,Floods,Jan 2026,North Macedonia: Floods - Jan 2026
Malawi,Floods,Jan 2026,Malawi: Floods - Jan 2026
Serbia,Cold Wave,Jan 2026,Serbia: Cold Wave - Jan 2026
Guatemala,Measles Outbreak,Jan 2026,Guatemala: Measles Outbreak - Jan 2026
Ecuador,Floods,Jan 2026,Ecuador: Floods - Jan 2026
Zimbabwe,Floods,Jan 2026,Zimbabwe: Floods - Jan 2026
Mozambique,Floods,Dec 2025,Mozambique: Floods - Dec 2025
Chile,Wild Fires,Dec 2025,Chile: Wild Fires - Dec 2025
Gabon,Windstorms,Dec 2025,Gabon: Windstorms - Dec 2025
Morocco,Floods,Dec 2025,Morocco: Floods - Dec 2025
Bolivia,Floods,Dec 2025,Bolivia: Floods - Dec 2025
Congo,Floods,Nov 2025,Congo: Floods - Nov 2025
Cuba,Arboviral Outbreak,Oct 2025,Cuba: Arboviral Outbreak - Oct 2025
Egypt,Floods,Oct 2025,Egypt: Floods - Oct 2025
Cabo Verde,Flash Floods,Aug 2025,Cabo Verde: Flash Floods - Aug 2025
South Sudan,Floods,Jul 2025,South Sudan: Floods - Jul 2025
Sudan,Floods,Jul 2025,Sudan: Floods - Jul 2025
Honduras,Floods,Jun 2025,Honduras: Floods - Jun 2025
Panama,River Pollution,Jun 2025,Panama: River Pollution - Jun 2025
Côte d'Ivoire,Cholera Outbreak,Jun 2025,Côte d'Ivoire: Cholera Outbreak - Jun 2025
Pacific,Dengue Outbreak,2025,Pacific: Dengue Outbreak - 2025-2026
Ghana,Cholera Outbreak,Oct 2024,Ghana: Cholera Outbreak - Oct 2024
Namibia,Drought,May 2024,Namibia: Drought - May 2024
Niger,Diphtheria Outbreak,Oct 2023,Niger: Diphtheria Outbreak - Oct 2023
Nigeria,Lassa Fever Outbreak,Jan 2023,Nigeria: Lassa Fever Outbreak - Jan 2023
Burundi,Cholera Outbreak,Jan 2023,Burundi: Cholera Outbreak - Jan 2023
Tajikistan,Earthquake,Dec 2015,Tajikistan: Earthquake - Dec 2015
South America,Floods and Landslides,Nov 2015,South America: Floods and Landslides - Nov 2015-Dec 2016
Kyrgyzstan,Earthquake,Nov 2015,Kyrgyzstan: Earthquake - Nov 2015
Cameroon,Measles and Cholera Outbreaks,Nov 2015,Cameroon: Measles and Cholera Outbreaks - Nov 2015
Indonesia,Floods and Landslides,Nov 2015,Indonesia: Floods and Landslides - Nov 2015
Kenya,Floods,Nov 2015,Kenya: Floods - Nov 2015
DR Congo,Floods,Nov 2015,DR Congo: Floods - Nov 2015
Burundi,Floods,Nov 2015,Burundi: Floods - Nov 2015
South America,Drought,2015,South America: Drought - 2015-2017
Iraq,Floods,Oct 2015,Iraq: Floods - Oct 2015
Ethiopia,Floods,Oct 2015,Ethiopia: Floods - Oct 2015
Afghanistan/Pakistan,Earthquake,Oct 2015,Afghanistan/Pakistan: Earthquake - Oct 2015
Algeria,Floods,Oct 2015,Algeria: Floods - Oct 2015
Somalia,Floods,Oct 2015,Somalia: Floods - Oct 2015
Belize,Floods,Oct 2015,Belize: Floods - Oct 2015
Guatemala,Floods and Landslides,Oct 2015,Guatemala: Floods and Landslides - Oct 2015
Indonesia,Earthquake,Aug 2026,Indonesia: Earthquake - Aug 2026
Colombia,Earthquake,Aug 2026,Colombia: Earthquake - Aug 2026
Myanmar,Floods,Jul 2026,Myanmar: Floods - Jul 2026
Afghanistan,Flash Floods,Jul 2026,Afghanistan: Flash Floods - Jul 2026
India,Flash Floods,Jul 2026,India: Flash Floods - Jul 2026
Kyrgyzstan,Flash Floods,Jul 2026,Kyrgyzstan: Flash Floods - Jul 2026
Tajikistan,Floods,Jul 2026,Tajikistan: Floods - Jul 2026
Bangladesh,Flash Floods,Jul 2026,Bangladesh: Flash Floods - Jul 2026
Georgia,Floods,Jun 2026,Georgia: Floods - Jun 2026
Central African Republic,Cholera Outbreak,Jun 2026,Central African Republic: Cholera Outbreak - Jun 2026
Venezuela,Earthquakes,Jun 2026,Venezuela: Earthquakes - Jun 2026
Chad,Cholera Outbreak,Jun 2026,Chad: Cholera Outbreak - Jun 2026
Philippines,Earthquake and Tsunami,Jun 2026,Philippines: Earthquake and Tsunami - Jun 2026
Armenia,Hailstorm,Jun 2026,Armenia: Hailstorm - Jun 2026
Syria,Floods,May 2026,Syria: Floods - May 2026
Central/Eastern Africa,Ebola Outbreak,May 2026,Central/Eastern Africa: Ebola Outbreak - May 2026
Sri Lanka,Dengue Outbreak,May 2026,Sri Lanka: Dengue Outbreak - May 2026
Dominican Republic,Floods,Apr 2026,Dominican Republic: Floods - Apr 2026
Yemen,Floods,Mar 2026,Yemen: Floods - Mar 2026
Tanzania,Floods and Landslides,Mar 2026,Tanzania: Floods and Landslides - Mar 2026
Liberia,Windstorms,Mar 2026,Liberia: Windstorms - Mar 2026
Botswana,Floods,Mar 2026,Botswana: Floods - Mar 2026
Ethiopia,Floods and Landslides,Mar 2026,Ethiopia: Floods and Landslides - Mar 2026
Kenya,Floods,Mar 2026,Kenya: Floods - Mar 2026
Suriname,Chikungunya Virus Outbreak,Mar 2026,Suriname: Chikungunya Virus Outbreak - Mar 2026
Brazil,Floods,Feb 2026,Brazil: Floods - Feb 2026
Peru,Floods and Landslides,Feb 2026,Peru: Floods and Landslides - Feb 2026
Angola,Floods,Feb 2026,Angola: Floods - Feb 2026
Zambia,Cholera Outbreak,Feb 2026,Zambia: Cholera Outbreak - Feb 2026
Cameroon,Fires,Feb 2026,Cameroon: Fires - Feb 2026
Somalia,Dengue Outbreak,Feb 2026,Somalia: Dengue Outbreak - Feb 2026
Rwanda,Flash Floods,Jan 2026,Rwanda: Flash Floods - Jan 2026
Algeria,Floods,Jan 2026,Algeria: Floods - Jan 2026
Argentina,Landslides,Jan 2026,Argentina: Landslides - Jan 2026
South Africa,Floods,Jan 2026,South Africa: Floods - Jan 2026
North Macedonia,Floods,Jan 2026,North Macedonia: Floods - Jan 2026
Malawi,Floods,Jan 2026,Malawi: Floods - Jan 2026
Serbia,Cold Wave,Jan 2026,Serbia: Cold Wave - Jan 2026
Guatemala,Measles Outbreak,Jan 2026,Guatemala: Measles Outbreak - Jan 2026
Ecuador,Floods,Jan 2026,Ecuador: Floods - Jan 2026
Zimbabwe,Floods,Jan 2026,Zimbabwe: Floods - Jan 2026
Mozambique,Floods,Dec 2025,Mozambique: Floods - Dec 2025
Chile,Wild Fires,Dec 2025,Chile: Wild Fires - Dec 2025
Gabon,Windstorms,Dec 2025,Gabon: Windstorms - Dec 2025
Morocco,Floods,Dec 2025,Morocco: Floods - Dec 2025
Bolivia,Floods,Dec 2025,Bolivia: Floods - Dec 2025
Congo,Floods,Nov 2025,Congo: Floods - Nov 2025
Cuba,Arboviral Outbreak,Oct 2025,Cuba: Arboviral Outbreak - Oct 2025
Egypt,Floods,Oct 2025,Egypt: Floods - Oct 2025
Cabo Verde,Flash Floods,Aug 2025,Cabo Verde: Flash Floods - Aug 2025
South Sudan,Floods,Jul 2025,South Sudan: Floods - Jul 2025
Sudan,Floods,Jul 2025,Sudan: Floods - Jul 2025
Honduras,Floods,Jun 2025,Honduras: Floods - Jun 2025
Panama,River Pollution,Jun 2025,Panama: River Pollution - Jun 2025
Côte d'Ivoire,Cholera Outbreak,Jun 2025,Côte d'Ivoire: Cholera Outbreak - Jun 2025
Pacific,Dengue Outbreak,2025,Pacific: Dengue Outbreak - 2025-2026
Ghana,Cholera Outbreak,Oct 2024,Ghana: Cholera Outbreak - Oct 2024
Namibia,Drought,May 2024,Namibia: Drought - May 2024
Niger,Diphtheria Outbreak,Oct 2023,Niger: Diphtheria Outbreak - Oct 2023
Nigeria,Lassa Fever Outbreak,Jan 2023,Nigeria: Lassa Fever Outbreak - Jan 2023
Burundi,Cholera Outbreak,Jan 2023,Burundi: Cholera Outbreak - Jan 2023
South Sudan,Food Insecurity,2015,South Sudan: Food Insecurity - 2015-2022
Sri Lanka,Floods and Landslides,Sep 2015,Sri Lanka: Floods and Landslides - Sep 2015
Chile,Earthquake,Sep 2015,Chile: Earthquake - Sep 2015
Iraq,Cholera Outbreak,Sep 2015,Iraq: Cholera Outbreak - Sep 2015
Sierra Leone,Floods,Sep 2015,Sierra Leone: Floods - Sep 2015
Pacific,Drought,2015,Pacific: Drought - 2015-2017
Nigeria,Floods,Aug 2015,Nigeria: Floods - Aug 2015
Niger,Floods,Jul 2015,Niger: Floods - Jul 2015
Peru,Cold Wave,Jul 2015,Peru: Cold Wave - Jul 2015
Papua New Guinea,Drought and Frost,Aug 2015,Papua New Guinea: Drought and Frost - Aug 2015
Burkina Faso,Floods,Aug 2015,Burkina Faso: Floods - Aug 2015
Argentina,Floods,Aug 2015,Argentina: Floods - Aug 2015
FYR Macedonia,Flash Floods and Mudslides,Aug 2015,FYR Macedonia: Flash Floods and Mudslides - Aug 2015
South-East Asia,Drought,2015,South-East Asia: Drought - 2015-2017
DPR Korea,Floods,Aug 2015,DPR Korea: Floods - Aug 2015
Guinea,Floods and Landslides,Jul 2015,Guinea: Floods and Landslides - Jul 2015
Brazil,Floods,Jul 2015,Brazil: Floods - Jul 2015
Iran,Flash Floods,Jul 2015,Iran: Flash Floods - Jul 2015
Indonesia,Earthquake,Aug 2026,Indonesia: Earthquake - Aug 2026
Colombia,Earthquake,Aug 2026,Colombia: Earthquake - Aug 2026
Myanmar,Floods,Jul 2026,Myanmar: Floods - Jul 2026
Afghanistan,Flash Floods,Jul 2026,Afghanistan: Flash Floods - Jul 2026
India,Flash Floods,Jul 2026,India: Flash Floods - Jul 2026
Kyrgyzstan,Flash Floods,Jul 2026,Kyrgyzstan: Flash Floods - Jul 2026
Tajikistan,Floods,Jul 2026,Tajikistan: Floods - Jul 2026
Bangladesh,Flash Floods,Jul 2026,Bangladesh: Flash Floods - Jul 2026
Georgia,Floods,Jun 2026,Georgia: Floods - Jun 2026
Central African Republic,Cholera Outbreak,Jun 2026,Central African Republic: Cholera Outbreak - Jun 2026
Venezuela,Earthquakes,Jun 2026,Venezuela: Earthquakes - Jun 2026
Chad,Cholera Outbreak,Jun 2026,Chad: Cholera Outbreak - Jun 2026
Philippines,Earthquake and Tsunami,Jun 2026,Philippines: Earthquake and Tsunami - Jun 2026
Armenia,Hailstorm,Jun 2026,Armenia: Hailstorm - Jun 2026
Syria,Floods,May 2026,Syria: Floods - May 2026
Central/Eastern Africa,Ebola Outbreak,May 2026,Central/Eastern Africa: Ebola Outbreak - May 2026
Sri Lanka,Dengue Outbreak,May 2026,Sri Lanka: Dengue Outbreak - May 2026
Dominican Republic,Floods,Apr 2026,Dominican Republic: Floods - Apr 2026
Yemen,Floods,Mar 2026,Yemen: Floods - Mar 2026
Tanzania,Floods and Landslides,Mar 2026,Tanzania: Floods and Landslides - Mar 2026
Liberia,Windstorms,Mar 2026,Liberia: Windstorms - Mar 2026
Botswana,Floods,Mar 2026,Botswana: Floods - Mar 2026
Ethiopia,Floods and Landslides,Mar 2026,Ethiopia: Floods and Landslides - Mar 2026
Kenya,Floods,Mar 2026,Kenya: Floods - Mar 2026
Suriname,Chikungunya Virus Outbreak,Mar 2026,Suriname: Chikungunya Virus Outbreak - Mar 2026
Brazil,Floods,Feb 2026,Brazil: Floods - Feb 2026
Peru,Floods and Landslides,Feb 2026,Peru: Floods and Landslides - Feb 2026
Angola,Floods,Feb 2026,Angola: Floods - Feb 2026
Zambia,Cholera Outbreak,Feb 2026,Zambia: Cholera Outbreak - Feb 2026
Cameroon,Fires,Feb 2026,Cameroon: Fires - Feb 2026
Somalia,Dengue Outbreak,Feb 2026,Somalia: Dengue Outbreak - Feb 2026
Rwanda,Flash Floods,Jan 2026,Rwanda: Flash Floods - Jan 2026
Algeria,Floods,Jan 2026,Algeria: Floods - Jan 2026
Argentina,Landslides,Jan 2026,Argentina: Landslides - Jan 2026
South Africa,Floods,Jan 2026,South Africa: Floods - Jan 2026
North Macedonia,Floods,Jan 2026,North Macedonia: Floods - Jan 2026
Malawi,Floods,Jan 2026,Malawi: Floods - Jan 2026
Serbia,Cold Wave,Jan 2026,Serbia: Cold Wave - Jan 2026
Guatemala,Measles Outbreak,Jan 2026,Guatemala: Measles Outbreak - Jan 2026
Ecuador,Floods,Jan 2026,Ecuador: Floods - Jan 2026
Zimbabwe,Floods,Jan 2026,Zimbabwe: Floods - Jan 2026
Mozambique,Floods,Dec 2025,Mozambique: Floods - Dec 2025
Chile,Wild Fires,Dec 2025,Chile: Wild Fires - Dec 2025
Gabon,Windstorms,Dec 2025,Gabon: Windstorms - Dec 2025
Morocco,Floods,Dec 2025,Morocco: Floods - Dec 2025
Bolivia,Floods,Dec 2025,Bolivia: Floods - Dec 2025
Congo,Floods,Nov 2025,Congo: Floods - Nov 2025
Cuba,Arboviral Outbreak,Oct 2025,Cuba: Arboviral Outbreak - Oct 2025
Egypt,Floods,Oct 2025,Egypt: Floods - Oct 2025
Cabo Verde,Flash Floods,Aug 2025,Cabo Verde: Flash Floods - Aug 2025
South Sudan,Floods,Jul 2025,South Sudan: Floods - Jul 2025
Sudan,Floods,Jul 2025,Sudan: Floods - Jul 2025
Honduras,Floods,Jun 2025,Honduras: Floods - Jun 2025
Panama,River Pollution,Jun 2025,Panama: River Pollution - Jun 2025
Côte d'Ivoire,Cholera Outbreak,Jun 2025,Côte d'Ivoire: Cholera Outbreak - Jun 2025
Pacific,Dengue Outbreak,2025,Pacific: Dengue Outbreak - 2025-2026
Ghana,Cholera Outbreak,Oct 2024,Ghana: Cholera Outbreak - Oct 2024
Namibia,Drought,May 2024,Namibia: Drought - May 2024
Niger,Diphtheria Outbreak,Oct 2023,Niger: Diphtheria Outbreak - Oct 2023
Nigeria,Lassa Fever Outbreak,Jan 2023,Nigeria: Lassa Fever Outbreak - Jan 2023
Burundi,Cholera Outbreak,Jan 2023,Burundi: Cholera Outbreak - Jan 2023
Guyana,Floods,Jul 2015,Guyana: Floods - Jul 2015
Caribbean,Drought,2015,Caribbean: Drought - 2015-2017
Myanmar,Floods and Landslides,Jul 2015,Myanmar: Floods and Landslides - Jul 2015
Venezuela,Floods,Jul 2015,Venezuela: Floods - Jul 2015
Philippines,Floods and Landslides,Jun 2015,Philippines: Floods and Landslides - Jun 2015
Costa Rica,Floods,Jun 2015,Costa Rica: Floods - Jun 2015
South Sudan,Cholera Outbreak,Jun 2015,South Sudan: Cholera Outbreak - Jun 2015
Georgia,Floods,Jun 2015,Georgia: Floods - Jun 2015
Yemen,Dengue Outbreak,Jun 2015,Yemen: Dengue Outbreak - Jun 2015
Bangladesh,Floods and Landslides,Jun 2015,Bangladesh: Floods and Landslides - Jun 2015
India,Floods and Landslides,Jun 2015,India: Floods and Landslides - Jun 2015
Ethiopia,Drought,2015,Ethiopia: Drought - 2015-2026
Southern Africa,Food Insecurity,2015,Southern Africa: Food Insecurity - 2015-2017
Somalia,Drought,2015,Somalia: Drought - 2015-2026
Pakistan,Floods,Apr 2015,Pakistan: Floods - Apr 2015
Ghana,Floods,Jun 2015,Ghana: Floods - Jun 2015
DPR Korea,Drought,Jun 2015,DPR Korea: Drought - Jun 2015
Burundi/Tanzania,Cholera Outbreak,May 2015,Burundi/Tanzania: Cholera Outbreak - May 2015
Latin America,Storm Surge,May 2015,Latin America: Storm Surge - May 2015
Tajikistan,Floods and Mudslides,May 2015,Tajikistan: Floods and Mudslides - May 2015
Indonesia,Earthquake,Aug 2026,Indonesia: Earthquake - Aug 2026
Colombia,Earthquake,Aug 2026,Colombia: Earthquake - Aug 2026
Myanmar,Floods,Jul 2026,Myanmar: Floods - Jul 2026
Afghanistan,Flash Floods,Jul 2026,Afghanistan: Flash Floods - Jul 2026
India,Flash Floods,Jul 2026,India: Flash Floods - Jul 2026
Kyrgyzstan,Flash Floods,Jul 2026,Kyrgyzstan: Flash Floods - Jul 2026
Tajikistan,Floods,Jul 2026,Tajikistan: Floods - Jul 2026
Bangladesh,Flash Floods,Jul 2026,Bangladesh: Flash Floods - Jul 2026
Georgia,Floods,Jun 2026,Georgia: Floods - Jun 2026
Central African Republic,Cholera Outbreak,Jun 2026,Central African Republic: Cholera Outbreak - Jun 2026
Venezuela,Earthquakes,Jun 2026,Venezuela: Earthquakes - Jun 2026
Chad,Cholera Outbreak,Jun 2026,Chad: Cholera Outbreak - Jun 2026
Philippines,Earthquake and Tsunami,Jun 2026,Philippines: Earthquake and Tsunami - Jun 2026
Armenia,Hailstorm,Jun 2026,Armenia: Hailstorm - Jun 2026
Syria,Floods,May 2026,Syria: Floods - May 2026
Central/Eastern Africa,Ebola Outbreak,May 2026,Central/Eastern Africa: Ebola Outbreak - May 2026
Sri Lanka,Dengue Outbreak,May 2026,Sri Lanka: Dengue Outbreak - May 2026
Dominican Republic,Floods,Apr 2026,Dominican Republic: Floods - Apr 2026
Yemen,Floods,Mar 2026,Yemen: Floods - Mar 2026
Tanzania,Floods and Landslides,Mar 2026,Tanzania: Floods and Landslides - Mar 2026
Liberia,Windstorms,Mar 2026,Liberia: Windstorms - Mar 2026
Botswana,Floods,Mar 2026,Botswana: Floods - Mar 2026
Ethiopia,Floods and Landslides,Mar 2026,Ethiopia: Floods and Landslides - Mar 2026
Kenya,Floods,Mar 2026,Kenya: Floods - Mar 2026
Suriname,Chikungunya Virus Outbreak,Mar 2026,Suriname: Chikungunya Virus Outbreak - Mar 2026
Brazil,Floods,Feb 2026,Brazil: Floods - Feb 2026
Peru,Floods and Landslides,Feb 2026,Peru: Floods and Landslides - Feb 2026
Angola,Floods,Feb 2026,Angola: Floods - Feb 2026
Zambia,Cholera Outbreak,Feb 2026,Zambia: Cholera Outbreak - Feb 2026
Cameroon,Fires,Feb 2026,Cameroon: Fires - Feb 2026
Somalia,Dengue Outbreak,Feb 2026,Somalia: Dengue Outbreak - Feb 2026
Rwanda,Flash Floods,Jan 2026,Rwanda: Flash Floods - Jan 2026
Algeria,Floods,Jan 2026,Algeria: Floods - Jan 2026
Argentina,Landslides,Jan 2026,Argentina: Landslides - Jan 2026
South Africa,Floods,Jan 2026,South Africa: Floods - Jan 2026
North Macedonia,Floods,Jan 2026,North Macedonia: Floods - Jan 2026
Malawi,Floods,Jan 2026,Malawi: Floods - Jan 2026
Serbia,Cold Wave,Jan 2026,Serbia: Cold Wave - Jan 2026
Guatemala,Measles Outbreak,Jan 2026,Guatemala: Measles Outbreak - Jan 2026
Ecuador,Floods,Jan 2026,Ecuador: Floods - Jan 2026
Zimbabwe,Floods,Jan 2026,Zimbabwe: Floods - Jan 2026
Mozambique,Floods,Dec 2025,Mozambique: Floods - Dec 2025
Chile,Wild Fires,Dec 2025,Chile: Wild Fires - Dec 2025
Gabon,Windstorms,Dec 2025,Gabon: Windstorms - Dec 2025
Morocco,Floods,Dec 2025,Morocco: Floods - Dec 2025
Bolivia,Floods,Dec 2025,Bolivia: Floods - Dec 2025
Congo,Floods,Nov 2025,Congo: Floods - Nov 2025
Cuba,Arboviral Outbreak,Oct 2025,Cuba: Arboviral Outbreak - Oct 2025
Egypt,Floods,Oct 2025,Egypt: Floods - Oct 2025
Cabo Verde,Flash Floods,Aug 2025,Cabo Verde: Flash Floods - Aug 2025
South Sudan,Floods,Jul 2025,South Sudan: Floods - Jul 2025
Sudan,Floods,Jul 2025,Sudan: Floods - Jul 2025
Honduras,Floods,Jun 2025,Honduras: Floods - Jun 2025
Panama,River Pollution,Jun 2025,Panama: River Pollution - Jun 2025
Côte d'Ivoire,Cholera Outbreak,Jun 2025,Côte d'Ivoire: Cholera Outbreak - Jun 2025
Pacific,Dengue Outbreak,2025,Pacific: Dengue Outbreak - 2025-2026
Ghana,Cholera Outbreak,Oct 2024,Ghana: Cholera Outbreak - Oct 2024
Namibia,Drought,May 2024,Namibia: Drought - May 2024
Niger,Diphtheria Outbreak,Oct 2023,Niger: Diphtheria Outbreak - Oct 2023
Nigeria,Lassa Fever Outbreak,Jan 2023,Nigeria: Lassa Fever Outbreak - Jan 2023
Burundi,Cholera Outbreak,Jan 2023,Burundi: Cholera Outbreak - Jan 2023
Central African Republic,Floods,May 2015,Central African Republic: Floods - May 2015
Colombia,Floods and Landslides,Apr 2015,Colombia: Floods and Landslides - Apr 2015
Nepal,Earthquakes,Apr 2015,Nepal: Earthquakes - Apr 2015
Russian Federation,Forest Fires,Apr 2015,Russian Federation: Forest Fires - Apr 2015
Rwanda,Floods and Landslides,Apr 2015,Rwanda: Floods and Landslides - Apr 2015
Kazakhstan,Flash Floods,Apr 2015,Kazakhstan: Flash Floods - Apr 2015
Somalia,Floods,Apr 2015,Somalia: Floods - Apr 2015
Haiti,Floods,Apr 2015,Haiti: Floods - Apr 2015
Paraguay,Floods,Apr 2015,Paraguay: Floods - Apr 2015
Niger,Meningitis and Measles Outbreaks,Apr 2015,Niger: Meningitis and Measles Outbreaks - Apr 2015
Burundi,Landslides and Floods,Mar 2015,Burundi: Landslides and Floods - Mar 2015
Chile,Floods,Mar 2015,Chile: Floods - Mar 2015
Argentina,Floods,Mar 2015,Argentina: Floods - Mar 2015
Sudan/South Sudan,Measles Outbreak,Mar 2015,Sudan/South Sudan: Measles Outbreak - Mar 2015
Papua New Guinea,Floods,Mar 2015,Papua New Guinea: Floods - Mar 2015
Tanzania,Hail Storms,Mar 2015,Tanzania: Hail Storms - Mar 2015
Afghanistan,"Avalanches, Floods and Landslides",Feb 2015,"Afghanistan: Avalanches, Floods and Landslides - Feb 2015"
Mozambique/Malawi,Cholera Outbreak,Feb 2015,Mozambique/Malawi: Cholera Outbreak - Feb 2015
Indonesia,Earthquake,Aug 2026,Indonesia: Earthquake - Aug 2026
Colombia,Earthquake,Aug 2026,Colombia: Earthquake - Aug 2026
Myanmar,Floods,Jul 2026,Myanmar: Floods - Jul 2026
Afghanistan,Flash Floods,Jul 2026,Afghanistan: Flash Floods - Jul 2026
India,Flash Floods,Jul 2026,India: Flash Floods - Jul 2026
Kyrgyzstan,Flash Floods,Jul 2026,Kyrgyzstan: Flash Floods - Jul 2026
Tajikistan,Floods,Jul 2026,Tajikistan: Floods - Jul 2026
Bangladesh,Flash Floods,Jul 2026,Bangladesh: Flash Floods - Jul 2026
Georgia,Floods,Jun 2026,Georgia: Floods - Jun 2026
Central African Republic,Cholera Outbreak,Jun 2026,Central African Republic: Cholera Outbreak - Jun 2026
Venezuela,Earthquakes,Jun 2026,Venezuela: Earthquakes - Jun 2026
Chad,Cholera Outbreak,Jun 2026,Chad: Cholera Outbreak - Jun 2026
Philippines,Earthquake and Tsunami,Jun 2026,Philippines: Earthquake and Tsunami - Jun 2026
Armenia,Hailstorm,Jun 2026,Armenia: Hailstorm - Jun 2026
Syria,Floods,May 2026,Syria: Floods - May 2026
Central/Eastern Africa,Ebola Outbreak,May 2026,Central/Eastern Africa: Ebola Outbreak - May 2026
Sri Lanka,Dengue Outbreak,May 2026,Sri Lanka: Dengue Outbreak - May 2026
Dominican Republic,Floods,Apr 2026,Dominican Republic: Floods - Apr 2026
Yemen,Floods,Mar 2026,Yemen: Floods - Mar 2026
Tanzania,Floods and Landslides,Mar 2026,Tanzania: Floods and Landslides - Mar 2026
Liberia,Windstorms,Mar 2026,Liberia: Windstorms - Mar 2026
Botswana,Floods,Mar 2026,Botswana: Floods - Mar 2026
Ethiopia,Floods and Landslides,Mar 2026,Ethiopia: Floods and Landslides - Mar 2026
Kenya,Floods,Mar 2026,Kenya: Floods - Mar 2026
Suriname,Chikungunya Virus Outbreak,Mar 2026,Suriname: Chikungunya Virus Outbreak - Mar 2026
Brazil,Floods,Feb 2026,Brazil: Floods - Feb 2026
Peru,Floods and Landslides,Feb 2026,Peru: Floods and Landslides - Feb 2026
Angola,Floods,Feb 2026,Angola: Floods - Feb 2026
Zambia,Cholera Outbreak,Feb 2026,Zambia: Cholera Outbreak - Feb 2026
Cameroon,Fires,Feb 2026,Cameroon: Fires - Feb 2026
Somalia,Dengue Outbreak,Feb 2026,Somalia: Dengue Outbreak - Feb 2026
Rwanda,Flash Floods,Jan 2026,Rwanda: Flash Floods - Jan 2026
Algeria,Floods,Jan 2026,Algeria: Floods - Jan 2026
Argentina,Landslides,Jan 2026,Argentina: Landslides - Jan 2026
South Africa,Floods,Jan 2026,South Africa: Floods - Jan 2026
North Macedonia,Floods,Jan 2026,North Macedonia: Floods - Jan 2026
Malawi,Floods,Jan 2026,Malawi: Floods - Jan 2026
Serbia,Cold Wave,Jan 2026,Serbia: Cold Wave - Jan 2026
Guatemala,Measles Outbreak,Jan 2026,Guatemala: Measles Outbreak - Jan 2026
Ecuador,Floods,Jan 2026,Ecuador: Floods - Jan 2026
Zimbabwe,Floods,Jan 2026,Zimbabwe: Floods - Jan 2026
Mozambique,Floods,Dec 2025,Mozambique: Floods - Dec 2025
Chile,Wild Fires,Dec 2025,Chile: Wild Fires - Dec 2025
Gabon,Windstorms,Dec 2025,Gabon: Windstorms - Dec 2025
Morocco,Floods,Dec 2025,Morocco: Floods - Dec 2025
Bolivia,Floods,Dec 2025,Bolivia: Floods - Dec 2025
Congo,Floods,Nov 2025,Congo: Floods - Nov 2025
Cuba,Arboviral Outbreak,Oct 2025,Cuba: Arboviral Outbreak - Oct 2025
Egypt,Floods,Oct 2025,Egypt: Floods - Oct 2025
Cabo Verde,Flash Floods,Aug 2025,Cabo Verde: Flash Floods - Aug 2025
South Sudan,Floods,Jul 2025,South Sudan: Floods - Jul 2025
Sudan,Floods,Jul 2025,Sudan: Floods - Jul 2025
Honduras,Floods,Jun 2025,Honduras: Floods - Jun 2025
Panama,River Pollution,Jun 2025,Panama: River Pollution - Jun 2025
Côte d'Ivoire,Cholera Outbreak,Jun 2025,Côte d'Ivoire: Cholera Outbreak - Jun 2025
Pacific,Dengue Outbreak,2025,Pacific: Dengue Outbreak - 2025-2026
Ghana,Cholera Outbreak,Oct 2024,Ghana: Cholera Outbreak - Oct 2024
Namibia,Drought,May 2024,Namibia: Drought - May 2024
Niger,Diphtheria Outbreak,Oct 2023,Niger: Diphtheria Outbreak - Oct 2023
Nigeria,Lassa Fever Outbreak,Jan 2023,Nigeria: Lassa Fever Outbreak - Jan 2023
Burundi,Cholera Outbreak,Jan 2023,Burundi: Cholera Outbreak - Jan 2023
Kenya,Cholera Outbreak,Feb 2015,Kenya: Cholera Outbreak - Feb 2015
South-Eastern Europe,Floods,Feb 2015,South-Eastern Europe: Floods - Feb 2015
Peru,Floods and Landslides,Feb 2015,Peru: Floods and Landslides - Feb 2015
Bolivia,Floods,Jan 2015,Bolivia: Floods - Jan 2015
Southern Africa,Floods,Jan 2015,Southern Africa: Floods - Jan 2015
Middle East,Cold Wave,Jan 2015,Middle East: Cold Wave - Jan 2015
FYR Macedonia,Cold Wave,Dec 2014,FYR Macedonia: Cold Wave - Dec 2014
Malaysia,Floods and Landslides,Dec 2014,Malaysia: Floods and Landslides - Dec 2014
Sri Lanka,Floods and Landslides,Dec 2014,Sri Lanka: Floods and Landslides - Dec 2014
Maldives,Water Crisis,Dec 2014,Maldives: Water Crisis - Dec 2014
Morocco,Flash Floods,Nov 2014,Morocco: Flash Floods - Nov 2014
Cabo Verde,Fogo Volcano,Nov 2014,Cabo Verde: Fogo Volcano - Nov 2014
Haiti,Floods,Nov 2014,Haiti: Floods - Nov 2014
Indonesia,Floods and Landslides,Nov 2014,Indonesia: Floods and Landslides - Nov 2014
Colombia,Floods,Oct 2014,Colombia: Floods - Oct 2014
Niger,Cholera Outbreak,Oct 2014,Niger: Cholera Outbreak - Oct 2014
Somalia,Floods,Oct 2014,Somalia: Floods - Oct 2014
Indonesia,Earthquake,Aug 2026,Indonesia: Earthquake - Aug 2026
Colombia,Earthquake,Aug 2026,Colombia: Earthquake - Aug 2026
Myanmar,Floods,Jul 2026,Myanmar: Floods - Jul 2026
Afghanistan,Flash Floods,Jul 2026,Afghanistan: Flash Floods - Jul 2026
India,Flash Floods,Jul 2026,India: Flash Floods - Jul 2026
Kyrgyzstan,Flash Floods,Jul 2026,Kyrgyzstan: Flash Floods - Jul 2026
Tajikistan,Floods,Jul 2026,Tajikistan: Floods - Jul 2026
Bangladesh,Flash Floods,Jul 2026,Bangladesh: Flash Floods - Jul 2026
Georgia,Floods,Jun 2026,Georgia: Floods - Jun 2026
Central African Republic,Cholera Outbreak,Jun 2026,Central African Republic: Cholera Outbreak - Jun 2026
Venezuela,Earthquakes,Jun 2026,Venezuela: Earthquakes - Jun 2026
Chad,Cholera Outbreak,Jun 2026,Chad: Cholera Outbreak - Jun 2026
Philippines,Earthquake and Tsunami,Jun 2026,Philippines: Earthquake and Tsunami - Jun 2026
Armenia,Hailstorm,Jun 2026,Armenia: Hailstorm - Jun 2026
Syria,Floods,May 2026,Syria: Floods - May 2026
Central/Eastern Africa,Ebola Outbreak,May 2026,Central/Eastern Africa: Ebola Outbreak - May 2026
Sri Lanka,Dengue Outbreak,May 2026,Sri Lanka: Dengue Outbreak - May 2026
Dominican Republic,Floods,Apr 2026,Dominican Republic: Floods - Apr 2026
Yemen,Floods,Mar 2026,Yemen: Floods - Mar 2026
Tanzania,Floods and Landslides,Mar 2026,Tanzania: Floods and Landslides - Mar 2026
Liberia,Windstorms,Mar 2026,Liberia: Windstorms - Mar 2026
Botswana,Floods,Mar 2026,Botswana: Floods - Mar 2026
Ethiopia,Floods and Landslides,Mar 2026,Ethiopia: Floods and Landslides - Mar 2026
Kenya,Floods,Mar 2026,Kenya: Floods - Mar 2026
Suriname,Chikungunya Virus Outbreak,Mar 2026,Suriname: Chikungunya Virus Outbreak - Mar 2026
Brazil,Floods,Feb 2026,Brazil: Floods - Feb 2026
Peru,Floods and Landslides,Feb 2026,Peru: Floods and Landslides - Feb 2026
Angola,Floods,Feb 2026,Angola: Floods - Feb 2026
Zambia,Cholera Outbreak,Feb 2026,Zambia: Cholera Outbreak - Feb 2026
Cameroon,Fires,Feb 2026,Cameroon: Fires - Feb 2026
Somalia,Dengue Outbreak,Feb 2026,Somalia: Dengue Outbreak - Feb 2026
Rwanda,Flash Floods,Jan 2026,Rwanda: Flash Floods - Jan 2026
Algeria,Floods,Jan 2026,Algeria: Floods - Jan 2026
Argentina,Landslides,Jan 2026,Argentina: Landslides - Jan 2026
South Africa,Floods,Jan 2026,South Africa: Floods - Jan 2026
North Macedonia,Floods,Jan 2026,North Macedonia: Floods - Jan 2026
Malawi,Floods,Jan 2026,Malawi: Floods - Jan 2026
Serbia,Cold Wave,Jan 2026,Serbia: Cold Wave - Jan 2026
Guatemala,Measles Outbreak,Jan 2026,Guatemala: Measles Outbreak - Jan 2026
Ecuador,Floods,Jan 2026,Ecuador: Floods - Jan 2026
Zimbabwe,Floods,Jan 2026,Zimbabwe: Floods - Jan 2026
Mozambique,Floods,Dec 2025,Mozambique: Floods - Dec 2025
Chile,Wild Fires,Dec 2025,Chile: Wild Fires - Dec 2025
Gabon,Windstorms,Dec 2025,Gabon: Windstorms - Dec 2025
Morocco,Floods,Dec 2025,Morocco: Floods - Dec 2025
Bolivia,Floods,Dec 2025,Bolivia: Floods - Dec 2025
Congo,Floods,Nov 2025,Congo: Floods - Nov 2025
Cuba,Arboviral Outbreak,Oct 2025,Cuba: Arboviral Outbreak - Oct 2025
Egypt,Floods,Oct 2025,Egypt: Floods - Oct 2025
Cabo Verde,Flash Floods,Aug 2025,Cabo Verde: Flash Floods - Aug 2025
South Sudan,Floods,Jul 2025,South Sudan: Floods - Jul 2025
Sudan,Floods,Jul 2025,Sudan: Floods - Jul 2025
Honduras,Floods,Jun 2025,Honduras: Floods - Jun 2025
Panama,River Pollution,Jun 2025,Panama: River Pollution - Jun 2025
Côte d'Ivoire,Cholera Outbreak,Jun 2025,Côte d'Ivoire: Cholera Outbreak - Jun 2025
Pacific,Dengue Outbreak,2025,Pacific: Dengue Outbreak - 2025-2026
Ghana,Cholera Outbreak,Oct 2024,Ghana: Cholera Outbreak - Oct 2024
Namibia,Drought,May 2024,Namibia: Drought - May 2024
Niger,Diphtheria Outbreak,Oct 2023,Niger: Diphtheria Outbreak - Oct 2023
Nigeria,Lassa Fever Outbreak,Jan 2023,Nigeria: Lassa Fever Outbreak - Jan 2023
Burundi,Cholera Outbreak,Jan 2023,Burundi: Cholera Outbreak - Jan 2023
Ethiopia,Floods,Oct 2014,Ethiopia: Floods - Oct 2014
South Sudan,Kala,azar Outbreak,South Sudan: Kala-azar Outbreak - Sep 2014
Cameroon,Floods,Sep 2014,Cameroon: Floods - Sep 2014
Pakistan,Floods,Sep 2014,Pakistan: Floods - Sep 2014
India,Floods and Landslides,Sep 2014,India: Floods and Landslides - Sep 2014
Solomon Islands,Measles Outbreak,Sep 2014,Solomon Islands: Measles Outbreak - Sep 2014
Kenya,Drought,2014,Kenya: Drought - 2014-2026
Bangladesh,Floods,Aug 2014,Bangladesh: Floods - Aug 2014
DR Congo,Ebola Outbreak,Aug 2014,DR Congo: Ebola Outbreak - Aug 2014
Ghana,Cholera Outbreak,Aug 2014,Ghana: Cholera Outbreak - Aug 2014
Niger,Floods,Aug 2014,Niger: Floods - Aug 2014
Sri Lanka,Drought,Aug 2014,Sri Lanka: Drought - Aug 2014
China,Earthquake in Ludian county (Yunnan),Aug 2014,China: Earthquake in Ludian county (Yunnan) - Aug 2014
Nepal,Landslides and Floods,Aug 2014,Nepal: Landslides and Floods - Aug 2014
South Sudan,Floods,Aug 2014,South Sudan: Floods - Aug 2014
Myanmar,Floods,Jul 2014,Myanmar: Floods - Jul 2014
Cameroon,Cholera Outbreak,Jul 2014,Cameroon: Cholera Outbreak - Jul 2014
Indonesia,Earthquake,Aug 2026,Indonesia: Earthquake - Aug 2026
Colombia,Earthquake,Aug 2026,Colombia: Earthquake - Aug 2026
Myanmar,Floods,Jul 2026,Myanmar: Floods - Jul 2026
Afghanistan,Flash Floods,Jul 2026,Afghanistan: Flash Floods - Jul 2026
India,Flash Floods,Jul 2026,India: Flash Floods - Jul 2026
Kyrgyzstan,Flash Floods,Jul 2026,Kyrgyzstan: Flash Floods - Jul 2026
Tajikistan,Floods,Jul 2026,Tajikistan: Floods - Jul 2026
Bangladesh,Flash Floods,Jul 2026,Bangladesh: Flash Floods - Jul 2026
Georgia,Floods,Jun 2026,Georgia: Floods - Jun 2026
Central African Republic,Cholera Outbreak,Jun 2026,Central African Republic: Cholera Outbreak - Jun 2026
Venezuela,Earthquakes,Jun 2026,Venezuela: Earthquakes - Jun 2026
Chad,Cholera Outbreak,Jun 2026,Chad: Cholera Outbreak - Jun 2026
Philippines,Earthquake and Tsunami,Jun 2026,Philippines: Earthquake and Tsunami - Jun 2026
Armenia,Hailstorm,Jun 2026,Armenia: Hailstorm - Jun 2026
Syria,Floods,May 2026,Syria: Floods - May 2026
Central/Eastern Africa,Ebola Outbreak,May 2026,Central/Eastern Africa: Ebola Outbreak - May 2026
Sri Lanka,Dengue Outbreak,May 2026,Sri Lanka: Dengue Outbreak - May 2026
Dominican Republic,Floods,Apr 2026,Dominican Republic: Floods - Apr 2026
Yemen,Floods,Mar 2026,Yemen: Floods - Mar 2026
Tanzania,Floods and Landslides,Mar 2026,Tanzania: Floods and Landslides - Mar 2026
Liberia,Windstorms,Mar 2026,Liberia: Windstorms - Mar 2026
Botswana,Floods,Mar 2026,Botswana: Floods - Mar 2026
Ethiopia,Floods and Landslides,Mar 2026,Ethiopia: Floods and Landslides - Mar 2026
Kenya,Floods,Mar 2026,Kenya: Floods - Mar 2026
Suriname,Chikungunya Virus Outbreak,Mar 2026,Suriname: Chikungunya Virus Outbreak - Mar 2026
Brazil,Floods,Feb 2026,Brazil: Floods - Feb 2026
Peru,Floods and Landslides,Feb 2026,Peru: Floods and Landslides - Feb 2026
Angola,Floods,Feb 2026,Angola: Floods - Feb 2026
Zambia,Cholera Outbreak,Feb 2026,Zambia: Cholera Outbreak - Feb 2026
Cameroon,Fires,Feb 2026,Cameroon: Fires - Feb 2026
Somalia,Dengue Outbreak,Feb 2026,Somalia: Dengue Outbreak - Feb 2026
Rwanda,Flash Floods,Jan 2026,Rwanda: Flash Floods - Jan 2026
Algeria,Floods,Jan 2026,Algeria: Floods - Jan 2026
Argentina,Landslides,Jan 2026,Argentina: Landslides - Jan 2026
South Africa,Floods,Jan 2026,South Africa: Floods - Jan 2026
North Macedonia,Floods,Jan 2026,North Macedonia: Floods - Jan 2026
Malawi,Floods,Jan 2026,Malawi: Floods - Jan 2026
Serbia,Cold Wave,Jan 2026,Serbia: Cold Wave - Jan 2026
Guatemala,Measles Outbreak,Jan 2026,Guatemala: Measles Outbreak - Jan 2026
Ecuador,Floods,Jan 2026,Ecuador: Floods - Jan 2026
Zimbabwe,Floods,Jan 2026,Zimbabwe: Floods - Jan 2026
Mozambique,Floods,Dec 2025,Mozambique: Floods - Dec 2025
Chile,Wild Fires,Dec 2025,Chile: Wild Fires - Dec 2025
Gabon,Windstorms,Dec 2025,Gabon: Windstorms - Dec 2025
Morocco,Floods,Dec 2025,Morocco: Floods - Dec 2025
Bolivia,Floods,Dec 2025,Bolivia: Floods - Dec 2025
Congo,Floods,Nov 2025,Congo: Floods - Nov 2025
Cuba,Arboviral Outbreak,Oct 2025,Cuba: Arboviral Outbreak - Oct 2025
Egypt,Floods,Oct 2025,Egypt: Floods - Oct 2025
Cabo Verde,Flash Floods,Aug 2025,Cabo Verde: Flash Floods - Aug 2025
South Sudan,Floods,Jul 2025,South Sudan: Floods - Jul 2025
Sudan,Floods,Jul 2025,Sudan: Floods - Jul 2025
Honduras,Floods,Jun 2025,Honduras: Floods - Jun 2025
Panama,River Pollution,Jun 2025,Panama: River Pollution - Jun 2025
Côte d'Ivoire,Cholera Outbreak,Jun 2025,Côte d'Ivoire: Cholera Outbreak - Jun 2025
Pacific,Dengue Outbreak,2025,Pacific: Dengue Outbreak - 2025-2026
Ghana,Cholera Outbreak,Oct 2024,Ghana: Cholera Outbreak - Oct 2024
Namibia,Drought,May 2024,Namibia: Drought - May 2024
Niger,Diphtheria Outbreak,Oct 2023,Niger: Diphtheria Outbreak - Oct 2023
Nigeria,Lassa Fever Outbreak,Jan 2023,Nigeria: Lassa Fever Outbreak - Jan 2023
Burundi,Cholera Outbreak,Jan 2023,Burundi: Cholera Outbreak - Jan 2023
Mexico/Guatemala,Earthquake,Jul 2014,Mexico/Guatemala: Earthquake - Jul 2014
Sudan,Floods,Jul 2014,Sudan: Floods - Jul 2014
El Salvador,Chikungunya and Dengue Outbreak,Jul 2014,El Salvador: Chikungunya and Dengue Outbreak - Jul 2014
Haiti,Chikungunya Outbreak,Jul 2014,Haiti: Chikungunya Outbreak - Jul 2014
Philippines,Floods and Landslides,Jun 2014,Philippines: Floods and Landslides - Jun 2014
Sri Lanka,Floods and Landslides,Jun 2014,Sri Lanka: Floods and Landslides - Jun 2014
Somalia,Measles Outbreak,May 2014,Somalia: Measles Outbreak - May 2014
Russian Federation,Floods,May 2014,Russian Federation: Floods - May 2014
Paraguay,Floods,May 2014,Paraguay: Floods - May 2014
Balkans,Floods,May 2014,Balkans: Floods - May 2014
South Sudan,Cholera Outbreak,May 2014,South Sudan: Cholera Outbreak - May 2014
Afghanistan,Flash Floods and Landslides,Apr 2014,Afghanistan: Flash Floods and Landslides - Apr 2014
Tajikistan,Floods and Landslides,Apr 2014,Tajikistan: Floods and Landslides - Apr 2014
Peru,Ubinas Volcano,Apr 2014,Peru: Ubinas Volcano - Apr 2014
Tanzania,Floods,Apr 2014,Tanzania: Floods - Apr 2014
Chile,Wild Fire,Apr 2014,Chile: Wild Fire - Apr 2014
Kazakhstan,Flash Floods,Apr 2014,Kazakhstan: Flash Floods - Apr 2014
Nicaragua,Earthquake,Apr 2014,Nicaragua: Earthquake - Apr 2014
Solomon Islands,Flash Floods,Apr 2014,Solomon Islands: Flash Floods - Apr 2014
Indonesia,Earthquake,Aug 2026,Indonesia: Earthquake - Aug 2026
Colombia,Earthquake,Aug 2026,Colombia: Earthquake - Aug 2026
Myanmar,Floods,Jul 2026,Myanmar: Floods - Jul 2026
Afghanistan,Flash Floods,Jul 2026,Afghanistan: Flash Floods - Jul 2026
India,Flash Floods,Jul 2026,India: Flash Floods - Jul 2026
Kyrgyzstan,Flash Floods,Jul 2026,Kyrgyzstan: Flash Floods - Jul 2026
Tajikistan,Floods,Jul 2026,Tajikistan: Floods - Jul 2026
Bangladesh,Flash Floods,Jul 2026,Bangladesh: Flash Floods - Jul 2026
Georgia,Floods,Jun 2026,Georgia: Floods - Jun 2026
Central African Republic,Cholera Outbreak,Jun 2026,Central African Republic: Cholera Outbreak - Jun 2026
Venezuela,Earthquakes,Jun 2026,Venezuela: Earthquakes - Jun 2026
Chad,Cholera Outbreak,Jun 2026,Chad: Cholera Outbreak - Jun 2026
Philippines,Earthquake and Tsunami,Jun 2026,Philippines: Earthquake and Tsunami - Jun 2026
Armenia,Hailstorm,Jun 2026,Armenia: Hailstorm - Jun 2026
Syria,Floods,May 2026,Syria: Floods - May 2026
Central/Eastern Africa,Ebola Outbreak,May 2026,Central/Eastern Africa: Ebola Outbreak - May 2026
Sri Lanka,Dengue Outbreak,May 2026,Sri Lanka: Dengue Outbreak - May 2026
Dominican Republic,Floods,Apr 2026,Dominican Republic: Floods - Apr 2026
Yemen,Floods,Mar 2026,Yemen: Floods - Mar 2026
Tanzania,Floods and Landslides,Mar 2026,Tanzania: Floods and Landslides - Mar 2026
Liberia,Windstorms,Mar 2026,Liberia: Windstorms - Mar 2026
Botswana,Floods,Mar 2026,Botswana: Floods - Mar 2026
Ethiopia,Floods and Landslides,Mar 2026,Ethiopia: Floods and Landslides - Mar 2026
Kenya,Floods,Mar 2026,Kenya: Floods - Mar 2026
Suriname,Chikungunya Virus Outbreak,Mar 2026,Suriname: Chikungunya Virus Outbreak - Mar 2026
Brazil,Floods,Feb 2026,Brazil: Floods - Feb 2026
Peru,Floods and Landslides,Feb 2026,Peru: Floods and Landslides - Feb 2026
Angola,Floods,Feb 2026,Angola: Floods - Feb 2026
Zambia,Cholera Outbreak,Feb 2026,Zambia: Cholera Outbreak - Feb 2026
Cameroon,Fires,Feb 2026,Cameroon: Fires - Feb 2026
Somalia,Dengue Outbreak,Feb 2026,Somalia: Dengue Outbreak - Feb 2026
Rwanda,Flash Floods,Jan 2026,Rwanda: Flash Floods - Jan 2026
Algeria,Floods,Jan 2026,Algeria: Floods - Jan 2026
Argentina,Landslides,Jan 2026,Argentina: Landslides - Jan 2026
South Africa,Floods,Jan 2026,South Africa: Floods - Jan 2026
North Macedonia,Floods,Jan 2026,North Macedonia: Floods - Jan 2026
Malawi,Floods,Jan 2026,Malawi: Floods - Jan 2026
Serbia,Cold Wave,Jan 2026,Serbia: Cold Wave - Jan 2026
Guatemala,Measles Outbreak,Jan 2026,Guatemala: Measles Outbreak - Jan 2026
Ecuador,Floods,Jan 2026,Ecuador: Floods - Jan 2026
Zimbabwe,Floods,Jan 2026,Zimbabwe: Floods - Jan 2026
Mozambique,Floods,Dec 2025,Mozambique: Floods - Dec 2025
Chile,Wild Fires,Dec 2025,Chile: Wild Fires - Dec 2025
Gabon,Windstorms,Dec 2025,Gabon: Windstorms - Dec 2025
Morocco,Floods,Dec 2025,Morocco: Floods - Dec 2025
Bolivia,Floods,Dec 2025,Bolivia: Floods - Dec 2025
Congo,Floods,Nov 2025,Congo: Floods - Nov 2025
Cuba,Arboviral Outbreak,Oct 2025,Cuba: Arboviral Outbreak - Oct 2025
Egypt,Floods,Oct 2025,Egypt: Floods - Oct 2025
Cabo Verde,Flash Floods,Aug 2025,Cabo Verde: Flash Floods - Aug 2025
South Sudan,Floods,Jul 2025,South Sudan: Floods - Jul 2025
Sudan,Floods,Jul 2025,Sudan: Floods - Jul 2025
Honduras,Floods,Jun 2025,Honduras: Floods - Jun 2025
Panama,River Pollution,Jun 2025,Panama: River Pollution - Jun 2025
Côte d'Ivoire,Cholera Outbreak,Jun 2025,Côte d'Ivoire: Cholera Outbreak - Jun 2025
Pacific,Dengue Outbreak,2025,Pacific: Dengue Outbreak - 2025-2026
Ghana,Cholera Outbreak,Oct 2024,Ghana: Cholera Outbreak - Oct 2024
Namibia,Drought,May 2024,Namibia: Drought - May 2024
Niger,Diphtheria Outbreak,Oct 2023,Niger: Diphtheria Outbreak - Oct 2023
Nigeria,Lassa Fever Outbreak,Jan 2023,Nigeria: Lassa Fever Outbreak - Jan 2023
Burundi,Cholera Outbreak,Jan 2023,Burundi: Cholera Outbreak - Jan 2023
Chile,Earthquake,Apr 2014,Chile: Earthquake - Apr 2014
Central America,Drought,2014,Central America: Drought - 2014-2017
West Africa,Ebola Outbreak,Mar 2014,West Africa: Ebola Outbreak - Mar 2014
Fiji,Dengue Outbreak,Mar 2014,Fiji: Dengue Outbreak - Mar 2014
Colombia,Floods and Landslides,Mar,Colombia: Floods and Landslides - Mar-Jul 2014
Pakistan,Drought,2014,Pakistan: Drought - 2014-2017
South Africa,Floods,Mar 2014,South Africa: Floods - Mar 2014
Marshall Islands/Kiribati,King Tides,Mar 2014,Marshall Islands/Kiribati: King Tides - Mar 2014
Namibia,Cholera Outbreak,Feb 2014,Namibia: Cholera Outbreak - Feb 2014
Indonesia,Mt. Kelud Volcano,Feb 2014,Indonesia: Mt. Kelud Volcano - Feb 2014
Burundi,Floods and Landslides,Feb 2014,Burundi: Floods and Landslides - Feb 2014
Seychelles,Floods,Feb 2014,Seychelles: Floods - Feb 2014
Zimbabwe,Flash Floods,Feb 2014,Zimbabwe: Flash Floods - Feb 2014
Guinea,Measles Outbreak,Feb 2014,Guinea: Measles Outbreak - Feb 2014
Tanzania,Flash Floods,Jan 2014,Tanzania: Flash Floods - Jan 2014
Bolivia,Floods and Landslides,Jan 2014,Bolivia: Floods and Landslides - Jan 2014
Timor-Leste,Dengue Outbreak,Jan 2014,Timor-Leste: Dengue Outbreak - Jan 2014
Indonesia,Mt. Sinabung Volcano,Jan 2014,Indonesia: Mt. Sinabung Volcano - Jan 2014
Indonesia,Earthquake,Aug 2026,Indonesia: Earthquake - Aug 2026
Colombia,Earthquake,Aug 2026,Colombia: Earthquake - Aug 2026
Myanmar,Floods,Jul 2026,Myanmar: Floods - Jul 2026
Afghanistan,Flash Floods,Jul 2026,Afghanistan: Flash Floods - Jul 2026
India,Flash Floods,Jul 2026,India: Flash Floods - Jul 2026
Kyrgyzstan,Flash Floods,Jul 2026,Kyrgyzstan: Flash Floods - Jul 2026
Tajikistan,Floods,Jul 2026,Tajikistan: Floods - Jul 2026
Bangladesh,Flash Floods,Jul 2026,Bangladesh: Flash Floods - Jul 2026
Georgia,Floods,Jun 2026,Georgia: Floods - Jun 2026
Central African Republic,Cholera Outbreak,Jun 2026,Central African Republic: Cholera Outbreak - Jun 2026
Venezuela,Earthquakes,Jun 2026,Venezuela: Earthquakes - Jun 2026
Chad,Cholera Outbreak,Jun 2026,Chad: Cholera Outbreak - Jun 2026
Philippines,Earthquake and Tsunami,Jun 2026,Philippines: Earthquake and Tsunami - Jun 2026
Armenia,Hailstorm,Jun 2026,Armenia: Hailstorm - Jun 2026
Syria,Floods,May 2026,Syria: Floods - May 2026
Central/Eastern Africa,Ebola Outbreak,May 2026,Central/Eastern Africa: Ebola Outbreak - May 2026
Sri Lanka,Dengue Outbreak,May 2026,Sri Lanka: Dengue Outbreak - May 2026
Dominican Republic,Floods,Apr 2026,Dominican Republic: Floods - Apr 2026
Yemen,Floods,Mar 2026,Yemen: Floods - Mar 2026
Tanzania,Floods and Landslides,Mar 2026,Tanzania: Floods and Landslides - Mar 2026
Liberia,Windstorms,Mar 2026,Liberia: Windstorms - Mar 2026
Botswana,Floods,Mar 2026,Botswana: Floods - Mar 2026
Ethiopia,Floods and Landslides,Mar 2026,Ethiopia: Floods and Landslides - Mar 2026
Kenya,Floods,Mar 2026,Kenya: Floods - Mar 2026
Suriname,Chikungunya Virus Outbreak,Mar 2026,Suriname: Chikungunya Virus Outbreak - Mar 2026
Brazil,Floods,Feb 2026,Brazil: Floods - Feb 2026
Peru,Floods and Landslides,Feb 2026,Peru: Floods and Landslides - Feb 2026
Angola,Floods,Feb 2026,Angola: Floods - Feb 2026
Zambia,Cholera Outbreak,Feb 2026,Zambia: Cholera Outbreak - Feb 2026
Cameroon,Fires,Feb 2026,Cameroon: Fires - Feb 2026
Somalia,Dengue Outbreak,Feb 2026,Somalia: Dengue Outbreak - Feb 2026
Rwanda,Flash Floods,Jan 2026,Rwanda: Flash Floods - Jan 2026
Algeria,Floods,Jan 2026,Algeria: Floods - Jan 2026
Argentina,Landslides,Jan 2026,Argentina: Landslides - Jan 2026
South Africa,Floods,Jan 2026,South Africa: Floods - Jan 2026
North Macedonia,Floods,Jan 2026,North Macedonia: Floods - Jan 2026
Malawi,Floods,Jan 2026,Malawi: Floods - Jan 2026
Serbia,Cold Wave,Jan 2026,Serbia: Cold Wave - Jan 2026
Guatemala,Measles Outbreak,Jan 2026,Guatemala: Measles Outbreak - Jan 2026
Ecuador,Floods,Jan 2026,Ecuador: Floods - Jan 2026
Zimbabwe,Floods,Jan 2026,Zimbabwe: Floods - Jan 2026
Mozambique,Floods,Dec 2025,Mozambique: Floods - Dec 2025
Chile,Wild Fires,Dec 2025,Chile: Wild Fires - Dec 2025
Gabon,Windstorms,Dec 2025,Gabon: Windstorms - Dec 2025
Morocco,Floods,Dec 2025,Morocco: Floods - Dec 2025
Bolivia,Floods,Dec 2025,Bolivia: Floods - Dec 2025
Congo,Floods,Nov 2025,Congo: Floods - Nov 2025
Cuba,Arboviral Outbreak,Oct 2025,Cuba: Arboviral Outbreak - Oct 2025
Egypt,Floods,Oct 2025,Egypt: Floods - Oct 2025
Cabo Verde,Flash Floods,Aug 2025,Cabo Verde: Flash Floods - Aug 2025
South Sudan,Floods,Jul 2025,South Sudan: Floods - Jul 2025
Sudan,Floods,Jul 2025,Sudan: Floods - Jul 2025
Honduras,Floods,Jun 2025,Honduras: Floods - Jun 2025
Panama,River Pollution,Jun 2025,Panama: River Pollution - Jun 2025
Côte d'Ivoire,Cholera Outbreak,Jun 2025,Côte d'Ivoire: Cholera Outbreak - Jun 2025
Pacific,Dengue Outbreak,2025,Pacific: Dengue Outbreak - 2025-2026
Ghana,Cholera Outbreak,Oct 2024,Ghana: Cholera Outbreak - Oct 2024
Namibia,Drought,May 2024,Namibia: Drought - May 2024
Niger,Diphtheria Outbreak,Oct 2023,Niger: Diphtheria Outbreak - Oct 2023
Nigeria,Lassa Fever Outbreak,Jan 2023,Nigeria: Lassa Fever Outbreak - Jan 2023
Burundi,Cholera Outbreak,Jan 2023,Burundi: Cholera Outbreak - Jan 2023
Philippines,Floods and Landslides,Jan 2014,Philippines: Floods and Landslides - Jan 2014
Colombia,Earthquake and Floods,Jan 2014,Colombia: Earthquake and Floods - Jan 2014
Pakistan,Polio Outbreak,2014,Pakistan: Polio Outbreak - 2014-2017
El Salvador,Chaparrastique Volcano,Dec 2013,El Salvador: Chaparrastique Volcano - Dec 2013
Eastern Caribbean,Floods and Landslides,Dec 2013,Eastern Caribbean: Floods and Landslides - Dec 2013
Brazil,Floods and Landslides,Dec 2013,Brazil: Floods and Landslides - Dec 2013
occupied Palestinian territory,Cold Wave,Dec 2013,occupied Palestinian territory: Cold Wave - Dec 2013
Indonesia,Floods and Landslides,Dec 2013,Indonesia: Floods and Landslides - Dec 2013
Iran,Earthquake,Nov 2013,Iran: Earthquake - Nov 2013
Sudan,Yellow Fever Outbreak,Nov 2013,Sudan: Yellow Fever Outbreak - Nov 2013
Nigeria,Cholera Outbreak,Nov 2013,Nigeria: Cholera Outbreak - Nov 2013
Cameroon/Equatorial Guinea,Polio Outbreak,Nov 2013,Cameroon/Equatorial Guinea: Polio Outbreak - Nov 2013
Somalia,Floods,Nov 2013,Somalia: Floods - Nov 2013
Viet Nam,Floods,Nov 2013,Viet Nam: Floods - Nov 2013
Somalia,Tropical Cyclone,Nov 2013,Somalia: Tropical Cyclone - Nov 2013
Togo,Cholera Outbreak,Nov 2013,Togo: Cholera Outbreak - Nov 2013
Syria/Iraq,Polio Outbreak,Oct 2013,Syria/Iraq: Polio Outbreak - Oct 2013
Thailand,Floods,Oct 2013,Thailand: Floods - Oct 2013
Indonesia,Earthquake,Aug 2026,Indonesia: Earthquake - Aug 2026
Colombia,Earthquake,Aug 2026,Colombia: Earthquake - Aug 2026
Myanmar,Floods,Jul 2026,Myanmar: Floods - Jul 2026
Afghanistan,Flash Floods,Jul 2026,Afghanistan: Flash Floods - Jul 2026
India,Flash Floods,Jul 2026,India: Flash Floods - Jul 2026
Kyrgyzstan,Flash Floods,Jul 2026,Kyrgyzstan: Flash Floods - Jul 2026
Tajikistan,Floods,Jul 2026,Tajikistan: Floods - Jul 2026
Bangladesh,Flash Floods,Jul 2026,Bangladesh: Flash Floods - Jul 2026
Georgia,Floods,Jun 2026,Georgia: Floods - Jun 2026
Central African Republic,Cholera Outbreak,Jun 2026,Central African Republic: Cholera Outbreak - Jun 2026
Venezuela,Earthquakes,Jun 2026,Venezuela: Earthquakes - Jun 2026
Chad,Cholera Outbreak,Jun 2026,Chad: Cholera Outbreak - Jun 2026
Philippines,Earthquake and Tsunami,Jun 2026,Philippines: Earthquake and Tsunami - Jun 2026
Armenia,Hailstorm,Jun 2026,Armenia: Hailstorm - Jun 2026
Syria,Floods,May 2026,Syria: Floods - May 2026
Central/Eastern Africa,Ebola Outbreak,May 2026,Central/Eastern Africa: Ebola Outbreak - May 2026
Sri Lanka,Dengue Outbreak,May 2026,Sri Lanka: Dengue Outbreak - May 2026
Dominican Republic,Floods,Apr 2026,Dominican Republic: Floods - Apr 2026
Yemen,Floods,Mar 2026,Yemen: Floods - Mar 2026
Tanzania,Floods and Landslides,Mar 2026,Tanzania: Floods and Landslides - Mar 2026
Liberia,Windstorms,Mar 2026,Liberia: Windstorms - Mar 2026
Botswana,Floods,Mar 2026,Botswana: Floods - Mar 2026
Ethiopia,Floods and Landslides,Mar 2026,Ethiopia: Floods and Landslides - Mar 2026
Kenya,Floods,Mar 2026,Kenya: Floods - Mar 2026
Suriname,Chikungunya Virus Outbreak,Mar 2026,Suriname: Chikungunya Virus Outbreak - Mar 2026
Brazil,Floods,Feb 2026,Brazil: Floods - Feb 2026
Peru,Floods and Landslides,Feb 2026,Peru: Floods and Landslides - Feb 2026
Angola,Floods,Feb 2026,Angola: Floods - Feb 2026
Zambia,Cholera Outbreak,Feb 2026,Zambia: Cholera Outbreak - Feb 2026
Cameroon,Fires,Feb 2026,Cameroon: Fires - Feb 2026
Somalia,Dengue Outbreak,Feb 2026,Somalia: Dengue Outbreak - Feb 2026
Rwanda,Flash Floods,Jan 2026,Rwanda: Flash Floods - Jan 2026
Algeria,Floods,Jan 2026,Algeria: Floods - Jan 2026
Argentina,Landslides,Jan 2026,Argentina: Landslides - Jan 2026
South Africa,Floods,Jan 2026,South Africa: Floods - Jan 2026
North Macedonia,Floods,Jan 2026,North Macedonia: Floods - Jan 2026
Malawi,Floods,Jan 2026,Malawi: Floods - Jan 2026
Serbia,Cold Wave,Jan 2026,Serbia: Cold Wave - Jan 2026
Guatemala,Measles Outbreak,Jan 2026,Guatemala: Measles Outbreak - Jan 2026
Ecuador,Floods,Jan 2026,Ecuador: Floods - Jan 2026
Zimbabwe,Floods,Jan 2026,Zimbabwe: Floods - Jan 2026
Mozambique,Floods,Dec 2025,Mozambique: Floods - Dec 2025
Chile,Wild Fires,Dec 2025,Chile: Wild Fires - Dec 2025
Gabon,Windstorms,Dec 2025,Gabon: Windstorms - Dec 2025
Morocco,Floods,Dec 2025,Morocco: Floods - Dec 2025
Bolivia,Floods,Dec 2025,Bolivia: Floods - Dec 2025
Congo,Floods,Nov 2025,Congo: Floods - Nov 2025
Cuba,Arboviral Outbreak,Oct 2025,Cuba: Arboviral Outbreak - Oct 2025
Egypt,Floods,Oct 2025,Egypt: Floods - Oct 2025
Cabo Verde,Flash Floods,Aug 2025,Cabo Verde: Flash Floods - Aug 2025
South Sudan,Floods,Jul 2025,South Sudan: Floods - Jul 2025
Sudan,Floods,Jul 2025,Sudan: Floods - Jul 2025
Honduras,Floods,Jun 2025,Honduras: Floods - Jun 2025
Panama,River Pollution,Jun 2025,Panama: River Pollution - Jun 2025
Côte d'Ivoire,Cholera Outbreak,Jun 2025,Côte d'Ivoire: Cholera Outbreak - Jun 2025
Pacific,Dengue Outbreak,2025,Pacific: Dengue Outbreak - 2025-2026
Ghana,Cholera Outbreak,Oct 2024,Ghana: Cholera Outbreak - Oct 2024
Namibia,Drought,May 2024,Namibia: Drought - May 2024
Niger,Diphtheria Outbreak,Oct 2023,Niger: Diphtheria Outbreak - Oct 2023
Nigeria,Lassa Fever Outbreak,Jan 2023,Nigeria: Lassa Fever Outbreak - Jan 2023
Burundi,Cholera Outbreak,Jan 2023,Burundi: Cholera Outbreak - Jan 2023
Pakistan,Dengue Outbreak,Oct 2013,Pakistan: Dengue Outbreak - Oct 2013
Philippines,Earthquake,Oct 2013,Philippines: Earthquake - Oct 2013
Benin,Cholera Outbreak,Oct 2013,Benin: Cholera Outbreak - Oct 2013
Burkina Faso,Floods,Oct 2013,Burkina Faso: Floods - Oct 2013
Cameroon,Floods,Oct 2013,Cameroon: Floods - Oct 2013
Colombia,Rainy Season,Sep 2013,Colombia: Rainy Season - Sep 2013-Jan 2014
Cambodia,Floods,Sep 2013,Cambodia: Floods - Sep 2013
South Sudan,Measles Outbreak,Sep 2013,South Sudan: Measles Outbreak - Sep 2013
Pakistan,Earthquakes,Sep 2013,Pakistan: Earthquakes - Sep 2013
Mauritania,Floods,Sep 2013,Mauritania: Floods - Sep 2013
Central African Republic,Floods,Sep 2013,Central African Republic: Floods - Sep 2013
Romania,Flash Floods,Sep 2013,Romania: Flash Floods - Sep 2013
Mexico,Tropical Storms Ingrid and Manuel,Sep 2013,Mexico: Tropical Storms Ingrid and Manuel - Sep 2013
Paraguay,Drought,Sep 2013,Paraguay: Drought - Sep 2013
Benin,Floods,Sep 2013,Benin: Floods - Sep 2013
Nigeria,Floods,Sep 2013,Nigeria: Floods - Sep 2013
Indonesia,Earthquake,Aug 2026,Indonesia: Earthquake - Aug 2026
Colombia,Earthquake,Aug 2026,Colombia: Earthquake - Aug 2026
Myanmar,Floods,Jul 2026,Myanmar: Floods - Jul 2026
Afghanistan,Flash Floods,Jul 2026,Afghanistan: Flash Floods - Jul 2026
India,Flash Floods,Jul 2026,India: Flash Floods - Jul 2026
Kyrgyzstan,Flash Floods,Jul 2026,Kyrgyzstan: Flash Floods - Jul 2026
Tajikistan,Floods,Jul 2026,Tajikistan: Floods - Jul 2026
Bangladesh,Flash Floods,Jul 2026,Bangladesh: Flash Floods - Jul 2026
Georgia,Floods,Jun 2026,Georgia: Floods - Jun 2026
Central African Republic,Cholera Outbreak,Jun 2026,Central African Republic: Cholera Outbreak - Jun 2026
Venezuela,Earthquakes,Jun 2026,Venezuela: Earthquakes - Jun 2026
Chad,Cholera Outbreak,Jun 2026,Chad: Cholera Outbreak - Jun 2026
Philippines,Earthquake and Tsunami,Jun 2026,Philippines: Earthquake and Tsunami - Jun 2026
Armenia,Hailstorm,Jun 2026,Armenia: Hailstorm - Jun 2026
Syria,Floods,May 2026,Syria: Floods - May 2026
Central/Eastern Africa,Ebola Outbreak,May 2026,Central/Eastern Africa: Ebola Outbreak - May 2026
Sri Lanka,Dengue Outbreak,May 2026,Sri Lanka: Dengue Outbreak - May 2026
Dominican Republic,Floods,Apr 2026,Dominican Republic: Floods - Apr 2026
Yemen,Floods,Mar 2026,Yemen: Floods - Mar 2026
Tanzania,Floods and Landslides,Mar 2026,Tanzania: Floods and Landslides - Mar 2026
Liberia,Windstorms,Mar 2026,Liberia: Windstorms - Mar 2026
Botswana,Floods,Mar 2026,Botswana: Floods - Mar 2026
Ethiopia,Floods and Landslides,Mar 2026,Ethiopia: Floods and Landslides - Mar 2026
Kenya,Floods,Mar 2026,Kenya: Floods - Mar 2026
Suriname,Chikungunya Virus Outbreak,Mar 2026,Suriname: Chikungunya Virus Outbreak - Mar 2026
Brazil,Floods,Feb 2026,Brazil: Floods - Feb 2026
Peru,Floods and Landslides,Feb 2026,Peru: Floods and Landslides - Feb 2026
Angola,Floods,Feb 2026,Angola: Floods - Feb 2026
Zambia,Cholera Outbreak,Feb 2026,Zambia: Cholera Outbreak - Feb 2026
Cameroon,Fires,Feb 2026,Cameroon: Fires - Feb 2026
Somalia,Dengue Outbreak,Feb 2026,Somalia: Dengue Outbreak - Feb 2026
Rwanda,Flash Floods,Jan 2026,Rwanda: Flash Floods - Jan 2026
Algeria,Floods,Jan 2026,Algeria: Floods - Jan 2026
Argentina,Landslides,Jan 2026,Argentina: Landslides - Jan 2026
South Africa,Floods,Jan 2026,South Africa: Floods - Jan 2026
North Macedonia,Floods,Jan 2026,North Macedonia: Floods - Jan 2026
Malawi,Floods,Jan 2026,Malawi: Floods - Jan 2026
Serbia,Cold Wave,Jan 2026,Serbia: Cold Wave - Jan 2026
Guatemala,Measles Outbreak,Jan 2026,Guatemala: Measles Outbreak - Jan 2026
Ecuador,Floods,Jan 2026,Ecuador: Floods - Jan 2026
Zimbabwe,Floods,Jan 2026,Zimbabwe: Floods - Jan 2026
Mozambique,Floods,Dec 2025,Mozambique: Floods - Dec 2025
Chile,Wild Fires,Dec 2025,Chile: Wild Fires - Dec 2025
Gabon,Windstorms,Dec 2025,Gabon: Windstorms - Dec 2025
Morocco,Floods,Dec 2025,Morocco: Floods - Dec 2025
Bolivia,Floods,Dec 2025,Bolivia: Floods - Dec 2025
Congo,Floods,Nov 2025,Congo: Floods - Nov 2025
Cuba,Arboviral Outbreak,Oct 2025,Cuba: Arboviral Outbreak - Oct 2025
Egypt,Floods,Oct 2025,Egypt: Floods - Oct 2025
Cabo Verde,Flash Floods,Aug 2025,Cabo Verde: Flash Floods - Aug 2025
South Sudan,Floods,Jul 2025,South Sudan: Floods - Jul 2025
Sudan,Floods,Jul 2025,Sudan: Floods - Jul 2025
Honduras,Floods,Jun 2025,Honduras: Floods - Jun 2025
Panama,River Pollution,Jun 2025,Panama: River Pollution - Jun 2025
Côte d'Ivoire,Cholera Outbreak,Jun 2025,Côte d'Ivoire: Cholera Outbreak - Jun 2025
Pacific,Dengue Outbreak,2025,Pacific: Dengue Outbreak - 2025-2026
Ghana,Cholera Outbreak,Oct 2024,Ghana: Cholera Outbreak - Oct 2024
Namibia,Drought,May 2024,Namibia: Drought - May 2024
Niger,Diphtheria Outbreak,Oct 2023,Niger: Diphtheria Outbreak - Oct 2023
Nigeria,Lassa Fever Outbreak,Jan 2023,Nigeria: Lassa Fever Outbreak - Jan 2023
Burundi,Cholera Outbreak,Jan 2023,Burundi: Cholera Outbreak - Jan 2023
Bolivia,Cold Wave,Aug 2013,Bolivia: Cold Wave - Aug 2013
Mali,Floods,Aug 2013,Mali: Floods - Aug 2013
Lao PDR,Floods,Aug 2013,Lao PDR: Floods - Aug 2013
Russian Federation,Flash Floods,Aug 2013,Russian Federation: Flash Floods - Aug 2013
Niger,Floods,Aug 2013,Niger: Floods - Aug 2013
Uganda,Measles Outbreak,Aug 2013,Uganda: Measles Outbreak - Aug 2013
Lao PDR,Dengue Outbreak,Aug 2013,Lao PDR: Dengue Outbreak - Aug 2013
Philippines,Floods and Landslides,Aug 2013,Philippines: Floods and Landslides - Aug 2013
South Sudan,Floods,Aug 2013,South Sudan: Floods - Aug 2013
Peru,Cold Wave,Aug 2013,Peru: Cold Wave - Aug 2013
Yemen,Floods,Aug 2013,Yemen: Floods - Aug 2013
Sudan,Flash Floods,Aug 2013,Sudan: Flash Floods - Aug 2013
Pakistan,Floods,Aug 2013,Pakistan: Floods - Aug 2013
Afghanistan,Flash Floods,Aug 2013,Afghanistan: Flash Floods - Aug 2013
Myanmar,Floods,Aug 2013,Myanmar: Floods - Aug 2013
DPR Korea,Floods,Jul 2013,DPR Korea: Floods - Jul 2013
China,Earthquake in Gansu Province,Jul 2013,China: Earthquake in Gansu Province - Jul 2013
Georgia,Flash Floods,Jul 2013,Georgia: Flash Floods - Jul 2013
Paraguay,Floods,Jul 2013,Paraguay: Floods - Jul 2013
Indonesia,Earthquake,Aug 2026,Indonesia: Earthquake - Aug 2026
Colombia,Earthquake,Aug 2026,Colombia: Earthquake - Aug 2026
Myanmar,Floods,Jul 2026,Myanmar: Floods - Jul 2026
Afghanistan,Flash Floods,Jul 2026,Afghanistan: Flash Floods - Jul 2026
India,Flash Floods,Jul 2026,India: Flash Floods - Jul 2026
Kyrgyzstan,Flash Floods,Jul 2026,Kyrgyzstan: Flash Floods - Jul 2026
Tajikistan,Floods,Jul 2026,Tajikistan: Floods - Jul 2026
Bangladesh,Flash Floods,Jul 2026,Bangladesh: Flash Floods - Jul 2026
Georgia,Floods,Jun 2026,Georgia: Floods - Jun 2026
Central African Republic,Cholera Outbreak,Jun 2026,Central African Republic: Cholera Outbreak - Jun 2026
Venezuela,Earthquakes,Jun 2026,Venezuela: Earthquakes - Jun 2026
Chad,Cholera Outbreak,Jun 2026,Chad: Cholera Outbreak - Jun 2026
Philippines,Earthquake and Tsunami,Jun 2026,Philippines: Earthquake and Tsunami - Jun 2026
Armenia,Hailstorm,Jun 2026,Armenia: Hailstorm - Jun 2026
Syria,Floods,May 2026,Syria: Floods - May 2026
Central/Eastern Africa,Ebola Outbreak,May 2026,Central/Eastern Africa: Ebola Outbreak - May 2026
Sri Lanka,Dengue Outbreak,May 2026,Sri Lanka: Dengue Outbreak - May 2026
Dominican Republic,Floods,Apr 2026,Dominican Republic: Floods - Apr 2026
Yemen,Floods,Mar 2026,Yemen: Floods - Mar 2026
Tanzania,Floods and Landslides,Mar 2026,Tanzania: Floods and Landslides - Mar 2026
Liberia,Windstorms,Mar 2026,Liberia: Windstorms - Mar 2026
Botswana,Floods,Mar 2026,Botswana: Floods - Mar 2026
Ethiopia,Floods and Landslides,Mar 2026,Ethiopia: Floods and Landslides - Mar 2026
Kenya,Floods,Mar 2026,Kenya: Floods - Mar 2026
Suriname,Chikungunya Virus Outbreak,Mar 2026,Suriname: Chikungunya Virus Outbreak - Mar 2026
Brazil,Floods,Feb 2026,Brazil: Floods - Feb 2026
Peru,Floods and Landslides,Feb 2026,Peru: Floods and Landslides - Feb 2026
Angola,Floods,Feb 2026,Angola: Floods - Feb 2026
Zambia,Cholera Outbreak,Feb 2026,Zambia: Cholera Outbreak - Feb 2026
Cameroon,Fires,Feb 2026,Cameroon: Fires - Feb 2026
Somalia,Dengue Outbreak,Feb 2026,Somalia: Dengue Outbreak - Feb 2026
Rwanda,Flash Floods,Jan 2026,Rwanda: Flash Floods - Jan 2026
Algeria,Floods,Jan 2026,Algeria: Floods - Jan 2026
Argentina,Landslides,Jan 2026,Argentina: Landslides - Jan 2026
South Africa,Floods,Jan 2026,South Africa: Floods - Jan 2026
North Macedonia,Floods,Jan 2026,North Macedonia: Floods - Jan 2026
Malawi,Floods,Jan 2026,Malawi: Floods - Jan 2026
Serbia,Cold Wave,Jan 2026,Serbia: Cold Wave - Jan 2026
Guatemala,Measles Outbreak,Jan 2026,Guatemala: Measles Outbreak - Jan 2026
Ecuador,Floods,Jan 2026,Ecuador: Floods - Jan 2026
Zimbabwe,Floods,Jan 2026,Zimbabwe: Floods - Jan 2026
Mozambique,Floods,Dec 2025,Mozambique: Floods - Dec 2025
Chile,Wild Fires,Dec 2025,Chile: Wild Fires - Dec 2025
Gabon,Windstorms,Dec 2025,Gabon: Windstorms - Dec 2025
Morocco,Floods,Dec 2025,Morocco: Floods - Dec 2025
Bolivia,Floods,Dec 2025,Bolivia: Floods - Dec 2025
Congo,Floods,Nov 2025,Congo: Floods - Nov 2025
Cuba,Arboviral Outbreak,Oct 2025,Cuba: Arboviral Outbreak - Oct 2025
Egypt,Floods,Oct 2025,Egypt: Floods - Oct 2025
Cabo Verde,Flash Floods,Aug 2025,Cabo Verde: Flash Floods - Aug 2025
South Sudan,Floods,Jul 2025,South Sudan: Floods - Jul 2025
Sudan,Floods,Jul 2025,Sudan: Floods - Jul 2025
Honduras,Floods,Jun 2025,Honduras: Floods - Jun 2025
Panama,River Pollution,Jun 2025,Panama: River Pollution - Jun 2025
Côte d'Ivoire,Cholera Outbreak,Jun 2025,Côte d'Ivoire: Cholera Outbreak - Jun 2025
Pacific,Dengue Outbreak,2025,Pacific: Dengue Outbreak - 2025-2026
Ghana,Cholera Outbreak,Oct 2024,Ghana: Cholera Outbreak - Oct 2024
Namibia,Drought,May 2024,Namibia: Drought - May 2024
Niger,Diphtheria Outbreak,Oct 2023,Niger: Diphtheria Outbreak - Oct 2023
Nigeria,Lassa Fever Outbreak,Jan 2023,Nigeria: Lassa Fever Outbreak - Jan 2023
Burundi,Cholera Outbreak,Jan 2023,Burundi: Cholera Outbreak - Jan 2023
Indonesia,Earthquake,Jul 2013,Indonesia: Earthquake - Jul 2013
Haiti,Floods,Jun 2013,Haiti: Floods - Jun 2013
Central America,Dengue Outbreak,2013,Central America: Dengue Outbreak - 2013-2014
Nicaragua,Floods,Jun 2013,Nicaragua: Floods - Jun 2013
Bolivia,Drought,Jun 2013,Bolivia: Drought - Jun 2013
Ecuador,Drought,Jun 2013,Ecuador: Drought - Jun 2013
India/Nepal,Floods and Landslides,Jun 2013,India/Nepal: Floods and Landslides - Jun 2013
Central Europe,Floods,Jun 2013,Central Europe: Floods - Jun 2013
Armenia,Hail Storm,May 2013,Armenia: Hail Storm - May 2013
Ethiopia,Yellow Fever Outbreak,May 2013,Ethiopia: Yellow Fever Outbreak - May 2013
South Sudan,Meningitis Outbreak,May 2013,South Sudan: Meningitis Outbreak - May 2013
Horn of Africa,Polio Outbreak,May 2013,Horn of Africa: Polio Outbreak - May 2013
Namibia,Drought,May 2013,Namibia: Drought - May 2013
Central African Republic,Measles Outbreak,May 2013,Central African Republic: Measles Outbreak - May 2013
Uganda,Cholera Outbreak,May 2013,Uganda: Cholera Outbreak - May 2013
Uganda,Floods,May 2013,Uganda: Floods - May 2013
Jammu and Kashmir,Earthquake,May 2013,Jammu and Kashmir: Earthquake - May 2013
Marshall Islands,Drought,May 2013,Marshall Islands: Drought - May 2013
China,Floods and Landslides,Apr 2013,China: Floods and Landslides - Apr 2013
Indonesia,Earthquake,Aug 2026,Indonesia: Earthquake - Aug 2026
Colombia,Earthquake,Aug 2026,Colombia: Earthquake - Aug 2026
Myanmar,Floods,Jul 2026,Myanmar: Floods - Jul 2026
Afghanistan,Flash Floods,Jul 2026,Afghanistan: Flash Floods - Jul 2026
India,Flash Floods,Jul 2026,India: Flash Floods - Jul 2026
Kyrgyzstan,Flash Floods,Jul 2026,Kyrgyzstan: Flash Floods - Jul 2026
Tajikistan,Floods,Jul 2026,Tajikistan: Floods - Jul 2026
Bangladesh,Flash Floods,Jul 2026,Bangladesh: Flash Floods - Jul 2026
Georgia,Floods,Jun 2026,Georgia: Floods - Jun 2026
Central African Republic,Cholera Outbreak,Jun 2026,Central African Republic: Cholera Outbreak - Jun 2026
Venezuela,Earthquakes,Jun 2026,Venezuela: Earthquakes - Jun 2026
Chad,Cholera Outbreak,Jun 2026,Chad: Cholera Outbreak - Jun 2026
Philippines,Earthquake and Tsunami,Jun 2026,Philippines: Earthquake and Tsunami - Jun 2026
Armenia,Hailstorm,Jun 2026,Armenia: Hailstorm - Jun 2026
Syria,Floods,May 2026,Syria: Floods - May 2026
Central/Eastern Africa,Ebola Outbreak,May 2026,Central/Eastern Africa: Ebola Outbreak - May 2026
Sri Lanka,Dengue Outbreak,May 2026,Sri Lanka: Dengue Outbreak - May 2026
Dominican Republic,Floods,Apr 2026,Dominican Republic: Floods - Apr 2026
Yemen,Floods,Mar 2026,Yemen: Floods - Mar 2026
Tanzania,Floods and Landslides,Mar 2026,Tanzania: Floods and Landslides - Mar 2026
Liberia,Windstorms,Mar 2026,Liberia: Windstorms - Mar 2026
Botswana,Floods,Mar 2026,Botswana: Floods - Mar 2026
Ethiopia,Floods and Landslides,Mar 2026,Ethiopia: Floods and Landslides - Mar 2026
Kenya,Floods,Mar 2026,Kenya: Floods - Mar 2026
Suriname,Chikungunya Virus Outbreak,Mar 2026,Suriname: Chikungunya Virus Outbreak - Mar 2026
Brazil,Floods,Feb 2026,Brazil: Floods - Feb 2026
Peru,Floods and Landslides,Feb 2026,Peru: Floods and Landslides - Feb 2026
Angola,Floods,Feb 2026,Angola: Floods - Feb 2026
Zambia,Cholera Outbreak,Feb 2026,Zambia: Cholera Outbreak - Feb 2026
Cameroon,Fires,Feb 2026,Cameroon: Fires - Feb 2026
Somalia,Dengue Outbreak,Feb 2026,Somalia: Dengue Outbreak - Feb 2026
Rwanda,Flash Floods,Jan 2026,Rwanda: Flash Floods - Jan 2026
Algeria,Floods,Jan 2026,Algeria: Floods - Jan 2026
Argentina,Landslides,Jan 2026,Argentina: Landslides - Jan 2026
South Africa,Floods,Jan 2026,South Africa: Floods - Jan 2026
North Macedonia,Floods,Jan 2026,North Macedonia: Floods - Jan 2026
Malawi,Floods,Jan 2026,Malawi: Floods - Jan 2026
Serbia,Cold Wave,Jan 2026,Serbia: Cold Wave - Jan 2026
Guatemala,Measles Outbreak,Jan 2026,Guatemala: Measles Outbreak - Jan 2026
Ecuador,Floods,Jan 2026,Ecuador: Floods - Jan 2026
Zimbabwe,Floods,Jan 2026,Zimbabwe: Floods - Jan 2026
Mozambique,Floods,Dec 2025,Mozambique: Floods - Dec 2025
Chile,Wild Fires,Dec 2025,Chile: Wild Fires - Dec 2025
Gabon,Windstorms,Dec 2025,Gabon: Windstorms - Dec 2025
Morocco,Floods,Dec 2025,Morocco: Floods - Dec 2025
Bolivia,Floods,Dec 2025,Bolivia: Floods - Dec 2025
Congo,Floods,Nov 2025,Congo: Floods - Nov 2025
Cuba,Arboviral Outbreak,Oct 2025,Cuba: Arboviral Outbreak - Oct 2025
Egypt,Floods,Oct 2025,Egypt: Floods - Oct 2025
Cabo Verde,Flash Floods,Aug 2025,Cabo Verde: Flash Floods - Aug 2025
South Sudan,Floods,Jul 2025,South Sudan: Floods - Jul 2025
Sudan,Floods,Jul 2025,Sudan: Floods - Jul 2025
Honduras,Floods,Jun 2025,Honduras: Floods - Jun 2025
Panama,River Pollution,Jun 2025,Panama: River Pollution - Jun 2025
Côte d'Ivoire,Cholera Outbreak,Jun 2025,Côte d'Ivoire: Cholera Outbreak - Jun 2025
Pacific,Dengue Outbreak,2025,Pacific: Dengue Outbreak - 2025-2026
Ghana,Cholera Outbreak,Oct 2024,Ghana: Cholera Outbreak - Oct 2024
Namibia,Drought,May 2024,Namibia: Drought - May 2024
Niger,Diphtheria Outbreak,Oct 2023,Niger: Diphtheria Outbreak - Oct 2023
Nigeria,Lassa Fever Outbreak,Jan 2023,Nigeria: Lassa Fever Outbreak - Jan 2023
Burundi,Cholera Outbreak,Jan 2023,Burundi: Cholera Outbreak - Jan 2023
Somalia,Floods,Apr 2013,Somalia: Floods - Apr 2013
Ecuador,Floods and Landslides,Apr 2013,Ecuador: Floods and Landslides - Apr 2013
Afghanistan,Earthquake,Apr 2013,Afghanistan: Earthquake - Apr 2013
Ethiopia,Floods,Apr 2013,Ethiopia: Floods - Apr 2013
China,Earthquake,Apr 2013,China: Earthquake - Apr 2013
Ghana,Floods,Apr 2013,Ghana: Floods - Apr 2013
Iran/Pakistan,Earthquake,Apr 2013,Iran/Pakistan: Earthquake - Apr 2013
Solomon Islands,Dengue Outbreak,Apr 2013,Solomon Islands: Dengue Outbreak - Apr 2013
Republic of Congo,Cholera Outbreak,Apr 2013,Republic of Congo: Cholera Outbreak - Apr 2013
Iran,Earthquake,Apr 2013,Iran: Earthquake - Apr 2013
Argentina,Severe Local Storm,Apr 2013,Argentina: Severe Local Storm - Apr 2013
Kenya,Floods,Mar 2013,Kenya: Floods - Mar 2013
Madagascar,Locusts,Mar 2013,Madagascar: Locusts - Mar 2013
Georgia,Severe Local Storm,Mar 2013,Georgia: Severe Local Storm - Mar 2013
Bangladesh,Severe Local Storm,Mar 2013,Bangladesh: Severe Local Storm - Mar 2013
Serbia,Floods,Feb 2013,Serbia: Floods - Feb 2013
Colombia,Floods and Landslides,Mar 2013,Colombia: Floods and Landslides - Mar 2013
Namibia,Floods,Mar 2013,Namibia: Floods - Mar 2013
Central African Republic,Severe Local Storm,Mar 2013,Central African Republic: Severe Local Storm - Mar 2013
FYR Macedonia,Floods,Feb 2013,FYR Macedonia: Floods - Feb 2013
Indonesia,Earthquake,Aug 2026,Indonesia: Earthquake - Aug 2026
Colombia,Earthquake,Aug 2026,Colombia: Earthquake - Aug 2026
Myanmar,Floods,Jul 2026,Myanmar: Floods - Jul 2026
Afghanistan,Flash Floods,Jul 2026,Afghanistan: Flash Floods - Jul 2026
India,Flash Floods,Jul 2026,India: Flash Floods - Jul 2026
Kyrgyzstan,Flash Floods,Jul 2026,Kyrgyzstan: Flash Floods - Jul 2026
Tajikistan,Floods,Jul 2026,Tajikistan: Floods - Jul 2026
Bangladesh,Flash Floods,Jul 2026,Bangladesh: Flash Floods - Jul 2026
Georgia,Floods,Jun 2026,Georgia: Floods - Jun 2026
Central African Republic,Cholera Outbreak,Jun 2026,Central African Republic: Cholera Outbreak - Jun 2026
Venezuela,Earthquakes,Jun 2026,Venezuela: Earthquakes - Jun 2026
Chad,Cholera Outbreak,Jun 2026,Chad: Cholera Outbreak - Jun 2026
Philippines,Earthquake and Tsunami,Jun 2026,Philippines: Earthquake and Tsunami - Jun 2026
Armenia,Hailstorm,Jun 2026,Armenia: Hailstorm - Jun 2026
Syria,Floods,May 2026,Syria: Floods - May 2026
Central/Eastern Africa,Ebola Outbreak,May 2026,Central/Eastern Africa: Ebola Outbreak - May 2026
Sri Lanka,Dengue Outbreak,May 2026,Sri Lanka: Dengue Outbreak - May 2026
Dominican Republic,Floods,Apr 2026,Dominican Republic: Floods - Apr 2026
Yemen,Floods,Mar 2026,Yemen: Floods - Mar 2026
Tanzania,Floods and Landslides,Mar 2026,Tanzania: Floods and Landslides - Mar 2026
Liberia,Windstorms,Mar 2026,Liberia: Windstorms - Mar 2026
Botswana,Floods,Mar 2026,Botswana: Floods - Mar 2026
Ethiopia,Floods and Landslides,Mar 2026,Ethiopia: Floods and Landslides - Mar 2026
Kenya,Floods,Mar 2026,Kenya: Floods - Mar 2026
Suriname,Chikungunya Virus Outbreak,Mar 2026,Suriname: Chikungunya Virus Outbreak - Mar 2026
Brazil,Floods,Feb 2026,Brazil: Floods - Feb 2026
Peru,Floods and Landslides,Feb 2026,Peru: Floods and Landslides - Feb 2026
Angola,Floods,Feb 2026,Angola: Floods - Feb 2026
Zambia,Cholera Outbreak,Feb 2026,Zambia: Cholera Outbreak - Feb 2026
Cameroon,Fires,Feb 2026,Cameroon: Fires - Feb 2026
Somalia,Dengue Outbreak,Feb 2026,Somalia: Dengue Outbreak - Feb 2026
Rwanda,Flash Floods,Jan 2026,Rwanda: Flash Floods - Jan 2026
Algeria,Floods,Jan 2026,Algeria: Floods - Jan 2026
Argentina,Landslides,Jan 2026,Argentina: Landslides - Jan 2026
South Africa,Floods,Jan 2026,South Africa: Floods - Jan 2026
North Macedonia,Floods,Jan 2026,North Macedonia: Floods - Jan 2026
Malawi,Floods,Jan 2026,Malawi: Floods - Jan 2026
Serbia,Cold Wave,Jan 2026,Serbia: Cold Wave - Jan 2026
Guatemala,Measles Outbreak,Jan 2026,Guatemala: Measles Outbreak - Jan 2026
Ecuador,Floods,Jan 2026,Ecuador: Floods - Jan 2026
Zimbabwe,Floods,Jan 2026,Zimbabwe: Floods - Jan 2026
Mozambique,Floods,Dec 2025,Mozambique: Floods - Dec 2025
Chile,Wild Fires,Dec 2025,Chile: Wild Fires - Dec 2025
Gabon,Windstorms,Dec 2025,Gabon: Windstorms - Dec 2025
Morocco,Floods,Dec 2025,Morocco: Floods - Dec 2025
Bolivia,Floods,Dec 2025,Bolivia: Floods - Dec 2025
Congo,Floods,Nov 2025,Congo: Floods - Nov 2025
Cuba,Arboviral Outbreak,Oct 2025,Cuba: Arboviral Outbreak - Oct 2025
Egypt,Floods,Oct 2025,Egypt: Floods - Oct 2025
Cabo Verde,Flash Floods,Aug 2025,Cabo Verde: Flash Floods - Aug 2025
South Sudan,Floods,Jul 2025,South Sudan: Floods - Jul 2025
Sudan,Floods,Jul 2025,Sudan: Floods - Jul 2025
Honduras,Floods,Jun 2025,Honduras: Floods - Jun 2025
Panama,River Pollution,Jun 2025,Panama: River Pollution - Jun 2025
Côte d'Ivoire,Cholera Outbreak,Jun 2025,Côte d'Ivoire: Cholera Outbreak - Jun 2025
Pacific,Dengue Outbreak,2025,Pacific: Dengue Outbreak - 2025-2026
Ghana,Cholera Outbreak,Oct 2024,Ghana: Cholera Outbreak - Oct 2024
Namibia,Drought,May 2024,Namibia: Drought - May 2024
Niger,Diphtheria Outbreak,Oct 2023,Niger: Diphtheria Outbreak - Oct 2023
Nigeria,Lassa Fever Outbreak,Jan 2023,Nigeria: Lassa Fever Outbreak - Jan 2023
Burundi,Cholera Outbreak,Jan 2023,Burundi: Cholera Outbreak - Jan 2023
Afghanistan,Floods and Landslides,Feb 2013,Afghanistan: Floods and Landslides - Feb 2013
Colombia,Earthquake,Feb 2013,Colombia: Earthquake - Feb 2013
Peru,Floods and Landslides,Feb 2013,Peru: Floods and Landslides - Feb 2013
Papua New Guinea,Floods and Landslides,Jan 2013,Papua New Guinea: Floods and Landslides - Jan 2013
Tajikistan,Cold Wave,Jan 2013,Tajikistan: Cold Wave - Jan 2013
Solomon Islands,Earthquake and Tsunami,Feb 2013,Solomon Islands: Earthquake and Tsunami - Feb 2013
Ghana,Cholera Outbreak,Jan 2013,Ghana: Cholera Outbreak - Jan 2013
Bolivia,Floods and Landslides,Feb 2013,Bolivia: Floods and Landslides - Feb 2013
Botswana,Floods,Jan 2013,Botswana: Floods - Jan 2013
Belarus,Cold Wave,Jan 2013,Belarus: Cold Wave - Jan 2013
Mozambique,Floods,Jan 2013,Mozambique: Floods - Jan 2013
Zimbabwe,Floods,Jan 2013,Zimbabwe: Floods - Jan 2013
Indonesia,Floods,Jan 2013,Indonesia: Floods - Jan 2013
Zambia,Floods,Jan 2013,Zambia: Floods - Jan 2013
Kenya,Floods,Jan 2013,Kenya: Floods - Jan 2013
India,Cold Wave,Jan 2013,India: Cold Wave - Jan 2013
Malawi,Floods,Jan 2013,Malawi: Floods - Jan 2013
Indonesia,Earthquake,Aug 2026,Indonesia: Earthquake - Aug 2026
Colombia,Earthquake,Aug 2026,Colombia: Earthquake - Aug 2026
Myanmar,Floods,Jul 2026,Myanmar: Floods - Jul 2026
Afghanistan,Flash Floods,Jul 2026,Afghanistan: Flash Floods - Jul 2026
India,Flash Floods,Jul 2026,India: Flash Floods - Jul 2026
Kyrgyzstan,Flash Floods,Jul 2026,Kyrgyzstan: Flash Floods - Jul 2026
Tajikistan,Floods,Jul 2026,Tajikistan: Floods - Jul 2026
Bangladesh,Flash Floods,Jul 2026,Bangladesh: Flash Floods - Jul 2026
Georgia,Floods,Jun 2026,Georgia: Floods - Jun 2026
Central African Republic,Cholera Outbreak,Jun 2026,Central African Republic: Cholera Outbreak - Jun 2026
Venezuela,Earthquakes,Jun 2026,Venezuela: Earthquakes - Jun 2026
Chad,Cholera Outbreak,Jun 2026,Chad: Cholera Outbreak - Jun 2026
Philippines,Earthquake and Tsunami,Jun 2026,Philippines: Earthquake and Tsunami - Jun 2026
Armenia,Hailstorm,Jun 2026,Armenia: Hailstorm - Jun 2026
Syria,Floods,May 2026,Syria: Floods - May 2026
Central/Eastern Africa,Ebola Outbreak,May 2026,Central/Eastern Africa: Ebola Outbreak - May 2026
Sri Lanka,Dengue Outbreak,May 2026,Sri Lanka: Dengue Outbreak - May 2026
Dominican Republic,Floods,Apr 2026,Dominican Republic: Floods - Apr 2026
Yemen,Floods,Mar 2026,Yemen: Floods - Mar 2026
Tanzania,Floods and Landslides,Mar 2026,Tanzania: Floods and Landslides - Mar 2026
Liberia,Windstorms,Mar 2026,Liberia: Windstorms - Mar 2026
Botswana,Floods,Mar 2026,Botswana: Floods - Mar 2026
Ethiopia,Floods and Landslides,Mar 2026,Ethiopia: Floods and Landslides - Mar 2026
Kenya,Floods,Mar 2026,Kenya: Floods - Mar 2026
Suriname,Chikungunya Virus Outbreak,Mar 2026,Suriname: Chikungunya Virus Outbreak - Mar 2026
Brazil,Floods,Feb 2026,Brazil: Floods - Feb 2026
Peru,Floods and Landslides,Feb 2026,Peru: Floods and Landslides - Feb 2026
Angola,Floods,Feb 2026,Angola: Floods - Feb 2026
Zambia,Cholera Outbreak,Feb 2026,Zambia: Cholera Outbreak - Feb 2026
Cameroon,Fires,Feb 2026,Cameroon: Fires - Feb 2026
Somalia,Dengue Outbreak,Feb 2026,Somalia: Dengue Outbreak - Feb 2026
Rwanda,Flash Floods,Jan 2026,Rwanda: Flash Floods - Jan 2026
Algeria,Floods,Jan 2026,Algeria: Floods - Jan 2026
Argentina,Landslides,Jan 2026,Argentina: Landslides - Jan 2026
South Africa,Floods,Jan 2026,South Africa: Floods - Jan 2026
North Macedonia,Floods,Jan 2026,North Macedonia: Floods - Jan 2026
Malawi,Floods,Jan 2026,Malawi: Floods - Jan 2026
Serbia,Cold Wave,Jan 2026,Serbia: Cold Wave - Jan 2026
Guatemala,Measles Outbreak,Jan 2026,Guatemala: Measles Outbreak - Jan 2026
Ecuador,Floods,Jan 2026,Ecuador: Floods - Jan 2026
Zimbabwe,Floods,Jan 2026,Zimbabwe: Floods - Jan 2026
Mozambique,Floods,Dec 2025,Mozambique: Floods - Dec 2025
Chile,Wild Fires,Dec 2025,Chile: Wild Fires - Dec 2025
Gabon,Windstorms,Dec 2025,Gabon: Windstorms - Dec 2025
Morocco,Floods,Dec 2025,Morocco: Floods - Dec 2025
Bolivia,Floods,Dec 2025,Bolivia: Floods - Dec 2025
Congo,Floods,Nov 2025,Congo: Floods - Nov 2025
Cuba,Arboviral Outbreak,Oct 2025,Cuba: Arboviral Outbreak - Oct 2025
Egypt,Floods,Oct 2025,Egypt: Floods - Oct 2025
Cabo Verde,Flash Floods,Aug 2025,Cabo Verde: Flash Floods - Aug 2025
South Sudan,Floods,Jul 2025,South Sudan: Floods - Jul 2025
Sudan,Floods,Jul 2025,Sudan: Floods - Jul 2025
Honduras,Floods,Jun 2025,Honduras: Floods - Jun 2025
Panama,River Pollution,Jun 2025,Panama: River Pollution - Jun 2025
Côte d'Ivoire,Cholera Outbreak,Jun 2025,Côte d'Ivoire: Cholera Outbreak - Jun 2025
Pacific,Dengue Outbreak,2025,Pacific: Dengue Outbreak - 2025-2026
Ghana,Cholera Outbreak,Oct 2024,Ghana: Cholera Outbreak - Oct 2024
Namibia,Drought,May 2024,Namibia: Drought - May 2024
Niger,Diphtheria Outbreak,Oct 2023,Niger: Diphtheria Outbreak - Oct 2023
Nigeria,Lassa Fever Outbreak,Jan 2023,Nigeria: Lassa Fever Outbreak - Jan 2023
Burundi,Cholera Outbreak,Jan 2023,Burundi: Cholera Outbreak - Jan 2023
occupied Palestinian territory,Floods,Jan 2013,occupied Palestinian territory: Floods - Jan 2013
Benin,Wild Fires,Jan 2013,Benin: Wild Fires - Jan 2013
Sierra Leone,Wild Fires,Jan 2013,Sierra Leone: Wild Fires - Jan 2013
DR Congo,Cholera and Measles Outbreaks,2013,DR Congo: Cholera and Measles Outbreaks - 2013-2026
Kazakhstan,Cold Wave,Dec 2012,Kazakhstan: Cold Wave - Dec 2012
Bangladesh,Cold Wave,Dec 2012,Bangladesh: Cold Wave - Dec 2012
Kyrgyzstan,Cold Wave,Dec 2012,Kyrgyzstan: Cold Wave - Dec 2012
Sri Lanka,Floods and Landslides,Dec 2012,Sri Lanka: Floods and Landslides - Dec 2012
Moldova,Drought,Nov 2012,Moldova: Drought - Nov 2012
Panama,Floods and Landslides,Nov 2012,Panama: Floods and Landslides - Nov 2012
Republic of Congo,Floods,Nov 2012,Republic of Congo: Floods - Nov 2012
Myanmar,Earthquake,Nov 2012,Myanmar: Earthquake - Nov 2012
Haiti,Floods,Nov 2012,Haiti: Floods - Nov 2012
Guatemala,Earthquake,Nov 2012,Guatemala: Earthquake - Nov 2012
Sri Lanka,Drought,Nov 2012,Sri Lanka: Drought - Nov 2012
Sudan,Yellow Fever Outbreak,Oct 2012,Sudan: Yellow Fever Outbreak - Oct 2012
Indonesia,Earthquake,Aug 2026,Indonesia: Earthquake - Aug 2026
Colombia,Earthquake,Aug 2026,Colombia: Earthquake - Aug 2026
Myanmar,Floods,Jul 2026,Myanmar: Floods - Jul 2026
Afghanistan,Flash Floods,Jul 2026,Afghanistan: Flash Floods - Jul 2026
India,Flash Floods,Jul 2026,India: Flash Floods - Jul 2026
Kyrgyzstan,Flash Floods,Jul 2026,Kyrgyzstan: Flash Floods - Jul 2026
Tajikistan,Floods,Jul 2026,Tajikistan: Floods - Jul 2026
Bangladesh,Flash Floods,Jul 2026,Bangladesh: Flash Floods - Jul 2026
Georgia,Floods,Jun 2026,Georgia: Floods - Jun 2026
Central African Republic,Cholera Outbreak,Jun 2026,Central African Republic: Cholera Outbreak - Jun 2026
Venezuela,Earthquakes,Jun 2026,Venezuela: Earthquakes - Jun 2026
Chad,Cholera Outbreak,Jun 2026,Chad: Cholera Outbreak - Jun 2026
Philippines,Earthquake and Tsunami,Jun 2026,Philippines: Earthquake and Tsunami - Jun 2026
Armenia,Hailstorm,Jun 2026,Armenia: Hailstorm - Jun 2026
Syria,Floods,May 2026,Syria: Floods - May 2026
Central/Eastern Africa,Ebola Outbreak,May 2026,Central/Eastern Africa: Ebola Outbreak - May 2026
Sri Lanka,Dengue Outbreak,May 2026,Sri Lanka: Dengue Outbreak - May 2026
Dominican Republic,Floods,Apr 2026,Dominican Republic: Floods - Apr 2026
Yemen,Floods,Mar 2026,Yemen: Floods - Mar 2026
Tanzania,Floods and Landslides,Mar 2026,Tanzania: Floods and Landslides - Mar 2026
Liberia,Windstorms,Mar 2026,Liberia: Windstorms - Mar 2026
Botswana,Floods,Mar 2026,Botswana: Floods - Mar 2026
Ethiopia,Floods and Landslides,Mar 2026,Ethiopia: Floods and Landslides - Mar 2026
Kenya,Floods,Mar 2026,Kenya: Floods - Mar 2026
Suriname,Chikungunya Virus Outbreak,Mar 2026,Suriname: Chikungunya Virus Outbreak - Mar 2026
Brazil,Floods,Feb 2026,Brazil: Floods - Feb 2026
Peru,Floods and Landslides,Feb 2026,Peru: Floods and Landslides - Feb 2026
Angola,Floods,Feb 2026,Angola: Floods - Feb 2026
Zambia,Cholera Outbreak,Feb 2026,Zambia: Cholera Outbreak - Feb 2026
Cameroon,Fires,Feb 2026,Cameroon: Fires - Feb 2026
Somalia,Dengue Outbreak,Feb 2026,Somalia: Dengue Outbreak - Feb 2026
Rwanda,Flash Floods,Jan 2026,Rwanda: Flash Floods - Jan 2026
Algeria,Floods,Jan 2026,Algeria: Floods - Jan 2026
Argentina,Landslides,Jan 2026,Argentina: Landslides - Jan 2026
South Africa,Floods,Jan 2026,South Africa: Floods - Jan 2026
North Macedonia,Floods,Jan 2026,North Macedonia: Floods - Jan 2026
Malawi,Floods,Jan 2026,Malawi: Floods - Jan 2026
Serbia,Cold Wave,Jan 2026,Serbia: Cold Wave - Jan 2026
Guatemala,Measles Outbreak,Jan 2026,Guatemala: Measles Outbreak - Jan 2026
Ecuador,Floods,Jan 2026,Ecuador: Floods - Jan 2026
Zimbabwe,Floods,Jan 2026,Zimbabwe: Floods - Jan 2026
Mozambique,Floods,Dec 2025,Mozambique: Floods - Dec 2025
Chile,Wild Fires,Dec 2025,Chile: Wild Fires - Dec 2025
Gabon,Windstorms,Dec 2025,Gabon: Windstorms - Dec 2025
Morocco,Floods,Dec 2025,Morocco: Floods - Dec 2025
Bolivia,Floods,Dec 2025,Bolivia: Floods - Dec 2025
Congo,Floods,Nov 2025,Congo: Floods - Nov 2025
Cuba,Arboviral Outbreak,Oct 2025,Cuba: Arboviral Outbreak - Oct 2025
Egypt,Floods,Oct 2025,Egypt: Floods - Oct 2025
Cabo Verde,Flash Floods,Aug 2025,Cabo Verde: Flash Floods - Aug 2025
South Sudan,Floods,Jul 2025,South Sudan: Floods - Jul 2025
Sudan,Floods,Jul 2025,Sudan: Floods - Jul 2025
Honduras,Floods,Jun 2025,Honduras: Floods - Jun 2025
Panama,River Pollution,Jun 2025,Panama: River Pollution - Jun 2025
Côte d'Ivoire,Cholera Outbreak,Jun 2025,Côte d'Ivoire: Cholera Outbreak - Jun 2025
Pacific,Dengue Outbreak,2025,Pacific: Dengue Outbreak - 2025-2026
Ghana,Cholera Outbreak,Oct 2024,Ghana: Cholera Outbreak - Oct 2024
Namibia,Drought,May 2024,Namibia: Drought - May 2024
Niger,Diphtheria Outbreak,Oct 2023,Niger: Diphtheria Outbreak - Oct 2023
Nigeria,Lassa Fever Outbreak,Jan 2023,Nigeria: Lassa Fever Outbreak - Jan 2023
Burundi,Cholera Outbreak,Jan 2023,Burundi: Cholera Outbreak - Jan 2023
Benin,Cholera Epidemic,Oct 2012,Benin: Cholera Epidemic - Oct 2012
Colombia,Floods and Landslides,Oct 2012,Colombia: Floods and Landslides - Oct 2012
Uganda,Marburg Fever Outbreak,Oct 2012,Uganda: Marburg Fever Outbreak - Oct 2012
Burundi,Cholera Outbreak,Oct 2012,Burundi: Cholera Outbreak - Oct 2012
DR Congo,Floods,Oct 2012,DR Congo: Floods - Oct 2012
Benin,Floods,Oct 2012,Benin: Floods - Oct 2012
Somalia,Floods,Sep 2012,Somalia: Floods - Sep 2012
Paraguay,Severe Local Storm,Sep 2012,Paraguay: Severe Local Storm - Sep 2012
Ecuador,Wild Fires,Sep 2012,Ecuador: Wild Fires - Sep 2012
Gambia,Floods,Sep 2012,Gambia: Floods - Sep 2012
China,Earthquakes in Yunnan and Guizhou Provinces,Sep 2012,China: Earthquakes in Yunnan and Guizhou Provinces - Sep 2012
Central African Republic,Floods,Aug 2012,Central African Republic: Floods - Aug 2012
Mali,Floods,Aug 2012,Mali: Floods - Aug 2012
Senegal,Floods,Aug 2012,Senegal: Floods - Aug 2012
Guatemala,Food Insecurity 2012,2013,Guatemala: Food Insecurity 2012-2013
Indonesia,Earthquake,Aug 2012,Indonesia: Earthquake - Aug 2012
DR Congo,Ebola Outbreak,Aug 2012,DR Congo: Ebola Outbreak - Aug 2012
Indonesia,Earthquake,Aug 2026,Indonesia: Earthquake - Aug 2026
Colombia,Earthquake,Aug 2026,Colombia: Earthquake - Aug 2026
Myanmar,Floods,Jul 2026,Myanmar: Floods - Jul 2026
Afghanistan,Flash Floods,Jul 2026,Afghanistan: Flash Floods - Jul 2026
India,Flash Floods,Jul 2026,India: Flash Floods - Jul 2026
Kyrgyzstan,Flash Floods,Jul 2026,Kyrgyzstan: Flash Floods - Jul 2026
Tajikistan,Floods,Jul 2026,Tajikistan: Floods - Jul 2026
Bangladesh,Flash Floods,Jul 2026,Bangladesh: Flash Floods - Jul 2026
Georgia,Floods,Jun 2026,Georgia: Floods - Jun 2026
Central African Republic,Cholera Outbreak,Jun 2026,Central African Republic: Cholera Outbreak - Jun 2026
Venezuela,Earthquakes,Jun 2026,Venezuela: Earthquakes - Jun 2026
Chad,Cholera Outbreak,Jun 2026,Chad: Cholera Outbreak - Jun 2026
Philippines,Earthquake and Tsunami,Jun 2026,Philippines: Earthquake and Tsunami - Jun 2026
Armenia,Hailstorm,Jun 2026,Armenia: Hailstorm - Jun 2026
Syria,Floods,May 2026,Syria: Floods - May 2026
Central/Eastern Africa,Ebola Outbreak,May 2026,Central/Eastern Africa: Ebola Outbreak - May 2026
Sri Lanka,Dengue Outbreak,May 2026,Sri Lanka: Dengue Outbreak - May 2026
Dominican Republic,Floods,Apr 2026,Dominican Republic: Floods - Apr 2026
Yemen,Floods,Mar 2026,Yemen: Floods - Mar 2026
Tanzania,Floods and Landslides,Mar 2026,Tanzania: Floods and Landslides - Mar 2026
Liberia,Windstorms,Mar 2026,Liberia: Windstorms - Mar 2026
Botswana,Floods,Mar 2026,Botswana: Floods - Mar 2026
Ethiopia,Floods and Landslides,Mar 2026,Ethiopia: Floods and Landslides - Mar 2026
Kenya,Floods,Mar 2026,Kenya: Floods - Mar 2026
Suriname,Chikungunya Virus Outbreak,Mar 2026,Suriname: Chikungunya Virus Outbreak - Mar 2026
Brazil,Floods,Feb 2026,Brazil: Floods - Feb 2026
Peru,Floods and Landslides,Feb 2026,Peru: Floods and Landslides - Feb 2026
Angola,Floods,Feb 2026,Angola: Floods - Feb 2026
Zambia,Cholera Outbreak,Feb 2026,Zambia: Cholera Outbreak - Feb 2026
Cameroon,Fires,Feb 2026,Cameroon: Fires - Feb 2026
Somalia,Dengue Outbreak,Feb 2026,Somalia: Dengue Outbreak - Feb 2026
Rwanda,Flash Floods,Jan 2026,Rwanda: Flash Floods - Jan 2026
Algeria,Floods,Jan 2026,Algeria: Floods - Jan 2026
Argentina,Landslides,Jan 2026,Argentina: Landslides - Jan 2026
South Africa,Floods,Jan 2026,South Africa: Floods - Jan 2026
North Macedonia,Floods,Jan 2026,North Macedonia: Floods - Jan 2026
Malawi,Floods,Jan 2026,Malawi: Floods - Jan 2026
Serbia,Cold Wave,Jan 2026,Serbia: Cold Wave - Jan 2026
Guatemala,Measles Outbreak,Jan 2026,Guatemala: Measles Outbreak - Jan 2026
Ecuador,Floods,Jan 2026,Ecuador: Floods - Jan 2026
Zimbabwe,Floods,Jan 2026,Zimbabwe: Floods - Jan 2026
Mozambique,Floods,Dec 2025,Mozambique: Floods - Dec 2025
Chile,Wild Fires,Dec 2025,Chile: Wild Fires - Dec 2025
Gabon,Windstorms,Dec 2025,Gabon: Windstorms - Dec 2025
Morocco,Floods,Dec 2025,Morocco: Floods - Dec 2025
Bolivia,Floods,Dec 2025,Bolivia: Floods - Dec 2025
Congo,Floods,Nov 2025,Congo: Floods - Nov 2025
Cuba,Arboviral Outbreak,Oct 2025,Cuba: Arboviral Outbreak - Oct 2025
Egypt,Floods,Oct 2025,Egypt: Floods - Oct 2025
Cabo Verde,Flash Floods,Aug 2025,Cabo Verde: Flash Floods - Aug 2025
South Sudan,Floods,Jul 2025,South Sudan: Floods - Jul 2025
Sudan,Floods,Jul 2025,Sudan: Floods - Jul 2025
Honduras,Floods,Jun 2025,Honduras: Floods - Jun 2025
Panama,River Pollution,Jun 2025,Panama: River Pollution - Jun 2025
Côte d'Ivoire,Cholera Outbreak,Jun 2025,Côte d'Ivoire: Cholera Outbreak - Jun 2025
Pacific,Dengue Outbreak,2025,Pacific: Dengue Outbreak - 2025-2026
Ghana,Cholera Outbreak,Oct 2024,Ghana: Cholera Outbreak - Oct 2024
Namibia,Drought,May 2024,Namibia: Drought - May 2024
Niger,Diphtheria Outbreak,Oct 2023,Niger: Diphtheria Outbreak - Oct 2023
Nigeria,Lassa Fever Outbreak,Jan 2023,Nigeria: Lassa Fever Outbreak - Jan 2023
Burundi,Cholera Outbreak,Jan 2023,Burundi: Cholera Outbreak - Jan 2023
Cameroon,Floods,Aug 2012,Cameroon: Floods - Aug 2012
Malawi,Food Insecurity,2012,Malawi: Food Insecurity - 2012-2014
Iran,Earthquake,Aug 2012,Iran: Earthquake - Aug 2012
Lesotho,Food Insecurity,2012,Lesotho: Food Insecurity - 2012-2013
Chad,Floods,Aug 2012,Chad: Floods - Aug 2012
Myanmar,Floods,Aug 2012,Myanmar: Floods - Aug 2012
Pakistan,Floods,Aug 2012,Pakistan: Floods - Aug 2012
Niger,Floods,Jul 2012,Niger: Floods - Jul 2012
Uganda,Ebola Outbreak,Jul 2012,Uganda: Ebola Outbreak - Jul 2012
Central America,Floods and Landslides,Jul 2012,Central America: Floods and Landslides - Jul 2012
Nigeria,Floods,Jul 2012,Nigeria: Floods - Jul 2012
Georgia,Flash Floods and Hailstorms,Jul 2012,Georgia: Flash Floods and Hailstorms - Jul 2012
Nepal,Floods and Landslides,Jul 2012,Nepal: Floods and Landslides - Jul 2012
DPR Korea,Floods,Jul 2012,DPR Korea: Floods - Jul 2012
Indonesia,Earthquake,Aug 2026,Indonesia: Earthquake - Aug 2026
Colombia,Earthquake,Aug 2026,Colombia: Earthquake - Aug 2026
Myanmar,Floods,Jul 2026,Myanmar: Floods - Jul 2026
Afghanistan,Flash Floods,Jul 2026,Afghanistan: Flash Floods - Jul 2026
India,Flash Floods,Jul 2026,India: Flash Floods - Jul 2026
Kyrgyzstan,Flash Floods,Jul 2026,Kyrgyzstan: Flash Floods - Jul 2026
Tajikistan,Floods,Jul 2026,Tajikistan: Floods - Jul 2026
Bangladesh,Flash Floods,Jul 2026,Bangladesh: Flash Floods - Jul 2026
Georgia,Floods,Jun 2026,Georgia: Floods - Jun 2026
Central African Republic,Cholera Outbreak,Jun 2026,Central African Republic: Cholera Outbreak - Jun 2026
Venezuela,Earthquakes,Jun 2026,Venezuela: Earthquakes - Jun 2026
Chad,Cholera Outbreak,Jun 2026,Chad: Cholera Outbreak - Jun 2026
Philippines,Earthquake and Tsunami,Jun 2026,Philippines: Earthquake and Tsunami - Jun 2026
Armenia,Hailstorm,Jun 2026,Armenia: Hailstorm - Jun 2026
Syria,Floods,May 2026,Syria: Floods - May 2026
Central/Eastern Africa,Ebola Outbreak,May 2026,Central/Eastern Africa: Ebola Outbreak - May 2026
Sri Lanka,Dengue Outbreak,May 2026,Sri Lanka: Dengue Outbreak - May 2026
Dominican Republic,Floods,Apr 2026,Dominican Republic: Floods - Apr 2026
Yemen,Floods,Mar 2026,Yemen: Floods - Mar 2026
Tanzania,Floods and Landslides,Mar 2026,Tanzania: Floods and Landslides - Mar 2026
Liberia,Windstorms,Mar 2026,Liberia: Windstorms - Mar 2026
Botswana,Floods,Mar 2026,Botswana: Floods - Mar 2026
Ethiopia,Floods and Landslides,Mar 2026,Ethiopia: Floods and Landslides - Mar 2026
Kenya,Floods,Mar 2026,Kenya: Floods - Mar 2026
Suriname,Chikungunya Virus Outbreak,Mar 2026,Suriname: Chikungunya Virus Outbreak - Mar 2026
Brazil,Floods,Feb 2026,Brazil: Floods - Feb 2026
Peru,Floods and Landslides,Feb 2026,Peru: Floods and Landslides - Feb 2026
Angola,Floods,Feb 2026,Angola: Floods - Feb 2026
Zambia,Cholera Outbreak,Feb 2026,Zambia: Cholera Outbreak - Feb 2026
Cameroon,Fires,Feb 2026,Cameroon: Fires - Feb 2026
Somalia,Dengue Outbreak,Feb 2026,Somalia: Dengue Outbreak - Feb 2026
Rwanda,Flash Floods,Jan 2026,Rwanda: Flash Floods - Jan 2026
Algeria,Floods,Jan 2026,Algeria: Floods - Jan 2026
Argentina,Landslides,Jan 2026,Argentina: Landslides - Jan 2026
South Africa,Floods,Jan 2026,South Africa: Floods - Jan 2026
North Macedonia,Floods,Jan 2026,North Macedonia: Floods - Jan 2026
Malawi,Floods,Jan 2026,Malawi: Floods - Jan 2026
Serbia,Cold Wave,Jan 2026,Serbia: Cold Wave - Jan 2026
Guatemala,Measles Outbreak,Jan 2026,Guatemala: Measles Outbreak - Jan 2026
Ecuador,Floods,Jan 2026,Ecuador: Floods - Jan 2026
Zimbabwe,Floods,Jan 2026,Zimbabwe: Floods - Jan 2026
Mozambique,Floods,Dec 2025,Mozambique: Floods - Dec 2025
Chile,Wild Fires,Dec 2025,Chile: Wild Fires - Dec 2025
Gabon,Windstorms,Dec 2025,Gabon: Windstorms - Dec 2025
Morocco,Floods,Dec 2025,Morocco: Floods - Dec 2025
Bolivia,Floods,Dec 2025,Bolivia: Floods - Dec 2025
Congo,Floods,Nov 2025,Congo: Floods - Nov 2025
Cuba,Arboviral Outbreak,Oct 2025,Cuba: Arboviral Outbreak - Oct 2025
Egypt,Floods,Oct 2025,Egypt: Floods - Oct 2025
Cabo Verde,Flash Floods,Aug 2025,Cabo Verde: Flash Floods - Aug 2025
South Sudan,Floods,Jul 2025,South Sudan: Floods - Jul 2025
Sudan,Floods,Jul 2025,Sudan: Floods - Jul 2025
Honduras,Floods,Jun 2025,Honduras: Floods - Jun 2025
Panama,River Pollution,Jun 2025,Panama: River Pollution - Jun 2025
Côte d'Ivoire,Cholera Outbreak,Jun 2025,Côte d'Ivoire: Cholera Outbreak - Jun 2025
Pacific,Dengue Outbreak,2025,Pacific: Dengue Outbreak - 2025-2026
Ghana,Cholera Outbreak,Oct 2024,Ghana: Cholera Outbreak - Oct 2024
Namibia,Drought,May 2024,Namibia: Drought - May 2024
Niger,Diphtheria Outbreak,Oct 2023,Niger: Diphtheria Outbreak - Oct 2023
Nigeria,Lassa Fever Outbreak,Jan 2023,Nigeria: Lassa Fever Outbreak - Jan 2023
Burundi,Cholera Outbreak,Jan 2023,Burundi: Cholera Outbreak - Jan 2023
Afghanistan,Flash Floods,Jul 2012,Afghanistan: Flash Floods - Jul 2012
Russian Federation,Flash Floods,Jul 2012,Russian Federation: Flash Floods - Jul 2012
Burkina Faso,Floods,Jun 2012,Burkina Faso: Floods - Jun 2012
China,Earthquake in Xinjiang Region,Jun 2012,China: Earthquake in Xinjiang Region - Jun 2012
Bangladesh,Floods and Landslides,Jun 2012,Bangladesh: Floods and Landslides - Jun 2012
South Sudan,Floods,Jun 2012,South Sudan: Floods - Jun 2012
Peru,Cold Wave,Jun 2012,Peru: Cold Wave - Jun 2012
Sudan,Floods,Jun 2012,Sudan: Floods - Jun 2012
Uganda,Landslides,Jun 2012,Uganda: Landslides - Jun 2012
Niger,Cholera Outbreak,Jun 2012,Niger: Cholera Outbreak - Jun 2012
China,Earthquake in Yunnan and Sichuan Provinces,Jun 2012,China: Earthquake in Yunnan and Sichuan Provinces - Jun 2012
India,Floods,Jun 2012,India: Floods - Jun 2012
Gabon,Floods,Jun 2012,Gabon: Floods - Jun 2012
Mexico,Hurricane Carlotta,Jun 2012,Mexico: Hurricane Carlotta - Jun 2012
Philippines,Floods and Landslides,Jun 2012,Philippines: Floods and Landslides - Jun 2012
Afghanistan,Earthquakes,Jun 2012,Afghanistan: Earthquakes - Jun 2012
Guatemala,"Floods, Landslides and Strong Winds",Jun 2012,"Guatemala: Floods, Landslides and Strong Winds - Jun 2012"
Indonesia,Floods and Landslides,Jun 2012,Indonesia: Floods and Landslides - Jun 2012
Solomon Islands,Flash Floods and Landslides,June 2012,Solomon Islands: Flash Floods and Landslides - June 2012
Pakistan,Measles Outbreak,May 2012,Pakistan: Measles Outbreak - May 2012 - Dec 2013
Indonesia,Earthquake,Aug 2026,Indonesia: Earthquake - Aug 2026
Colombia,Earthquake,Aug 2026,Colombia: Earthquake - Aug 2026
Myanmar,Floods,Jul 2026,Myanmar: Floods - Jul 2026
Afghanistan,Flash Floods,Jul 2026,Afghanistan: Flash Floods - Jul 2026
India,Flash Floods,Jul 2026,India: Flash Floods - Jul 2026
Kyrgyzstan,Flash Floods,Jul 2026,Kyrgyzstan: Flash Floods - Jul 2026
Tajikistan,Floods,Jul 2026,Tajikistan: Floods - Jul 2026
Bangladesh,Flash Floods,Jul 2026,Bangladesh: Flash Floods - Jul 2026
Georgia,Floods,Jun 2026,Georgia: Floods - Jun 2026
Central African Republic,Cholera Outbreak,Jun 2026,Central African Republic: Cholera Outbreak - Jun 2026
Venezuela,Earthquakes,Jun 2026,Venezuela: Earthquakes - Jun 2026
Chad,Cholera Outbreak,Jun 2026,Chad: Cholera Outbreak - Jun 2026
Philippines,Earthquake and Tsunami,Jun 2026,Philippines: Earthquake and Tsunami - Jun 2026
Armenia,Hailstorm,Jun 2026,Armenia: Hailstorm - Jun 2026
Syria,Floods,May 2026,Syria: Floods - May 2026
Central/Eastern Africa,Ebola Outbreak,May 2026,Central/Eastern Africa: Ebola Outbreak - May 2026
Sri Lanka,Dengue Outbreak,May 2026,Sri Lanka: Dengue Outbreak - May 2026
Dominican Republic,Floods,Apr 2026,Dominican Republic: Floods - Apr 2026
Yemen,Floods,Mar 2026,Yemen: Floods - Mar 2026
Tanzania,Floods and Landslides,Mar 2026,Tanzania: Floods and Landslides - Mar 2026
Liberia,Windstorms,Mar 2026,Liberia: Windstorms - Mar 2026
Botswana,Floods,Mar 2026,Botswana: Floods - Mar 2026
Ethiopia,Floods and Landslides,Mar 2026,Ethiopia: Floods and Landslides - Mar 2026
Kenya,Floods,Mar 2026,Kenya: Floods - Mar 2026
Suriname,Chikungunya Virus Outbreak,Mar 2026,Suriname: Chikungunya Virus Outbreak - Mar 2026
Brazil,Floods,Feb 2026,Brazil: Floods - Feb 2026
Peru,Floods and Landslides,Feb 2026,Peru: Floods and Landslides - Feb 2026
Angola,Floods,Feb 2026,Angola: Floods - Feb 2026
Zambia,Cholera Outbreak,Feb 2026,Zambia: Cholera Outbreak - Feb 2026
Cameroon,Fires,Feb 2026,Cameroon: Fires - Feb 2026
Somalia,Dengue Outbreak,Feb 2026,Somalia: Dengue Outbreak - Feb 2026
Rwanda,Flash Floods,Jan 2026,Rwanda: Flash Floods - Jan 2026
Algeria,Floods,Jan 2026,Algeria: Floods - Jan 2026
Argentina,Landslides,Jan 2026,Argentina: Landslides - Jan 2026
South Africa,Floods,Jan 2026,South Africa: Floods - Jan 2026
North Macedonia,Floods,Jan 2026,North Macedonia: Floods - Jan 2026
Malawi,Floods,Jan 2026,Malawi: Floods - Jan 2026
Serbia,Cold Wave,Jan 2026,Serbia: Cold Wave - Jan 2026
Guatemala,Measles Outbreak,Jan 2026,Guatemala: Measles Outbreak - Jan 2026
Ecuador,Floods,Jan 2026,Ecuador: Floods - Jan 2026
Zimbabwe,Floods,Jan 2026,Zimbabwe: Floods - Jan 2026
Mozambique,Floods,Dec 2025,Mozambique: Floods - Dec 2025
Chile,Wild Fires,Dec 2025,Chile: Wild Fires - Dec 2025
Gabon,Windstorms,Dec 2025,Gabon: Windstorms - Dec 2025
Morocco,Floods,Dec 2025,Morocco: Floods - Dec 2025
Bolivia,Floods,Dec 2025,Bolivia: Floods - Dec 2025
Congo,Floods,Nov 2025,Congo: Floods - Nov 2025
Cuba,Arboviral Outbreak,Oct 2025,Cuba: Arboviral Outbreak - Oct 2025
Egypt,Floods,Oct 2025,Egypt: Floods - Oct 2025
Cabo Verde,Flash Floods,Aug 2025,Cabo Verde: Flash Floods - Aug 2025
South Sudan,Floods,Jul 2025,South Sudan: Floods - Jul 2025
Sudan,Floods,Jul 2025,Sudan: Floods - Jul 2025
Honduras,Floods,Jun 2025,Honduras: Floods - Jun 2025
Panama,River Pollution,Jun 2025,Panama: River Pollution - Jun 2025
Côte d'Ivoire,Cholera Outbreak,Jun 2025,Côte d'Ivoire: Cholera Outbreak - Jun 2025
Pacific,Dengue Outbreak,2025,Pacific: Dengue Outbreak - 2025-2026
Ghana,Cholera Outbreak,Oct 2024,Ghana: Cholera Outbreak - Oct 2024
Namibia,Drought,May 2024,Namibia: Drought - May 2024
Niger,Diphtheria Outbreak,Oct 2023,Niger: Diphtheria Outbreak - Oct 2023
Nigeria,Lassa Fever Outbreak,Jan 2023,Nigeria: Lassa Fever Outbreak - Jan 2023
Burundi,Cholera Outbreak,Jan 2023,Burundi: Cholera Outbreak - Jan 2023
Cuba,Floods,May 2012,Cuba: Floods - May 2012
Azerbaijan,Earthquake,May 2012,Azerbaijan: Earthquake - May 2012
Honduras,Floods and Landslides,May 2012,Honduras: Floods and Landslides - May 2012
Ethiopia,Floods,May 2012,Ethiopia: Floods - May 2012
Venezuela,Floods,May 2012,Venezuela: Floods - May 2012
Tajikistan,Earthquake,May 2012,Tajikistan: Earthquake - May 2012
Brazil,Drought,May 2012,Brazil: Drought - May 2012
Georgia,Flash Floods and Landslides,May 2012,Georgia: Flash Floods and Landslides - May 2012
China,Floods and Hailstorms,May 2012,China: Floods and Hailstorms - May 2012
Nepal,Flash Floods,May 2012,Nepal: Flash Floods - May 2012
Central African Republic,Severe Local Storm,May 2012,Central African Republic: Severe Local Storm - May 2012
Kyrgyzstan,Floods and Mudflows,Apr 2012,Kyrgyzstan: Floods and Mudflows - Apr 2012
Comoros,Floods,Apr 2012,Comoros: Floods - Apr 2012
Dominican Republic,Floods,Apr 2012,Dominican Republic: Floods - Apr 2012
Viet Nam,Severe Local Storms and Floods,Apr 2012,Viet Nam: Severe Local Storms and Floods - Apr 2012
Angola,Drought,2012,Angola: Drought - 2012-2014
DR Congo,Severe Local Storm,Apr 2012,DR Congo: Severe Local Storm - Apr 2012
Rwanda,Floods,Apr 2012,Rwanda: Floods - Apr 2012
Ghana,Cholera Outbreak,Apr 2012,Ghana: Cholera Outbreak - Apr 2012
Russian Federation,Floods,April 2012,Russian Federation: Floods - April 2012
Indonesia,Earthquake,Aug 2026,Indonesia: Earthquake - Aug 2026
Colombia,Earthquake,Aug 2026,Colombia: Earthquake - Aug 2026
Myanmar,Floods,Jul 2026,Myanmar: Floods - Jul 2026
Afghanistan,Flash Floods,Jul 2026,Afghanistan: Flash Floods - Jul 2026
India,Flash Floods,Jul 2026,India: Flash Floods - Jul 2026
Kyrgyzstan,Flash Floods,Jul 2026,Kyrgyzstan: Flash Floods - Jul 2026
Tajikistan,Floods,Jul 2026,Tajikistan: Floods - Jul 2026
Bangladesh,Flash Floods,Jul 2026,Bangladesh: Flash Floods - Jul 2026
Georgia,Floods,Jun 2026,Georgia: Floods - Jun 2026
Central African Republic,Cholera Outbreak,Jun 2026,Central African Republic: Cholera Outbreak - Jun 2026
Venezuela,Earthquakes,Jun 2026,Venezuela: Earthquakes - Jun 2026
Chad,Cholera Outbreak,Jun 2026,Chad: Cholera Outbreak - Jun 2026
Philippines,Earthquake and Tsunami,Jun 2026,Philippines: Earthquake and Tsunami - Jun 2026
Armenia,Hailstorm,Jun 2026,Armenia: Hailstorm - Jun 2026
Syria,Floods,May 2026,Syria: Floods - May 2026
Central/Eastern Africa,Ebola Outbreak,May 2026,Central/Eastern Africa: Ebola Outbreak - May 2026
Sri Lanka,Dengue Outbreak,May 2026,Sri Lanka: Dengue Outbreak - May 2026
Dominican Republic,Floods,Apr 2026,Dominican Republic: Floods - Apr 2026
Yemen,Floods,Mar 2026,Yemen: Floods - Mar 2026
Tanzania,Floods and Landslides,Mar 2026,Tanzania: Floods and Landslides - Mar 2026
Liberia,Windstorms,Mar 2026,Liberia: Windstorms - Mar 2026
Botswana,Floods,Mar 2026,Botswana: Floods - Mar 2026
Ethiopia,Floods and Landslides,Mar 2026,Ethiopia: Floods and Landslides - Mar 2026
Kenya,Floods,Mar 2026,Kenya: Floods - Mar 2026
Suriname,Chikungunya Virus Outbreak,Mar 2026,Suriname: Chikungunya Virus Outbreak - Mar 2026
Brazil,Floods,Feb 2026,Brazil: Floods - Feb 2026
Peru,Floods and Landslides,Feb 2026,Peru: Floods and Landslides - Feb 2026
Angola,Floods,Feb 2026,Angola: Floods - Feb 2026
Zambia,Cholera Outbreak,Feb 2026,Zambia: Cholera Outbreak - Feb 2026
Cameroon,Fires,Feb 2026,Cameroon: Fires - Feb 2026
Somalia,Dengue Outbreak,Feb 2026,Somalia: Dengue Outbreak - Feb 2026
Rwanda,Flash Floods,Jan 2026,Rwanda: Flash Floods - Jan 2026
Algeria,Floods,Jan 2026,Algeria: Floods - Jan 2026
Argentina,Landslides,Jan 2026,Argentina: Landslides - Jan 2026
South Africa,Floods,Jan 2026,South Africa: Floods - Jan 2026
North Macedonia,Floods,Jan 2026,North Macedonia: Floods - Jan 2026
Malawi,Floods,Jan 2026,Malawi: Floods - Jan 2026
Serbia,Cold Wave,Jan 2026,Serbia: Cold Wave - Jan 2026
Guatemala,Measles Outbreak,Jan 2026,Guatemala: Measles Outbreak - Jan 2026
Ecuador,Floods,Jan 2026,Ecuador: Floods - Jan 2026
Zimbabwe,Floods,Jan 2026,Zimbabwe: Floods - Jan 2026
Mozambique,Floods,Dec 2025,Mozambique: Floods - Dec 2025
Chile,Wild Fires,Dec 2025,Chile: Wild Fires - Dec 2025
Gabon,Windstorms,Dec 2025,Gabon: Windstorms - Dec 2025
Morocco,Floods,Dec 2025,Morocco: Floods - Dec 2025
Bolivia,Floods,Dec 2025,Bolivia: Floods - Dec 2025
Congo,Floods,Nov 2025,Congo: Floods - Nov 2025
Cuba,Arboviral Outbreak,Oct 2025,Cuba: Arboviral Outbreak - Oct 2025
Egypt,Floods,Oct 2025,Egypt: Floods - Oct 2025
Cabo Verde,Flash Floods,Aug 2025,Cabo Verde: Flash Floods - Aug 2025
South Sudan,Floods,Jul 2025,South Sudan: Floods - Jul 2025
Sudan,Floods,Jul 2025,Sudan: Floods - Jul 2025
Honduras,Floods,Jun 2025,Honduras: Floods - Jun 2025
Panama,River Pollution,Jun 2025,Panama: River Pollution - Jun 2025
Côte d'Ivoire,Cholera Outbreak,Jun 2025,Côte d'Ivoire: Cholera Outbreak - Jun 2025
Pacific,Dengue Outbreak,2025,Pacific: Dengue Outbreak - 2025-2026
Ghana,Cholera Outbreak,Oct 2024,Ghana: Cholera Outbreak - Oct 2024
Namibia,Drought,May 2024,Namibia: Drought - May 2024
Niger,Diphtheria Outbreak,Oct 2023,Niger: Diphtheria Outbreak - Oct 2023
Nigeria,Lassa Fever Outbreak,Jan 2023,Nigeria: Lassa Fever Outbreak - Jan 2023
Burundi,Cholera Outbreak,Jan 2023,Burundi: Cholera Outbreak - Jan 2023
Paraguay,Floods,Apr 2012,Paraguay: Floods - Apr 2012
Kenya,Floods,Apr 2012,Kenya: Floods - Apr 2012
Argentina,Severe Local Storm,Apr 2012,Argentina: Severe Local Storm - Apr 2012
Sri Lanka,Severe Local Storm,Mar 2012,Sri Lanka: Severe Local Storm - Mar 2012
Fiji,Floods,Mar 2012,Fiji: Floods - Mar 2012
Haiti,Floods and Landslides,Mar 2012,Haiti: Floods and Landslides - Mar 2012
Colombia,Floods and Landslides,Mar 2012,Colombia: Floods and Landslides - Mar 2012
Brazil,Dengue Outbreak,Apr 2012,Brazil: Dengue Outbreak - Apr 2012
Yemen,Measles Outbreak,Mar 2012,Yemen: Measles Outbreak - Mar 2012
occupied Palestinian territory,Floods,Feb 2012,occupied Palestinian territory: Floods - Feb 2012
Kazakhstan,Floods,Feb 2012,Kazakhstan: Floods - Feb 2012
Afghanistan,Measles Outbreak,Feb 2012,Afghanistan: Measles Outbreak - Feb 2012
Central African Republic,Severe Local Storm,Feb 2012,Central African Republic: Severe Local Storm - Feb 2012
Chile,Floods,Feb 2012,Chile: Floods - Feb 2012
Bolivia,Dengue Outbreak,Jan 2012,Bolivia: Dengue Outbreak - Jan 2012
Uganda,Cholera Outbreak,Feb 2012,Uganda: Cholera Outbreak - Feb 2012
Philippines,Earthquake,Feb 2012,Philippines: Earthquake - Feb 2012
Indonesia,Earthquake,Aug 2026,Indonesia: Earthquake - Aug 2026
Colombia,Earthquake,Aug 2026,Colombia: Earthquake - Aug 2026
Myanmar,Floods,Jul 2026,Myanmar: Floods - Jul 2026
Afghanistan,Flash Floods,Jul 2026,Afghanistan: Flash Floods - Jul 2026
India,Flash Floods,Jul 2026,India: Flash Floods - Jul 2026
Kyrgyzstan,Flash Floods,Jul 2026,Kyrgyzstan: Flash Floods - Jul 2026
Tajikistan,Floods,Jul 2026,Tajikistan: Floods - Jul 2026
Bangladesh,Flash Floods,Jul 2026,Bangladesh: Flash Floods - Jul 2026
Georgia,Floods,Jun 2026,Georgia: Floods - Jun 2026
Central African Republic,Cholera Outbreak,Jun 2026,Central African Republic: Cholera Outbreak - Jun 2026
Venezuela,Earthquakes,Jun 2026,Venezuela: Earthquakes - Jun 2026
Chad,Cholera Outbreak,Jun 2026,Chad: Cholera Outbreak - Jun 2026
Philippines,Earthquake and Tsunami,Jun 2026,Philippines: Earthquake and Tsunami - Jun 2026
Armenia,Hailstorm,Jun 2026,Armenia: Hailstorm - Jun 2026
Syria,Floods,May 2026,Syria: Floods - May 2026
Central/Eastern Africa,Ebola Outbreak,May 2026,Central/Eastern Africa: Ebola Outbreak - May 2026
Sri Lanka,Dengue Outbreak,May 2026,Sri Lanka: Dengue Outbreak - May 2026
Dominican Republic,Floods,Apr 2026,Dominican Republic: Floods - Apr 2026
Yemen,Floods,Mar 2026,Yemen: Floods - Mar 2026
Tanzania,Floods and Landslides,Mar 2026,Tanzania: Floods and Landslides - Mar 2026
Liberia,Windstorms,Mar 2026,Liberia: Windstorms - Mar 2026
Botswana,Floods,Mar 2026,Botswana: Floods - Mar 2026
Ethiopia,Floods and Landslides,Mar 2026,Ethiopia: Floods and Landslides - Mar 2026
Kenya,Floods,Mar 2026,Kenya: Floods - Mar 2026
Suriname,Chikungunya Virus Outbreak,Mar 2026,Suriname: Chikungunya Virus Outbreak - Mar 2026
Brazil,Floods,Feb 2026,Brazil: Floods - Feb 2026
Peru,Floods and Landslides,Feb 2026,Peru: Floods and Landslides - Feb 2026
Angola,Floods,Feb 2026,Angola: Floods - Feb 2026
Zambia,Cholera Outbreak,Feb 2026,Zambia: Cholera Outbreak - Feb 2026
Cameroon,Fires,Feb 2026,Cameroon: Fires - Feb 2026
Somalia,Dengue Outbreak,Feb 2026,Somalia: Dengue Outbreak - Feb 2026
Rwanda,Flash Floods,Jan 2026,Rwanda: Flash Floods - Jan 2026
Algeria,Floods,Jan 2026,Algeria: Floods - Jan 2026
Argentina,Landslides,Jan 2026,Argentina: Landslides - Jan 2026
South Africa,Floods,Jan 2026,South Africa: Floods - Jan 2026
North Macedonia,Floods,Jan 2026,North Macedonia: Floods - Jan 2026
Malawi,Floods,Jan 2026,Malawi: Floods - Jan 2026
Serbia,Cold Wave,Jan 2026,Serbia: Cold Wave - Jan 2026
Guatemala,Measles Outbreak,Jan 2026,Guatemala: Measles Outbreak - Jan 2026
Ecuador,Floods,Jan 2026,Ecuador: Floods - Jan 2026
Zimbabwe,Floods,Jan 2026,Zimbabwe: Floods - Jan 2026
Mozambique,Floods,Dec 2025,Mozambique: Floods - Dec 2025
Chile,Wild Fires,Dec 2025,Chile: Wild Fires - Dec 2025
Gabon,Windstorms,Dec 2025,Gabon: Windstorms - Dec 2025
Morocco,Floods,Dec 2025,Morocco: Floods - Dec 2025
Bolivia,Floods,Dec 2025,Bolivia: Floods - Dec 2025
Congo,Floods,Nov 2025,Congo: Floods - Nov 2025
Cuba,Arboviral Outbreak,Oct 2025,Cuba: Arboviral Outbreak - Oct 2025
Egypt,Floods,Oct 2025,Egypt: Floods - Oct 2025
Cabo Verde,Flash Floods,Aug 2025,Cabo Verde: Flash Floods - Aug 2025
South Sudan,Floods,Jul 2025,South Sudan: Floods - Jul 2025
Sudan,Floods,Jul 2025,Sudan: Floods - Jul 2025
Honduras,Floods,Jun 2025,Honduras: Floods - Jun 2025
Panama,River Pollution,Jun 2025,Panama: River Pollution - Jun 2025
Côte d'Ivoire,Cholera Outbreak,Jun 2025,Côte d'Ivoire: Cholera Outbreak - Jun 2025
Pacific,Dengue Outbreak,2025,Pacific: Dengue Outbreak - 2025-2026
Ghana,Cholera Outbreak,Oct 2024,Ghana: Cholera Outbreak - Oct 2024
Namibia,Drought,May 2024,Namibia: Drought - May 2024
Niger,Diphtheria Outbreak,Oct 2023,Niger: Diphtheria Outbreak - Oct 2023
Nigeria,Lassa Fever Outbreak,Jan 2023,Nigeria: Lassa Fever Outbreak - Jan 2023
Burundi,Cholera Outbreak,Jan 2023,Burundi: Cholera Outbreak - Jan 2023
Tajikistan,Floods and Avalanches,Feb 2012,Tajikistan: Floods and Avalanches - Feb 2012
Afghanistan,Floods and Landslides,Feb 2012,Afghanistan: Floods and Landslides - Feb 2012
Sierra Leone/Guinea,Cholera Outbreak,Feb 2012,Sierra Leone/Guinea: Cholera Outbreak - Feb 2012
Papua New Guinea,Floods and Landslides,Jan 2012,Papua New Guinea: Floods and Landslides - Jan 2012
Fiji,Floods,Jan 2012,Fiji: Floods - Jan 2012
Cameroon,Yellow Fever Outbreak,Jan 2012,Cameroon: Yellow Fever Outbreak - Jan 2012
Paraguay,Drought,Jan 2012,Paraguay: Drought - Jan 2012
Afghanistan,Avalanches and Heavy Snowfalls,Jan 2012,Afghanistan: Avalanches and Heavy Snowfalls - Jan 2012
Mozambique,Storms and Floods,Jan 2012,Mozambique: Storms and Floods - Jan 2012
Bolivia,Floods,Jan 2012,Bolivia: Floods - Jan 2012
West/Central Africa,Meningitis Outbreak,Jan 2012,West/Central Africa: Meningitis Outbreak - Jan 2012
Ecuador,Floods and Landslides,Jan 2012,Ecuador: Floods and Landslides - Jan 2012
Europe/Northern Africa,Cold Wave,Jan 2012,Europe/Northern Africa: Cold Wave - Jan 2012
Brazil,Floods and Landslides,Jan 2012,Brazil: Floods and Landslides - Jan 2012
Chile,Wild Fire,Dec 2011,Chile: Wild Fire - Dec 2011
Philippines,Floods and Landslides,Dec 2011,Philippines: Floods and Landslides - Dec 2011
Nepal,Cold Wave,Dec 2011,Nepal: Cold Wave - Dec 2011
Angola,Cholera Outbreak,Dec 2011,Angola: Cholera Outbreak - Dec 2011
Indonesia,Earthquake,Aug 2026,Indonesia: Earthquake - Aug 2026
Colombia,Earthquake,Aug 2026,Colombia: Earthquake - Aug 2026
Myanmar,Floods,Jul 2026,Myanmar: Floods - Jul 2026
Afghanistan,Flash Floods,Jul 2026,Afghanistan: Flash Floods - Jul 2026
India,Flash Floods,Jul 2026,India: Flash Floods - Jul 2026
Kyrgyzstan,Flash Floods,Jul 2026,Kyrgyzstan: Flash Floods - Jul 2026
Tajikistan,Floods,Jul 2026,Tajikistan: Floods - Jul 2026
Bangladesh,Flash Floods,Jul 2026,Bangladesh: Flash Floods - Jul 2026
Georgia,Floods,Jun 2026,Georgia: Floods - Jun 2026
Central African Republic,Cholera Outbreak,Jun 2026,Central African Republic: Cholera Outbreak - Jun 2026
Venezuela,Earthquakes,Jun 2026,Venezuela: Earthquakes - Jun 2026
Chad,Cholera Outbreak,Jun 2026,Chad: Cholera Outbreak - Jun 2026
Philippines,Earthquake and Tsunami,Jun 2026,Philippines: Earthquake and Tsunami - Jun 2026
Armenia,Hailstorm,Jun 2026,Armenia: Hailstorm - Jun 2026
Syria,Floods,May 2026,Syria: Floods - May 2026
Central/Eastern Africa,Ebola Outbreak,May 2026,Central/Eastern Africa: Ebola Outbreak - May 2026
Sri Lanka,Dengue Outbreak,May 2026,Sri Lanka: Dengue Outbreak - May 2026
Dominican Republic,Floods,Apr 2026,Dominican Republic: Floods - Apr 2026
Yemen,Floods,Mar 2026,Yemen: Floods - Mar 2026
Tanzania,Floods and Landslides,Mar 2026,Tanzania: Floods and Landslides - Mar 2026
Liberia,Windstorms,Mar 2026,Liberia: Windstorms - Mar 2026
Botswana,Floods,Mar 2026,Botswana: Floods - Mar 2026
Ethiopia,Floods and Landslides,Mar 2026,Ethiopia: Floods and Landslides - Mar 2026
Kenya,Floods,Mar 2026,Kenya: Floods - Mar 2026
Suriname,Chikungunya Virus Outbreak,Mar 2026,Suriname: Chikungunya Virus Outbreak - Mar 2026
Brazil,Floods,Feb 2026,Brazil: Floods - Feb 2026
Peru,Floods and Landslides,Feb 2026,Peru: Floods and Landslides - Feb 2026
Angola,Floods,Feb 2026,Angola: Floods - Feb 2026
Zambia,Cholera Outbreak,Feb 2026,Zambia: Cholera Outbreak - Feb 2026
Cameroon,Fires,Feb 2026,Cameroon: Fires - Feb 2026
Somalia,Dengue Outbreak,Feb 2026,Somalia: Dengue Outbreak - Feb 2026
Rwanda,Flash Floods,Jan 2026,Rwanda: Flash Floods - Jan 2026
Algeria,Floods,Jan 2026,Algeria: Floods - Jan 2026
Argentina,Landslides,Jan 2026,Argentina: Landslides - Jan 2026
South Africa,Floods,Jan 2026,South Africa: Floods - Jan 2026
North Macedonia,Floods,Jan 2026,North Macedonia: Floods - Jan 2026
Malawi,Floods,Jan 2026,Malawi: Floods - Jan 2026
Serbia,Cold Wave,Jan 2026,Serbia: Cold Wave - Jan 2026
Guatemala,Measles Outbreak,Jan 2026,Guatemala: Measles Outbreak - Jan 2026
Ecuador,Floods,Jan 2026,Ecuador: Floods - Jan 2026
Zimbabwe,Floods,Jan 2026,Zimbabwe: Floods - Jan 2026
Mozambique,Floods,Dec 2025,Mozambique: Floods - Dec 2025
Chile,Wild Fires,Dec 2025,Chile: Wild Fires - Dec 2025
Gabon,Windstorms,Dec 2025,Gabon: Windstorms - Dec 2025
Morocco,Floods,Dec 2025,Morocco: Floods - Dec 2025
Bolivia,Floods,Dec 2025,Bolivia: Floods - Dec 2025
Congo,Floods,Nov 2025,Congo: Floods - Nov 2025
Cuba,Arboviral Outbreak,Oct 2025,Cuba: Arboviral Outbreak - Oct 2025
Egypt,Floods,Oct 2025,Egypt: Floods - Oct 2025
Cabo Verde,Flash Floods,Aug 2025,Cabo Verde: Flash Floods - Aug 2025
South Sudan,Floods,Jul 2025,South Sudan: Floods - Jul 2025
Sudan,Floods,Jul 2025,Sudan: Floods - Jul 2025
Honduras,Floods,Jun 2025,Honduras: Floods - Jun 2025
Panama,River Pollution,Jun 2025,Panama: River Pollution - Jun 2025
Côte d'Ivoire,Cholera Outbreak,Jun 2025,Côte d'Ivoire: Cholera Outbreak - Jun 2025
Pacific,Dengue Outbreak,2025,Pacific: Dengue Outbreak - 2025-2026
Ghana,Cholera Outbreak,Oct 2024,Ghana: Cholera Outbreak - Oct 2024
Namibia,Drought,May 2024,Namibia: Drought - May 2024
Niger,Diphtheria Outbreak,Oct 2023,Niger: Diphtheria Outbreak - Oct 2023
Nigeria,Lassa Fever Outbreak,Jan 2023,Nigeria: Lassa Fever Outbreak - Jan 2023
Burundi,Cholera Outbreak,Jan 2023,Burundi: Cholera Outbreak - Jan 2023
Mexico,Earthquake,Dec 2011,Mexico: Earthquake - Dec 2011
Angola,Floods,Dec 2011,Angola: Floods - Dec 2011
Indonesia,Mt. Gamalama Volcano,Dec 2011,Indonesia: Mt. Gamalama Volcano - Dec 2011
Tanzania,Floods and Landslides,Dec 2011,Tanzania: Floods and Landslides - Dec 2011
Mexico,Cold Wave,Dec 2011,Mexico: Cold Wave - Dec 2011
Indonesia,Floods and Landslides,Nov 2011,Indonesia: Floods and Landslides - Nov 2011
Guatemala,Cold Wave,Nov 2011,Guatemala: Cold Wave - Nov 2011
Sri Lanka,Storm and Floods,Nov 2011,Sri Lanka: Storm and Floods - Nov 2011
Mexico,Drought,Nov 2011,Mexico: Drought - Nov 2011
Ghana,Yellow Fever Outbreak,Nov 2011,Ghana: Yellow Fever Outbreak - Nov 2011
Colombia,Oil Spill,Nov 2011,Colombia: Oil Spill - Nov 2011
Venezuela,Floods,Nov 2011,Venezuela: Floods - Nov 2011
Panama,Floods and Landslides,Nov 2011,Panama: Floods and Landslides - Nov 2011
Peru,Floods and Landslides,Nov 2011,Peru: Floods and Landslides - Nov 2011
China,Earthquake in Xinjiang Uygur Autonomous Region,Nov 2011,China: Earthquake in Xinjiang Uygur Autonomous Region - Nov 2011
DR Congo,Floods,Oct 2011,DR Congo: Floods - Oct 2011
Niger,Cholera Outbreak,Oct 2011,Niger: Cholera Outbreak - Oct 2011
Turkey,Earthquakes,Oct 2011,Turkey: Earthquakes - Oct 2011
Somalia,Floods,Oct 2011,Somalia: Floods - Oct 2011
Indonesia,Earthquake,Aug 2026,Indonesia: Earthquake - Aug 2026
Colombia,Earthquake,Aug 2026,Colombia: Earthquake - Aug 2026
Myanmar,Floods,Jul 2026,Myanmar: Floods - Jul 2026
Afghanistan,Flash Floods,Jul 2026,Afghanistan: Flash Floods - Jul 2026
India,Flash Floods,Jul 2026,India: Flash Floods - Jul 2026
Kyrgyzstan,Flash Floods,Jul 2026,Kyrgyzstan: Flash Floods - Jul 2026
Tajikistan,Floods,Jul 2026,Tajikistan: Floods - Jul 2026
Bangladesh,Flash Floods,Jul 2026,Bangladesh: Flash Floods - Jul 2026
Georgia,Floods,Jun 2026,Georgia: Floods - Jun 2026
Central African Republic,Cholera Outbreak,Jun 2026,Central African Republic: Cholera Outbreak - Jun 2026
Venezuela,Earthquakes,Jun 2026,Venezuela: Earthquakes - Jun 2026
Chad,Cholera Outbreak,Jun 2026,Chad: Cholera Outbreak - Jun 2026
Philippines,Earthquake and Tsunami,Jun 2026,Philippines: Earthquake and Tsunami - Jun 2026
Armenia,Hailstorm,Jun 2026,Armenia: Hailstorm - Jun 2026
Syria,Floods,May 2026,Syria: Floods - May 2026
Central/Eastern Africa,Ebola Outbreak,May 2026,Central/Eastern Africa: Ebola Outbreak - May 2026
Sri Lanka,Dengue Outbreak,May 2026,Sri Lanka: Dengue Outbreak - May 2026
Dominican Republic,Floods,Apr 2026,Dominican Republic: Floods - Apr 2026
Yemen,Floods,Mar 2026,Yemen: Floods - Mar 2026
Tanzania,Floods and Landslides,Mar 2026,Tanzania: Floods and Landslides - Mar 2026
Liberia,Windstorms,Mar 2026,Liberia: Windstorms - Mar 2026
Botswana,Floods,Mar 2026,Botswana: Floods - Mar 2026
Ethiopia,Floods and Landslides,Mar 2026,Ethiopia: Floods and Landslides - Mar 2026
Kenya,Floods,Mar 2026,Kenya: Floods - Mar 2026
Suriname,Chikungunya Virus Outbreak,Mar 2026,Suriname: Chikungunya Virus Outbreak - Mar 2026
Brazil,Floods,Feb 2026,Brazil: Floods - Feb 2026
Peru,Floods and Landslides,Feb 2026,Peru: Floods and Landslides - Feb 2026
Angola,Floods,Feb 2026,Angola: Floods - Feb 2026
Zambia,Cholera Outbreak,Feb 2026,Zambia: Cholera Outbreak - Feb 2026
Cameroon,Fires,Feb 2026,Cameroon: Fires - Feb 2026
Somalia,Dengue Outbreak,Feb 2026,Somalia: Dengue Outbreak - Feb 2026
Rwanda,Flash Floods,Jan 2026,Rwanda: Flash Floods - Jan 2026
Algeria,Floods,Jan 2026,Algeria: Floods - Jan 2026
Argentina,Landslides,Jan 2026,Argentina: Landslides - Jan 2026
South Africa,Floods,Jan 2026,South Africa: Floods - Jan 2026
North Macedonia,Floods,Jan 2026,North Macedonia: Floods - Jan 2026
Malawi,Floods,Jan 2026,Malawi: Floods - Jan 2026
Serbia,Cold Wave,Jan 2026,Serbia: Cold Wave - Jan 2026
Guatemala,Measles Outbreak,Jan 2026,Guatemala: Measles Outbreak - Jan 2026
Ecuador,Floods,Jan 2026,Ecuador: Floods - Jan 2026
Zimbabwe,Floods,Jan 2026,Zimbabwe: Floods - Jan 2026
Mozambique,Floods,Dec 2025,Mozambique: Floods - Dec 2025
Chile,Wild Fires,Dec 2025,Chile: Wild Fires - Dec 2025
Gabon,Windstorms,Dec 2025,Gabon: Windstorms - Dec 2025
Morocco,Floods,Dec 2025,Morocco: Floods - Dec 2025
Bolivia,Floods,Dec 2025,Bolivia: Floods - Dec 2025
Congo,Floods,Nov 2025,Congo: Floods - Nov 2025
Cuba,Arboviral Outbreak,Oct 2025,Cuba: Arboviral Outbreak - Oct 2025
Egypt,Floods,Oct 2025,Egypt: Floods - Oct 2025
Cabo Verde,Flash Floods,Aug 2025,Cabo Verde: Flash Floods - Aug 2025
South Sudan,Floods,Jul 2025,South Sudan: Floods - Jul 2025
Sudan,Floods,Jul 2025,Sudan: Floods - Jul 2025
Honduras,Floods,Jun 2025,Honduras: Floods - Jun 2025
Panama,River Pollution,Jun 2025,Panama: River Pollution - Jun 2025
Côte d'Ivoire,Cholera Outbreak,Jun 2025,Côte d'Ivoire: Cholera Outbreak - Jun 2025
Pacific,Dengue Outbreak,2025,Pacific: Dengue Outbreak - 2025-2026
Ghana,Cholera Outbreak,Oct 2024,Ghana: Cholera Outbreak - Oct 2024
Namibia,Drought,May 2024,Namibia: Drought - May 2024
Niger,Diphtheria Outbreak,Oct 2023,Niger: Diphtheria Outbreak - Oct 2023
Nigeria,Lassa Fever Outbreak,Jan 2023,Nigeria: Lassa Fever Outbreak - Jan 2023
Burundi,Cholera Outbreak,Jan 2023,Burundi: Cholera Outbreak - Jan 2023
Central African Republic,Floods,Oct 2011,Central African Republic: Floods - Oct 2011
Haiti,Floods,Oct 2011,Haiti: Floods - Oct 2011
Central African Republic,Cholera Outbreak,Oct 2011,Central African Republic: Cholera Outbreak - Oct 2011
Cambodia,Floods,Sep 2011,Cambodia: Floods - Sep 2011
Guatemala,Earthquakes,Sep 2011,Guatemala: Earthquakes - Sep 2011
Sahel Crisis,2011,2017,Sahel Crisis: 2011-2017
Viet Nam,Floods,Sep 2011,Viet Nam: Floods - Sep 2011
Colombia,Floods and Landslides,Sep 2011,Colombia: Floods and Landslides - Sep 2011
South Sudan,Flash Floods,Sep 2011,South Sudan: Flash Floods - Sep 2011
Mexico,Floods,Sep 2011,Mexico: Floods - Sep 2011
Honduras,Storm Surge,Sep 2011,Honduras: Storm Surge - Sep 2011
Russian Federation,Floods,Aug 2011,Russian Federation: Floods - Aug 2011
Indonesia,Earthquake,Aug 2026,Indonesia: Earthquake - Aug 2026
Colombia,Earthquake,Aug 2026,Colombia: Earthquake - Aug 2026
Myanmar,Floods,Jul 2026,Myanmar: Floods - Jul 2026
Afghanistan,Flash Floods,Jul 2026,Afghanistan: Flash Floods - Jul 2026
India,Flash Floods,Jul 2026,India: Flash Floods - Jul 2026
Kyrgyzstan,Flash Floods,Jul 2026,Kyrgyzstan: Flash Floods - Jul 2026
Tajikistan,Floods,Jul 2026,Tajikistan: Floods - Jul 2026
Bangladesh,Flash Floods,Jul 2026,Bangladesh: Flash Floods - Jul 2026
Georgia,Floods,Jun 2026,Georgia: Floods - Jun 2026
Central African Republic,Cholera Outbreak,Jun 2026,Central African Republic: Cholera Outbreak - Jun 2026
Venezuela,Earthquakes,Jun 2026,Venezuela: Earthquakes - Jun 2026
Chad,Cholera Outbreak,Jun 2026,Chad: Cholera Outbreak - Jun 2026
Philippines,Earthquake and Tsunami,Jun 2026,Philippines: Earthquake and Tsunami - Jun 2026
Armenia,Hailstorm,Jun 2026,Armenia: Hailstorm - Jun 2026
Syria,Floods,May 2026,Syria: Floods - May 2026
Central/Eastern Africa,Ebola Outbreak,May 2026,Central/Eastern Africa: Ebola Outbreak - May 2026
Sri Lanka,Dengue Outbreak,May 2026,Sri Lanka: Dengue Outbreak - May 2026
Dominican Republic,Floods,Apr 2026,Dominican Republic: Floods - Apr 2026
Yemen,Floods,Mar 2026,Yemen: Floods - Mar 2026
Tanzania,Floods and Landslides,Mar 2026,Tanzania: Floods and Landslides - Mar 2026
Liberia,Windstorms,Mar 2026,Liberia: Windstorms - Mar 2026
Botswana,Floods,Mar 2026,Botswana: Floods - Mar 2026
Ethiopia,Floods and Landslides,Mar 2026,Ethiopia: Floods and Landslides - Mar 2026
Kenya,Floods,Mar 2026,Kenya: Floods - Mar 2026
Suriname,Chikungunya Virus Outbreak,Mar 2026,Suriname: Chikungunya Virus Outbreak - Mar 2026
Brazil,Floods,Feb 2026,Brazil: Floods - Feb 2026
Peru,Floods and Landslides,Feb 2026,Peru: Floods and Landslides - Feb 2026
Angola,Floods,Feb 2026,Angola: Floods - Feb 2026
Zambia,Cholera Outbreak,Feb 2026,Zambia: Cholera Outbreak - Feb 2026
Cameroon,Fires,Feb 2026,Cameroon: Fires - Feb 2026
Somalia,Dengue Outbreak,Feb 2026,Somalia: Dengue Outbreak - Feb 2026
Rwanda,Flash Floods,Jan 2026,Rwanda: Flash Floods - Jan 2026
Algeria,Floods,Jan 2026,Algeria: Floods - Jan 2026
Argentina,Landslides,Jan 2026,Argentina: Landslides - Jan 2026
South Africa,Floods,Jan 2026,South Africa: Floods - Jan 2026
North Macedonia,Floods,Jan 2026,North Macedonia: Floods - Jan 2026
Malawi,Floods,Jan 2026,Malawi: Floods - Jan 2026
Serbia,Cold Wave,Jan 2026,Serbia: Cold Wave - Jan 2026
Guatemala,Measles Outbreak,Jan 2026,Guatemala: Measles Outbreak - Jan 2026
Ecuador,Floods,Jan 2026,Ecuador: Floods - Jan 2026
Zimbabwe,Floods,Jan 2026,Zimbabwe: Floods - Jan 2026
Mozambique,Floods,Dec 2025,Mozambique: Floods - Dec 2025
Chile,Wild Fires,Dec 2025,Chile: Wild Fires - Dec 2025
Gabon,Windstorms,Dec 2025,Gabon: Windstorms - Dec 2025
Morocco,Floods,Dec 2025,Morocco: Floods - Dec 2025
Bolivia,Floods,Dec 2025,Bolivia: Floods - Dec 2025
Congo,Floods,Nov 2025,Congo: Floods - Nov 2025
Cuba,Arboviral Outbreak,Oct 2025,Cuba: Arboviral Outbreak - Oct 2025
Egypt,Floods,Oct 2025,Egypt: Floods - Oct 2025
Cabo Verde,Flash Floods,Aug 2025,Cabo Verde: Flash Floods - Aug 2025
South Sudan,Floods,Jul 2025,South Sudan: Floods - Jul 2025
Sudan,Floods,Jul 2025,Sudan: Floods - Jul 2025
Honduras,Floods,Jun 2025,Honduras: Floods - Jun 2025
Panama,River Pollution,Jun 2025,Panama: River Pollution - Jun 2025
Côte d'Ivoire,Cholera Outbreak,Jun 2025,Côte d'Ivoire: Cholera Outbreak - Jun 2025
Pacific,Dengue Outbreak,2025,Pacific: Dengue Outbreak - 2025-2026
Ghana,Cholera Outbreak,Oct 2024,Ghana: Cholera Outbreak - Oct 2024
Namibia,Drought,May 2024,Namibia: Drought - May 2024
Niger,Diphtheria Outbreak,Oct 2023,Niger: Diphtheria Outbreak - Oct 2023
Nigeria,Lassa Fever Outbreak,Jan 2023,Nigeria: Lassa Fever Outbreak - Jan 2023
Burundi,Cholera Outbreak,Jan 2023,Burundi: Cholera Outbreak - Jan 2023
Guatemala,Floods,Aug 2011,Guatemala: Floods - Aug 2011
Thailand,Floods,Aug 2011,Thailand: Floods - Aug 2011
Niger,Floods,Aug 2011,Niger: Floods - Aug 2011
Kenya,Floods,Aug 2011,Kenya: Floods - Aug 2011
Ethiopia,Floods,Aug 2011,Ethiopia: Floods - Aug 2011
Uganda,Floods and Mudslides,Aug 2011,Uganda: Floods and Mudslides - Aug 2011
Paraguay,Severe Local Storm,Aug 2011,Paraguay: Severe Local Storm - Aug 2011
Sudan,Floods,Aug 2011,Sudan: Floods - Aug 2011
Mali,Floods,Aug 2011,Mali: Floods - Aug 2011
Guinea,Floods,Aug 2011,Guinea: Floods - Aug 2011
Burundi,Cholera Outbreak,Aug 2011,Burundi: Cholera Outbreak - Aug 2011
Senegal,Floods,Aug 2011,Senegal: Floods - Aug 2011
Pakistan,Floods,Jul 2011,Pakistan: Floods - Jul 2011
Ecuador,Floods and Landslides,Jul 2011,Ecuador: Floods and Landslides - Jul 2011
Afghanistan,Drought,Jul 2011,Afghanistan: Drought - Jul 2011
Indonesia,Earthquake,Aug 2026,Indonesia: Earthquake - Aug 2026
Colombia,Earthquake,Aug 2026,Colombia: Earthquake - Aug 2026
Myanmar,Floods,Jul 2026,Myanmar: Floods - Jul 2026
Afghanistan,Flash Floods,Jul 2026,Afghanistan: Flash Floods - Jul 2026
India,Flash Floods,Jul 2026,India: Flash Floods - Jul 2026
Kyrgyzstan,Flash Floods,Jul 2026,Kyrgyzstan: Flash Floods - Jul 2026
Tajikistan,Floods,Jul 2026,Tajikistan: Floods - Jul 2026
Bangladesh,Flash Floods,Jul 2026,Bangladesh: Flash Floods - Jul 2026
Georgia,Floods,Jun 2026,Georgia: Floods - Jun 2026
Central African Republic,Cholera Outbreak,Jun 2026,Central African Republic: Cholera Outbreak - Jun 2026
Venezuela,Earthquakes,Jun 2026,Venezuela: Earthquakes - Jun 2026
Chad,Cholera Outbreak,Jun 2026,Chad: Cholera Outbreak - Jun 2026
Philippines,Earthquake and Tsunami,Jun 2026,Philippines: Earthquake and Tsunami - Jun 2026
Armenia,Hailstorm,Jun 2026,Armenia: Hailstorm - Jun 2026
Syria,Floods,May 2026,Syria: Floods - May 2026
Central/Eastern Africa,Ebola Outbreak,May 2026,Central/Eastern Africa: Ebola Outbreak - May 2026
Sri Lanka,Dengue Outbreak,May 2026,Sri Lanka: Dengue Outbreak - May 2026
Dominican Republic,Floods,Apr 2026,Dominican Republic: Floods - Apr 2026
Yemen,Floods,Mar 2026,Yemen: Floods - Mar 2026
Tanzania,Floods and Landslides,Mar 2026,Tanzania: Floods and Landslides - Mar 2026
Liberia,Windstorms,Mar 2026,Liberia: Windstorms - Mar 2026
Botswana,Floods,Mar 2026,Botswana: Floods - Mar 2026
Ethiopia,Floods and Landslides,Mar 2026,Ethiopia: Floods and Landslides - Mar 2026
Kenya,Floods,Mar 2026,Kenya: Floods - Mar 2026
Suriname,Chikungunya Virus Outbreak,Mar 2026,Suriname: Chikungunya Virus Outbreak - Mar 2026
Brazil,Floods,Feb 2026,Brazil: Floods - Feb 2026
Peru,Floods and Landslides,Feb 2026,Peru: Floods and Landslides - Feb 2026
Angola,Floods,Feb 2026,Angola: Floods - Feb 2026
Zambia,Cholera Outbreak,Feb 2026,Zambia: Cholera Outbreak - Feb 2026
Cameroon,Fires,Feb 2026,Cameroon: Fires - Feb 2026
Somalia,Dengue Outbreak,Feb 2026,Somalia: Dengue Outbreak - Feb 2026
Rwanda,Flash Floods,Jan 2026,Rwanda: Flash Floods - Jan 2026
Algeria,Floods,Jan 2026,Algeria: Floods - Jan 2026
Argentina,Landslides,Jan 2026,Argentina: Landslides - Jan 2026
South Africa,Floods,Jan 2026,South Africa: Floods - Jan 2026
North Macedonia,Floods,Jan 2026,North Macedonia: Floods - Jan 2026
Malawi,Floods,Jan 2026,Malawi: Floods - Jan 2026
Serbia,Cold Wave,Jan 2026,Serbia: Cold Wave - Jan 2026
Guatemala,Measles Outbreak,Jan 2026,Guatemala: Measles Outbreak - Jan 2026
Ecuador,Floods,Jan 2026,Ecuador: Floods - Jan 2026
Zimbabwe,Floods,Jan 2026,Zimbabwe: Floods - Jan 2026
Mozambique,Floods,Dec 2025,Mozambique: Floods - Dec 2025
Chile,Wild Fires,Dec 2025,Chile: Wild Fires - Dec 2025
Gabon,Windstorms,Dec 2025,Gabon: Windstorms - Dec 2025
Morocco,Floods,Dec 2025,Morocco: Floods - Dec 2025
Bolivia,Floods,Dec 2025,Bolivia: Floods - Dec 2025
Congo,Floods,Nov 2025,Congo: Floods - Nov 2025
Cuba,Arboviral Outbreak,Oct 2025,Cuba: Arboviral Outbreak - Oct 2025
Egypt,Floods,Oct 2025,Egypt: Floods - Oct 2025
Cabo Verde,Flash Floods,Aug 2025,Cabo Verde: Flash Floods - Aug 2025
South Sudan,Floods,Jul 2025,South Sudan: Floods - Jul 2025
Sudan,Floods,Jul 2025,Sudan: Floods - Jul 2025
Honduras,Floods,Jun 2025,Honduras: Floods - Jun 2025
Panama,River Pollution,Jun 2025,Panama: River Pollution - Jun 2025
Côte d'Ivoire,Cholera Outbreak,Jun 2025,Côte d'Ivoire: Cholera Outbreak - Jun 2025
Pacific,Dengue Outbreak,2025,Pacific: Dengue Outbreak - 2025-2026
Ghana,Cholera Outbreak,Oct 2024,Ghana: Cholera Outbreak - Oct 2024
Namibia,Drought,May 2024,Namibia: Drought - May 2024
Niger,Diphtheria Outbreak,Oct 2023,Niger: Diphtheria Outbreak - Oct 2023
Nigeria,Lassa Fever Outbreak,Jan 2023,Nigeria: Lassa Fever Outbreak - Jan 2023
Burundi,Cholera Outbreak,Jan 2023,Burundi: Cholera Outbreak - Jan 2023
Benin,Floods,Jul 2011,Benin: Floods - Jul 2011
Ghana,Floods,Jul 2011,Ghana: Floods - Jul 2011
Chile,Cold Wave,Jul 2011,Chile: Cold Wave - Jul 2011
Horn of Africa Crisis,2011,2012,Horn of Africa Crisis: 2011-2012
DPR Korea,Floods,Jul 2011,DPR Korea: Floods - Jul 2011
Bolivia,Cold Wave,Jul 2011,Bolivia: Cold Wave - Jul 2011
Zimbabwe,Cholera Outbreak,Jul 2011,Zimbabwe: Cholera Outbreak - Jul 2011
Nigeria,Floods,Jul 2011,Nigeria: Floods - Jul 2011
India,Floods,Jul 2011,India: Floods - Jul 2011
Nepal,Floods and Landslides,Jul 2011,Nepal: Floods and Landslides - Jul 2011
Bangladesh,Floods and Landslides,Jul 2011,Bangladesh: Floods and Landslides - Jul 2011
Mali,Cholera Outbreak,Jul 2011,Mali: Cholera Outbreak - Jul 2011
Myanmar,Floods,Jul 2011,Myanmar: Floods - Jul 2011
Maldives,Dengue Outbreak,Jun 2011,Maldives: Dengue Outbreak - Jun 2011
Mexico,Tropical Storm Arlene,Jun 2011,Mexico: Tropical Storm Arlene - Jun 2011
Nigeria,Cholera Outbreak,Jun 2011,Nigeria: Cholera Outbreak - Jun 2011
Brazil,Floods and Landslides,Jun 2011,Brazil: Floods and Landslides - Jun 2011
Central African Republic,Severe Local Storm,Jun 2011,Central African Republic: Severe Local Storm - Jun 2011
Indonesia,Earthquake,Aug 2026,Indonesia: Earthquake - Aug 2026
Colombia,Earthquake,Aug 2026,Colombia: Earthquake - Aug 2026
Myanmar,Floods,Jul 2026,Myanmar: Floods - Jul 2026
Afghanistan,Flash Floods,Jul 2026,Afghanistan: Flash Floods - Jul 2026
India,Flash Floods,Jul 2026,India: Flash Floods - Jul 2026
Kyrgyzstan,Flash Floods,Jul 2026,Kyrgyzstan: Flash Floods - Jul 2026
Tajikistan,Floods,Jul 2026,Tajikistan: Floods - Jul 2026
Bangladesh,Flash Floods,Jul 2026,Bangladesh: Flash Floods - Jul 2026
Georgia,Floods,Jun 2026,Georgia: Floods - Jun 2026
Central African Republic,Cholera Outbreak,Jun 2026,Central African Republic: Cholera Outbreak - Jun 2026
Venezuela,Earthquakes,Jun 2026,Venezuela: Earthquakes - Jun 2026
Chad,Cholera Outbreak,Jun 2026,Chad: Cholera Outbreak - Jun 2026
Philippines,Earthquake and Tsunami,Jun 2026,Philippines: Earthquake and Tsunami - Jun 2026
Armenia,Hailstorm,Jun 2026,Armenia: Hailstorm - Jun 2026
Syria,Floods,May 2026,Syria: Floods - May 2026
Central/Eastern Africa,Ebola Outbreak,May 2026,Central/Eastern Africa: Ebola Outbreak - May 2026
Sri Lanka,Dengue Outbreak,May 2026,Sri Lanka: Dengue Outbreak - May 2026
Dominican Republic,Floods,Apr 2026,Dominican Republic: Floods - Apr 2026
Yemen,Floods,Mar 2026,Yemen: Floods - Mar 2026
Tanzania,Floods and Landslides,Mar 2026,Tanzania: Floods and Landslides - Mar 2026
Liberia,Windstorms,Mar 2026,Liberia: Windstorms - Mar 2026
Botswana,Floods,Mar 2026,Botswana: Floods - Mar 2026
Ethiopia,Floods and Landslides,Mar 2026,Ethiopia: Floods and Landslides - Mar 2026
Kenya,Floods,Mar 2026,Kenya: Floods - Mar 2026
Suriname,Chikungunya Virus Outbreak,Mar 2026,Suriname: Chikungunya Virus Outbreak - Mar 2026
Brazil,Floods,Feb 2026,Brazil: Floods - Feb 2026
Peru,Floods and Landslides,Feb 2026,Peru: Floods and Landslides - Feb 2026
Angola,Floods,Feb 2026,Angola: Floods - Feb 2026
Zambia,Cholera Outbreak,Feb 2026,Zambia: Cholera Outbreak - Feb 2026
Cameroon,Fires,Feb 2026,Cameroon: Fires - Feb 2026
Somalia,Dengue Outbreak,Feb 2026,Somalia: Dengue Outbreak - Feb 2026
Rwanda,Flash Floods,Jan 2026,Rwanda: Flash Floods - Jan 2026
Algeria,Floods,Jan 2026,Algeria: Floods - Jan 2026
Argentina,Landslides,Jan 2026,Argentina: Landslides - Jan 2026
South Africa,Floods,Jan 2026,South Africa: Floods - Jan 2026
North Macedonia,Floods,Jan 2026,North Macedonia: Floods - Jan 2026
Malawi,Floods,Jan 2026,Malawi: Floods - Jan 2026
Serbia,Cold Wave,Jan 2026,Serbia: Cold Wave - Jan 2026
Guatemala,Measles Outbreak,Jan 2026,Guatemala: Measles Outbreak - Jan 2026
Ecuador,Floods,Jan 2026,Ecuador: Floods - Jan 2026
Zimbabwe,Floods,Jan 2026,Zimbabwe: Floods - Jan 2026
Mozambique,Floods,Dec 2025,Mozambique: Floods - Dec 2025
Chile,Wild Fires,Dec 2025,Chile: Wild Fires - Dec 2025
Gabon,Windstorms,Dec 2025,Gabon: Windstorms - Dec 2025
Morocco,Floods,Dec 2025,Morocco: Floods - Dec 2025
Bolivia,Floods,Dec 2025,Bolivia: Floods - Dec 2025
Congo,Floods,Nov 2025,Congo: Floods - Nov 2025
Cuba,Arboviral Outbreak,Oct 2025,Cuba: Arboviral Outbreak - Oct 2025
Egypt,Floods,Oct 2025,Egypt: Floods - Oct 2025
Cabo Verde,Flash Floods,Aug 2025,Cabo Verde: Flash Floods - Aug 2025
South Sudan,Floods,Jul 2025,South Sudan: Floods - Jul 2025
Sudan,Floods,Jul 2025,Sudan: Floods - Jul 2025
Honduras,Floods,Jun 2025,Honduras: Floods - Jun 2025
Panama,River Pollution,Jun 2025,Panama: River Pollution - Jun 2025
Côte d'Ivoire,Cholera Outbreak,Jun 2025,Côte d'Ivoire: Cholera Outbreak - Jun 2025
Pacific,Dengue Outbreak,2025,Pacific: Dengue Outbreak - 2025-2026
Ghana,Cholera Outbreak,Oct 2024,Ghana: Cholera Outbreak - Oct 2024
Namibia,Drought,May 2024,Namibia: Drought - May 2024
Niger,Diphtheria Outbreak,Oct 2023,Niger: Diphtheria Outbreak - Oct 2023
Nigeria,Lassa Fever Outbreak,Jan 2023,Nigeria: Lassa Fever Outbreak - Jan 2023
Burundi,Cholera Outbreak,Jan 2023,Burundi: Cholera Outbreak - Jan 2023
Georgia,Flash Floods and Landslides,Jun 2011,Georgia: Flash Floods and Landslides - Jun 2011
Tajikistan,Floods and Mudslides,Jun 2011,Tajikistan: Floods and Mudslides - Jun 2011
Chad,Polio Outbreak,Jun 2011,Chad: Polio Outbreak - Jun 2011
Haiti,Floods,Jun 2011,Haiti: Floods - Jun 2011
Dominican Republic,Floods,Jun 2011,Dominican Republic: Floods - Jun 2011
China,Floods,Jun 2011,China: Floods - Jun 2011
Philippines,Floods,Jun 2011,Philippines: Floods - Jun 2011
Republic of Congo,Chikungunya and Measles Outbreak,May 2011,Republic of Congo: Chikungunya and Measles Outbreak - May 2011
Congo River,Cholera Outbreak,May 2011,Congo River: Cholera Outbreak - May 2011
Philippines,Typhoon Songda,May 2011,Philippines: Typhoon Songda - May 2011
Peru,Cold Wave,May 2011,Peru: Cold Wave - May 2011
Rwanda,Severe Local Storm,Apr 2011,Rwanda: Severe Local Storm - Apr 2011
Iraq,Flash Floods,Apr 2011,Iraq: Flash Floods - Apr 2011
Uganda,Ebola Outbreak,May 2011,Uganda: Ebola Outbreak - May 2011
Spain,Earthquake,May 2011,Spain: Earthquake - May 2011
Philippines,Tropical Storm Aere,May 2011,Philippines: Tropical Storm Aere - May 2011
Guatemala,Floods,May 2011,Guatemala: Floods - May 2011
Saint Vincent and the Grenadines,Floods,Apr 2011,Saint Vincent and the Grenadines: Floods - Apr 2011
Colombia,Floods and Landslides,Apr 2011,Colombia: Floods and Landslides - Apr 2011
USA,Storms and Tornadoes,Apr 2011,USA: Storms and Tornadoes - Apr 2011
Indonesia,Earthquake,Aug 2026,Indonesia: Earthquake - Aug 2026
Colombia,Earthquake,Aug 2026,Colombia: Earthquake - Aug 2026
Myanmar,Floods,Jul 2026,Myanmar: Floods - Jul 2026
Afghanistan,Flash Floods,Jul 2026,Afghanistan: Flash Floods - Jul 2026
India,Flash Floods,Jul 2026,India: Flash Floods - Jul 2026
Kyrgyzstan,Flash Floods,Jul 2026,Kyrgyzstan: Flash Floods - Jul 2026
Tajikistan,Floods,Jul 2026,Tajikistan: Floods - Jul 2026
Bangladesh,Flash Floods,Jul 2026,Bangladesh: Flash Floods - Jul 2026
Georgia,Floods,Jun 2026,Georgia: Floods - Jun 2026
Central African Republic,Cholera Outbreak,Jun 2026,Central African Republic: Cholera Outbreak - Jun 2026
Venezuela,Earthquakes,Jun 2026,Venezuela: Earthquakes - Jun 2026
Chad,Cholera Outbreak,Jun 2026,Chad: Cholera Outbreak - Jun 2026
Philippines,Earthquake and Tsunami,Jun 2026,Philippines: Earthquake and Tsunami - Jun 2026
Armenia,Hailstorm,Jun 2026,Armenia: Hailstorm - Jun 2026
Syria,Floods,May 2026,Syria: Floods - May 2026
Central/Eastern Africa,Ebola Outbreak,May 2026,Central/Eastern Africa: Ebola Outbreak - May 2026
Sri Lanka,Dengue Outbreak,May 2026,Sri Lanka: Dengue Outbreak - May 2026
Dominican Republic,Floods,Apr 2026,Dominican Republic: Floods - Apr 2026
Yemen,Floods,Mar 2026,Yemen: Floods - Mar 2026
Tanzania,Floods and Landslides,Mar 2026,Tanzania: Floods and Landslides - Mar 2026
Liberia,Windstorms,Mar 2026,Liberia: Windstorms - Mar 2026
Botswana,Floods,Mar 2026,Botswana: Floods - Mar 2026
Ethiopia,Floods and Landslides,Mar 2026,Ethiopia: Floods and Landslides - Mar 2026
Kenya,Floods,Mar 2026,Kenya: Floods - Mar 2026
Suriname,Chikungunya Virus Outbreak,Mar 2026,Suriname: Chikungunya Virus Outbreak - Mar 2026
Brazil,Floods,Feb 2026,Brazil: Floods - Feb 2026
Peru,Floods and Landslides,Feb 2026,Peru: Floods and Landslides - Feb 2026
Angola,Floods,Feb 2026,Angola: Floods - Feb 2026
Zambia,Cholera Outbreak,Feb 2026,Zambia: Cholera Outbreak - Feb 2026
Cameroon,Fires,Feb 2026,Cameroon: Fires - Feb 2026
Somalia,Dengue Outbreak,Feb 2026,Somalia: Dengue Outbreak - Feb 2026
Rwanda,Flash Floods,Jan 2026,Rwanda: Flash Floods - Jan 2026
Algeria,Floods,Jan 2026,Algeria: Floods - Jan 2026
Argentina,Landslides,Jan 2026,Argentina: Landslides - Jan 2026
South Africa,Floods,Jan 2026,South Africa: Floods - Jan 2026
North Macedonia,Floods,Jan 2026,North Macedonia: Floods - Jan 2026
Malawi,Floods,Jan 2026,Malawi: Floods - Jan 2026
Serbia,Cold Wave,Jan 2026,Serbia: Cold Wave - Jan 2026
Guatemala,Measles Outbreak,Jan 2026,Guatemala: Measles Outbreak - Jan 2026
Ecuador,Floods,Jan 2026,Ecuador: Floods - Jan 2026
Zimbabwe,Floods,Jan 2026,Zimbabwe: Floods - Jan 2026
Mozambique,Floods,Dec 2025,Mozambique: Floods - Dec 2025
Chile,Wild Fires,Dec 2025,Chile: Wild Fires - Dec 2025
Gabon,Windstorms,Dec 2025,Gabon: Windstorms - Dec 2025
Morocco,Floods,Dec 2025,Morocco: Floods - Dec 2025
Bolivia,Floods,Dec 2025,Bolivia: Floods - Dec 2025
Congo,Floods,Nov 2025,Congo: Floods - Nov 2025
Cuba,Arboviral Outbreak,Oct 2025,Cuba: Arboviral Outbreak - Oct 2025
Egypt,Floods,Oct 2025,Egypt: Floods - Oct 2025
Cabo Verde,Flash Floods,Aug 2025,Cabo Verde: Flash Floods - Aug 2025
South Sudan,Floods,Jul 2025,South Sudan: Floods - Jul 2025
Sudan,Floods,Jul 2025,Sudan: Floods - Jul 2025
Honduras,Floods,Jun 2025,Honduras: Floods - Jun 2025
Panama,River Pollution,Jun 2025,Panama: River Pollution - Jun 2025
Côte d'Ivoire,Cholera Outbreak,Jun 2025,Côte d'Ivoire: Cholera Outbreak - Jun 2025
Pacific,Dengue Outbreak,2025,Pacific: Dengue Outbreak - 2025-2026
Ghana,Cholera Outbreak,Oct 2024,Ghana: Cholera Outbreak - Oct 2024
Namibia,Drought,May 2024,Namibia: Drought - May 2024
Niger,Diphtheria Outbreak,Oct 2023,Niger: Diphtheria Outbreak - Oct 2023
Nigeria,Lassa Fever Outbreak,Jan 2023,Nigeria: Lassa Fever Outbreak - Jan 2023
Burundi,Cholera Outbreak,Jan 2023,Burundi: Cholera Outbreak - Jan 2023
Ecuador,Tungurahua Volcano,Apr 2011,Ecuador: Tungurahua Volcano - Apr 2011
Kazakhstan,Floods,Apr 2011,Kazakhstan: Floods - Apr 2011
Paraguay,Dengue Outbreak,Apr 2011,Paraguay: Dengue Outbreak - Apr 2011
Chad,Cholera/Measles/Meningitis Outbreak,Mar 2011,Chad: Cholera/Measles/Meningitis Outbreak - Mar 2011
Myanmar,Earthquake,Mar 2011,Myanmar: Earthquake - Mar 2011
Thailand,Floods and Landslides,March 2011,Thailand: Floods and Landslides - March 2011
Burundi,Floods,Mar 2011,Burundi: Floods - Mar 2011
Japan,Earthquake and Tsunami,Mar 2011,Japan: Earthquake and Tsunami - Mar 2011
China,Earthquake in Yunnan Province,Mar 2011,China: Earthquake in Yunnan Province - Mar 2011
New Zealand,Earthquake,Feb 2011,New Zealand: Earthquake - Feb 2011
Madagascar,Cyclone Bingiza,Feb 2011,Madagascar: Cyclone Bingiza - Feb 2011
Afghanistan,Floods and Heavy Snowfalls,Feb 2011,Afghanistan: Floods and Heavy Snowfalls - Feb 2011
Mexico,Cold Wave,Feb 2011,Mexico: Cold Wave - Feb 2011
Australia,Wild Fire,Feb 2011,Australia: Wild Fire - Feb 2011
Malaysia,Floods,Jan 2011,Malaysia : Floods - Jan 2011
Bolivia,Floods and Landslides,Jan 2011,Bolivia: Floods and Landslides - Jan 2011
Southern Africa,Floods,Jan 2011,Southern Africa: Floods - Jan 2011
Indonesia,Mt. Bromo Volcano,Dec 2010,Indonesia: Mt. Bromo Volcano - Dec 2010
Indonesia,Earthquake,Aug 2026,Indonesia: Earthquake - Aug 2026
Colombia,Earthquake,Aug 2026,Colombia: Earthquake - Aug 2026
Myanmar,Floods,Jul 2026,Myanmar: Floods - Jul 2026
Afghanistan,Flash Floods,Jul 2026,Afghanistan: Flash Floods - Jul 2026
India,Flash Floods,Jul 2026,India: Flash Floods - Jul 2026
Kyrgyzstan,Flash Floods,Jul 2026,Kyrgyzstan: Flash Floods - Jul 2026
Tajikistan,Floods,Jul 2026,Tajikistan: Floods - Jul 2026
Bangladesh,Flash Floods,Jul 2026,Bangladesh: Flash Floods - Jul 2026
Georgia,Floods,Jun 2026,Georgia: Floods - Jun 2026
Central African Republic,Cholera Outbreak,Jun 2026,Central African Republic: Cholera Outbreak - Jun 2026
Venezuela,Earthquakes,Jun 2026,Venezuela: Earthquakes - Jun 2026
Chad,Cholera Outbreak,Jun 2026,Chad: Cholera Outbreak - Jun 2026
Philippines,Earthquake and Tsunami,Jun 2026,Philippines: Earthquake and Tsunami - Jun 2026
Armenia,Hailstorm,Jun 2026,Armenia: Hailstorm - Jun 2026
Syria,Floods,May 2026,Syria: Floods - May 2026
Central/Eastern Africa,Ebola Outbreak,May 2026,Central/Eastern Africa: Ebola Outbreak - May 2026
Sri Lanka,Dengue Outbreak,May 2026,Sri Lanka: Dengue Outbreak - May 2026
Dominican Republic,Floods,Apr 2026,Dominican Republic: Floods - Apr 2026
Yemen,Floods,Mar 2026,Yemen: Floods - Mar 2026
Tanzania,Floods and Landslides,Mar 2026,Tanzania: Floods and Landslides - Mar 2026
Liberia,Windstorms,Mar 2026,Liberia: Windstorms - Mar 2026
Botswana,Floods,Mar 2026,Botswana: Floods - Mar 2026
Ethiopia,Floods and Landslides,Mar 2026,Ethiopia: Floods and Landslides - Mar 2026
Kenya,Floods,Mar 2026,Kenya: Floods - Mar 2026
Suriname,Chikungunya Virus Outbreak,Mar 2026,Suriname: Chikungunya Virus Outbreak - Mar 2026
Brazil,Floods,Feb 2026,Brazil: Floods - Feb 2026
Peru,Floods and Landslides,Feb 2026,Peru: Floods and Landslides - Feb 2026
Angola,Floods,Feb 2026,Angola: Floods - Feb 2026
Zambia,Cholera Outbreak,Feb 2026,Zambia: Cholera Outbreak - Feb 2026
Cameroon,Fires,Feb 2026,Cameroon: Fires - Feb 2026
Somalia,Dengue Outbreak,Feb 2026,Somalia: Dengue Outbreak - Feb 2026
Rwanda,Flash Floods,Jan 2026,Rwanda: Flash Floods - Jan 2026
Algeria,Floods,Jan 2026,Algeria: Floods - Jan 2026
Argentina,Landslides,Jan 2026,Argentina: Landslides - Jan 2026
South Africa,Floods,Jan 2026,South Africa: Floods - Jan 2026
North Macedonia,Floods,Jan 2026,North Macedonia: Floods - Jan 2026
Malawi,Floods,Jan 2026,Malawi: Floods - Jan 2026
Serbia,Cold Wave,Jan 2026,Serbia: Cold Wave - Jan 2026
Guatemala,Measles Outbreak,Jan 2026,Guatemala: Measles Outbreak - Jan 2026
Ecuador,Floods,Jan 2026,Ecuador: Floods - Jan 2026
Zimbabwe,Floods,Jan 2026,Zimbabwe: Floods - Jan 2026
Mozambique,Floods,Dec 2025,Mozambique: Floods - Dec 2025
Chile,Wild Fires,Dec 2025,Chile: Wild Fires - Dec 2025
Gabon,Windstorms,Dec 2025,Gabon: Windstorms - Dec 2025
Morocco,Floods,Dec 2025,Morocco: Floods - Dec 2025
Bolivia,Floods,Dec 2025,Bolivia: Floods - Dec 2025
Congo,Floods,Nov 2025,Congo: Floods - Nov 2025
Cuba,Arboviral Outbreak,Oct 2025,Cuba: Arboviral Outbreak - Oct 2025
Egypt,Floods,Oct 2025,Egypt: Floods - Oct 2025
Cabo Verde,Flash Floods,Aug 2025,Cabo Verde: Flash Floods - Aug 2025
South Sudan,Floods,Jul 2025,South Sudan: Floods - Jul 2025
Sudan,Floods,Jul 2025,Sudan: Floods - Jul 2025
Honduras,Floods,Jun 2025,Honduras: Floods - Jun 2025
Panama,River Pollution,Jun 2025,Panama: River Pollution - Jun 2025
Côte d'Ivoire,Cholera Outbreak,Jun 2025,Côte d'Ivoire: Cholera Outbreak - Jun 2025
Pacific,Dengue Outbreak,2025,Pacific: Dengue Outbreak - 2025-2026
Ghana,Cholera Outbreak,Oct 2024,Ghana: Cholera Outbreak - Oct 2024
Namibia,Drought,May 2024,Namibia: Drought - May 2024
Niger,Diphtheria Outbreak,Oct 2023,Niger: Diphtheria Outbreak - Oct 2023
Nigeria,Lassa Fever Outbreak,Jan 2023,Nigeria: Lassa Fever Outbreak - Jan 2023
Burundi,Cholera Outbreak,Jan 2023,Burundi: Cholera Outbreak - Jan 2023
Honduras,Floods,Jan 2011,Honduras: Floods - Jan 2011
Vanuatu,Tropical Cyclone Vania,Jan 2011,Vanuatu: Tropical Cyclone Vania - Jan 2011
Bangladesh,Cold Wave,Jan 2011,Bangladesh: Cold Wave - Jan 2011
China,Cold Wave,Jan 2011,China: Cold Wave - Jan 2011
Cameroon,Cholera Outbreak,Jan 2011,Cameroon: Cholera Outbreak - Jan 2011
Gabon,Floods and Violent Winds,Dec 2010,Gabon: Floods and Violent Winds - Dec 2010
Brazil,Floods and Landslides,Dec 2010,Brazil: Floods and Landslides - Dec 2010
Guatemala,Cold Wave,Dec 2010,Guatemala: Cold Wave - Dec 2010
Kenya,Measles Outbreak,Dec 2010,Kenya: Measles Outbreak - Dec 2010
Australia,Floods,Dec 2010,Australia: Floods - Dec 2010
Ecuador,Floods and Landslides,Dec 2010,Ecuador: Floods and Landslides - Dec 2010
Iran,Earthquakes,Dec 2010,Iran: Earthquakes - Dec 2010
Costa Rica,Floods,Dec 2010,Costa Rica: Floods - Dec 2010
India,Floods,Dec 2010,India: Floods - Dec 2010
China,Wildfire,Dec 2010,China: Wildfire - Dec 2010
Israel,Wild Fire,Dec 2010,Israel: Wild Fire - Dec 2010
Morocco,Floods,Nov 2010,Morocco: Floods - Nov 2010
Angola,Floods,Oct 2010,Angola: Floods - Oct 2010
Venezuela,Floods and Landslides,Nov 2010,Venezuela: Floods and Landslides - Nov 2010
Central/Southern Europe,Floods,Nov 2010,Central/Southern Europe: Floods - Nov 2010
Indonesia,Earthquake,Aug 2026,Indonesia: Earthquake - Aug 2026
Colombia,Earthquake,Aug 2026,Colombia: Earthquake - Aug 2026
Myanmar,Floods,Jul 2026,Myanmar: Floods - Jul 2026
Afghanistan,Flash Floods,Jul 2026,Afghanistan: Flash Floods - Jul 2026
India,Flash Floods,Jul 2026,India: Flash Floods - Jul 2026
Kyrgyzstan,Flash Floods,Jul 2026,Kyrgyzstan: Flash Floods - Jul 2026
Tajikistan,Floods,Jul 2026,Tajikistan: Floods - Jul 2026
Bangladesh,Flash Floods,Jul 2026,Bangladesh: Flash Floods - Jul 2026
Georgia,Floods,Jun 2026,Georgia: Floods - Jun 2026
Central African Republic,Cholera Outbreak,Jun 2026,Central African Republic: Cholera Outbreak - Jun 2026
Venezuela,Earthquakes,Jun 2026,Venezuela: Earthquakes - Jun 2026
Chad,Cholera Outbreak,Jun 2026,Chad: Cholera Outbreak - Jun 2026
Philippines,Earthquake and Tsunami,Jun 2026,Philippines: Earthquake and Tsunami - Jun 2026
Armenia,Hailstorm,Jun 2026,Armenia: Hailstorm - Jun 2026
Syria,Floods,May 2026,Syria: Floods - May 2026
Central/Eastern Africa,Ebola Outbreak,May 2026,Central/Eastern Africa: Ebola Outbreak - May 2026
Sri Lanka,Dengue Outbreak,May 2026,Sri Lanka: Dengue Outbreak - May 2026
Dominican Republic,Floods,Apr 2026,Dominican Republic: Floods - Apr 2026
Yemen,Floods,Mar 2026,Yemen: Floods - Mar 2026
Tanzania,Floods and Landslides,Mar 2026,Tanzania: Floods and Landslides - Mar 2026
Liberia,Windstorms,Mar 2026,Liberia: Windstorms - Mar 2026
Botswana,Floods,Mar 2026,Botswana: Floods - Mar 2026
Ethiopia,Floods and Landslides,Mar 2026,Ethiopia: Floods and Landslides - Mar 2026
Kenya,Floods,Mar 2026,Kenya: Floods - Mar 2026
Suriname,Chikungunya Virus Outbreak,Mar 2026,Suriname: Chikungunya Virus Outbreak - Mar 2026
Brazil,Floods,Feb 2026,Brazil: Floods - Feb 2026
Peru,Floods and Landslides,Feb 2026,Peru: Floods and Landslides - Feb 2026
Angola,Floods,Feb 2026,Angola: Floods - Feb 2026
Zambia,Cholera Outbreak,Feb 2026,Zambia: Cholera Outbreak - Feb 2026
Cameroon,Fires,Feb 2026,Cameroon: Fires - Feb 2026
Somalia,Dengue Outbreak,Feb 2026,Somalia: Dengue Outbreak - Feb 2026
Rwanda,Flash Floods,Jan 2026,Rwanda: Flash Floods - Jan 2026
Algeria,Floods,Jan 2026,Algeria: Floods - Jan 2026
Argentina,Landslides,Jan 2026,Argentina: Landslides - Jan 2026
South Africa,Floods,Jan 2026,South Africa: Floods - Jan 2026
North Macedonia,Floods,Jan 2026,North Macedonia: Floods - Jan 2026
Malawi,Floods,Jan 2026,Malawi: Floods - Jan 2026
Serbia,Cold Wave,Jan 2026,Serbia: Cold Wave - Jan 2026
Guatemala,Measles Outbreak,Jan 2026,Guatemala: Measles Outbreak - Jan 2026
Ecuador,Floods,Jan 2026,Ecuador: Floods - Jan 2026
Zimbabwe,Floods,Jan 2026,Zimbabwe: Floods - Jan 2026
Mozambique,Floods,Dec 2025,Mozambique: Floods - Dec 2025
Chile,Wild Fires,Dec 2025,Chile: Wild Fires - Dec 2025
Gabon,Windstorms,Dec 2025,Gabon: Windstorms - Dec 2025
Morocco,Floods,Dec 2025,Morocco: Floods - Dec 2025
Bolivia,Floods,Dec 2025,Bolivia: Floods - Dec 2025
Congo,Floods,Nov 2025,Congo: Floods - Nov 2025
Cuba,Arboviral Outbreak,Oct 2025,Cuba: Arboviral Outbreak - Oct 2025
Egypt,Floods,Oct 2025,Egypt: Floods - Oct 2025
Cabo Verde,Flash Floods,Aug 2025,Cabo Verde: Flash Floods - Aug 2025
South Sudan,Floods,Jul 2025,South Sudan: Floods - Jul 2025
Sudan,Floods,Jul 2025,Sudan: Floods - Jul 2025
Honduras,Floods,Jun 2025,Honduras: Floods - Jun 2025
Panama,River Pollution,Jun 2025,Panama: River Pollution - Jun 2025
Côte d'Ivoire,Cholera Outbreak,Jun 2025,Côte d'Ivoire: Cholera Outbreak - Jun 2025
Pacific,Dengue Outbreak,2025,Pacific: Dengue Outbreak - 2025-2026
Ghana,Cholera Outbreak,Oct 2024,Ghana: Cholera Outbreak - Oct 2024
Namibia,Drought,May 2024,Namibia: Drought - May 2024
Niger,Diphtheria Outbreak,Oct 2023,Niger: Diphtheria Outbreak - Oct 2023
Nigeria,Lassa Fever Outbreak,Jan 2023,Nigeria: Lassa Fever Outbreak - Jan 2023
Burundi,Cholera Outbreak,Jan 2023,Burundi: Cholera Outbreak - Jan 2023
Panama,Floods,Nov 2010,Panama: Floods - Nov 2010
Philippines,Mt. Bulusan Volcano,Nov 2010,Philippines: Mt. Bulusan Volcano - Nov 2010
Philippines,Floods and Landslides,Nov 2010,Philippines: Floods and Landslides - Nov 2010
Serbia,Earthquake,Nov 2010,Serbia: Earthquake - Nov 2010
Indonesia,Sumatra Earthquakes and Tsunami,Oct 2010,Indonesia: Sumatra Earthquakes and Tsunami - Oct 2010
Indonesia,Mt. Merapi Volcano,Oct 2010,Indonesia: Mt. Merapi Volcano - Oct 2010
Russian Federation,Floods,Oct 2010,Russian Federation: Floods - Oct 2010
Haiti,Cholera Outbreak,2010,Haiti: Cholera Outbreak - 2010-2017
Peru,Floods and Mudslides,Oct 2010,Peru: Floods and Mudslides - Oct 2010
Saint Lucia,Flash Floods,Oct 2010,Saint Lucia: Flash Floods - Oct 2010
Virgin Islands,Tropical Storm Otto,Oct 2010,Virgin Islands: Tropical Storm Otto - Oct 2010
Viet Nam,Floods,Oct 2010,Viet Nam: Floods - Oct 2010
Sri Lanka,Floods,Oct 2010,Sri Lanka: Floods - Oct 2010
Hungary,Toxic Spill,Oct 2010,Hungary: Toxic Spill - Oct 2010
Indonesia,Earthquake,Aug 2026,Indonesia: Earthquake - Aug 2026
Colombia,Earthquake,Aug 2026,Colombia: Earthquake - Aug 2026
Myanmar,Floods,Jul 2026,Myanmar: Floods - Jul 2026
Afghanistan,Flash Floods,Jul 2026,Afghanistan: Flash Floods - Jul 2026
India,Flash Floods,Jul 2026,India: Flash Floods - Jul 2026
Kyrgyzstan,Flash Floods,Jul 2026,Kyrgyzstan: Flash Floods - Jul 2026
Tajikistan,Floods,Jul 2026,Tajikistan: Floods - Jul 2026
Bangladesh,Flash Floods,Jul 2026,Bangladesh: Flash Floods - Jul 2026
Georgia,Floods,Jun 2026,Georgia: Floods - Jun 2026
Central African Republic,Cholera Outbreak,Jun 2026,Central African Republic: Cholera Outbreak - Jun 2026
Venezuela,Earthquakes,Jun 2026,Venezuela: Earthquakes - Jun 2026
Chad,Cholera Outbreak,Jun 2026,Chad: Cholera Outbreak - Jun 2026
Philippines,Earthquake and Tsunami,Jun 2026,Philippines: Earthquake and Tsunami - Jun 2026
Armenia,Hailstorm,Jun 2026,Armenia: Hailstorm - Jun 2026
Syria,Floods,May 2026,Syria: Floods - May 2026
Central/Eastern Africa,Ebola Outbreak,May 2026,Central/Eastern Africa: Ebola Outbreak - May 2026
Sri Lanka,Dengue Outbreak,May 2026,Sri Lanka: Dengue Outbreak - May 2026
Dominican Republic,Floods,Apr 2026,Dominican Republic: Floods - Apr 2026
Yemen,Floods,Mar 2026,Yemen: Floods - Mar 2026
Tanzania,Floods and Landslides,Mar 2026,Tanzania: Floods and Landslides - Mar 2026
Liberia,Windstorms,Mar 2026,Liberia: Windstorms - Mar 2026
Botswana,Floods,Mar 2026,Botswana: Floods - Mar 2026
Ethiopia,Floods and Landslides,Mar 2026,Ethiopia: Floods and Landslides - Mar 2026
Kenya,Floods,Mar 2026,Kenya: Floods - Mar 2026
Suriname,Chikungunya Virus Outbreak,Mar 2026,Suriname: Chikungunya Virus Outbreak - Mar 2026
Brazil,Floods,Feb 2026,Brazil: Floods - Feb 2026
Peru,Floods and Landslides,Feb 2026,Peru: Floods and Landslides - Feb 2026
Angola,Floods,Feb 2026,Angola: Floods - Feb 2026
Zambia,Cholera Outbreak,Feb 2026,Zambia: Cholera Outbreak - Feb 2026
Cameroon,Fires,Feb 2026,Cameroon: Fires - Feb 2026
Somalia,Dengue Outbreak,Feb 2026,Somalia: Dengue Outbreak - Feb 2026
Rwanda,Flash Floods,Jan 2026,Rwanda: Flash Floods - Jan 2026
Algeria,Floods,Jan 2026,Algeria: Floods - Jan 2026
Argentina,Landslides,Jan 2026,Argentina: Landslides - Jan 2026
South Africa,Floods,Jan 2026,South Africa: Floods - Jan 2026
North Macedonia,Floods,Jan 2026,North Macedonia: Floods - Jan 2026
Malawi,Floods,Jan 2026,Malawi: Floods - Jan 2026
Serbia,Cold Wave,Jan 2026,Serbia: Cold Wave - Jan 2026
Guatemala,Measles Outbreak,Jan 2026,Guatemala: Measles Outbreak - Jan 2026
Ecuador,Floods,Jan 2026,Ecuador: Floods - Jan 2026
Zimbabwe,Floods,Jan 2026,Zimbabwe: Floods - Jan 2026
Mozambique,Floods,Dec 2025,Mozambique: Floods - Dec 2025
Chile,Wild Fires,Dec 2025,Chile: Wild Fires - Dec 2025
Gabon,Windstorms,Dec 2025,Gabon: Windstorms - Dec 2025
Morocco,Floods,Dec 2025,Morocco: Floods - Dec 2025
Bolivia,Floods,Dec 2025,Bolivia: Floods - Dec 2025
Congo,Floods,Nov 2025,Congo: Floods - Nov 2025
Cuba,Arboviral Outbreak,Oct 2025,Cuba: Arboviral Outbreak - Oct 2025
Egypt,Floods,Oct 2025,Egypt: Floods - Oct 2025
Cabo Verde,Flash Floods,Aug 2025,Cabo Verde: Flash Floods - Aug 2025
South Sudan,Floods,Jul 2025,South Sudan: Floods - Jul 2025
Sudan,Floods,Jul 2025,Sudan: Floods - Jul 2025
Honduras,Floods,Jun 2025,Honduras: Floods - Jun 2025
Panama,River Pollution,Jun 2025,Panama: River Pollution - Jun 2025
Côte d'Ivoire,Cholera Outbreak,Jun 2025,Côte d'Ivoire: Cholera Outbreak - Jun 2025
Pacific,Dengue Outbreak,2025,Pacific: Dengue Outbreak - 2025-2026
Ghana,Cholera Outbreak,Oct 2024,Ghana: Cholera Outbreak - Oct 2024
Namibia,Drought,May 2024,Namibia: Drought - May 2024
Niger,Diphtheria Outbreak,Oct 2023,Niger: Diphtheria Outbreak - Oct 2023
Nigeria,Lassa Fever Outbreak,Jan 2023,Nigeria: Lassa Fever Outbreak - Jan 2023
Burundi,Cholera Outbreak,Jan 2023,Burundi: Cholera Outbreak - Jan 2023
Colombia,Floods and Landslides,Sep 2010,Colombia: Floods and Landslides - Sep 2010
Haiti,Storm,Sep 2010,Haiti: Storm - Sep 2010
Ecuador,Violent Winds,Sep 2010,Ecuador: Violent Winds - Sep 2010
Bolivia,Violent Winds,Sep 2010,Bolivia: Violent Winds - Sep 2010
Mali,Floods,Sep 2010,Mali: Floods - Sep 2010
Paraguay,Severe Local Storm,Sep 2010,Paraguay: Severe Local Storm - Sep 2010
Mexico,Hurricane Karl,Sep 2010,Mexico: Hurricane Karl - Sep 2010
Mauritania,Floods,Aug 2010,Mauritania: Floods - Aug 2010
Kenya,Floods,Aug 2010,Kenya: Floods - Aug 2010
Indonesia,Mt. Sinabung Volcano,Aug 2010,Indonesia: Mt. Sinabung Volcano - Aug 2010
Turkey,Landslide,Aug 2010,Turkey: Landslide - Aug 2010
Chad,Cholera Outbreak,Aug 2010,Chad: Cholera Outbreak - Aug 2010
Bolivia,Wild Fires,Aug 2010,Bolivia: Wild Fires - Aug 2010
Central America,Floods,Aug 2010,Central America: Floods - Aug 2010
Malaysia,Floods,Aug 2010,Malaysia: Floods - Aug 2010
Philippines,Tropical Storm Dianmu,Aug 2010,Philippines: Tropical Storm Dianmu - Aug 2010
Indonesia,Earthquake,Aug 2026,Indonesia: Earthquake - Aug 2026
Colombia,Earthquake,Aug 2026,Colombia: Earthquake - Aug 2026
Myanmar,Floods,Jul 2026,Myanmar: Floods - Jul 2026
Afghanistan,Flash Floods,Jul 2026,Afghanistan: Flash Floods - Jul 2026
India,Flash Floods,Jul 2026,India: Flash Floods - Jul 2026
Kyrgyzstan,Flash Floods,Jul 2026,Kyrgyzstan: Flash Floods - Jul 2026
Tajikistan,Floods,Jul 2026,Tajikistan: Floods - Jul 2026
Bangladesh,Flash Floods,Jul 2026,Bangladesh: Flash Floods - Jul 2026
Georgia,Floods,Jun 2026,Georgia: Floods - Jun 2026
Central African Republic,Cholera Outbreak,Jun 2026,Central African Republic: Cholera Outbreak - Jun 2026
Venezuela,Earthquakes,Jun 2026,Venezuela: Earthquakes - Jun 2026
Chad,Cholera Outbreak,Jun 2026,Chad: Cholera Outbreak - Jun 2026
Philippines,Earthquake and Tsunami,Jun 2026,Philippines: Earthquake and Tsunami - Jun 2026
Armenia,Hailstorm,Jun 2026,Armenia: Hailstorm - Jun 2026
Syria,Floods,May 2026,Syria: Floods - May 2026
Central/Eastern Africa,Ebola Outbreak,May 2026,Central/Eastern Africa: Ebola Outbreak - May 2026
Sri Lanka,Dengue Outbreak,May 2026,Sri Lanka: Dengue Outbreak - May 2026
Dominican Republic,Floods,Apr 2026,Dominican Republic: Floods - Apr 2026
Yemen,Floods,Mar 2026,Yemen: Floods - Mar 2026
Tanzania,Floods and Landslides,Mar 2026,Tanzania: Floods and Landslides - Mar 2026
Liberia,Windstorms,Mar 2026,Liberia: Windstorms - Mar 2026
Botswana,Floods,Mar 2026,Botswana: Floods - Mar 2026
Ethiopia,Floods and Landslides,Mar 2026,Ethiopia: Floods and Landslides - Mar 2026
Kenya,Floods,Mar 2026,Kenya: Floods - Mar 2026
Suriname,Chikungunya Virus Outbreak,Mar 2026,Suriname: Chikungunya Virus Outbreak - Mar 2026
Brazil,Floods,Feb 2026,Brazil: Floods - Feb 2026
Peru,Floods and Landslides,Feb 2026,Peru: Floods and Landslides - Feb 2026
Angola,Floods,Feb 2026,Angola: Floods - Feb 2026
Zambia,Cholera Outbreak,Feb 2026,Zambia: Cholera Outbreak - Feb 2026
Cameroon,Fires,Feb 2026,Cameroon: Fires - Feb 2026
Somalia,Dengue Outbreak,Feb 2026,Somalia: Dengue Outbreak - Feb 2026
Rwanda,Flash Floods,Jan 2026,Rwanda: Flash Floods - Jan 2026
Algeria,Floods,Jan 2026,Algeria: Floods - Jan 2026
Argentina,Landslides,Jan 2026,Argentina: Landslides - Jan 2026
South Africa,Floods,Jan 2026,South Africa: Floods - Jan 2026
North Macedonia,Floods,Jan 2026,North Macedonia: Floods - Jan 2026
Malawi,Floods,Jan 2026,Malawi: Floods - Jan 2026
Serbia,Cold Wave,Jan 2026,Serbia: Cold Wave - Jan 2026
Guatemala,Measles Outbreak,Jan 2026,Guatemala: Measles Outbreak - Jan 2026
Ecuador,Floods,Jan 2026,Ecuador: Floods - Jan 2026
Zimbabwe,Floods,Jan 2026,Zimbabwe: Floods - Jan 2026
Mozambique,Floods,Dec 2025,Mozambique: Floods - Dec 2025
Chile,Wild Fires,Dec 2025,Chile: Wild Fires - Dec 2025
Gabon,Windstorms,Dec 2025,Gabon: Windstorms - Dec 2025
Morocco,Floods,Dec 2025,Morocco: Floods - Dec 2025
Bolivia,Floods,Dec 2025,Bolivia: Floods - Dec 2025
Congo,Floods,Nov 2025,Congo: Floods - Nov 2025
Cuba,Arboviral Outbreak,Oct 2025,Cuba: Arboviral Outbreak - Oct 2025
Egypt,Floods,Oct 2025,Egypt: Floods - Oct 2025
Cabo Verde,Flash Floods,Aug 2025,Cabo Verde: Flash Floods - Aug 2025
South Sudan,Floods,Jul 2025,South Sudan: Floods - Jul 2025
Sudan,Floods,Jul 2025,Sudan: Floods - Jul 2025
Honduras,Floods,Jun 2025,Honduras: Floods - Jun 2025
Panama,River Pollution,Jun 2025,Panama: River Pollution - Jun 2025
Côte d'Ivoire,Cholera Outbreak,Jun 2025,Côte d'Ivoire: Cholera Outbreak - Jun 2025
Pacific,Dengue Outbreak,2025,Pacific: Dengue Outbreak - 2025-2026
Ghana,Cholera Outbreak,Oct 2024,Ghana: Cholera Outbreak - Oct 2024
Namibia,Drought,May 2024,Namibia: Drought - May 2024
Niger,Diphtheria Outbreak,Oct 2023,Niger: Diphtheria Outbreak - Oct 2023
Nigeria,Lassa Fever Outbreak,Jan 2023,Nigeria: Lassa Fever Outbreak - Jan 2023
Burundi,Cholera Outbreak,Jan 2023,Burundi: Cholera Outbreak - Jan 2023
DPR Korea,Floods,Aug 2010,DPR Korea: Floods - Aug 2010
Thailand,Floods,Aug 2010,Thailand: Floods - Aug 2010
DR Congo,Floods,Jul 2010,DR Congo: Floods - Jul 2010
Iran,Earthquake,Jul 2010,Iran: Earthquake - Jul 2010
Russian Federation,Wild Fires/Heatwave,Jul 2010,Russian Federation: Wild Fires/Heatwave - Jul 2010
Mexico,Floods and Landslides,Jul 2010,Mexico: Floods and Landslides - Jul 2010
Peru,Cold Wave,Jul 2010,Peru: Cold Wave - Jul 2010
Central America,Floods and Landslides,Jul 2010,Central America: Floods and Landslides - Jul 2010
Nigeria,Cholera Outbreak,Jul 2010,Nigeria: Cholera Outbreak - Jul 2010
Pakistan,Floods,Jul 2010,Pakistan: Floods - Jul 2010
Ethiopia,Floods,Jul 2010,Ethiopia: Floods - Jul 2010
Yemen,Floods,Jul 2010,Yemen: Floods - Jul 2010
Sudan,Floods,Jul 2010,Sudan: Floods - Jul 2010
India,Floods,Jul 2010,India: Floods - Jul 2010
Nepal,Floods and Landslides,Jun 2010,Nepal: Floods and Landslides - Jun 2010
Dominican Republic,Floods,Jun 2010,Dominican Republic: Floods - Jun 2010
Brazil,Floods,Jun 2010,Brazil: Floods - Jun 2010
Indonesia,Earthquake,Aug 2026,Indonesia: Earthquake - Aug 2026
Colombia,Earthquake,Aug 2026,Colombia: Earthquake - Aug 2026
Myanmar,Floods,Jul 2026,Myanmar: Floods - Jul 2026
Afghanistan,Flash Floods,Jul 2026,Afghanistan: Flash Floods - Jul 2026
India,Flash Floods,Jul 2026,India: Flash Floods - Jul 2026
Kyrgyzstan,Flash Floods,Jul 2026,Kyrgyzstan: Flash Floods - Jul 2026
Tajikistan,Floods,Jul 2026,Tajikistan: Floods - Jul 2026
Bangladesh,Flash Floods,Jul 2026,Bangladesh: Flash Floods - Jul 2026
Georgia,Floods,Jun 2026,Georgia: Floods - Jun 2026
Central African Republic,Cholera Outbreak,Jun 2026,Central African Republic: Cholera Outbreak - Jun 2026
Venezuela,Earthquakes,Jun 2026,Venezuela: Earthquakes - Jun 2026
Chad,Cholera Outbreak,Jun 2026,Chad: Cholera Outbreak - Jun 2026
Philippines,Earthquake and Tsunami,Jun 2026,Philippines: Earthquake and Tsunami - Jun 2026
Armenia,Hailstorm,Jun 2026,Armenia: Hailstorm - Jun 2026
Syria,Floods,May 2026,Syria: Floods - May 2026
Central/Eastern Africa,Ebola Outbreak,May 2026,Central/Eastern Africa: Ebola Outbreak - May 2026
Sri Lanka,Dengue Outbreak,May 2026,Sri Lanka: Dengue Outbreak - May 2026
Dominican Republic,Floods,Apr 2026,Dominican Republic: Floods - Apr 2026
Yemen,Floods,Mar 2026,Yemen: Floods - Mar 2026
Tanzania,Floods and Landslides,Mar 2026,Tanzania: Floods and Landslides - Mar 2026
Liberia,Windstorms,Mar 2026,Liberia: Windstorms - Mar 2026
Botswana,Floods,Mar 2026,Botswana: Floods - Mar 2026
Ethiopia,Floods and Landslides,Mar 2026,Ethiopia: Floods and Landslides - Mar 2026
Kenya,Floods,Mar 2026,Kenya: Floods - Mar 2026
Suriname,Chikungunya Virus Outbreak,Mar 2026,Suriname: Chikungunya Virus Outbreak - Mar 2026
Brazil,Floods,Feb 2026,Brazil: Floods - Feb 2026
Peru,Floods and Landslides,Feb 2026,Peru: Floods and Landslides - Feb 2026
Angola,Floods,Feb 2026,Angola: Floods - Feb 2026
Zambia,Cholera Outbreak,Feb 2026,Zambia: Cholera Outbreak - Feb 2026
Cameroon,Fires,Feb 2026,Cameroon: Fires - Feb 2026
Somalia,Dengue Outbreak,Feb 2026,Somalia: Dengue Outbreak - Feb 2026
Rwanda,Flash Floods,Jan 2026,Rwanda: Flash Floods - Jan 2026
Algeria,Floods,Jan 2026,Algeria: Floods - Jan 2026
Argentina,Landslides,Jan 2026,Argentina: Landslides - Jan 2026
South Africa,Floods,Jan 2026,South Africa: Floods - Jan 2026
North Macedonia,Floods,Jan 2026,North Macedonia: Floods - Jan 2026
Malawi,Floods,Jan 2026,Malawi: Floods - Jan 2026
Serbia,Cold Wave,Jan 2026,Serbia: Cold Wave - Jan 2026
Guatemala,Measles Outbreak,Jan 2026,Guatemala: Measles Outbreak - Jan 2026
Ecuador,Floods,Jan 2026,Ecuador: Floods - Jan 2026
Zimbabwe,Floods,Jan 2026,Zimbabwe: Floods - Jan 2026
Mozambique,Floods,Dec 2025,Mozambique: Floods - Dec 2025
Chile,Wild Fires,Dec 2025,Chile: Wild Fires - Dec 2025
Gabon,Windstorms,Dec 2025,Gabon: Windstorms - Dec 2025
Morocco,Floods,Dec 2025,Morocco: Floods - Dec 2025
Bolivia,Floods,Dec 2025,Bolivia: Floods - Dec 2025
Congo,Floods,Nov 2025,Congo: Floods - Nov 2025
Cuba,Arboviral Outbreak,Oct 2025,Cuba: Arboviral Outbreak - Oct 2025
Egypt,Floods,Oct 2025,Egypt: Floods - Oct 2025
Cabo Verde,Flash Floods,Aug 2025,Cabo Verde: Flash Floods - Aug 2025
South Sudan,Floods,Jul 2025,South Sudan: Floods - Jul 2025
Sudan,Floods,Jul 2025,Sudan: Floods - Jul 2025
Honduras,Floods,Jun 2025,Honduras: Floods - Jun 2025
Panama,River Pollution,Jun 2025,Panama: River Pollution - Jun 2025
Côte d'Ivoire,Cholera Outbreak,Jun 2025,Côte d'Ivoire: Cholera Outbreak - Jun 2025
Pacific,Dengue Outbreak,2025,Pacific: Dengue Outbreak - 2025-2026
Ghana,Cholera Outbreak,Oct 2024,Ghana: Cholera Outbreak - Oct 2024
Namibia,Drought,May 2024,Namibia: Drought - May 2024
Niger,Diphtheria Outbreak,Oct 2023,Niger: Diphtheria Outbreak - Oct 2023
Nigeria,Lassa Fever Outbreak,Jan 2023,Nigeria: Lassa Fever Outbreak - Jan 2023
Burundi,Cholera Outbreak,Jan 2023,Burundi: Cholera Outbreak - Jan 2023
West/Central Africa,Floods,Jun 2010,West/Central Africa: Floods - Jun 2010
Panama,Floods,Jun 2010,Panama: Floods - Jun 2010
Gabon,Chikungunya and Dengue Outbreaks,May 2010,Gabon: Chikungunya and Dengue Outbreaks - May 2010
Myanmar,Floods and Landslides,Jun 2010,Myanmar: Floods and Landslides - Jun 2010
Indonesia,Papua,Sulawesi Earthquakes,Indonesia: Papua - Sulawesi Earthquakes - Jun 2010
Bangladesh,Floods and Landslides,Jun 2010,Bangladesh: Floods and Landslides - Jun 2010
Cameroon,Cholera Outbreak,Jun 2010,Cameroon: Cholera Outbreak - Jun 2010
Kyrgyzstan,Mudslides,Jun 2010,Kyrgyzstan: Mudslides - Jun 2010
Philippines,Floods and Landslides,May 2010,Philippines: Floods and Landslides - May 2010
Ecuador,Tungurahua Volcano,May 2010,Ecuador: Tungurahua Volcano - May 2010
Central America,Tropical Storm Agatha,May 2010,Central America: Tropical Storm Agatha - May 2010
Guatemala,Pacaya Volcano,May 2010,Guatemala: Pacaya Volcano - May 2010
Bolivia,Cold Wave,May 2010,Bolivia: Cold Wave - May 2010
DR Congo,Landslide,May 2010,DR Congo: Landslide - May 2010
India,Cyclone Laila,May 2010,India: Cyclone Laila - May 2010
Peru,Earthquakes,May 2010,Peru: Earthquakes - May 2010
Central Europe,Floods,May 2010,Central Europe: Floods - May 2010
Sri Lanka,Floods,May 2010,Sri Lanka: Floods - May 2010
Viet Nam,Floods,May 2010,Viet Nam: Floods - May 2010
Indonesia,Earthquake,Aug 2026,Indonesia: Earthquake - Aug 2026
Colombia,Earthquake,Aug 2026,Colombia: Earthquake - Aug 2026
Myanmar,Floods,Jul 2026,Myanmar: Floods - Jul 2026
Afghanistan,Flash Floods,Jul 2026,Afghanistan: Flash Floods - Jul 2026
India,Flash Floods,Jul 2026,India: Flash Floods - Jul 2026
Kyrgyzstan,Flash Floods,Jul 2026,Kyrgyzstan: Flash Floods - Jul 2026
Tajikistan,Floods,Jul 2026,Tajikistan: Floods - Jul 2026
Bangladesh,Flash Floods,Jul 2026,Bangladesh: Flash Floods - Jul 2026
Georgia,Floods,Jun 2026,Georgia: Floods - Jun 2026
Central African Republic,Cholera Outbreak,Jun 2026,Central African Republic: Cholera Outbreak - Jun 2026
Venezuela,Earthquakes,Jun 2026,Venezuela: Earthquakes - Jun 2026
Chad,Cholera Outbreak,Jun 2026,Chad: Cholera Outbreak - Jun 2026
Philippines,Earthquake and Tsunami,Jun 2026,Philippines: Earthquake and Tsunami - Jun 2026
Armenia,Hailstorm,Jun 2026,Armenia: Hailstorm - Jun 2026
Syria,Floods,May 2026,Syria: Floods - May 2026
Central/Eastern Africa,Ebola Outbreak,May 2026,Central/Eastern Africa: Ebola Outbreak - May 2026
Sri Lanka,Dengue Outbreak,May 2026,Sri Lanka: Dengue Outbreak - May 2026
Dominican Republic,Floods,Apr 2026,Dominican Republic: Floods - Apr 2026
Yemen,Floods,Mar 2026,Yemen: Floods - Mar 2026
Tanzania,Floods and Landslides,Mar 2026,Tanzania: Floods and Landslides - Mar 2026
Liberia,Windstorms,Mar 2026,Liberia: Windstorms - Mar 2026
Botswana,Floods,Mar 2026,Botswana: Floods - Mar 2026
Ethiopia,Floods and Landslides,Mar 2026,Ethiopia: Floods and Landslides - Mar 2026
Kenya,Floods,Mar 2026,Kenya: Floods - Mar 2026
Suriname,Chikungunya Virus Outbreak,Mar 2026,Suriname: Chikungunya Virus Outbreak - Mar 2026
Brazil,Floods,Feb 2026,Brazil: Floods - Feb 2026
Peru,Floods and Landslides,Feb 2026,Peru: Floods and Landslides - Feb 2026
Angola,Floods,Feb 2026,Angola: Floods - Feb 2026
Zambia,Cholera Outbreak,Feb 2026,Zambia: Cholera Outbreak - Feb 2026
Cameroon,Fires,Feb 2026,Cameroon: Fires - Feb 2026
Somalia,Dengue Outbreak,Feb 2026,Somalia: Dengue Outbreak - Feb 2026
Rwanda,Flash Floods,Jan 2026,Rwanda: Flash Floods - Jan 2026
Algeria,Floods,Jan 2026,Algeria: Floods - Jan 2026
Argentina,Landslides,Jan 2026,Argentina: Landslides - Jan 2026
South Africa,Floods,Jan 2026,South Africa: Floods - Jan 2026
North Macedonia,Floods,Jan 2026,North Macedonia: Floods - Jan 2026
Malawi,Floods,Jan 2026,Malawi: Floods - Jan 2026
Serbia,Cold Wave,Jan 2026,Serbia: Cold Wave - Jan 2026
Guatemala,Measles Outbreak,Jan 2026,Guatemala: Measles Outbreak - Jan 2026
Ecuador,Floods,Jan 2026,Ecuador: Floods - Jan 2026
Zimbabwe,Floods,Jan 2026,Zimbabwe: Floods - Jan 2026
Mozambique,Floods,Dec 2025,Mozambique: Floods - Dec 2025
Chile,Wild Fires,Dec 2025,Chile: Wild Fires - Dec 2025
Gabon,Windstorms,Dec 2025,Gabon: Windstorms - Dec 2025
Morocco,Floods,Dec 2025,Morocco: Floods - Dec 2025
Bolivia,Floods,Dec 2025,Bolivia: Floods - Dec 2025
Congo,Floods,Nov 2025,Congo: Floods - Nov 2025
Cuba,Arboviral Outbreak,Oct 2025,Cuba: Arboviral Outbreak - Oct 2025
Egypt,Floods,Oct 2025,Egypt: Floods - Oct 2025
Cabo Verde,Flash Floods,Aug 2025,Cabo Verde: Flash Floods - Aug 2025
South Sudan,Floods,Jul 2025,South Sudan: Floods - Jul 2025
Sudan,Floods,Jul 2025,Sudan: Floods - Jul 2025
Honduras,Floods,Jun 2025,Honduras: Floods - Jun 2025
Panama,River Pollution,Jun 2025,Panama: River Pollution - Jun 2025
Côte d'Ivoire,Cholera Outbreak,Jun 2025,Côte d'Ivoire: Cholera Outbreak - Jun 2025
Pacific,Dengue Outbreak,2025,Pacific: Dengue Outbreak - 2025-2026
Ghana,Cholera Outbreak,Oct 2024,Ghana: Cholera Outbreak - Oct 2024
Namibia,Drought,May 2024,Namibia: Drought - May 2024
Niger,Diphtheria Outbreak,Oct 2023,Niger: Diphtheria Outbreak - Oct 2023
Nigeria,Lassa Fever Outbreak,Jan 2023,Nigeria: Lassa Fever Outbreak - Jan 2023
Burundi,Cholera Outbreak,Jan 2023,Burundi: Cholera Outbreak - Jan 2023
Azerbaijan,Floods,May 2010,Azerbaijan: Floods - May 2010
China,Floods,May 2010,China: Floods - May 2010
Gabon,Severe Local Storm,Apr 2010,Gabon: Severe Local Storm - Apr 2010
Afghanistan,Earthquakes,Apr 2010,Afghanistan: Earthquakes - Apr 2010
Tajikistan,Floods,Apr 2010,Tajikistan: Floods - Apr 2010
China,Earthquake in Qinghai Province,Apr 2010,China: Earthquake in Qinghai Province - Apr 2010
Colombia,Floods,Apr 2010,Colombia: Floods - Apr 2010
India/Bangladesh,Severe Local Storm,Apr 2010,India/Bangladesh: Severe Local Storm - Apr 2010
Afghanistan,Floods,Apr 2010,Afghanistan: Floods - Apr 2010
Indonesia,Floods,Apr 2010,Indonesia: Floods - Apr 2010
Indonesia,Earthquakes,Apr 2010,Indonesia: Earthquakes - Apr 2010
Brazil,Floods and Landslides,Apr 2010,Brazil: Floods and Landslides - Apr 2010
Mexico,Earthquakes,Apr 2010,Mexico: Earthquakes - Apr 2010
Peru,Floods and Landslides,Apr 2010,Peru: Floods and Landslides - Apr 2010
Russian Federation,Floods,Mar 2010,Russian Federation: Floods - Mar 2010
Iceland,Eyjafjallajökull Volcano,Mar 2010,Iceland: Eyjafjallajökull Volcano - Mar 2010
Solomon Islands,Cyclone Ului,Mar 2010,Solomon Islands: Cyclone Ului - Mar 2010
East Africa,Floods,Mar 2010,East Africa: Floods - Mar 2010
DR Congo,Floods,Mar 2010,DR Congo: Floods - Mar 2010
Latin America,Dengue Outbreak,Mar 2010,Latin America: Dengue Outbreak - Mar 2010
Indonesia,Earthquake,Aug 2026,Indonesia: Earthquake - Aug 2026
Colombia,Earthquake,Aug 2026,Colombia: Earthquake - Aug 2026
Myanmar,Floods,Jul 2026,Myanmar: Floods - Jul 2026
Afghanistan,Flash Floods,Jul 2026,Afghanistan: Flash Floods - Jul 2026
India,Flash Floods,Jul 2026,India: Flash Floods - Jul 2026
Kyrgyzstan,Flash Floods,Jul 2026,Kyrgyzstan: Flash Floods - Jul 2026
Tajikistan,Floods,Jul 2026,Tajikistan: Floods - Jul 2026
Bangladesh,Flash Floods,Jul 2026,Bangladesh: Flash Floods - Jul 2026
Georgia,Floods,Jun 2026,Georgia: Floods - Jun 2026
Central African Republic,Cholera Outbreak,Jun 2026,Central African Republic: Cholera Outbreak - Jun 2026
Venezuela,Earthquakes,Jun 2026,Venezuela: Earthquakes - Jun 2026
Chad,Cholera Outbreak,Jun 2026,Chad: Cholera Outbreak - Jun 2026
Philippines,Earthquake and Tsunami,Jun 2026,Philippines: Earthquake and Tsunami - Jun 2026
Armenia,Hailstorm,Jun 2026,Armenia: Hailstorm - Jun 2026
Syria,Floods,May 2026,Syria: Floods - May 2026
Central/Eastern Africa,Ebola Outbreak,May 2026,Central/Eastern Africa: Ebola Outbreak - May 2026
Sri Lanka,Dengue Outbreak,May 2026,Sri Lanka: Dengue Outbreak - May 2026
Dominican Republic,Floods,Apr 2026,Dominican Republic: Floods - Apr 2026
Yemen,Floods,Mar 2026,Yemen: Floods - Mar 2026
Tanzania,Floods and Landslides,Mar 2026,Tanzania: Floods and Landslides - Mar 2026
Liberia,Windstorms,Mar 2026,Liberia: Windstorms - Mar 2026
Botswana,Floods,Mar 2026,Botswana: Floods - Mar 2026
Ethiopia,Floods and Landslides,Mar 2026,Ethiopia: Floods and Landslides - Mar 2026
Kenya,Floods,Mar 2026,Kenya: Floods - Mar 2026
Suriname,Chikungunya Virus Outbreak,Mar 2026,Suriname: Chikungunya Virus Outbreak - Mar 2026
Brazil,Floods,Feb 2026,Brazil: Floods - Feb 2026
Peru,Floods and Landslides,Feb 2026,Peru: Floods and Landslides - Feb 2026
Angola,Floods,Feb 2026,Angola: Floods - Feb 2026
Zambia,Cholera Outbreak,Feb 2026,Zambia: Cholera Outbreak - Feb 2026
Cameroon,Fires,Feb 2026,Cameroon: Fires - Feb 2026
Somalia,Dengue Outbreak,Feb 2026,Somalia: Dengue Outbreak - Feb 2026
Rwanda,Flash Floods,Jan 2026,Rwanda: Flash Floods - Jan 2026
Algeria,Floods,Jan 2026,Algeria: Floods - Jan 2026
Argentina,Landslides,Jan 2026,Argentina: Landslides - Jan 2026
South Africa,Floods,Jan 2026,South Africa: Floods - Jan 2026
North Macedonia,Floods,Jan 2026,North Macedonia: Floods - Jan 2026
Malawi,Floods,Jan 2026,Malawi: Floods - Jan 2026
Serbia,Cold Wave,Jan 2026,Serbia: Cold Wave - Jan 2026
Guatemala,Measles Outbreak,Jan 2026,Guatemala: Measles Outbreak - Jan 2026
Ecuador,Floods,Jan 2026,Ecuador: Floods - Jan 2026
Zimbabwe,Floods,Jan 2026,Zimbabwe: Floods - Jan 2026
Mozambique,Floods,Dec 2025,Mozambique: Floods - Dec 2025
Chile,Wild Fires,Dec 2025,Chile: Wild Fires - Dec 2025
Gabon,Windstorms,Dec 2025,Gabon: Windstorms - Dec 2025
Morocco,Floods,Dec 2025,Morocco: Floods - Dec 2025
Bolivia,Floods,Dec 2025,Bolivia: Floods - Dec 2025
Congo,Floods,Nov 2025,Congo: Floods - Nov 2025
Cuba,Arboviral Outbreak,Oct 2025,Cuba: Arboviral Outbreak - Oct 2025
Egypt,Floods,Oct 2025,Egypt: Floods - Oct 2025
Cabo Verde,Flash Floods,Aug 2025,Cabo Verde: Flash Floods - Aug 2025
South Sudan,Floods,Jul 2025,South Sudan: Floods - Jul 2025
Sudan,Floods,Jul 2025,Sudan: Floods - Jul 2025
Honduras,Floods,Jun 2025,Honduras: Floods - Jun 2025
Panama,River Pollution,Jun 2025,Panama: River Pollution - Jun 2025
Côte d'Ivoire,Cholera Outbreak,Jun 2025,Côte d'Ivoire: Cholera Outbreak - Jun 2025
Pacific,Dengue Outbreak,2025,Pacific: Dengue Outbreak - 2025-2026
Ghana,Cholera Outbreak,Oct 2024,Ghana: Cholera Outbreak - Oct 2024
Namibia,Drought,May 2024,Namibia: Drought - May 2024
Niger,Diphtheria Outbreak,Oct 2023,Niger: Diphtheria Outbreak - Oct 2023
Nigeria,Lassa Fever Outbreak,Jan 2023,Nigeria: Lassa Fever Outbreak - Jan 2023
Burundi,Cholera Outbreak,Jan 2023,Burundi: Cholera Outbreak - Jan 2023
Madagascar,Cyclone Hubert,Mar 2010,Madagascar: Cyclone Hubert - Mar 2010
Kazakhstan,Floods,Mar 2010,Kazakhstan: Floods - Mar 2010
China,Landslide,Mar 2010,China: Landslide - Mar 2010
Angola,Floods,Mar 2010,Angola: Floods - Mar 2010
Southern Africa,Floods,Mar 2010,Southern Africa: Floods - Mar 2010
Turkey,Earthquakes,Mar 2010,Turkey: Earthquakes - Mar 2010
Serbia,Floods,Mar 2010,Serbia: Floods - Mar 2010
Somalia,Floods,Mar 2010,Somalia: Floods - Mar 2010
Haiti,Floods and Mudslides,Mar 2010,Haiti: Floods and Mudslides - Mar 2010
Cyprus,Floods,Feb 2010,Cyprus: Floods - Feb 2010
Chile,Earthquake,Feb 2010,Chile: Earthquake - Feb 2010
Madeira,Floods and Mudslides,Feb 2010,Madeira: Floods and Mudslides - Feb 2010
Caribbean,Drought,Feb 2010,Caribbean: Drought - Feb 2010
Pakistan,Avalanche,Feb 2010,Pakistan: Avalanche - Feb 2010
Dominican Republic,Floods,Feb 2010,Dominican Republic: Floods - Feb 2010
Tonga,Cyclone Rene,Feb 2010,Tonga: Cyclone Rene - Feb 2010
Cook Islands,Tropical Cyclone Pat,Feb 2010,Cook Islands: Tropical Cyclone Pat - Feb 2010
Ecuador,Floods,Feb 2010,Ecuador: Floods - Feb 2010
Afghanistan,Floods and Avalanches,Feb 2010,Afghanistan: Floods and Avalanches - Feb 2010
Indonesia,Earthquake,Aug 2026,Indonesia: Earthquake - Aug 2026
Colombia,Earthquake,Aug 2026,Colombia: Earthquake - Aug 2026
Myanmar,Floods,Jul 2026,Myanmar: Floods - Jul 2026
Afghanistan,Flash Floods,Jul 2026,Afghanistan: Flash Floods - Jul 2026
India,Flash Floods,Jul 2026,India: Flash Floods - Jul 2026
Kyrgyzstan,Flash Floods,Jul 2026,Kyrgyzstan: Flash Floods - Jul 2026
Tajikistan,Floods,Jul 2026,Tajikistan: Floods - Jul 2026
Bangladesh,Flash Floods,Jul 2026,Bangladesh: Flash Floods - Jul 2026
Georgia,Floods,Jun 2026,Georgia: Floods - Jun 2026
Central African Republic,Cholera Outbreak,Jun 2026,Central African Republic: Cholera Outbreak - Jun 2026
Venezuela,Earthquakes,Jun 2026,Venezuela: Earthquakes - Jun 2026
Chad,Cholera Outbreak,Jun 2026,Chad: Cholera Outbreak - Jun 2026
Philippines,Earthquake and Tsunami,Jun 2026,Philippines: Earthquake and Tsunami - Jun 2026
Armenia,Hailstorm,Jun 2026,Armenia: Hailstorm - Jun 2026
Syria,Floods,May 2026,Syria: Floods - May 2026
Central/Eastern Africa,Ebola Outbreak,May 2026,Central/Eastern Africa: Ebola Outbreak - May 2026
Sri Lanka,Dengue Outbreak,May 2026,Sri Lanka: Dengue Outbreak - May 2026
Dominican Republic,Floods,Apr 2026,Dominican Republic: Floods - Apr 2026
Yemen,Floods,Mar 2026,Yemen: Floods - Mar 2026
Tanzania,Floods and Landslides,Mar 2026,Tanzania: Floods and Landslides - Mar 2026
Liberia,Windstorms,Mar 2026,Liberia: Windstorms - Mar 2026
Botswana,Floods,Mar 2026,Botswana: Floods - Mar 2026
Ethiopia,Floods and Landslides,Mar 2026,Ethiopia: Floods and Landslides - Mar 2026
Kenya,Floods,Mar 2026,Kenya: Floods - Mar 2026
Suriname,Chikungunya Virus Outbreak,Mar 2026,Suriname: Chikungunya Virus Outbreak - Mar 2026
Brazil,Floods,Feb 2026,Brazil: Floods - Feb 2026
Peru,Floods and Landslides,Feb 2026,Peru: Floods and Landslides - Feb 2026
Angola,Floods,Feb 2026,Angola: Floods - Feb 2026
Zambia,Cholera Outbreak,Feb 2026,Zambia: Cholera Outbreak - Feb 2026
Cameroon,Fires,Feb 2026,Cameroon: Fires - Feb 2026
Somalia,Dengue Outbreak,Feb 2026,Somalia: Dengue Outbreak - Feb 2026
Rwanda,Flash Floods,Jan 2026,Rwanda: Flash Floods - Jan 2026
Algeria,Floods,Jan 2026,Algeria: Floods - Jan 2026
Argentina,Landslides,Jan 2026,Argentina: Landslides - Jan 2026
South Africa,Floods,Jan 2026,South Africa: Floods - Jan 2026
North Macedonia,Floods,Jan 2026,North Macedonia: Floods - Jan 2026
Malawi,Floods,Jan 2026,Malawi: Floods - Jan 2026
Serbia,Cold Wave,Jan 2026,Serbia: Cold Wave - Jan 2026
Guatemala,Measles Outbreak,Jan 2026,Guatemala: Measles Outbreak - Jan 2026
Ecuador,Floods,Jan 2026,Ecuador: Floods - Jan 2026
Zimbabwe,Floods,Jan 2026,Zimbabwe: Floods - Jan 2026
Mozambique,Floods,Dec 2025,Mozambique: Floods - Dec 2025
Chile,Wild Fires,Dec 2025,Chile: Wild Fires - Dec 2025
Gabon,Windstorms,Dec 2025,Gabon: Windstorms - Dec 2025
Morocco,Floods,Dec 2025,Morocco: Floods - Dec 2025
Bolivia,Floods,Dec 2025,Bolivia: Floods - Dec 2025
Congo,Floods,Nov 2025,Congo: Floods - Nov 2025
Cuba,Arboviral Outbreak,Oct 2025,Cuba: Arboviral Outbreak - Oct 2025
Egypt,Floods,Oct 2025,Egypt: Floods - Oct 2025
Cabo Verde,Flash Floods,Aug 2025,Cabo Verde: Flash Floods - Aug 2025
South Sudan,Floods,Jul 2025,South Sudan: Floods - Jul 2025
Sudan,Floods,Jul 2025,Sudan: Floods - Jul 2025
Honduras,Floods,Jun 2025,Honduras: Floods - Jun 2025
Panama,River Pollution,Jun 2025,Panama: River Pollution - Jun 2025
Côte d'Ivoire,Cholera Outbreak,Jun 2025,Côte d'Ivoire: Cholera Outbreak - Jun 2025
Pacific,Dengue Outbreak,2025,Pacific: Dengue Outbreak - 2025-2026
Ghana,Cholera Outbreak,Oct 2024,Ghana: Cholera Outbreak - Oct 2024
Namibia,Drought,May 2024,Namibia: Drought - May 2024
Niger,Diphtheria Outbreak,Oct 2023,Niger: Diphtheria Outbreak - Oct 2023
Nigeria,Lassa Fever Outbreak,Jan 2023,Nigeria: Lassa Fever Outbreak - Jan 2023
Burundi,Cholera Outbreak,Jan 2023,Burundi: Cholera Outbreak - Jan 2023
Mexico,Floods and Landslides,Feb 2010,Mexico: Floods and Landslides - Feb 2010
French Polynesia,Cyclone Oli,Feb 2010,French Polynesia: Cyclone Oli - Feb 2010
Solomon Islands,Floods,Jan 2010,Solomon Islands: Floods - Jan 2010
Egypt,Floods,Jan 2010,Egypt: Floods - Jan 2010
occupied Palestinian territory,Floods,Jan 2010,occupied Palestinian territory: Floods - Jan 2010
Iran,Earthquakes,Jan 2010,Iran: Earthquakes - Jan 2010
Haiti,Earthquakes,Jan 2010,Haiti: Earthquakes - Jan 2010
Montenegro,Floods,Jan 2010,Montenegro: Floods - Jan 2010
Mongolia,Dzud,Jan 2010,Mongolia: Dzud - Jan 2010
Bolivia,Floods,Jan 2010,Bolivia: Floods - Jan 2010
Guatemala/Mexico,Cold Wave,Jan 2010,Guatemala/Mexico: Cold Wave - Jan 2010
Pakistan,Landslides and Floods,Jan 2010,Pakistan: Landslides and Floods - Jan 2010
South Asia,Cold Wave,Jan 2010,South Asia: Cold Wave - Jan 2010
Solomon Islands,Earthquake,Jan 2010,Solomon Islands: Earthquake - Jan 2010
Tajikistan,Earthquake,Jan 2010,Tajikistan: Earthquake - Jan 2010
Central America,Drought,Dec 2009,Central America: Drought - Dec 2009
Albania,Floods,Dec 2009,Albania: Floods - Dec 2009
Morocco,Floods,Dec 2009,Morocco: Floods - Dec 2009
Kenya,Floods,Dec 2009,Kenya: Floods - Dec 2009
Europe,Cold Wave,Dec 2009,Europe: Cold Wave - Dec 2009
Indonesia,Earthquake,Aug 2026,Indonesia: Earthquake - Aug 2026
Colombia,Earthquake,Aug 2026,Colombia: Earthquake - Aug 2026
Myanmar,Floods,Jul 2026,Myanmar: Floods - Jul 2026
Afghanistan,Flash Floods,Jul 2026,Afghanistan: Flash Floods - Jul 2026
India,Flash Floods,Jul 2026,India: Flash Floods - Jul 2026
Kyrgyzstan,Flash Floods,Jul 2026,Kyrgyzstan: Flash Floods - Jul 2026
Tajikistan,Floods,Jul 2026,Tajikistan: Floods - Jul 2026
Bangladesh,Flash Floods,Jul 2026,Bangladesh: Flash Floods - Jul 2026
Georgia,Floods,Jun 2026,Georgia: Floods - Jun 2026
Central African Republic,Cholera Outbreak,Jun 2026,Central African Republic: Cholera Outbreak - Jun 2026
Venezuela,Earthquakes,Jun 2026,Venezuela: Earthquakes - Jun 2026
Chad,Cholera Outbreak,Jun 2026,Chad: Cholera Outbreak - Jun 2026
Philippines,Earthquake and Tsunami,Jun 2026,Philippines: Earthquake and Tsunami - Jun 2026
Armenia,Hailstorm,Jun 2026,Armenia: Hailstorm - Jun 2026
Syria,Floods,May 2026,Syria: Floods - May 2026
Central/Eastern Africa,Ebola Outbreak,May 2026,Central/Eastern Africa: Ebola Outbreak - May 2026
Sri Lanka,Dengue Outbreak,May 2026,Sri Lanka: Dengue Outbreak - May 2026
Dominican Republic,Floods,Apr 2026,Dominican Republic: Floods - Apr 2026
Yemen,Floods,Mar 2026,Yemen: Floods - Mar 2026
Tanzania,Floods and Landslides,Mar 2026,Tanzania: Floods and Landslides - Mar 2026
Liberia,Windstorms,Mar 2026,Liberia: Windstorms - Mar 2026
Botswana,Floods,Mar 2026,Botswana: Floods - Mar 2026
Ethiopia,Floods and Landslides,Mar 2026,Ethiopia: Floods and Landslides - Mar 2026
Kenya,Floods,Mar 2026,Kenya: Floods - Mar 2026
Suriname,Chikungunya Virus Outbreak,Mar 2026,Suriname: Chikungunya Virus Outbreak - Mar 2026
Brazil,Floods,Feb 2026,Brazil: Floods - Feb 2026
Peru,Floods and Landslides,Feb 2026,Peru: Floods and Landslides - Feb 2026
Angola,Floods,Feb 2026,Angola: Floods - Feb 2026
Zambia,Cholera Outbreak,Feb 2026,Zambia: Cholera Outbreak - Feb 2026
Cameroon,Fires,Feb 2026,Cameroon: Fires - Feb 2026
Somalia,Dengue Outbreak,Feb 2026,Somalia: Dengue Outbreak - Feb 2026
Rwanda,Flash Floods,Jan 2026,Rwanda: Flash Floods - Jan 2026
Algeria,Floods,Jan 2026,Algeria: Floods - Jan 2026
Argentina,Landslides,Jan 2026,Argentina: Landslides - Jan 2026
South Africa,Floods,Jan 2026,South Africa: Floods - Jan 2026
North Macedonia,Floods,Jan 2026,North Macedonia: Floods - Jan 2026
Malawi,Floods,Jan 2026,Malawi: Floods - Jan 2026
Serbia,Cold Wave,Jan 2026,Serbia: Cold Wave - Jan 2026
Guatemala,Measles Outbreak,Jan 2026,Guatemala: Measles Outbreak - Jan 2026
Ecuador,Floods,Jan 2026,Ecuador: Floods - Jan 2026
Zimbabwe,Floods,Jan 2026,Zimbabwe: Floods - Jan 2026
Mozambique,Floods,Dec 2025,Mozambique: Floods - Dec 2025
Chile,Wild Fires,Dec 2025,Chile: Wild Fires - Dec 2025
Gabon,Windstorms,Dec 2025,Gabon: Windstorms - Dec 2025
Morocco,Floods,Dec 2025,Morocco: Floods - Dec 2025
Bolivia,Floods,Dec 2025,Bolivia: Floods - Dec 2025
Congo,Floods,Nov 2025,Congo: Floods - Nov 2025
Cuba,Arboviral Outbreak,Oct 2025,Cuba: Arboviral Outbreak - Oct 2025
Egypt,Floods,Oct 2025,Egypt: Floods - Oct 2025
Cabo Verde,Flash Floods,Aug 2025,Cabo Verde: Flash Floods - Aug 2025
South Sudan,Floods,Jul 2025,South Sudan: Floods - Jul 2025
Sudan,Floods,Jul 2025,Sudan: Floods - Jul 2025
Honduras,Floods,Jun 2025,Honduras: Floods - Jun 2025
Panama,River Pollution,Jun 2025,Panama: River Pollution - Jun 2025
Côte d'Ivoire,Cholera Outbreak,Jun 2025,Côte d'Ivoire: Cholera Outbreak - Jun 2025
Pacific,Dengue Outbreak,2025,Pacific: Dengue Outbreak - 2025-2026
Ghana,Cholera Outbreak,Oct 2024,Ghana: Cholera Outbreak - Oct 2024
Namibia,Drought,May 2024,Namibia: Drought - May 2024
Niger,Diphtheria Outbreak,Oct 2023,Niger: Diphtheria Outbreak - Oct 2023
Nigeria,Lassa Fever Outbreak,Jan 2023,Nigeria: Lassa Fever Outbreak - Jan 2023
Burundi,Cholera Outbreak,Jan 2023,Burundi: Cholera Outbreak - Jan 2023
Peru,Floods and Landslides,Dec 2009,Peru: Floods and Landslides - Dec 2009
Philippines,Mayon Volcano,Dec 2009,Philippines: Mayon Volcano - Dec 2009
Fiji,Cyclone Mick,Dec 2009,Fiji: Cyclone Mick - Dec 2009
Malawi,Earthquake,Dec 2009,Malawi: Earthquake - Dec 2009
Angola,Floods,Nov 2009,Angola: Floods - Nov 2009
Vanuatu,Gaua Volcano,Nov 2009,Vanuatu: Gaua Volcano - Nov 2009
Ecuador,Drought,Nov 2009,Ecuador: Drought - Nov 2009
Saudi Arabia,Floods,Nov 2009,Saudi Arabia: Floods - Nov 2009
Argentina/Uruguay,Floods,Nov 2009,Argentina/Uruguay: Floods - Nov 2009
Malaysia,Floods,Nov 2009,Malaysia: Floods - Nov 2009
Sri Lanka,Flash Floods,Nov 2009,Sri Lanka: Flash Floods - Nov 2009
Serbia,Floods,Nov 2009,Serbia: Floods - Nov 2009
China,Heavy Snowfalls,Nov 2009,China: Heavy Snowfalls - Nov 2009
Tanzania,Floods and landslides,Nov 2009,Tanzania: Floods and landslides - Nov 2009
Iraq,Floods,Nov 2009,Iraq: Floods - Nov 2009
Panama,Floods,Nov 2009,Panama: Floods - Nov 2009
Colombia,Floods,Nov 2009,Colombia: Floods - Nov 2009
Thailand,Floods,Nov 2009,Thailand: Floods - Nov 2009
Brazil,Floods,Nov 2009,Brazil: Floods - Nov 2009
Indonesia,Floods and Landslides,Nov 2009,Indonesia: Floods and Landslides - Nov 2009
Indonesia,Earthquake,Aug 2026,Indonesia: Earthquake - Aug 2026
Colombia,Earthquake,Aug 2026,Colombia: Earthquake - Aug 2026
Myanmar,Floods,Jul 2026,Myanmar: Floods - Jul 2026
Afghanistan,Flash Floods,Jul 2026,Afghanistan: Flash Floods - Jul 2026
India,Flash Floods,Jul 2026,India: Flash Floods - Jul 2026
Kyrgyzstan,Flash Floods,Jul 2026,Kyrgyzstan: Flash Floods - Jul 2026
Tajikistan,Floods,Jul 2026,Tajikistan: Floods - Jul 2026
Bangladesh,Flash Floods,Jul 2026,Bangladesh: Flash Floods - Jul 2026
Georgia,Floods,Jun 2026,Georgia: Floods - Jun 2026
Central African Republic,Cholera Outbreak,Jun 2026,Central African Republic: Cholera Outbreak - Jun 2026
Venezuela,Earthquakes,Jun 2026,Venezuela: Earthquakes - Jun 2026
Chad,Cholera Outbreak,Jun 2026,Chad: Cholera Outbreak - Jun 2026
Philippines,Earthquake and Tsunami,Jun 2026,Philippines: Earthquake and Tsunami - Jun 2026
Armenia,Hailstorm,Jun 2026,Armenia: Hailstorm - Jun 2026
Syria,Floods,May 2026,Syria: Floods - May 2026
Central/Eastern Africa,Ebola Outbreak,May 2026,Central/Eastern Africa: Ebola Outbreak - May 2026
Sri Lanka,Dengue Outbreak,May 2026,Sri Lanka: Dengue Outbreak - May 2026
Dominican Republic,Floods,Apr 2026,Dominican Republic: Floods - Apr 2026
Yemen,Floods,Mar 2026,Yemen: Floods - Mar 2026
Tanzania,Floods and Landslides,Mar 2026,Tanzania: Floods and Landslides - Mar 2026
Liberia,Windstorms,Mar 2026,Liberia: Windstorms - Mar 2026
Botswana,Floods,Mar 2026,Botswana: Floods - Mar 2026
Ethiopia,Floods and Landslides,Mar 2026,Ethiopia: Floods and Landslides - Mar 2026
Kenya,Floods,Mar 2026,Kenya: Floods - Mar 2026
Suriname,Chikungunya Virus Outbreak,Mar 2026,Suriname: Chikungunya Virus Outbreak - Mar 2026
Brazil,Floods,Feb 2026,Brazil: Floods - Feb 2026
Peru,Floods and Landslides,Feb 2026,Peru: Floods and Landslides - Feb 2026
Angola,Floods,Feb 2026,Angola: Floods - Feb 2026
Zambia,Cholera Outbreak,Feb 2026,Zambia: Cholera Outbreak - Feb 2026
Cameroon,Fires,Feb 2026,Cameroon: Fires - Feb 2026
Somalia,Dengue Outbreak,Feb 2026,Somalia: Dengue Outbreak - Feb 2026
Rwanda,Flash Floods,Jan 2026,Rwanda: Flash Floods - Jan 2026
Algeria,Floods,Jan 2026,Algeria: Floods - Jan 2026
Argentina,Landslides,Jan 2026,Argentina: Landslides - Jan 2026
South Africa,Floods,Jan 2026,South Africa: Floods - Jan 2026
North Macedonia,Floods,Jan 2026,North Macedonia: Floods - Jan 2026
Malawi,Floods,Jan 2026,Malawi: Floods - Jan 2026
Serbia,Cold Wave,Jan 2026,Serbia: Cold Wave - Jan 2026
Guatemala,Measles Outbreak,Jan 2026,Guatemala: Measles Outbreak - Jan 2026
Ecuador,Floods,Jan 2026,Ecuador: Floods - Jan 2026
Zimbabwe,Floods,Jan 2026,Zimbabwe: Floods - Jan 2026
Mozambique,Floods,Dec 2025,Mozambique: Floods - Dec 2025
Chile,Wild Fires,Dec 2025,Chile: Wild Fires - Dec 2025
Gabon,Windstorms,Dec 2025,Gabon: Windstorms - Dec 2025
Morocco,Floods,Dec 2025,Morocco: Floods - Dec 2025
Bolivia,Floods,Dec 2025,Bolivia: Floods - Dec 2025
Congo,Floods,Nov 2025,Congo: Floods - Nov 2025
Cuba,Arboviral Outbreak,Oct 2025,Cuba: Arboviral Outbreak - Oct 2025
Egypt,Floods,Oct 2025,Egypt: Floods - Oct 2025
Cabo Verde,Flash Floods,Aug 2025,Cabo Verde: Flash Floods - Aug 2025
South Sudan,Floods,Jul 2025,South Sudan: Floods - Jul 2025
Sudan,Floods,Jul 2025,Sudan: Floods - Jul 2025
Honduras,Floods,Jun 2025,Honduras: Floods - Jun 2025
Panama,River Pollution,Jun 2025,Panama: River Pollution - Jun 2025
Côte d'Ivoire,Cholera Outbreak,Jun 2025,Côte d'Ivoire: Cholera Outbreak - Jun 2025
Pacific,Dengue Outbreak,2025,Pacific: Dengue Outbreak - 2025-2026
Ghana,Cholera Outbreak,Oct 2024,Ghana: Cholera Outbreak - Oct 2024
Namibia,Drought,May 2024,Namibia: Drought - May 2024
Niger,Diphtheria Outbreak,Oct 2023,Niger: Diphtheria Outbreak - Oct 2023
Nigeria,Lassa Fever Outbreak,Jan 2023,Nigeria: Lassa Fever Outbreak - Jan 2023
Burundi,Cholera Outbreak,Jan 2023,Burundi: Cholera Outbreak - Jan 2023
Peru,Landslides,Nov 2009,Peru: Landslides - Nov 2009
Philippines,Floods and Landslides,Nov 2009,Philippines: Floods and Landslides - Nov 2009
China,Earthquake in Yunnan Province,Nov 2009,China: Earthquake in Yunnan Province - Nov 2009
Cape Verde,Dengue Outbreak,Oct 2009,Cape Verde: Dengue Outbreak - Oct 2009
Somalia,Floods,Oct 2009,Somalia: Floods - Oct 2009
Paraguay,Floods,Oct 2009,Paraguay: Floods - Oct 2009
Cameroon,Cholera Outbreak,Oct 2009,Cameroon: Cholera Outbreak - Oct 2009
Philippines,Typhoon Lupit,Oct 2009,Philippines: Typhoon Lupit - Oct 2009
Nicaragua,Dengue Outbreak,Oct 2009,Nicaragua: Dengue Outbreak - Oct 2009
Bolivia,Drought,Oct 2009,Bolivia: Drought - Oct 2009
Nepal,Floods and Landslides,Oct 2009,Nepal: Floods and Landslides - Oct 2009
Italy,Floods,Oct 2009,Italy: Floods - Oct 2009
India,Floods,Oct 2009,India: Floods - Oct 2009
Colombia,Galeras Volcano,Sep 2009,Colombia: Galeras Volcano - Sep 2009
Indonesia,West Sumatra Earthquakes,Sep 2009,Indonesia: West Sumatra Earthquakes - Sep 2009
South Pacific,Tsunami,Sep 2009,South Pacific: Tsunami - Sep 2009
Indonesia,Earthquake,Aug 2026,Indonesia: Earthquake - Aug 2026
Colombia,Earthquake,Aug 2026,Colombia: Earthquake - Aug 2026
Myanmar,Floods,Jul 2026,Myanmar: Floods - Jul 2026
Afghanistan,Flash Floods,Jul 2026,Afghanistan: Flash Floods - Jul 2026
India,Flash Floods,Jul 2026,India: Flash Floods - Jul 2026
Kyrgyzstan,Flash Floods,Jul 2026,Kyrgyzstan: Flash Floods - Jul 2026
Tajikistan,Floods,Jul 2026,Tajikistan: Floods - Jul 2026
Bangladesh,Flash Floods,Jul 2026,Bangladesh: Flash Floods - Jul 2026
Georgia,Floods,Jun 2026,Georgia: Floods - Jun 2026
Central African Republic,Cholera Outbreak,Jun 2026,Central African Republic: Cholera Outbreak - Jun 2026
Venezuela,Earthquakes,Jun 2026,Venezuela: Earthquakes - Jun 2026
Chad,Cholera Outbreak,Jun 2026,Chad: Cholera Outbreak - Jun 2026
Philippines,Earthquake and Tsunami,Jun 2026,Philippines: Earthquake and Tsunami - Jun 2026
Armenia,Hailstorm,Jun 2026,Armenia: Hailstorm - Jun 2026
Syria,Floods,May 2026,Syria: Floods - May 2026
Central/Eastern Africa,Ebola Outbreak,May 2026,Central/Eastern Africa: Ebola Outbreak - May 2026
Sri Lanka,Dengue Outbreak,May 2026,Sri Lanka: Dengue Outbreak - May 2026
Dominican Republic,Floods,Apr 2026,Dominican Republic: Floods - Apr 2026
Yemen,Floods,Mar 2026,Yemen: Floods - Mar 2026
Tanzania,Floods and Landslides,Mar 2026,Tanzania: Floods and Landslides - Mar 2026
Liberia,Windstorms,Mar 2026,Liberia: Windstorms - Mar 2026
Botswana,Floods,Mar 2026,Botswana: Floods - Mar 2026
Ethiopia,Floods and Landslides,Mar 2026,Ethiopia: Floods and Landslides - Mar 2026
Kenya,Floods,Mar 2026,Kenya: Floods - Mar 2026
Suriname,Chikungunya Virus Outbreak,Mar 2026,Suriname: Chikungunya Virus Outbreak - Mar 2026
Brazil,Floods,Feb 2026,Brazil: Floods - Feb 2026
Peru,Floods and Landslides,Feb 2026,Peru: Floods and Landslides - Feb 2026
Angola,Floods,Feb 2026,Angola: Floods - Feb 2026
Zambia,Cholera Outbreak,Feb 2026,Zambia: Cholera Outbreak - Feb 2026
Cameroon,Fires,Feb 2026,Cameroon: Fires - Feb 2026
Somalia,Dengue Outbreak,Feb 2026,Somalia: Dengue Outbreak - Feb 2026
Rwanda,Flash Floods,Jan 2026,Rwanda: Flash Floods - Jan 2026
Algeria,Floods,Jan 2026,Algeria: Floods - Jan 2026
Argentina,Landslides,Jan 2026,Argentina: Landslides - Jan 2026
South Africa,Floods,Jan 2026,South Africa: Floods - Jan 2026
North Macedonia,Floods,Jan 2026,North Macedonia: Floods - Jan 2026
Malawi,Floods,Jan 2026,Malawi: Floods - Jan 2026
Serbia,Cold Wave,Jan 2026,Serbia: Cold Wave - Jan 2026
Guatemala,Measles Outbreak,Jan 2026,Guatemala: Measles Outbreak - Jan 2026
Ecuador,Floods,Jan 2026,Ecuador: Floods - Jan 2026
Zimbabwe,Floods,Jan 2026,Zimbabwe: Floods - Jan 2026
Mozambique,Floods,Dec 2025,Mozambique: Floods - Dec 2025
Chile,Wild Fires,Dec 2025,Chile: Wild Fires - Dec 2025
Gabon,Windstorms,Dec 2025,Gabon: Windstorms - Dec 2025
Morocco,Floods,Dec 2025,Morocco: Floods - Dec 2025
Bolivia,Floods,Dec 2025,Bolivia: Floods - Dec 2025
Congo,Floods,Nov 2025,Congo: Floods - Nov 2025
Cuba,Arboviral Outbreak,Oct 2025,Cuba: Arboviral Outbreak - Oct 2025
Egypt,Floods,Oct 2025,Egypt: Floods - Oct 2025
Cabo Verde,Flash Floods,Aug 2025,Cabo Verde: Flash Floods - Aug 2025
South Sudan,Floods,Jul 2025,South Sudan: Floods - Jul 2025
Sudan,Floods,Jul 2025,Sudan: Floods - Jul 2025
Honduras,Floods,Jun 2025,Honduras: Floods - Jun 2025
Panama,River Pollution,Jun 2025,Panama: River Pollution - Jun 2025
Côte d'Ivoire,Cholera Outbreak,Jun 2025,Côte d'Ivoire: Cholera Outbreak - Jun 2025
Pacific,Dengue Outbreak,2025,Pacific: Dengue Outbreak - 2025-2026
Ghana,Cholera Outbreak,Oct 2024,Ghana: Cholera Outbreak - Oct 2024
Namibia,Drought,May 2024,Namibia: Drought - May 2024
Niger,Diphtheria Outbreak,Oct 2023,Niger: Diphtheria Outbreak - Oct 2023
Nigeria,Lassa Fever Outbreak,Jan 2023,Nigeria: Lassa Fever Outbreak - Jan 2023
Burundi,Cholera Outbreak,Jan 2023,Burundi: Cholera Outbreak - Jan 2023
Haiti,Floods and Mudslides,Sep 2009,Haiti: Floods and Mudslides - Sep 2009
Tunisia,Flash Floods,Sep 2009,Tunisia: Flash Floods - Sep 2009
Myanmar,Earthquake,Sep 2009,Myanmar: Earthquake - Sep 2009
USA,Floods,Sep 2009,USA: Floods - Sep 2009
Philippines,Flash Floods,Sep 2009,Philippines: Flash Floods - Sep 2009
Azerbaijan,Floods,Sep 2009,Azerbaijan: Floods - Sep 2009
Kenya,Floods,Sep 2009,Kenya: Floods - Sep 2009
Bhutan,Earthquake,Sep 2009,Bhutan: Earthquake - Sep 2009
Philippines,Earthquake,Sep 2009,Philippines: Earthquake - Sep 2009
Indonesia,Flash Floods,Sep 2009,Indonesia: Flash Floods - Sep 2009
West Africa,Floods,Jul 2009,West Africa: Floods - Jul 2009
Mexico,Floods,Sep 2009,Mexico: Floods - Sep 2009
Georgia,Earthquake,Sep 2009,Georgia: Earthquake - Sep 2009
Turkey,Floods,Sep 2009,Turkey: Floods - Sep 2009
Albania,Earthquake,Sep 2009,Albania: Earthquake - Sep 2009
Argentina,Severe Local Storm,Sep 2009,Argentina: Severe Local Storm - Sep 2009
Chad,Floods,Sep 2009,Chad: Floods - Sep 2009
Papua New Guinea,Cholera/Dysentery/Influenza Outbreaks,Sep 2009,Papua New Guinea: Cholera/Dysentery/Influenza Outbreaks - Sep 2009
Indonesia,Earthquake,Aug 2026,Indonesia: Earthquake - Aug 2026
Colombia,Earthquake,Aug 2026,Colombia: Earthquake - Aug 2026
Myanmar,Floods,Jul 2026,Myanmar: Floods - Jul 2026
Afghanistan,Flash Floods,Jul 2026,Afghanistan: Flash Floods - Jul 2026
India,Flash Floods,Jul 2026,India: Flash Floods - Jul 2026
Kyrgyzstan,Flash Floods,Jul 2026,Kyrgyzstan: Flash Floods - Jul 2026
Tajikistan,Floods,Jul 2026,Tajikistan: Floods - Jul 2026
Bangladesh,Flash Floods,Jul 2026,Bangladesh: Flash Floods - Jul 2026
Georgia,Floods,Jun 2026,Georgia: Floods - Jun 2026
Central African Republic,Cholera Outbreak,Jun 2026,Central African Republic: Cholera Outbreak - Jun 2026
Venezuela,Earthquakes,Jun 2026,Venezuela: Earthquakes - Jun 2026
Chad,Cholera Outbreak,Jun 2026,Chad: Cholera Outbreak - Jun 2026
Philippines,Earthquake and Tsunami,Jun 2026,Philippines: Earthquake and Tsunami - Jun 2026
Armenia,Hailstorm,Jun 2026,Armenia: Hailstorm - Jun 2026
Syria,Floods,May 2026,Syria: Floods - May 2026
Central/Eastern Africa,Ebola Outbreak,May 2026,Central/Eastern Africa: Ebola Outbreak - May 2026
Sri Lanka,Dengue Outbreak,May 2026,Sri Lanka: Dengue Outbreak - May 2026
Dominican Republic,Floods,Apr 2026,Dominican Republic: Floods - Apr 2026
Yemen,Floods,Mar 2026,Yemen: Floods - Mar 2026
Tanzania,Floods and Landslides,Mar 2026,Tanzania: Floods and Landslides - Mar 2026
Liberia,Windstorms,Mar 2026,Liberia: Windstorms - Mar 2026
Botswana,Floods,Mar 2026,Botswana: Floods - Mar 2026
Ethiopia,Floods and Landslides,Mar 2026,Ethiopia: Floods and Landslides - Mar 2026
Kenya,Floods,Mar 2026,Kenya: Floods - Mar 2026
Suriname,Chikungunya Virus Outbreak,Mar 2026,Suriname: Chikungunya Virus Outbreak - Mar 2026
Brazil,Floods,Feb 2026,Brazil: Floods - Feb 2026
Peru,Floods and Landslides,Feb 2026,Peru: Floods and Landslides - Feb 2026
Angola,Floods,Feb 2026,Angola: Floods - Feb 2026
Zambia,Cholera Outbreak,Feb 2026,Zambia: Cholera Outbreak - Feb 2026
Cameroon,Fires,Feb 2026,Cameroon: Fires - Feb 2026
Somalia,Dengue Outbreak,Feb 2026,Somalia: Dengue Outbreak - Feb 2026
Rwanda,Flash Floods,Jan 2026,Rwanda: Flash Floods - Jan 2026
Algeria,Floods,Jan 2026,Algeria: Floods - Jan 2026
Argentina,Landslides,Jan 2026,Argentina: Landslides - Jan 2026
South Africa,Floods,Jan 2026,South Africa: Floods - Jan 2026
North Macedonia,Floods,Jan 2026,North Macedonia: Floods - Jan 2026
Malawi,Floods,Jan 2026,Malawi: Floods - Jan 2026
Serbia,Cold Wave,Jan 2026,Serbia: Cold Wave - Jan 2026
Guatemala,Measles Outbreak,Jan 2026,Guatemala: Measles Outbreak - Jan 2026
Ecuador,Floods,Jan 2026,Ecuador: Floods - Jan 2026
Zimbabwe,Floods,Jan 2026,Zimbabwe: Floods - Jan 2026
Mozambique,Floods,Dec 2025,Mozambique: Floods - Dec 2025
Chile,Wild Fires,Dec 2025,Chile: Wild Fires - Dec 2025
Gabon,Windstorms,Dec 2025,Gabon: Windstorms - Dec 2025
Morocco,Floods,Dec 2025,Morocco: Floods - Dec 2025
Bolivia,Floods,Dec 2025,Bolivia: Floods - Dec 2025
Congo,Floods,Nov 2025,Congo: Floods - Nov 2025
Cuba,Arboviral Outbreak,Oct 2025,Cuba: Arboviral Outbreak - Oct 2025
Egypt,Floods,Oct 2025,Egypt: Floods - Oct 2025
Cabo Verde,Flash Floods,Aug 2025,Cabo Verde: Flash Floods - Aug 2025
South Sudan,Floods,Jul 2025,South Sudan: Floods - Jul 2025
Sudan,Floods,Jul 2025,Sudan: Floods - Jul 2025
Honduras,Floods,Jun 2025,Honduras: Floods - Jun 2025
Panama,River Pollution,Jun 2025,Panama: River Pollution - Jun 2025
Côte d'Ivoire,Cholera Outbreak,Jun 2025,Côte d'Ivoire: Cholera Outbreak - Jun 2025
Pacific,Dengue Outbreak,2025,Pacific: Dengue Outbreak - 2025-2026
Ghana,Cholera Outbreak,Oct 2024,Ghana: Cholera Outbreak - Oct 2024
Namibia,Drought,May 2024,Namibia: Drought - May 2024
Niger,Diphtheria Outbreak,Oct 2023,Niger: Diphtheria Outbreak - Oct 2023
Nigeria,Lassa Fever Outbreak,Jan 2023,Nigeria: Lassa Fever Outbreak - Jan 2023
Burundi,Cholera Outbreak,Jan 2023,Burundi: Cholera Outbreak - Jan 2023
Guinea,Floods,Sep 2009,Guinea: Floods - Sep 2009
Liberia,Floods,Sep 2009,Liberia: Floods - Sep 2009
Gambia,Floods,Sep 2009,Gambia: Floods - Sep 2009
Mali,Floods,Sep 2009,Mali: Floods - Sep 2009
Sri Lanka,Dengue Outbreak,Sep 2009,Sri Lanka: Dengue Outbreak - Sep 2009
Niger,Floods,Sep 2009,Niger: Floods - Sep 2009
Indonesia,West Java Earthquake,Sep 2009,Indonesia: West Java Earthquake - Sep 2009
Burkina Faso,Floods,Sep 2009,Burkina Faso: Floods - Sep 2009
Guatemala,Food Insecurity,Sep 2009,Guatemala: Food Insecurity - Sep 2009
Afghanistan,Flash Floods,Aug 2009,Afghanistan: Flash Floods - Aug 2009
Sudan,Floods,Aug 2009,Sudan: Floods - Aug 2009
Mauritania,Floods,Aug 2009,Mauritania: Floods - Aug 2009
Senegal,Floods,Aug 2009,Senegal: Floods - Aug 2009
Chile,Floods,Aug 2009,Chile: Floods - Aug 2009
Côte d'Ivoire,Floods,Aug 2009,Côte d'Ivoire : Floods - Aug 2009
Nigeria,Floods,Aug 2009,Nigeria: Floods - Aug 2009
Greece,Forest Fire,Aug 2009,Greece: Forest Fire - Aug 2009
Sri Lanka,Flash Floods,Aug 2009,Sri Lanka: Flash Floods - Aug 2009
Pakistan,Flash Floods,Aug 2009,Pakistan: Flash Floods - Aug 2009
Indonesia,Earthquake,Aug 2026,Indonesia: Earthquake - Aug 2026
Colombia,Earthquake,Aug 2026,Colombia: Earthquake - Aug 2026
Myanmar,Floods,Jul 2026,Myanmar: Floods - Jul 2026
Afghanistan,Flash Floods,Jul 2026,Afghanistan: Flash Floods - Jul 2026
India,Flash Floods,Jul 2026,India: Flash Floods - Jul 2026
Kyrgyzstan,Flash Floods,Jul 2026,Kyrgyzstan: Flash Floods - Jul 2026
Tajikistan,Floods,Jul 2026,Tajikistan: Floods - Jul 2026
Bangladesh,Flash Floods,Jul 2026,Bangladesh: Flash Floods - Jul 2026
Georgia,Floods,Jun 2026,Georgia: Floods - Jun 2026
Central African Republic,Cholera Outbreak,Jun 2026,Central African Republic: Cholera Outbreak - Jun 2026
Venezuela,Earthquakes,Jun 2026,Venezuela: Earthquakes - Jun 2026
Chad,Cholera Outbreak,Jun 2026,Chad: Cholera Outbreak - Jun 2026
Philippines,Earthquake and Tsunami,Jun 2026,Philippines: Earthquake and Tsunami - Jun 2026
Armenia,Hailstorm,Jun 2026,Armenia: Hailstorm - Jun 2026
Syria,Floods,May 2026,Syria: Floods - May 2026
Central/Eastern Africa,Ebola Outbreak,May 2026,Central/Eastern Africa: Ebola Outbreak - May 2026
Sri Lanka,Dengue Outbreak,May 2026,Sri Lanka: Dengue Outbreak - May 2026
Dominican Republic,Floods,Apr 2026,Dominican Republic: Floods - Apr 2026
Yemen,Floods,Mar 2026,Yemen: Floods - Mar 2026
Tanzania,Floods and Landslides,Mar 2026,Tanzania: Floods and Landslides - Mar 2026
Liberia,Windstorms,Mar 2026,Liberia: Windstorms - Mar 2026
Botswana,Floods,Mar 2026,Botswana: Floods - Mar 2026
Ethiopia,Floods and Landslides,Mar 2026,Ethiopia: Floods and Landslides - Mar 2026
Kenya,Floods,Mar 2026,Kenya: Floods - Mar 2026
Suriname,Chikungunya Virus Outbreak,Mar 2026,Suriname: Chikungunya Virus Outbreak - Mar 2026
Brazil,Floods,Feb 2026,Brazil: Floods - Feb 2026
Peru,Floods and Landslides,Feb 2026,Peru: Floods and Landslides - Feb 2026
Angola,Floods,Feb 2026,Angola: Floods - Feb 2026
Zambia,Cholera Outbreak,Feb 2026,Zambia: Cholera Outbreak - Feb 2026
Cameroon,Fires,Feb 2026,Cameroon: Fires - Feb 2026
Somalia,Dengue Outbreak,Feb 2026,Somalia: Dengue Outbreak - Feb 2026
Rwanda,Flash Floods,Jan 2026,Rwanda: Flash Floods - Jan 2026
Algeria,Floods,Jan 2026,Algeria: Floods - Jan 2026
Argentina,Landslides,Jan 2026,Argentina: Landslides - Jan 2026
South Africa,Floods,Jan 2026,South Africa: Floods - Jan 2026
North Macedonia,Floods,Jan 2026,North Macedonia: Floods - Jan 2026
Malawi,Floods,Jan 2026,Malawi: Floods - Jan 2026
Serbia,Cold Wave,Jan 2026,Serbia: Cold Wave - Jan 2026
Guatemala,Measles Outbreak,Jan 2026,Guatemala: Measles Outbreak - Jan 2026
Ecuador,Floods,Jan 2026,Ecuador: Floods - Jan 2026
Zimbabwe,Floods,Jan 2026,Zimbabwe: Floods - Jan 2026
Mozambique,Floods,Dec 2025,Mozambique: Floods - Dec 2025
Chile,Wild Fires,Dec 2025,Chile: Wild Fires - Dec 2025
Gabon,Windstorms,Dec 2025,Gabon: Windstorms - Dec 2025
Morocco,Floods,Dec 2025,Morocco: Floods - Dec 2025
Bolivia,Floods,Dec 2025,Bolivia: Floods - Dec 2025
Congo,Floods,Nov 2025,Congo: Floods - Nov 2025
Cuba,Arboviral Outbreak,Oct 2025,Cuba: Arboviral Outbreak - Oct 2025
Egypt,Floods,Oct 2025,Egypt: Floods - Oct 2025
Cabo Verde,Flash Floods,Aug 2025,Cabo Verde: Flash Floods - Aug 2025
South Sudan,Floods,Jul 2025,South Sudan: Floods - Jul 2025
Sudan,Floods,Jul 2025,Sudan: Floods - Jul 2025
Honduras,Floods,Jun 2025,Honduras: Floods - Jun 2025
Panama,River Pollution,Jun 2025,Panama: River Pollution - Jun 2025
Côte d'Ivoire,Cholera Outbreak,Jun 2025,Côte d'Ivoire: Cholera Outbreak - Jun 2025
Pacific,Dengue Outbreak,2025,Pacific: Dengue Outbreak - 2025-2026
Ghana,Cholera Outbreak,Oct 2024,Ghana: Cholera Outbreak - Oct 2024
Namibia,Drought,May 2024,Namibia: Drought - May 2024
Niger,Diphtheria Outbreak,Oct 2023,Niger: Diphtheria Outbreak - Oct 2023
Nigeria,Lassa Fever Outbreak,Jan 2023,Nigeria: Lassa Fever Outbreak - Jan 2023
Burundi,Cholera Outbreak,Jan 2023,Burundi: Cholera Outbreak - Jan 2023
Sierra Leone,Floods and Landslides,Aug 2009,Sierra Leone: Floods and Landslides - Aug 2009
Nicaragua,Floods,Jul 2009,Nicaragua: Floods - Jul 2009
Niger,Floods,Jul 2009,Niger: Floods - Jul 2009
Nepal,Floods and Landslides,Jul 2009,Nepal: Floods and Landslides - Jul 2009
India/Bangladesh,Drought,Jul 2009,India/Bangladesh: Drought - Jul 2009
Nicaragua,Tornado,Jul 2009,Nicaragua: Tornado - Jul 2009
Pakistan,Floods,Jul 2009,Pakistan: Floods - Jul 2009
Bosnia and Herzegovina,Floods,Jul 2009,Bosnia and Herzegovina: Floods - Jul 2009
Mongolia,Floods,Jul 2009,Mongolia: Floods - Jul 2009
South Africa,Floods,Jul 2009,South Africa: Floods - Jul 2009
Mexico,Floods,Jul 2009,Mexico: Floods - Jul 2009
Ghana,Floods,Jul 2009,Ghana: Floods - Jul 2009
Gambia,Local Storm,Jul 2009,Gambia: Local Storm - Jul 2009
China,Earthquake in Yunnan Province,Jul 2009,China: Earthquake in Yunnan Province - Jul 2009
Benin,Floods,Jul 2009,Benin: Floods - Jul 2009
Panama,Earthquake,Jul 2009,Panama: Earthquake - Jul 2009
Viet Nam,Floods and Landslides,Jul 2009,Viet Nam: Floods and Landslides - Jul 2009
Indonesia,Earthquake,Aug 2026,Indonesia: Earthquake - Aug 2026
Colombia,Earthquake,Aug 2026,Colombia: Earthquake - Aug 2026
Myanmar,Floods,Jul 2026,Myanmar: Floods - Jul 2026
Afghanistan,Flash Floods,Jul 2026,Afghanistan: Flash Floods - Jul 2026
India,Flash Floods,Jul 2026,India: Flash Floods - Jul 2026
Kyrgyzstan,Flash Floods,Jul 2026,Kyrgyzstan: Flash Floods - Jul 2026
Tajikistan,Floods,Jul 2026,Tajikistan: Floods - Jul 2026
Bangladesh,Flash Floods,Jul 2026,Bangladesh: Flash Floods - Jul 2026
Georgia,Floods,Jun 2026,Georgia: Floods - Jun 2026
Central African Republic,Cholera Outbreak,Jun 2026,Central African Republic: Cholera Outbreak - Jun 2026
Venezuela,Earthquakes,Jun 2026,Venezuela: Earthquakes - Jun 2026
Chad,Cholera Outbreak,Jun 2026,Chad: Cholera Outbreak - Jun 2026
Philippines,Earthquake and Tsunami,Jun 2026,Philippines: Earthquake and Tsunami - Jun 2026
Armenia,Hailstorm,Jun 2026,Armenia: Hailstorm - Jun 2026
Syria,Floods,May 2026,Syria: Floods - May 2026
Central/Eastern Africa,Ebola Outbreak,May 2026,Central/Eastern Africa: Ebola Outbreak - May 2026
Sri Lanka,Dengue Outbreak,May 2026,Sri Lanka: Dengue Outbreak - May 2026
Dominican Republic,Floods,Apr 2026,Dominican Republic: Floods - Apr 2026
Yemen,Floods,Mar 2026,Yemen: Floods - Mar 2026
Tanzania,Floods and Landslides,Mar 2026,Tanzania: Floods and Landslides - Mar 2026
Liberia,Windstorms,Mar 2026,Liberia: Windstorms - Mar 2026
Botswana,Floods,Mar 2026,Botswana: Floods - Mar 2026
Ethiopia,Floods and Landslides,Mar 2026,Ethiopia: Floods and Landslides - Mar 2026
Kenya,Floods,Mar 2026,Kenya: Floods - Mar 2026
Suriname,Chikungunya Virus Outbreak,Mar 2026,Suriname: Chikungunya Virus Outbreak - Mar 2026
Brazil,Floods,Feb 2026,Brazil: Floods - Feb 2026
Peru,Floods and Landslides,Feb 2026,Peru: Floods and Landslides - Feb 2026
Angola,Floods,Feb 2026,Angola: Floods - Feb 2026
Zambia,Cholera Outbreak,Feb 2026,Zambia: Cholera Outbreak - Feb 2026
Cameroon,Fires,Feb 2026,Cameroon: Fires - Feb 2026
Somalia,Dengue Outbreak,Feb 2026,Somalia: Dengue Outbreak - Feb 2026
Rwanda,Flash Floods,Jan 2026,Rwanda: Flash Floods - Jan 2026
Algeria,Floods,Jan 2026,Algeria: Floods - Jan 2026
Argentina,Landslides,Jan 2026,Argentina: Landslides - Jan 2026
South Africa,Floods,Jan 2026,South Africa: Floods - Jan 2026
North Macedonia,Floods,Jan 2026,North Macedonia: Floods - Jan 2026
Malawi,Floods,Jan 2026,Malawi: Floods - Jan 2026
Serbia,Cold Wave,Jan 2026,Serbia: Cold Wave - Jan 2026
Guatemala,Measles Outbreak,Jan 2026,Guatemala: Measles Outbreak - Jan 2026
Ecuador,Floods,Jan 2026,Ecuador: Floods - Jan 2026
Zimbabwe,Floods,Jan 2026,Zimbabwe: Floods - Jan 2026
Mozambique,Floods,Dec 2025,Mozambique: Floods - Dec 2025
Chile,Wild Fires,Dec 2025,Chile: Wild Fires - Dec 2025
Gabon,Windstorms,Dec 2025,Gabon: Windstorms - Dec 2025
Morocco,Floods,Dec 2025,Morocco: Floods - Dec 2025
Bolivia,Floods,Dec 2025,Bolivia: Floods - Dec 2025
Congo,Floods,Nov 2025,Congo: Floods - Nov 2025
Cuba,Arboviral Outbreak,Oct 2025,Cuba: Arboviral Outbreak - Oct 2025
Egypt,Floods,Oct 2025,Egypt: Floods - Oct 2025
Cabo Verde,Flash Floods,Aug 2025,Cabo Verde: Flash Floods - Aug 2025
South Sudan,Floods,Jul 2025,South Sudan: Floods - Jul 2025
Sudan,Floods,Jul 2025,Sudan: Floods - Jul 2025
Honduras,Floods,Jun 2025,Honduras: Floods - Jun 2025
Panama,River Pollution,Jun 2025,Panama: River Pollution - Jun 2025
Côte d'Ivoire,Cholera Outbreak,Jun 2025,Côte d'Ivoire: Cholera Outbreak - Jun 2025
Pacific,Dengue Outbreak,2025,Pacific: Dengue Outbreak - 2025-2026
Ghana,Cholera Outbreak,Oct 2024,Ghana: Cholera Outbreak - Oct 2024
Namibia,Drought,May 2024,Namibia: Drought - May 2024
Niger,Diphtheria Outbreak,Oct 2023,Niger: Diphtheria Outbreak - Oct 2023
Nigeria,Lassa Fever Outbreak,Jan 2023,Nigeria: Lassa Fever Outbreak - Jan 2023
Burundi,Cholera Outbreak,Jan 2023,Burundi: Cholera Outbreak - Jan 2023
Bangladesh,Floods and Landslides,Jul 2009,Bangladesh: Floods and Landslides - Jul 2009
Myanmar,Floods and Landslides,Jul 2009,Myanmar: Floods and Landslides - Jul 2009
India,Floods,Jul 2009,India: Floods - Jul 2009
Botswana,Floods,Jun 2009,Botswana: Floods - Jun 2009
Czech Republic,Floods,Jun 2009,Czech Republic: Floods - Jun 2009
Mexico,Tropical Storm Andres,Jun 2009,Mexico: Tropical Storm Andres - Jun 2009
Guatemala,Floods,Jun 2009,Guatemala: Floods - Jun 2009
Nicaragua,Landslides,Jun 2009,Nicaragua: Landslides - Jun 2009
Central African Republic,Floods,Jun 2009,Central African Republic: Floods - Jun 2009
Côte d'Ivoire,Mudslides,Jun 2009,Côte d'Ivoire: Mudslides - Jun 2009
Colombia,Galeras Volcano,Jun 2009,Colombia: Galeras Volcano - Jun 2009
China,Floods,Jun 2009,China: Floods - Jun 2009
China,Severe Local Storm,Jun 2009,China: Severe Local Storm - Jun 2009
Peru,Cold Wave,Jun 2009,Peru: Cold Wave - Jun 2009
Vanuatu,Earthquake,May 2009,Vanuatu: Earthquake - May 2009
Honduras,Earthquake,May 2009,Honduras: Earthquake - May 2009
Thailand,Floods and Flash Floods,May 2009,Thailand: Floods and Flash Floods - May 2009
Argentina/Paraguay,Drought,May 2009,Argentina/Paraguay: Drought - May 2009
Papua New Guinea,Floods and Landslides,May 2009,Papua New Guinea: Floods and Landslides - May 2009
Indonesia,Earthquake,Aug 2026,Indonesia: Earthquake - Aug 2026
Colombia,Earthquake,Aug 2026,Colombia: Earthquake - Aug 2026
Myanmar,Floods,Jul 2026,Myanmar: Floods - Jul 2026
Afghanistan,Flash Floods,Jul 2026,Afghanistan: Flash Floods - Jul 2026
India,Flash Floods,Jul 2026,India: Flash Floods - Jul 2026
Kyrgyzstan,Flash Floods,Jul 2026,Kyrgyzstan: Flash Floods - Jul 2026
Tajikistan,Floods,Jul 2026,Tajikistan: Floods - Jul 2026
Bangladesh,Flash Floods,Jul 2026,Bangladesh: Flash Floods - Jul 2026
Georgia,Floods,Jun 2026,Georgia: Floods - Jun 2026
Central African Republic,Cholera Outbreak,Jun 2026,Central African Republic: Cholera Outbreak - Jun 2026
Venezuela,Earthquakes,Jun 2026,Venezuela: Earthquakes - Jun 2026
Chad,Cholera Outbreak,Jun 2026,Chad: Cholera Outbreak - Jun 2026
Philippines,Earthquake and Tsunami,Jun 2026,Philippines: Earthquake and Tsunami - Jun 2026
Armenia,Hailstorm,Jun 2026,Armenia: Hailstorm - Jun 2026
Syria,Floods,May 2026,Syria: Floods - May 2026
Central/Eastern Africa,Ebola Outbreak,May 2026,Central/Eastern Africa: Ebola Outbreak - May 2026
Sri Lanka,Dengue Outbreak,May 2026,Sri Lanka: Dengue Outbreak - May 2026
Dominican Republic,Floods,Apr 2026,Dominican Republic: Floods - Apr 2026
Yemen,Floods,Mar 2026,Yemen: Floods - Mar 2026
Tanzania,Floods and Landslides,Mar 2026,Tanzania: Floods and Landslides - Mar 2026
Liberia,Windstorms,Mar 2026,Liberia: Windstorms - Mar 2026
Botswana,Floods,Mar 2026,Botswana: Floods - Mar 2026
Ethiopia,Floods and Landslides,Mar 2026,Ethiopia: Floods and Landslides - Mar 2026
Kenya,Floods,Mar 2026,Kenya: Floods - Mar 2026
Suriname,Chikungunya Virus Outbreak,Mar 2026,Suriname: Chikungunya Virus Outbreak - Mar 2026
Brazil,Floods,Feb 2026,Brazil: Floods - Feb 2026
Peru,Floods and Landslides,Feb 2026,Peru: Floods and Landslides - Feb 2026
Angola,Floods,Feb 2026,Angola: Floods - Feb 2026
Zambia,Cholera Outbreak,Feb 2026,Zambia: Cholera Outbreak - Feb 2026
Cameroon,Fires,Feb 2026,Cameroon: Fires - Feb 2026
Somalia,Dengue Outbreak,Feb 2026,Somalia: Dengue Outbreak - Feb 2026
Rwanda,Flash Floods,Jan 2026,Rwanda: Flash Floods - Jan 2026
Algeria,Floods,Jan 2026,Algeria: Floods - Jan 2026
Argentina,Landslides,Jan 2026,Argentina: Landslides - Jan 2026
South Africa,Floods,Jan 2026,South Africa: Floods - Jan 2026
North Macedonia,Floods,Jan 2026,North Macedonia: Floods - Jan 2026
Malawi,Floods,Jan 2026,Malawi: Floods - Jan 2026
Serbia,Cold Wave,Jan 2026,Serbia: Cold Wave - Jan 2026
Guatemala,Measles Outbreak,Jan 2026,Guatemala: Measles Outbreak - Jan 2026
Ecuador,Floods,Jan 2026,Ecuador: Floods - Jan 2026
Zimbabwe,Floods,Jan 2026,Zimbabwe: Floods - Jan 2026
Mozambique,Floods,Dec 2025,Mozambique: Floods - Dec 2025
Chile,Wild Fires,Dec 2025,Chile: Wild Fires - Dec 2025
Gabon,Windstorms,Dec 2025,Gabon: Windstorms - Dec 2025
Morocco,Floods,Dec 2025,Morocco: Floods - Dec 2025
Bolivia,Floods,Dec 2025,Bolivia: Floods - Dec 2025
Congo,Floods,Nov 2025,Congo: Floods - Nov 2025
Cuba,Arboviral Outbreak,Oct 2025,Cuba: Arboviral Outbreak - Oct 2025
Egypt,Floods,Oct 2025,Egypt: Floods - Oct 2025
Cabo Verde,Flash Floods,Aug 2025,Cabo Verde: Flash Floods - Aug 2025
South Sudan,Floods,Jul 2025,South Sudan: Floods - Jul 2025
Sudan,Floods,Jul 2025,Sudan: Floods - Jul 2025
Honduras,Floods,Jun 2025,Honduras: Floods - Jun 2025
Panama,River Pollution,Jun 2025,Panama: River Pollution - Jun 2025
Côte d'Ivoire,Cholera Outbreak,Jun 2025,Côte d'Ivoire: Cholera Outbreak - Jun 2025
Pacific,Dengue Outbreak,2025,Pacific: Dengue Outbreak - 2025-2026
Ghana,Cholera Outbreak,Oct 2024,Ghana: Cholera Outbreak - Oct 2024
Namibia,Drought,May 2024,Namibia: Drought - May 2024
Niger,Diphtheria Outbreak,Oct 2023,Niger: Diphtheria Outbreak - Oct 2023
Nigeria,Lassa Fever Outbreak,Jan 2023,Nigeria: Lassa Fever Outbreak - Jan 2023
Burundi,Cholera Outbreak,Jan 2023,Burundi: Cholera Outbreak - Jan 2023
Cook Islands,Dengue Outbreak,May 2009,Cook Islands: Dengue Outbreak - May 2009
Tanzania,Explosion,May 2009,Tanzania: Explosion - May 2009
Haiti,Floods,May 2009,Haiti: Floods - May 2009
Panama,Floods,May 2009,Panama: Floods - May 2009
Dominican Republic,Floods,May 2009,Dominican Republic: Floods - May 2009
Philippines,Floods and Landslides,May 2009,Philippines: Floods and Landslides - May 2009
India,Heat Wave,May 2009,India: Heat Wave - May 2009
El Salvador,Earthquake,May 2009,El Salvador: Earthquake - May 2009
Tajikistan,Floods,May 2009,Tajikistan: Floods - May 2009
Benin,Severe Local Storm,May 2009,Benin: Severe Local Storm - May 2009
Pakistan,Avalanche,May 2009,Pakistan: Avalanche - May 2009
India,Severe Local Storm,May 2009,India: Severe Local Storm - May 2009
Brazil,Floods,Apr 2009,Brazil: Floods - Apr 2009
Tajikistan,Mudslide,Apr 2009,Tajikistan: Mudslide - Apr 2009
Afghanistan,Floods,Apr 2009,Afghanistan: Floods - Apr 2009
Gabon,Violent Winds,Apr 2009,Gabon: Violent Winds - Apr 2009
Indonesia,Earthquake,Aug 2026,Indonesia: Earthquake - Aug 2026
Colombia,Earthquake,Aug 2026,Colombia: Earthquake - Aug 2026
Myanmar,Floods,Jul 2026,Myanmar: Floods - Jul 2026
Afghanistan,Flash Floods,Jul 2026,Afghanistan: Flash Floods - Jul 2026
India,Flash Floods,Jul 2026,India: Flash Floods - Jul 2026
Kyrgyzstan,Flash Floods,Jul 2026,Kyrgyzstan: Flash Floods - Jul 2026
Tajikistan,Floods,Jul 2026,Tajikistan: Floods - Jul 2026
Bangladesh,Flash Floods,Jul 2026,Bangladesh: Flash Floods - Jul 2026
Georgia,Floods,Jun 2026,Georgia: Floods - Jun 2026
Central African Republic,Cholera Outbreak,Jun 2026,Central African Republic: Cholera Outbreak - Jun 2026
Venezuela,Earthquakes,Jun 2026,Venezuela: Earthquakes - Jun 2026
Chad,Cholera Outbreak,Jun 2026,Chad: Cholera Outbreak - Jun 2026
Philippines,Earthquake and Tsunami,Jun 2026,Philippines: Earthquake and Tsunami - Jun 2026
Armenia,Hailstorm,Jun 2026,Armenia: Hailstorm - Jun 2026
Syria,Floods,May 2026,Syria: Floods - May 2026
Central/Eastern Africa,Ebola Outbreak,May 2026,Central/Eastern Africa: Ebola Outbreak - May 2026
Sri Lanka,Dengue Outbreak,May 2026,Sri Lanka: Dengue Outbreak - May 2026
Dominican Republic,Floods,Apr 2026,Dominican Republic: Floods - Apr 2026
Yemen,Floods,Mar 2026,Yemen: Floods - Mar 2026
Tanzania,Floods and Landslides,Mar 2026,Tanzania: Floods and Landslides - Mar 2026
Liberia,Windstorms,Mar 2026,Liberia: Windstorms - Mar 2026
Botswana,Floods,Mar 2026,Botswana: Floods - Mar 2026
Ethiopia,Floods and Landslides,Mar 2026,Ethiopia: Floods and Landslides - Mar 2026
Kenya,Floods,Mar 2026,Kenya: Floods - Mar 2026
Suriname,Chikungunya Virus Outbreak,Mar 2026,Suriname: Chikungunya Virus Outbreak - Mar 2026
Brazil,Floods,Feb 2026,Brazil: Floods - Feb 2026
Peru,Floods and Landslides,Feb 2026,Peru: Floods and Landslides - Feb 2026
Angola,Floods,Feb 2026,Angola: Floods - Feb 2026
Zambia,Cholera Outbreak,Feb 2026,Zambia: Cholera Outbreak - Feb 2026
Cameroon,Fires,Feb 2026,Cameroon: Fires - Feb 2026
Somalia,Dengue Outbreak,Feb 2026,Somalia: Dengue Outbreak - Feb 2026
Rwanda,Flash Floods,Jan 2026,Rwanda: Flash Floods - Jan 2026
Algeria,Floods,Jan 2026,Algeria: Floods - Jan 2026
Argentina,Landslides,Jan 2026,Argentina: Landslides - Jan 2026
South Africa,Floods,Jan 2026,South Africa: Floods - Jan 2026
North Macedonia,Floods,Jan 2026,North Macedonia: Floods - Jan 2026
Malawi,Floods,Jan 2026,Malawi: Floods - Jan 2026
Serbia,Cold Wave,Jan 2026,Serbia: Cold Wave - Jan 2026
Guatemala,Measles Outbreak,Jan 2026,Guatemala: Measles Outbreak - Jan 2026
Ecuador,Floods,Jan 2026,Ecuador: Floods - Jan 2026
Zimbabwe,Floods,Jan 2026,Zimbabwe: Floods - Jan 2026
Mozambique,Floods,Dec 2025,Mozambique: Floods - Dec 2025
Chile,Wild Fires,Dec 2025,Chile: Wild Fires - Dec 2025
Gabon,Windstorms,Dec 2025,Gabon: Windstorms - Dec 2025
Morocco,Floods,Dec 2025,Morocco: Floods - Dec 2025
Bolivia,Floods,Dec 2025,Bolivia: Floods - Dec 2025
Congo,Floods,Nov 2025,Congo: Floods - Nov 2025
Cuba,Arboviral Outbreak,Oct 2025,Cuba: Arboviral Outbreak - Oct 2025
Egypt,Floods,Oct 2025,Egypt: Floods - Oct 2025
Cabo Verde,Flash Floods,Aug 2025,Cabo Verde: Flash Floods - Aug 2025
South Sudan,Floods,Jul 2025,South Sudan: Floods - Jul 2025
Sudan,Floods,Jul 2025,Sudan: Floods - Jul 2025
Honduras,Floods,Jun 2025,Honduras: Floods - Jun 2025
Panama,River Pollution,Jun 2025,Panama: River Pollution - Jun 2025
Côte d'Ivoire,Cholera Outbreak,Jun 2025,Côte d'Ivoire: Cholera Outbreak - Jun 2025
Pacific,Dengue Outbreak,2025,Pacific: Dengue Outbreak - 2025-2026
Ghana,Cholera Outbreak,Oct 2024,Ghana: Cholera Outbreak - Oct 2024
Namibia,Drought,May 2024,Namibia: Drought - May 2024
Niger,Diphtheria Outbreak,Oct 2023,Niger: Diphtheria Outbreak - Oct 2023
Nigeria,Lassa Fever Outbreak,Jan 2023,Nigeria: Lassa Fever Outbreak - Jan 2023
Burundi,Cholera Outbreak,Jan 2023,Burundi: Cholera Outbreak - Jan 2023
Bangladesh,Tropical Cyclone Bijli,Apr 2009,Bangladesh: Tropical Cyclone Bijli - Apr 2009
Afghanistan,Earthquake,Apr 2009,Afghanistan: Earthquake - Apr 2009
Vanuatu,Floods,Apr 2009,Vanuatu: Floods - Apr 2009
Burundi,Floods,Apr 2009,Burundi: Floods - Apr 2009
Vanuatu,Ambrym Volcano,Apr 2009,Vanuatu: Ambrym Volcano - Apr 2009
Madagascar,Tropical Cyclone Jade,Apr 2009,Madagascar: Tropical Cyclone Jade - Apr 2009
Italy,Earthquake,Apr 2009,Italy: Earthquake - Apr 2009
India,Tornado,Mar 2009,India: Tornado - Mar 2009
Indonesia,Flash Floods,Mar 2009,Indonesia: Flash Floods - Mar 2009
Colombia,Floods and Landslides,Mar 2009,Colombia: Floods and Landslides - Mar 2009
Australia,Tropical Cyclone Hamish,Mar 2009,Australia: Tropical Cyclone Hamish - Mar 2009
Peru,Floods and Landslides,Mar 2009,Peru: Floods and Landslides - Mar 2009
Pakistan,Earthquake,Feb 2009,Pakistan: Earthquake - Feb 2009
Colombia,Galeras Volcano,Feb 2009,Colombia: Galeras Volcano - Feb 2009
Bolivia,Floods and Landslides,Feb 2009,Bolivia: Floods and Landslides - Feb 2009
Bosnia and Herzegovina,Floods,Feb 2009,Bosnia and Herzegovina: Floods - Feb 2009
Indonesia,Earthquake in North Sulawesi,Feb 2009,Indonesia: Earthquake in North Sulawesi - Feb 2009
Costa Rica,Floods,Feb 2009,Costa Rica: Floods - Feb 2009
Argentina,Floods and Mudslides,Feb 2009,Argentina: Floods and Mudslides - Feb 2009
Australia,Wild Fire,Feb 2009,Australia: Wild Fire - Feb 2009
Indonesia,Earthquake,Aug 2026,Indonesia: Earthquake - Aug 2026
Colombia,Earthquake,Aug 2026,Colombia: Earthquake - Aug 2026
Myanmar,Floods,Jul 2026,Myanmar: Floods - Jul 2026
Afghanistan,Flash Floods,Jul 2026,Afghanistan: Flash Floods - Jul 2026
India,Flash Floods,Jul 2026,India: Flash Floods - Jul 2026
Kyrgyzstan,Flash Floods,Jul 2026,Kyrgyzstan: Flash Floods - Jul 2026
Tajikistan,Floods,Jul 2026,Tajikistan: Floods - Jul 2026
Bangladesh,Flash Floods,Jul 2026,Bangladesh: Flash Floods - Jul 2026
Georgia,Floods,Jun 2026,Georgia: Floods - Jun 2026
Central African Republic,Cholera Outbreak,Jun 2026,Central African Republic: Cholera Outbreak - Jun 2026
Venezuela,Earthquakes,Jun 2026,Venezuela: Earthquakes - Jun 2026
Chad,Cholera Outbreak,Jun 2026,Chad: Cholera Outbreak - Jun 2026
Philippines,Earthquake and Tsunami,Jun 2026,Philippines: Earthquake and Tsunami - Jun 2026
Armenia,Hailstorm,Jun 2026,Armenia: Hailstorm - Jun 2026
Syria,Floods,May 2026,Syria: Floods - May 2026
Central/Eastern Africa,Ebola Outbreak,May 2026,Central/Eastern Africa: Ebola Outbreak - May 2026
Sri Lanka,Dengue Outbreak,May 2026,Sri Lanka: Dengue Outbreak - May 2026
Dominican Republic,Floods,Apr 2026,Dominican Republic: Floods - Apr 2026
Yemen,Floods,Mar 2026,Yemen: Floods - Mar 2026
Tanzania,Floods and Landslides,Mar 2026,Tanzania: Floods and Landslides - Mar 2026
Liberia,Windstorms,Mar 2026,Liberia: Windstorms - Mar 2026
Botswana,Floods,Mar 2026,Botswana: Floods - Mar 2026
Ethiopia,Floods and Landslides,Mar 2026,Ethiopia: Floods and Landslides - Mar 2026
Kenya,Floods,Mar 2026,Kenya: Floods - Mar 2026
Suriname,Chikungunya Virus Outbreak,Mar 2026,Suriname: Chikungunya Virus Outbreak - Mar 2026
Brazil,Floods,Feb 2026,Brazil: Floods - Feb 2026
Peru,Floods and Landslides,Feb 2026,Peru: Floods and Landslides - Feb 2026
Angola,Floods,Feb 2026,Angola: Floods - Feb 2026
Zambia,Cholera Outbreak,Feb 2026,Zambia: Cholera Outbreak - Feb 2026
Cameroon,Fires,Feb 2026,Cameroon: Fires - Feb 2026
Somalia,Dengue Outbreak,Feb 2026,Somalia: Dengue Outbreak - Feb 2026
Rwanda,Flash Floods,Jan 2026,Rwanda: Flash Floods - Jan 2026
Algeria,Floods,Jan 2026,Algeria: Floods - Jan 2026
Argentina,Landslides,Jan 2026,Argentina: Landslides - Jan 2026
South Africa,Floods,Jan 2026,South Africa: Floods - Jan 2026
North Macedonia,Floods,Jan 2026,North Macedonia: Floods - Jan 2026
Malawi,Floods,Jan 2026,Malawi: Floods - Jan 2026
Serbia,Cold Wave,Jan 2026,Serbia: Cold Wave - Jan 2026
Guatemala,Measles Outbreak,Jan 2026,Guatemala: Measles Outbreak - Jan 2026
Ecuador,Floods,Jan 2026,Ecuador: Floods - Jan 2026
Zimbabwe,Floods,Jan 2026,Zimbabwe: Floods - Jan 2026
Mozambique,Floods,Dec 2025,Mozambique: Floods - Dec 2025
Chile,Wild Fires,Dec 2025,Chile: Wild Fires - Dec 2025
Gabon,Windstorms,Dec 2025,Gabon: Windstorms - Dec 2025
Morocco,Floods,Dec 2025,Morocco: Floods - Dec 2025
Bolivia,Floods,Dec 2025,Bolivia: Floods - Dec 2025
Congo,Floods,Nov 2025,Congo: Floods - Nov 2025
Cuba,Arboviral Outbreak,Oct 2025,Cuba: Arboviral Outbreak - Oct 2025
Egypt,Floods,Oct 2025,Egypt: Floods - Oct 2025
Cabo Verde,Flash Floods,Aug 2025,Cabo Verde: Flash Floods - Aug 2025
South Sudan,Floods,Jul 2025,South Sudan: Floods - Jul 2025
Sudan,Floods,Jul 2025,Sudan: Floods - Jul 2025
Honduras,Floods,Jun 2025,Honduras: Floods - Jun 2025
Panama,River Pollution,Jun 2025,Panama: River Pollution - Jun 2025
Côte d'Ivoire,Cholera Outbreak,Jun 2025,Côte d'Ivoire: Cholera Outbreak - Jun 2025
Pacific,Dengue Outbreak,2025,Pacific: Dengue Outbreak - 2025-2026
Ghana,Cholera Outbreak,Oct 2024,Ghana: Cholera Outbreak - Oct 2024
Namibia,Drought,May 2024,Namibia: Drought - May 2024
Niger,Diphtheria Outbreak,Oct 2023,Niger: Diphtheria Outbreak - Oct 2023
Nigeria,Lassa Fever Outbreak,Jan 2023,Nigeria: Lassa Fever Outbreak - Jan 2023
Burundi,Cholera Outbreak,Jan 2023,Burundi: Cholera Outbreak - Jan 2023
Morocco,Floods,Feb 2009,Morocco: Floods - Feb 2009
China,Drought,Feb 2009,China: Drought - Feb 2009
Central African Republic,Severe Local Storm,Jan 2009,Central African Republic: Severe Local Storm - Jan 2009
Solomon Islands,Floods,Feb 2009,Solomon Islands: Floods - Feb 2009
Mexico,Cold Wave,Feb 2009,Mexico: Cold Wave - Feb 2009
Dominican Republic,Floods,Jan 2009,Dominican Republic: Floods - Jan 2009
Peru,Landslides,Jan 2009,Peru: Landslides - Jan 2009
Thailand,Drought,Jan 2009,Thailand: Drought - Jan 2009
China,Earthquake in Xinjiang Region,Jan 2009,China: Earthquake in Xinjiang Region - Jan 2009
Bosnia and Herzegovina,Cold Wave,Jan 2009,Bosnia and Herzegovina: Cold Wave - Jan 2009
Cameroon,Measles Outbreak,Jan 2009,Cameroon: Measles Outbreak - Jan 2009
Madagascar,Tropical Storm Eric,Jan 2009,Madagascar: Tropical Storm Eric - Jan 2009
Ecuador,Floods,Jan 2009,Ecuador: Floods - Jan 2009
Liberia,Insect Infestation,Jan 2009,Liberia: Insect Infestation - Jan 2009
Madagascar,Tropical Cyclone Fanele,Jan 2009,Madagascar: Tropical Cyclone Fanele - Jan 2009
Afghanistan,Avalanche,Jan 2009,Afghanistan: Avalanche - Jan 2009
Uruguay,Drought,Jan 2009,Uruguay: Drought - Jan 2009
South America,Dengue Outbreak,Jan 2009,South America: Dengue Outbreak - Jan 2009
Fiji,Floods,Jan 2009,Fiji: Floods - Jan 2009
Philippines,Floods and Landslides,Jan 2009,Philippines: Floods and Landslides - Jan 2009
Indonesia,Earthquake,Aug 2026,Indonesia: Earthquake - Aug 2026
Colombia,Earthquake,Aug 2026,Colombia: Earthquake - Aug 2026
Myanmar,Floods,Jul 2026,Myanmar: Floods - Jul 2026
Afghanistan,Flash Floods,Jul 2026,Afghanistan: Flash Floods - Jul 2026
India,Flash Floods,Jul 2026,India: Flash Floods - Jul 2026
Kyrgyzstan,Flash Floods,Jul 2026,Kyrgyzstan: Flash Floods - Jul 2026
Tajikistan,Floods,Jul 2026,Tajikistan: Floods - Jul 2026
Bangladesh,Flash Floods,Jul 2026,Bangladesh: Flash Floods - Jul 2026
Georgia,Floods,Jun 2026,Georgia: Floods - Jun 2026
Central African Republic,Cholera Outbreak,Jun 2026,Central African Republic: Cholera Outbreak - Jun 2026
Venezuela,Earthquakes,Jun 2026,Venezuela: Earthquakes - Jun 2026
Chad,Cholera Outbreak,Jun 2026,Chad: Cholera Outbreak - Jun 2026
Philippines,Earthquake and Tsunami,Jun 2026,Philippines: Earthquake and Tsunami - Jun 2026
Armenia,Hailstorm,Jun 2026,Armenia: Hailstorm - Jun 2026
Syria,Floods,May 2026,Syria: Floods - May 2026
Central/Eastern Africa,Ebola Outbreak,May 2026,Central/Eastern Africa: Ebola Outbreak - May 2026
Sri Lanka,Dengue Outbreak,May 2026,Sri Lanka: Dengue Outbreak - May 2026
Dominican Republic,Floods,Apr 2026,Dominican Republic: Floods - Apr 2026
Yemen,Floods,Mar 2026,Yemen: Floods - Mar 2026
Tanzania,Floods and Landslides,Mar 2026,Tanzania: Floods and Landslides - Mar 2026
Liberia,Windstorms,Mar 2026,Liberia: Windstorms - Mar 2026
Botswana,Floods,Mar 2026,Botswana: Floods - Mar 2026
Ethiopia,Floods and Landslides,Mar 2026,Ethiopia: Floods and Landslides - Mar 2026
Kenya,Floods,Mar 2026,Kenya: Floods - Mar 2026
Suriname,Chikungunya Virus Outbreak,Mar 2026,Suriname: Chikungunya Virus Outbreak - Mar 2026
Brazil,Floods,Feb 2026,Brazil: Floods - Feb 2026
Peru,Floods and Landslides,Feb 2026,Peru: Floods and Landslides - Feb 2026
Angola,Floods,Feb 2026,Angola: Floods - Feb 2026
Zambia,Cholera Outbreak,Feb 2026,Zambia: Cholera Outbreak - Feb 2026
Cameroon,Fires,Feb 2026,Cameroon: Fires - Feb 2026
Somalia,Dengue Outbreak,Feb 2026,Somalia: Dengue Outbreak - Feb 2026
Rwanda,Flash Floods,Jan 2026,Rwanda: Flash Floods - Jan 2026
Algeria,Floods,Jan 2026,Algeria: Floods - Jan 2026
Argentina,Landslides,Jan 2026,Argentina: Landslides - Jan 2026
South Africa,Floods,Jan 2026,South Africa: Floods - Jan 2026
North Macedonia,Floods,Jan 2026,North Macedonia: Floods - Jan 2026
Malawi,Floods,Jan 2026,Malawi: Floods - Jan 2026
Serbia,Cold Wave,Jan 2026,Serbia: Cold Wave - Jan 2026
Guatemala,Measles Outbreak,Jan 2026,Guatemala: Measles Outbreak - Jan 2026
Ecuador,Floods,Jan 2026,Ecuador: Floods - Jan 2026
Zimbabwe,Floods,Jan 2026,Zimbabwe: Floods - Jan 2026
Mozambique,Floods,Dec 2025,Mozambique: Floods - Dec 2025
Chile,Wild Fires,Dec 2025,Chile: Wild Fires - Dec 2025
Gabon,Windstorms,Dec 2025,Gabon: Windstorms - Dec 2025
Morocco,Floods,Dec 2025,Morocco: Floods - Dec 2025
Bolivia,Floods,Dec 2025,Bolivia: Floods - Dec 2025
Congo,Floods,Nov 2025,Congo: Floods - Nov 2025
Cuba,Arboviral Outbreak,Oct 2025,Cuba: Arboviral Outbreak - Oct 2025
Egypt,Floods,Oct 2025,Egypt: Floods - Oct 2025
Cabo Verde,Flash Floods,Aug 2025,Cabo Verde: Flash Floods - Aug 2025
South Sudan,Floods,Jul 2025,South Sudan: Floods - Jul 2025
Sudan,Floods,Jul 2025,Sudan: Floods - Jul 2025
Honduras,Floods,Jun 2025,Honduras: Floods - Jun 2025
Panama,River Pollution,Jun 2025,Panama: River Pollution - Jun 2025
Côte d'Ivoire,Cholera Outbreak,Jun 2025,Côte d'Ivoire: Cholera Outbreak - Jun 2025
Pacific,Dengue Outbreak,2025,Pacific: Dengue Outbreak - 2025-2026
Ghana,Cholera Outbreak,Oct 2024,Ghana: Cholera Outbreak - Oct 2024
Namibia,Drought,May 2024,Namibia: Drought - May 2024
Niger,Diphtheria Outbreak,Oct 2023,Niger: Diphtheria Outbreak - Oct 2023
Nigeria,Lassa Fever Outbreak,Jan 2023,Nigeria: Lassa Fever Outbreak - Jan 2023
Burundi,Cholera Outbreak,Jan 2023,Burundi: Cholera Outbreak - Jan 2023
DR Congo,Ebola Outbreak,Dec 2008,DR Congo: Ebola Outbreak - Dec 2008
Costa Rica,Earthquake,Jan 2009,Costa Rica: Earthquake - Jan 2009
Southern Africa,Floods,Dec 2008,Southern Africa: Floods - Dec 2008
South Africa,Severe Local Storm,Jan 2009,South Africa: Severe Local Storm - Jan 2009
Guatemala,Landslide,Jan 2009,Guatemala: Landslide - Jan 2009
Indonesia,Earthquake,Jan 2009,Indonesia: Earthquake - Jan 2009
India,Cold Wave,Jan 2009,India: Cold Wave - Jan 2009
Philippines,Landslides,Dec 2008,Philippines: Landslides - Dec 2008
China,Earthquake,Dec 2008,China: Earthquake - Dec 2008
Thailand,Floods,Dec 2008,Thailand: Floods - Dec 2008
Guyana,Floods,Dec 2008,Guyana: Floods - Dec 2008
Thailand,Cold Wave,Dec 2008,Thailand: Cold Wave - Dec 2008
Pacific Islands,Severe Sea Swell Floods,Dec 2008,Pacific Islands: Severe Sea Swell Floods - Dec 2008
Malaysia,Floods and Landslides,Dec 2008,Malaysia: Floods and Landslides - Dec 2008
Papua New Guinea,Floods and Landslides,Dec 2008,Papua New Guinea: Floods and Landslides - Dec 2008
Nicaragua,Floods,Nov 2008,Nicaragua: Floods - Nov 2008
Kyrgyzstan,Energy/Water/Food Insecurity,Nov 2008,Kyrgyzstan: Energy/Water/Food Insecurity - Nov 2008
Colombia,Cold Wave,Nov 2008,Colombia: Cold Wave - Nov 2008
Indonesia,Earthquake,Aug 2026,Indonesia: Earthquake - Aug 2026
Colombia,Earthquake,Aug 2026,Colombia: Earthquake - Aug 2026
Myanmar,Floods,Jul 2026,Myanmar: Floods - Jul 2026
Afghanistan,Flash Floods,Jul 2026,Afghanistan: Flash Floods - Jul 2026
India,Flash Floods,Jul 2026,India: Flash Floods - Jul 2026
Kyrgyzstan,Flash Floods,Jul 2026,Kyrgyzstan: Flash Floods - Jul 2026
Tajikistan,Floods,Jul 2026,Tajikistan: Floods - Jul 2026
Bangladesh,Flash Floods,Jul 2026,Bangladesh: Flash Floods - Jul 2026
Georgia,Floods,Jun 2026,Georgia: Floods - Jun 2026
Central African Republic,Cholera Outbreak,Jun 2026,Central African Republic: Cholera Outbreak - Jun 2026
Venezuela,Earthquakes,Jun 2026,Venezuela: Earthquakes - Jun 2026
Chad,Cholera Outbreak,Jun 2026,Chad: Cholera Outbreak - Jun 2026
Philippines,Earthquake and Tsunami,Jun 2026,Philippines: Earthquake and Tsunami - Jun 2026
Armenia,Hailstorm,Jun 2026,Armenia: Hailstorm - Jun 2026
Syria,Floods,May 2026,Syria: Floods - May 2026
Central/Eastern Africa,Ebola Outbreak,May 2026,Central/Eastern Africa: Ebola Outbreak - May 2026
Sri Lanka,Dengue Outbreak,May 2026,Sri Lanka: Dengue Outbreak - May 2026
Dominican Republic,Floods,Apr 2026,Dominican Republic: Floods - Apr 2026
Yemen,Floods,Mar 2026,Yemen: Floods - Mar 2026
Tanzania,Floods and Landslides,Mar 2026,Tanzania: Floods and Landslides - Mar 2026
Liberia,Windstorms,Mar 2026,Liberia: Windstorms - Mar 2026
Botswana,Floods,Mar 2026,Botswana: Floods - Mar 2026
Ethiopia,Floods and Landslides,Mar 2026,Ethiopia: Floods and Landslides - Mar 2026
Kenya,Floods,Mar 2026,Kenya: Floods - Mar 2026
Suriname,Chikungunya Virus Outbreak,Mar 2026,Suriname: Chikungunya Virus Outbreak - Mar 2026
Brazil,Floods,Feb 2026,Brazil: Floods - Feb 2026
Peru,Floods and Landslides,Feb 2026,Peru: Floods and Landslides - Feb 2026
Angola,Floods,Feb 2026,Angola: Floods - Feb 2026
Zambia,Cholera Outbreak,Feb 2026,Zambia: Cholera Outbreak - Feb 2026
Cameroon,Fires,Feb 2026,Cameroon: Fires - Feb 2026
Somalia,Dengue Outbreak,Feb 2026,Somalia: Dengue Outbreak - Feb 2026
Rwanda,Flash Floods,Jan 2026,Rwanda: Flash Floods - Jan 2026
Algeria,Floods,Jan 2026,Algeria: Floods - Jan 2026
Argentina,Landslides,Jan 2026,Argentina: Landslides - Jan 2026
South Africa,Floods,Jan 2026,South Africa: Floods - Jan 2026
North Macedonia,Floods,Jan 2026,North Macedonia: Floods - Jan 2026
Malawi,Floods,Jan 2026,Malawi: Floods - Jan 2026
Serbia,Cold Wave,Jan 2026,Serbia: Cold Wave - Jan 2026
Guatemala,Measles Outbreak,Jan 2026,Guatemala: Measles Outbreak - Jan 2026
Ecuador,Floods,Jan 2026,Ecuador: Floods - Jan 2026
Zimbabwe,Floods,Jan 2026,Zimbabwe: Floods - Jan 2026
Mozambique,Floods,Dec 2025,Mozambique: Floods - Dec 2025
Chile,Wild Fires,Dec 2025,Chile: Wild Fires - Dec 2025
Gabon,Windstorms,Dec 2025,Gabon: Windstorms - Dec 2025
Morocco,Floods,Dec 2025,Morocco: Floods - Dec 2025
Bolivia,Floods,Dec 2025,Bolivia: Floods - Dec 2025
Congo,Floods,Nov 2025,Congo: Floods - Nov 2025
Cuba,Arboviral Outbreak,Oct 2025,Cuba: Arboviral Outbreak - Oct 2025
Egypt,Floods,Oct 2025,Egypt: Floods - Oct 2025
Cabo Verde,Flash Floods,Aug 2025,Cabo Verde: Flash Floods - Aug 2025
South Sudan,Floods,Jul 2025,South Sudan: Floods - Jul 2025
Sudan,Floods,Jul 2025,Sudan: Floods - Jul 2025
Honduras,Floods,Jun 2025,Honduras: Floods - Jun 2025
Panama,River Pollution,Jun 2025,Panama: River Pollution - Jun 2025
Côte d'Ivoire,Cholera Outbreak,Jun 2025,Côte d'Ivoire: Cholera Outbreak - Jun 2025
Pacific,Dengue Outbreak,2025,Pacific: Dengue Outbreak - 2025-2026
Ghana,Cholera Outbreak,Oct 2024,Ghana: Cholera Outbreak - Oct 2024
Namibia,Drought,May 2024,Namibia: Drought - May 2024
Niger,Diphtheria Outbreak,Oct 2023,Niger: Diphtheria Outbreak - Oct 2023
Nigeria,Lassa Fever Outbreak,Jan 2023,Nigeria: Lassa Fever Outbreak - Jan 2023
Burundi,Cholera Outbreak,Jan 2023,Burundi: Cholera Outbreak - Jan 2023
Brazil,Floods and Landslides,Nov 2008,Brazil: Floods and Landslides - Nov 2008
Costa Rica,Floods,Nov 2008,Costa Rica: Floods - Nov 2008
Philippines,Flash Floods,Nov 2008,Philippines: Flash Floods - Nov 2008
Panama,Floods,Nov 2008,Panama: Floods - Nov 2008
Cuba,Floods,Nov 2008,Cuba: Floods - Nov 2008
Viet Nam,Tropical Storm Noul,Nov 2008,Viet Nam: Tropical Storm Noul - Nov 2008
Ethiopia,Flash Floods,Nov 2008,Ethiopia: Flash Floods - Nov 2008
Indonesia,Earthquake,Nov 2008,Indonesia: Earthquake - Nov 2008
USA,Wild Fire,Nov 2008,USA: Wild Fire - Nov 2008
Indonesia,Landslide,Nov 2008,Indonesia: Landslide - Nov 2008
occupied Palestinian territory,Flash Floods,Nov 2008,occupied Palestinian territory: Flash Floods - Nov 2008
Bolivia,Severe Local Storm,Nov 2008,Bolivia: Severe Local Storm - Nov 2008
Haiti,School Collapse,Nov 2008,Haiti: School Collapse - Nov 2008
Colombia,Machín and Nevado del Huila Volcanoes,Nov 2008,Colombia: Machín and Nevado del Huila Volcanoes - Nov 2008
Peru,Floods,Oct 2008,Peru: Floods - Oct 2008
China,Landslides,Nov 2008,China: Landslides - Nov 2008
Bolivia,Drought,Oct 2008,Bolivia: Drought - Oct 2008
Pakistan,Earthquake,Oct 2008,Pakistan: Earthquake - Oct 2008
Indonesia,Earthquake,Aug 2026,Indonesia: Earthquake - Aug 2026
Colombia,Earthquake,Aug 2026,Colombia: Earthquake - Aug 2026
Myanmar,Floods,Jul 2026,Myanmar: Floods - Jul 2026
Afghanistan,Flash Floods,Jul 2026,Afghanistan: Flash Floods - Jul 2026
India,Flash Floods,Jul 2026,India: Flash Floods - Jul 2026
Kyrgyzstan,Flash Floods,Jul 2026,Kyrgyzstan: Flash Floods - Jul 2026
Tajikistan,Floods,Jul 2026,Tajikistan: Floods - Jul 2026
Bangladesh,Flash Floods,Jul 2026,Bangladesh: Flash Floods - Jul 2026
Georgia,Floods,Jun 2026,Georgia: Floods - Jun 2026
Central African Republic,Cholera Outbreak,Jun 2026,Central African Republic: Cholera Outbreak - Jun 2026
Venezuela,Earthquakes,Jun 2026,Venezuela: Earthquakes - Jun 2026
Chad,Cholera Outbreak,Jun 2026,Chad: Cholera Outbreak - Jun 2026
Philippines,Earthquake and Tsunami,Jun 2026,Philippines: Earthquake and Tsunami - Jun 2026
Armenia,Hailstorm,Jun 2026,Armenia: Hailstorm - Jun 2026
Syria,Floods,May 2026,Syria: Floods - May 2026
Central/Eastern Africa,Ebola Outbreak,May 2026,Central/Eastern Africa: Ebola Outbreak - May 2026
Sri Lanka,Dengue Outbreak,May 2026,Sri Lanka: Dengue Outbreak - May 2026
Dominican Republic,Floods,Apr 2026,Dominican Republic: Floods - Apr 2026
Yemen,Floods,Mar 2026,Yemen: Floods - Mar 2026
Tanzania,Floods and Landslides,Mar 2026,Tanzania: Floods and Landslides - Mar 2026
Liberia,Windstorms,Mar 2026,Liberia: Windstorms - Mar 2026
Botswana,Floods,Mar 2026,Botswana: Floods - Mar 2026
Ethiopia,Floods and Landslides,Mar 2026,Ethiopia: Floods and Landslides - Mar 2026
Kenya,Floods,Mar 2026,Kenya: Floods - Mar 2026
Suriname,Chikungunya Virus Outbreak,Mar 2026,Suriname: Chikungunya Virus Outbreak - Mar 2026
Brazil,Floods,Feb 2026,Brazil: Floods - Feb 2026
Peru,Floods and Landslides,Feb 2026,Peru: Floods and Landslides - Feb 2026
Angola,Floods,Feb 2026,Angola: Floods - Feb 2026
Zambia,Cholera Outbreak,Feb 2026,Zambia: Cholera Outbreak - Feb 2026
Cameroon,Fires,Feb 2026,Cameroon: Fires - Feb 2026
Somalia,Dengue Outbreak,Feb 2026,Somalia: Dengue Outbreak - Feb 2026
Rwanda,Flash Floods,Jan 2026,Rwanda: Flash Floods - Jan 2026
Algeria,Floods,Jan 2026,Algeria: Floods - Jan 2026
Argentina,Landslides,Jan 2026,Argentina: Landslides - Jan 2026
South Africa,Floods,Jan 2026,South Africa: Floods - Jan 2026
North Macedonia,Floods,Jan 2026,North Macedonia: Floods - Jan 2026
Malawi,Floods,Jan 2026,Malawi: Floods - Jan 2026
Serbia,Cold Wave,Jan 2026,Serbia: Cold Wave - Jan 2026
Guatemala,Measles Outbreak,Jan 2026,Guatemala: Measles Outbreak - Jan 2026
Ecuador,Floods,Jan 2026,Ecuador: Floods - Jan 2026
Zimbabwe,Floods,Jan 2026,Zimbabwe: Floods - Jan 2026
Mozambique,Floods,Dec 2025,Mozambique: Floods - Dec 2025
Chile,Wild Fires,Dec 2025,Chile: Wild Fires - Dec 2025
Gabon,Windstorms,Dec 2025,Gabon: Windstorms - Dec 2025
Morocco,Floods,Dec 2025,Morocco: Floods - Dec 2025
Bolivia,Floods,Dec 2025,Bolivia: Floods - Dec 2025
Congo,Floods,Nov 2025,Congo: Floods - Nov 2025
Cuba,Arboviral Outbreak,Oct 2025,Cuba: Arboviral Outbreak - Oct 2025
Egypt,Floods,Oct 2025,Egypt: Floods - Oct 2025
Cabo Verde,Flash Floods,Aug 2025,Cabo Verde: Flash Floods - Aug 2025
South Sudan,Floods,Jul 2025,South Sudan: Floods - Jul 2025
Sudan,Floods,Jul 2025,Sudan: Floods - Jul 2025
Honduras,Floods,Jun 2025,Honduras: Floods - Jun 2025
Panama,River Pollution,Jun 2025,Panama: River Pollution - Jun 2025
Côte d'Ivoire,Cholera Outbreak,Jun 2025,Côte d'Ivoire: Cholera Outbreak - Jun 2025
Pacific,Dengue Outbreak,2025,Pacific: Dengue Outbreak - 2025-2026
Ghana,Cholera Outbreak,Oct 2024,Ghana: Cholera Outbreak - Oct 2024
Namibia,Drought,May 2024,Namibia: Drought - May 2024
Niger,Diphtheria Outbreak,Oct 2023,Niger: Diphtheria Outbreak - Oct 2023
Nigeria,Lassa Fever Outbreak,Jan 2023,Nigeria: Lassa Fever Outbreak - Jan 2023
Burundi,Cholera Outbreak,Jan 2023,Burundi: Cholera Outbreak - Jan 2023
Sudan,Floods,Oct 2008,Sudan: Floods - Oct 2008
Indonesia,Floods,Oct 2008,Indonesia: Floods - Oct 2008
Bangladesh,Tropical Storm Rashmi,Oct 2008,Bangladesh: Tropical Storm Rashmi - Oct 2008
Yemen,Floods,Oct 2008,Yemen: Floods - Oct 2008
Morocco,Flash Floods,Oct 2008,Morocco: Flash Floods - Oct 2008
Sri Lanka,Floods,Oct 2008,Sri Lanka: Floods - Oct 2008
Central America,Floods,Oct 2008,Central America: Floods - Oct 2008
Honduras,Floods,Oct 2008,Honduras: Floods - Oct 2008
Viet Nam,Floods,Oct 2008,Viet Nam: Floods - Oct 2008
El Salvador,Floods,Oct 2008,El Salvador: Floods - Oct 2008
Costa Rica,Floods,Oct 2008,Costa Rica: Floods - Oct 2008
Russian Federation,Earthquake,Oct 2008,Russian Federation: Earthquake - Oct 2008
Mexico,Hurricane Norbert,Oct 2008,Mexico: Hurricane Norbert - Oct 2008
Burundi,Floods,Sep 2008,Burundi: Floods - Sep 2008
DR Congo,Flash Floods,Oct 2008,DR Congo: Flash Floods - Oct 2008
Rwanda,Floods,Oct 2008,Rwanda: Floods - Oct 2008
Kyrgyzstan,Earthquake,Oct 2008,Kyrgyzstan: Earthquake - Oct 2008
China,Earthquake,Oct 2008,China: Earthquake - Oct 2008
Indonesia,Earthquake,Aug 2026,Indonesia: Earthquake - Aug 2026
Colombia,Earthquake,Aug 2026,Colombia: Earthquake - Aug 2026
Myanmar,Floods,Jul 2026,Myanmar: Floods - Jul 2026
Afghanistan,Flash Floods,Jul 2026,Afghanistan: Flash Floods - Jul 2026
India,Flash Floods,Jul 2026,India: Flash Floods - Jul 2026
Kyrgyzstan,Flash Floods,Jul 2026,Kyrgyzstan: Flash Floods - Jul 2026
Tajikistan,Floods,Jul 2026,Tajikistan: Floods - Jul 2026
Bangladesh,Flash Floods,Jul 2026,Bangladesh: Flash Floods - Jul 2026
Georgia,Floods,Jun 2026,Georgia: Floods - Jun 2026
Central African Republic,Cholera Outbreak,Jun 2026,Central African Republic: Cholera Outbreak - Jun 2026
Venezuela,Earthquakes,Jun 2026,Venezuela: Earthquakes - Jun 2026
Chad,Cholera Outbreak,Jun 2026,Chad: Cholera Outbreak - Jun 2026
Philippines,Earthquake and Tsunami,Jun 2026,Philippines: Earthquake and Tsunami - Jun 2026
Armenia,Hailstorm,Jun 2026,Armenia: Hailstorm - Jun 2026
Syria,Floods,May 2026,Syria: Floods - May 2026
Central/Eastern Africa,Ebola Outbreak,May 2026,Central/Eastern Africa: Ebola Outbreak - May 2026
Sri Lanka,Dengue Outbreak,May 2026,Sri Lanka: Dengue Outbreak - May 2026
Dominican Republic,Floods,Apr 2026,Dominican Republic: Floods - Apr 2026
Yemen,Floods,Mar 2026,Yemen: Floods - Mar 2026
Tanzania,Floods and Landslides,Mar 2026,Tanzania: Floods and Landslides - Mar 2026
Liberia,Windstorms,Mar 2026,Liberia: Windstorms - Mar 2026
Botswana,Floods,Mar 2026,Botswana: Floods - Mar 2026
Ethiopia,Floods and Landslides,Mar 2026,Ethiopia: Floods and Landslides - Mar 2026
Kenya,Floods,Mar 2026,Kenya: Floods - Mar 2026
Suriname,Chikungunya Virus Outbreak,Mar 2026,Suriname: Chikungunya Virus Outbreak - Mar 2026
Brazil,Floods,Feb 2026,Brazil: Floods - Feb 2026
Peru,Floods and Landslides,Feb 2026,Peru: Floods and Landslides - Feb 2026
Angola,Floods,Feb 2026,Angola: Floods - Feb 2026
Zambia,Cholera Outbreak,Feb 2026,Zambia: Cholera Outbreak - Feb 2026
Cameroon,Fires,Feb 2026,Cameroon: Fires - Feb 2026
Somalia,Dengue Outbreak,Feb 2026,Somalia: Dengue Outbreak - Feb 2026
Rwanda,Flash Floods,Jan 2026,Rwanda: Flash Floods - Jan 2026
Algeria,Floods,Jan 2026,Algeria: Floods - Jan 2026
Argentina,Landslides,Jan 2026,Argentina: Landslides - Jan 2026
South Africa,Floods,Jan 2026,South Africa: Floods - Jan 2026
North Macedonia,Floods,Jan 2026,North Macedonia: Floods - Jan 2026
Malawi,Floods,Jan 2026,Malawi: Floods - Jan 2026
Serbia,Cold Wave,Jan 2026,Serbia: Cold Wave - Jan 2026
Guatemala,Measles Outbreak,Jan 2026,Guatemala: Measles Outbreak - Jan 2026
Ecuador,Floods,Jan 2026,Ecuador: Floods - Jan 2026
Zimbabwe,Floods,Jan 2026,Zimbabwe: Floods - Jan 2026
Mozambique,Floods,Dec 2025,Mozambique: Floods - Dec 2025
Chile,Wild Fires,Dec 2025,Chile: Wild Fires - Dec 2025
Gabon,Windstorms,Dec 2025,Gabon: Windstorms - Dec 2025
Morocco,Floods,Dec 2025,Morocco: Floods - Dec 2025
Bolivia,Floods,Dec 2025,Bolivia: Floods - Dec 2025
Congo,Floods,Nov 2025,Congo: Floods - Nov 2025
Cuba,Arboviral Outbreak,Oct 2025,Cuba: Arboviral Outbreak - Oct 2025
Egypt,Floods,Oct 2025,Egypt: Floods - Oct 2025
Cabo Verde,Flash Floods,Aug 2025,Cabo Verde: Flash Floods - Aug 2025
South Sudan,Floods,Jul 2025,South Sudan: Floods - Jul 2025
Sudan,Floods,Jul 2025,Sudan: Floods - Jul 2025
Honduras,Floods,Jun 2025,Honduras: Floods - Jun 2025
Panama,River Pollution,Jun 2025,Panama: River Pollution - Jun 2025
Côte d'Ivoire,Cholera Outbreak,Jun 2025,Côte d'Ivoire: Cholera Outbreak - Jun 2025
Pacific,Dengue Outbreak,2025,Pacific: Dengue Outbreak - 2025-2026
Ghana,Cholera Outbreak,Oct 2024,Ghana: Cholera Outbreak - Oct 2024
Namibia,Drought,May 2024,Namibia: Drought - May 2024
Niger,Diphtheria Outbreak,Oct 2023,Niger: Diphtheria Outbreak - Oct 2023
Nigeria,Lassa Fever Outbreak,Jan 2023,Nigeria: Lassa Fever Outbreak - Jan 2023
Burundi,Cholera Outbreak,Jan 2023,Burundi: Cholera Outbreak - Jan 2023
Somalia,Floods,Oct 2008,Somalia: Floods - Oct 2008
Kenya,Floods,Oct 2008,Kenya: Floods - Oct 2008
Nicaragua,Floods,Oct 2008,Nicaragua: Floods - Oct 2008
Algeria,Flash Floods,Oct 2008,Algeria: Flash Floods - Oct 2008
Tajikistan,Drought,Oct 2008,Tajikistan: Drought - Oct 2008
Syria,Drought,Sep 2008,Syria: Drought - Sep 2008
Colombia,Floods and landslides,Sep 2008,Colombia: Floods and landslides - Sep 2008
Dominican Republic,Floods,Sep 2008,Dominican Republic: Floods - Sep 2008
Colombia,Cold Wave,Sep 2008,Colombia: Cold Wave - Sep 2008
Guatemala,Floods,Sep 2008,Guatemala: Floods - Sep 2008
St. Vincent,Floods,Sep 2008,St. Vincent: Floods - Sep 2008
Nepal,Floods and Landslides,Sep 2008,Nepal: Floods and Landslides - Sep 2008
Uganda,Floods,Sep 2008,Uganda: Floods - Sep 2008
Mexico,Tropical Cyclone Lowell,Sep 2008,Mexico: Tropical Cyclone Lowell - Sep 2008
Indonesia,Earthquake,Aug 2026,Indonesia: Earthquake - Aug 2026
Colombia,Earthquake,Aug 2026,Colombia: Earthquake - Aug 2026
Myanmar,Floods,Jul 2026,Myanmar: Floods - Jul 2026
Afghanistan,Flash Floods,Jul 2026,Afghanistan: Flash Floods - Jul 2026
India,Flash Floods,Jul 2026,India: Flash Floods - Jul 2026
Kyrgyzstan,Flash Floods,Jul 2026,Kyrgyzstan: Flash Floods - Jul 2026
Tajikistan,Floods,Jul 2026,Tajikistan: Floods - Jul 2026
Bangladesh,Flash Floods,Jul 2026,Bangladesh: Flash Floods - Jul 2026
Georgia,Floods,Jun 2026,Georgia: Floods - Jun 2026
Central African Republic,Cholera Outbreak,Jun 2026,Central African Republic: Cholera Outbreak - Jun 2026
Venezuela,Earthquakes,Jun 2026,Venezuela: Earthquakes - Jun 2026
Chad,Cholera Outbreak,Jun 2026,Chad: Cholera Outbreak - Jun 2026
Philippines,Earthquake and Tsunami,Jun 2026,Philippines: Earthquake and Tsunami - Jun 2026
Armenia,Hailstorm,Jun 2026,Armenia: Hailstorm - Jun 2026
Syria,Floods,May 2026,Syria: Floods - May 2026
Central/Eastern Africa,Ebola Outbreak,May 2026,Central/Eastern Africa: Ebola Outbreak - May 2026
Sri Lanka,Dengue Outbreak,May 2026,Sri Lanka: Dengue Outbreak - May 2026
Dominican Republic,Floods,Apr 2026,Dominican Republic: Floods - Apr 2026
Yemen,Floods,Mar 2026,Yemen: Floods - Mar 2026
Tanzania,Floods and Landslides,Mar 2026,Tanzania: Floods and Landslides - Mar 2026
Liberia,Windstorms,Mar 2026,Liberia: Windstorms - Mar 2026
Botswana,Floods,Mar 2026,Botswana: Floods - Mar 2026
Ethiopia,Floods and Landslides,Mar 2026,Ethiopia: Floods and Landslides - Mar 2026
Kenya,Floods,Mar 2026,Kenya: Floods - Mar 2026
Suriname,Chikungunya Virus Outbreak,Mar 2026,Suriname: Chikungunya Virus Outbreak - Mar 2026
Brazil,Floods,Feb 2026,Brazil: Floods - Feb 2026
Peru,Floods and Landslides,Feb 2026,Peru: Floods and Landslides - Feb 2026
Angola,Floods,Feb 2026,Angola: Floods - Feb 2026
Zambia,Cholera Outbreak,Feb 2026,Zambia: Cholera Outbreak - Feb 2026
Cameroon,Fires,Feb 2026,Cameroon: Fires - Feb 2026
Somalia,Dengue Outbreak,Feb 2026,Somalia: Dengue Outbreak - Feb 2026
Rwanda,Flash Floods,Jan 2026,Rwanda: Flash Floods - Jan 2026
Algeria,Floods,Jan 2026,Algeria: Floods - Jan 2026
Argentina,Landslides,Jan 2026,Argentina: Landslides - Jan 2026
South Africa,Floods,Jan 2026,South Africa: Floods - Jan 2026
North Macedonia,Floods,Jan 2026,North Macedonia: Floods - Jan 2026
Malawi,Floods,Jan 2026,Malawi: Floods - Jan 2026
Serbia,Cold Wave,Jan 2026,Serbia: Cold Wave - Jan 2026
Guatemala,Measles Outbreak,Jan 2026,Guatemala: Measles Outbreak - Jan 2026
Ecuador,Floods,Jan 2026,Ecuador: Floods - Jan 2026
Zimbabwe,Floods,Jan 2026,Zimbabwe: Floods - Jan 2026
Mozambique,Floods,Dec 2025,Mozambique: Floods - Dec 2025
Chile,Wild Fires,Dec 2025,Chile: Wild Fires - Dec 2025
Gabon,Windstorms,Dec 2025,Gabon: Windstorms - Dec 2025
Morocco,Floods,Dec 2025,Morocco: Floods - Dec 2025
Bolivia,Floods,Dec 2025,Bolivia: Floods - Dec 2025
Congo,Floods,Nov 2025,Congo: Floods - Nov 2025
Cuba,Arboviral Outbreak,Oct 2025,Cuba: Arboviral Outbreak - Oct 2025
Egypt,Floods,Oct 2025,Egypt: Floods - Oct 2025
Cabo Verde,Flash Floods,Aug 2025,Cabo Verde: Flash Floods - Aug 2025
South Sudan,Floods,Jul 2025,South Sudan: Floods - Jul 2025
Sudan,Floods,Jul 2025,Sudan: Floods - Jul 2025
Honduras,Floods,Jun 2025,Honduras: Floods - Jun 2025
Panama,River Pollution,Jun 2025,Panama: River Pollution - Jun 2025
Côte d'Ivoire,Cholera Outbreak,Jun 2025,Côte d'Ivoire: Cholera Outbreak - Jun 2025
Pacific,Dengue Outbreak,2025,Pacific: Dengue Outbreak - 2025-2026
Ghana,Cholera Outbreak,Oct 2024,Ghana: Cholera Outbreak - Oct 2024
Namibia,Drought,May 2024,Namibia: Drought - May 2024
Niger,Diphtheria Outbreak,Oct 2023,Niger: Diphtheria Outbreak - Oct 2023
Nigeria,Lassa Fever Outbreak,Jan 2023,Nigeria: Lassa Fever Outbreak - Jan 2023
Burundi,Cholera Outbreak,Jan 2023,Burundi: Cholera Outbreak - Jan 2023
Iran,Earthquake,Sep 2008,Iran: Earthquake - Sep 2008
Paraguay,Drought,Sep 2008,Paraguay: Drought - Sep 2008
Mexico,Floods,Aug 2008,Mexico: Floods - Aug 2008
Philippines,Floods and Landslides,Sep 2008,Philippines: Floods and Landslides - Sep 2008
Egypt,Landslide,Sep 2008,Egypt: Landslide - Sep 2008
Panama,Floods,Sep 2008,Panama: Floods - Sep 2008
Chile,Floods,Sep 2008,Chile: Floods - Sep 2008
China,Earthquake in Sichuan Province,Aug 2008,China: Earthquake in Sichuan Province - Aug 2008
China,Earthquake in Tibet,Aug 2008,China: Earthquake in Tibet - Aug 2008
Ethiopia,Flash Flood,Aug 2008,Ethiopia: Flash Flood - Aug 2008
China,Earthquake in Yunnan Province,Aug 2008,China: Earthquake in Yunnan Province - Aug 2008
Cameroon/Chad,Floods,Aug 2008,Cameroon/Chad: Floods - Aug 2008
Sudan,Floods,Aug 2008,Sudan: Floods - Aug 2008
Paraguay,Severe Local Storm,Aug 2008,Paraguay: Severe Local Storm - Aug 2008
Indonesia,Earthquake,Aug 2026,Indonesia: Earthquake - Aug 2026
Colombia,Earthquake,Aug 2026,Colombia: Earthquake - Aug 2026
Myanmar,Floods,Jul 2026,Myanmar: Floods - Jul 2026
Afghanistan,Flash Floods,Jul 2026,Afghanistan: Flash Floods - Jul 2026
India,Flash Floods,Jul 2026,India: Flash Floods - Jul 2026
Kyrgyzstan,Flash Floods,Jul 2026,Kyrgyzstan: Flash Floods - Jul 2026
Tajikistan,Floods,Jul 2026,Tajikistan: Floods - Jul 2026
Bangladesh,Flash Floods,Jul 2026,Bangladesh: Flash Floods - Jul 2026
Georgia,Floods,Jun 2026,Georgia: Floods - Jun 2026
Central African Republic,Cholera Outbreak,Jun 2026,Central African Republic: Cholera Outbreak - Jun 2026
Venezuela,Earthquakes,Jun 2026,Venezuela: Earthquakes - Jun 2026
Chad,Cholera Outbreak,Jun 2026,Chad: Cholera Outbreak - Jun 2026
Philippines,Earthquake and Tsunami,Jun 2026,Philippines: Earthquake and Tsunami - Jun 2026
Armenia,Hailstorm,Jun 2026,Armenia: Hailstorm - Jun 2026
Syria,Floods,May 2026,Syria: Floods - May 2026
Central/Eastern Africa,Ebola Outbreak,May 2026,Central/Eastern Africa: Ebola Outbreak - May 2026
Sri Lanka,Dengue Outbreak,May 2026,Sri Lanka: Dengue Outbreak - May 2026
Dominican Republic,Floods,Apr 2026,Dominican Republic: Floods - Apr 2026
Yemen,Floods,Mar 2026,Yemen: Floods - Mar 2026
Tanzania,Floods and Landslides,Mar 2026,Tanzania: Floods and Landslides - Mar 2026
Liberia,Windstorms,Mar 2026,Liberia: Windstorms - Mar 2026
Botswana,Floods,Mar 2026,Botswana: Floods - Mar 2026
Ethiopia,Floods and Landslides,Mar 2026,Ethiopia: Floods and Landslides - Mar 2026
Kenya,Floods,Mar 2026,Kenya: Floods - Mar 2026
Suriname,Chikungunya Virus Outbreak,Mar 2026,Suriname: Chikungunya Virus Outbreak - Mar 2026
Brazil,Floods,Feb 2026,Brazil: Floods - Feb 2026
Peru,Floods and Landslides,Feb 2026,Peru: Floods and Landslides - Feb 2026
Angola,Floods,Feb 2026,Angola: Floods - Feb 2026
Zambia,Cholera Outbreak,Feb 2026,Zambia: Cholera Outbreak - Feb 2026
Cameroon,Fires,Feb 2026,Cameroon: Fires - Feb 2026
Somalia,Dengue Outbreak,Feb 2026,Somalia: Dengue Outbreak - Feb 2026
Rwanda,Flash Floods,Jan 2026,Rwanda: Flash Floods - Jan 2026
Algeria,Floods,Jan 2026,Algeria: Floods - Jan 2026
Argentina,Landslides,Jan 2026,Argentina: Landslides - Jan 2026
South Africa,Floods,Jan 2026,South Africa: Floods - Jan 2026
North Macedonia,Floods,Jan 2026,North Macedonia: Floods - Jan 2026
Malawi,Floods,Jan 2026,Malawi: Floods - Jan 2026
Serbia,Cold Wave,Jan 2026,Serbia: Cold Wave - Jan 2026
Guatemala,Measles Outbreak,Jan 2026,Guatemala: Measles Outbreak - Jan 2026
Ecuador,Floods,Jan 2026,Ecuador: Floods - Jan 2026
Zimbabwe,Floods,Jan 2026,Zimbabwe: Floods - Jan 2026
Mozambique,Floods,Dec 2025,Mozambique: Floods - Dec 2025
Chile,Wild Fires,Dec 2025,Chile: Wild Fires - Dec 2025
Gabon,Windstorms,Dec 2025,Gabon: Windstorms - Dec 2025
Morocco,Floods,Dec 2025,Morocco: Floods - Dec 2025
Bolivia,Floods,Dec 2025,Bolivia: Floods - Dec 2025
Congo,Floods,Nov 2025,Congo: Floods - Nov 2025
Cuba,Arboviral Outbreak,Oct 2025,Cuba: Arboviral Outbreak - Oct 2025
Egypt,Floods,Oct 2025,Egypt: Floods - Oct 2025
Cabo Verde,Flash Floods,Aug 2025,Cabo Verde: Flash Floods - Aug 2025
South Sudan,Floods,Jul 2025,South Sudan: Floods - Jul 2025
Sudan,Floods,Jul 2025,Sudan: Floods - Jul 2025
Honduras,Floods,Jun 2025,Honduras: Floods - Jun 2025
Panama,River Pollution,Jun 2025,Panama: River Pollution - Jun 2025
Côte d'Ivoire,Cholera Outbreak,Jun 2025,Côte d'Ivoire: Cholera Outbreak - Jun 2025
Pacific,Dengue Outbreak,2025,Pacific: Dengue Outbreak - 2025-2026
Ghana,Cholera Outbreak,Oct 2024,Ghana: Cholera Outbreak - Oct 2024
Namibia,Drought,May 2024,Namibia: Drought - May 2024
Niger,Diphtheria Outbreak,Oct 2023,Niger: Diphtheria Outbreak - Oct 2023
Nigeria,Lassa Fever Outbreak,Jan 2023,Nigeria: Lassa Fever Outbreak - Jan 2023
Burundi,Cholera Outbreak,Jan 2023,Burundi: Cholera Outbreak - Jan 2023
Pakistan,Floods,Aug 2008,Pakistan: Floods - Aug 2008
Ecuador,Volcano Reventador,Jul 2008,Ecuador: Volcano Reventador - Jul 2008
Central and Eastern Europe,Floods,Jul 2008,Central and Eastern Europe: Floods - Jul 2008
Guatemala,Landslides,Jul 2008,Guatemala: Landslides - Jul 2008
Philippines,Ferry Disaster/Toxic Cargo,Jun 2008,Philippines: Ferry Disaster/Toxic Cargo - Jun 2008
Madagascar,Rift Valley Fever Outbreak,Jul 2008,Madagascar: Rift Valley Fever Outbreak - Jul 2008
Peru,Cold Wave,Jul 2008,Peru: Cold Wave - Jul 2008
Nepal,Floods and Landslides,Jul 2008,Nepal: Floods and Landslides - Jul 2008
El Salvador,Floods,Jul 2008,El Salvador: Floods - Jul 2008
West Africa,Floods,Jul 2008,West Africa: Floods - Jul 2008
Nicaragua,Floods,Jun 2008,Nicaragua: Floods - Jun 2008
Peru,Earthquake,Jun 2008,Peru: Earthquake - Jun 2008
USA,Floods,Jun 2008,USA: Floods - Jun 2008
Bangladesh,Floods,Jun 2008,Bangladesh: Floods - Jun 2008
Indonesia,Earthquake,Aug 2026,Indonesia: Earthquake - Aug 2026
Colombia,Earthquake,Aug 2026,Colombia: Earthquake - Aug 2026
Myanmar,Floods,Jul 2026,Myanmar: Floods - Jul 2026
Afghanistan,Flash Floods,Jul 2026,Afghanistan: Flash Floods - Jul 2026
India,Flash Floods,Jul 2026,India: Flash Floods - Jul 2026
Kyrgyzstan,Flash Floods,Jul 2026,Kyrgyzstan: Flash Floods - Jul 2026
Tajikistan,Floods,Jul 2026,Tajikistan: Floods - Jul 2026
Bangladesh,Flash Floods,Jul 2026,Bangladesh: Flash Floods - Jul 2026
Georgia,Floods,Jun 2026,Georgia: Floods - Jun 2026
Central African Republic,Cholera Outbreak,Jun 2026,Central African Republic: Cholera Outbreak - Jun 2026
Venezuela,Earthquakes,Jun 2026,Venezuela: Earthquakes - Jun 2026
Chad,Cholera Outbreak,Jun 2026,Chad: Cholera Outbreak - Jun 2026
Philippines,Earthquake and Tsunami,Jun 2026,Philippines: Earthquake and Tsunami - Jun 2026
Armenia,Hailstorm,Jun 2026,Armenia: Hailstorm - Jun 2026
Syria,Floods,May 2026,Syria: Floods - May 2026
Central/Eastern Africa,Ebola Outbreak,May 2026,Central/Eastern Africa: Ebola Outbreak - May 2026
Sri Lanka,Dengue Outbreak,May 2026,Sri Lanka: Dengue Outbreak - May 2026
Dominican Republic,Floods,Apr 2026,Dominican Republic: Floods - Apr 2026
Yemen,Floods,Mar 2026,Yemen: Floods - Mar 2026
Tanzania,Floods and Landslides,Mar 2026,Tanzania: Floods and Landslides - Mar 2026
Liberia,Windstorms,Mar 2026,Liberia: Windstorms - Mar 2026
Botswana,Floods,Mar 2026,Botswana: Floods - Mar 2026
Ethiopia,Floods and Landslides,Mar 2026,Ethiopia: Floods and Landslides - Mar 2026
Kenya,Floods,Mar 2026,Kenya: Floods - Mar 2026
Suriname,Chikungunya Virus Outbreak,Mar 2026,Suriname: Chikungunya Virus Outbreak - Mar 2026
Brazil,Floods,Feb 2026,Brazil: Floods - Feb 2026
Peru,Floods and Landslides,Feb 2026,Peru: Floods and Landslides - Feb 2026
Angola,Floods,Feb 2026,Angola: Floods - Feb 2026
Zambia,Cholera Outbreak,Feb 2026,Zambia: Cholera Outbreak - Feb 2026
Cameroon,Fires,Feb 2026,Cameroon: Fires - Feb 2026
Somalia,Dengue Outbreak,Feb 2026,Somalia: Dengue Outbreak - Feb 2026
Rwanda,Flash Floods,Jan 2026,Rwanda: Flash Floods - Jan 2026
Algeria,Floods,Jan 2026,Algeria: Floods - Jan 2026
Argentina,Landslides,Jan 2026,Argentina: Landslides - Jan 2026
South Africa,Floods,Jan 2026,South Africa: Floods - Jan 2026
North Macedonia,Floods,Jan 2026,North Macedonia: Floods - Jan 2026
Malawi,Floods,Jan 2026,Malawi: Floods - Jan 2026
Serbia,Cold Wave,Jan 2026,Serbia: Cold Wave - Jan 2026
Guatemala,Measles Outbreak,Jan 2026,Guatemala: Measles Outbreak - Jan 2026
Ecuador,Floods,Jan 2026,Ecuador: Floods - Jan 2026
Zimbabwe,Floods,Jan 2026,Zimbabwe: Floods - Jan 2026
Mozambique,Floods,Dec 2025,Mozambique: Floods - Dec 2025
Chile,Wild Fires,Dec 2025,Chile: Wild Fires - Dec 2025
Gabon,Windstorms,Dec 2025,Gabon: Windstorms - Dec 2025
Morocco,Floods,Dec 2025,Morocco: Floods - Dec 2025
Bolivia,Floods,Dec 2025,Bolivia: Floods - Dec 2025
Congo,Floods,Nov 2025,Congo: Floods - Nov 2025
Cuba,Arboviral Outbreak,Oct 2025,Cuba: Arboviral Outbreak - Oct 2025
Egypt,Floods,Oct 2025,Egypt: Floods - Oct 2025
Cabo Verde,Flash Floods,Aug 2025,Cabo Verde: Flash Floods - Aug 2025
South Sudan,Floods,Jul 2025,South Sudan: Floods - Jul 2025
Sudan,Floods,Jul 2025,Sudan: Floods - Jul 2025
Honduras,Floods,Jun 2025,Honduras: Floods - Jun 2025
Panama,River Pollution,Jun 2025,Panama: River Pollution - Jun 2025
Côte d'Ivoire,Cholera Outbreak,Jun 2025,Côte d'Ivoire: Cholera Outbreak - Jun 2025
Pacific,Dengue Outbreak,2025,Pacific: Dengue Outbreak - 2025-2026
Ghana,Cholera Outbreak,Oct 2024,Ghana: Cholera Outbreak - Oct 2024
Namibia,Drought,May 2024,Namibia: Drought - May 2024
Niger,Diphtheria Outbreak,Oct 2023,Niger: Diphtheria Outbreak - Oct 2023
Nigeria,Lassa Fever Outbreak,Jan 2023,Nigeria: Lassa Fever Outbreak - Jan 2023
Burundi,Cholera Outbreak,Jan 2023,Burundi: Cholera Outbreak - Jan 2023
Suriname,Floods,Jun 2008,Suriname: Floods - Jun 2008
South Africa,Floods,Jun 2008,South Africa: Floods - Jun 2008
Kenya,Flash Floods,Jun 2008,Kenya: Flash Floods - Jun 2008
Somalia,Floods,Jun 2008,Somalia: Floods - Jun 2008
India,Floods,Jun 2008,India: Floods - Jun 2008
Gambia,Severe Local Storm,Jun 2008,Gambia: Severe Local Storm - Jun 2008
Philippines,Flash Floods,Jun 2008,Philippines: Flash Floods - Jun 2008
Sri Lanka,Flash Floods,Jun 2008,Sri Lanka: Flash Floods - Jun 2008
Central America,Tropical Storm Arthur,May 2008,Central America: Tropical Storm Arthur - May 2008
Central America,Tropical Storm Alma,May 2008,Central America: Tropical Storm Alma - May 2008
Colombia,Floods,May 2008,Colombia: Floods - May 2008
Burkina Faso,Floods,May 2008,Burkina Faso: Floods - May 2008
China,Floods,May 2008,China: Floods - May 2008
Mongolia,Snowstorm,May 2008,Mongolia: Snowstorm - May 2008
Colombia,Earthquake,May 2008,Colombia: Earthquake - May 2008
Chile,Floods,May 2008,Chile: Floods - May 2008
India,Heat Wave,May 2008,India: Heat Wave - May 2008
Philippines,Flash Floods,May 2008,Philippines: Flash Floods - May 2008
Indonesia,Earthquake,Aug 2026,Indonesia: Earthquake - Aug 2026
Colombia,Earthquake,Aug 2026,Colombia: Earthquake - Aug 2026
Myanmar,Floods,Jul 2026,Myanmar: Floods - Jul 2026
Afghanistan,Flash Floods,Jul 2026,Afghanistan: Flash Floods - Jul 2026
India,Flash Floods,Jul 2026,India: Flash Floods - Jul 2026
Kyrgyzstan,Flash Floods,Jul 2026,Kyrgyzstan: Flash Floods - Jul 2026
Tajikistan,Floods,Jul 2026,Tajikistan: Floods - Jul 2026
Bangladesh,Flash Floods,Jul 2026,Bangladesh: Flash Floods - Jul 2026
Georgia,Floods,Jun 2026,Georgia: Floods - Jun 2026
Central African Republic,Cholera Outbreak,Jun 2026,Central African Republic: Cholera Outbreak - Jun 2026
Venezuela,Earthquakes,Jun 2026,Venezuela: Earthquakes - Jun 2026
Chad,Cholera Outbreak,Jun 2026,Chad: Cholera Outbreak - Jun 2026
Philippines,Earthquake and Tsunami,Jun 2026,Philippines: Earthquake and Tsunami - Jun 2026
Armenia,Hailstorm,Jun 2026,Armenia: Hailstorm - Jun 2026
Syria,Floods,May 2026,Syria: Floods - May 2026
Central/Eastern Africa,Ebola Outbreak,May 2026,Central/Eastern Africa: Ebola Outbreak - May 2026
Sri Lanka,Dengue Outbreak,May 2026,Sri Lanka: Dengue Outbreak - May 2026
Dominican Republic,Floods,Apr 2026,Dominican Republic: Floods - Apr 2026
Yemen,Floods,Mar 2026,Yemen: Floods - Mar 2026
Tanzania,Floods and Landslides,Mar 2026,Tanzania: Floods and Landslides - Mar 2026
Liberia,Windstorms,Mar 2026,Liberia: Windstorms - Mar 2026
Botswana,Floods,Mar 2026,Botswana: Floods - Mar 2026
Ethiopia,Floods and Landslides,Mar 2026,Ethiopia: Floods and Landslides - Mar 2026
Kenya,Floods,Mar 2026,Kenya: Floods - Mar 2026
Suriname,Chikungunya Virus Outbreak,Mar 2026,Suriname: Chikungunya Virus Outbreak - Mar 2026
Brazil,Floods,Feb 2026,Brazil: Floods - Feb 2026
Peru,Floods and Landslides,Feb 2026,Peru: Floods and Landslides - Feb 2026
Angola,Floods,Feb 2026,Angola: Floods - Feb 2026
Zambia,Cholera Outbreak,Feb 2026,Zambia: Cholera Outbreak - Feb 2026
Cameroon,Fires,Feb 2026,Cameroon: Fires - Feb 2026
Somalia,Dengue Outbreak,Feb 2026,Somalia: Dengue Outbreak - Feb 2026
Rwanda,Flash Floods,Jan 2026,Rwanda: Flash Floods - Jan 2026
Algeria,Floods,Jan 2026,Algeria: Floods - Jan 2026
Argentina,Landslides,Jan 2026,Argentina: Landslides - Jan 2026
South Africa,Floods,Jan 2026,South Africa: Floods - Jan 2026
North Macedonia,Floods,Jan 2026,North Macedonia: Floods - Jan 2026
Malawi,Floods,Jan 2026,Malawi: Floods - Jan 2026
Serbia,Cold Wave,Jan 2026,Serbia: Cold Wave - Jan 2026
Guatemala,Measles Outbreak,Jan 2026,Guatemala: Measles Outbreak - Jan 2026
Ecuador,Floods,Jan 2026,Ecuador: Floods - Jan 2026
Zimbabwe,Floods,Jan 2026,Zimbabwe: Floods - Jan 2026
Mozambique,Floods,Dec 2025,Mozambique: Floods - Dec 2025
Chile,Wild Fires,Dec 2025,Chile: Wild Fires - Dec 2025
Gabon,Windstorms,Dec 2025,Gabon: Windstorms - Dec 2025
Morocco,Floods,Dec 2025,Morocco: Floods - Dec 2025
Bolivia,Floods,Dec 2025,Bolivia: Floods - Dec 2025
Congo,Floods,Nov 2025,Congo: Floods - Nov 2025
Cuba,Arboviral Outbreak,Oct 2025,Cuba: Arboviral Outbreak - Oct 2025
Egypt,Floods,Oct 2025,Egypt: Floods - Oct 2025
Cabo Verde,Flash Floods,Aug 2025,Cabo Verde: Flash Floods - Aug 2025
South Sudan,Floods,Jul 2025,South Sudan: Floods - Jul 2025
Sudan,Floods,Jul 2025,Sudan: Floods - Jul 2025
Honduras,Floods,Jun 2025,Honduras: Floods - Jun 2025
Panama,River Pollution,Jun 2025,Panama: River Pollution - Jun 2025
Côte d'Ivoire,Cholera Outbreak,Jun 2025,Côte d'Ivoire: Cholera Outbreak - Jun 2025
Pacific,Dengue Outbreak,2025,Pacific: Dengue Outbreak - 2025-2026
Ghana,Cholera Outbreak,Oct 2024,Ghana: Cholera Outbreak - Oct 2024
Namibia,Drought,May 2024,Namibia: Drought - May 2024
Niger,Diphtheria Outbreak,Oct 2023,Niger: Diphtheria Outbreak - Oct 2023
Nigeria,Lassa Fever Outbreak,Jan 2023,Nigeria: Lassa Fever Outbreak - Jan 2023
Burundi,Cholera Outbreak,Jan 2023,Burundi: Cholera Outbreak - Jan 2023
China,Earthquake in Sichuan Province,May 2008,China: Earthquake in Sichuan Province - May 2008
Mongolia,Hand/Foot/Mouth Disease Outbreak,Jun 2008,Mongolia: Hand/Foot/Mouth Disease Outbreak - Jun 2008
Brazil,Extratropical Cyclone,May 2008,Brazil: Extratropical Cyclone - May 2008
Myanmar,Tropical Cyclone Nargis,May 2008,Myanmar: Tropical Cyclone Nargis - May 2008
Chile,Volcano Chaitén,May 2008,Chile: Volcano Chaitén - May 2008
Southeast Asia,Floods,May 2008,Southeast Asia: Floods - May 2008
Sri Lanka,Floods,Mar 2008,Sri Lanka: Floods - Mar 2008
China,Typhoon Neoguri,Apr 2008,China: Typhoon Neoguri - Apr 2008
DR Congo,Airplane Crash,Apr 2008,DR Congo: Airplane Crash - Apr 2008
Colombia,Nevado del Huila Volcano,Apr 2008,Colombia: Nevado del Huila Volcano - Apr 2008
Papua New Guinea,Landslides,Apr 2008,Papua New Guinea: Landslides - Apr 2008
Tanzania,Technical Accident and Floods,Apr 2008,Tanzania: Technical Accident and Floods - Apr 2008
Argentina,Floods,Mar 2008,Argentina: Floods - Mar 2008
Albania,Explosions,Mar 2008,Albania: Explosions - Mar 2008
Paraguay,Floods,Mar 2008,Paraguay: Floods - Mar 2008
Mozambique,Cyclone Jokwe,Mar 2008,Mozambique: Cyclone Jokwe - Mar 2008
Kazakhstan,Floods,Mar 2008,Kazakhstan: Floods - Mar 2008
Peru,Floods,Feb 2008,Peru: Floods - Feb 2008
Indonesia,Earthquake,Feb 2008,Indonesia: Earthquake - Feb 2008
Philippines,Floods and Landslides,Feb 2008,Philippines: Floods and Landslides - Feb 2008
Indonesia,Earthquake,Aug 2026,Indonesia: Earthquake - Aug 2026
Colombia,Earthquake,Aug 2026,Colombia: Earthquake - Aug 2026
Myanmar,Floods,Jul 2026,Myanmar: Floods - Jul 2026
Afghanistan,Flash Floods,Jul 2026,Afghanistan: Flash Floods - Jul 2026
India,Flash Floods,Jul 2026,India: Flash Floods - Jul 2026
Kyrgyzstan,Flash Floods,Jul 2026,Kyrgyzstan: Flash Floods - Jul 2026
Tajikistan,Floods,Jul 2026,Tajikistan: Floods - Jul 2026
Bangladesh,Flash Floods,Jul 2026,Bangladesh: Flash Floods - Jul 2026
Georgia,Floods,Jun 2026,Georgia: Floods - Jun 2026
Central African Republic,Cholera Outbreak,Jun 2026,Central African Republic: Cholera Outbreak - Jun 2026
Venezuela,Earthquakes,Jun 2026,Venezuela: Earthquakes - Jun 2026
Chad,Cholera Outbreak,Jun 2026,Chad: Cholera Outbreak - Jun 2026
Philippines,Earthquake and Tsunami,Jun 2026,Philippines: Earthquake and Tsunami - Jun 2026
Armenia,Hailstorm,Jun 2026,Armenia: Hailstorm - Jun 2026
Syria,Floods,May 2026,Syria: Floods - May 2026
Central/Eastern Africa,Ebola Outbreak,May 2026,Central/Eastern Africa: Ebola Outbreak - May 2026
Sri Lanka,Dengue Outbreak,May 2026,Sri Lanka: Dengue Outbreak - May 2026
Dominican Republic,Floods,Apr 2026,Dominican Republic: Floods - Apr 2026
Yemen,Floods,Mar 2026,Yemen: Floods - Mar 2026
Tanzania,Floods and Landslides,Mar 2026,Tanzania: Floods and Landslides - Mar 2026
Liberia,Windstorms,Mar 2026,Liberia: Windstorms - Mar 2026
Botswana,Floods,Mar 2026,Botswana: Floods - Mar 2026
Ethiopia,Floods and Landslides,Mar 2026,Ethiopia: Floods and Landslides - Mar 2026
Kenya,Floods,Mar 2026,Kenya: Floods - Mar 2026
Suriname,Chikungunya Virus Outbreak,Mar 2026,Suriname: Chikungunya Virus Outbreak - Mar 2026
Brazil,Floods,Feb 2026,Brazil: Floods - Feb 2026
Peru,Floods and Landslides,Feb 2026,Peru: Floods and Landslides - Feb 2026
Angola,Floods,Feb 2026,Angola: Floods - Feb 2026
Zambia,Cholera Outbreak,Feb 2026,Zambia: Cholera Outbreak - Feb 2026
Cameroon,Fires,Feb 2026,Cameroon: Fires - Feb 2026
Somalia,Dengue Outbreak,Feb 2026,Somalia: Dengue Outbreak - Feb 2026
Rwanda,Flash Floods,Jan 2026,Rwanda: Flash Floods - Jan 2026
Algeria,Floods,Jan 2026,Algeria: Floods - Jan 2026
Argentina,Landslides,Jan 2026,Argentina: Landslides - Jan 2026
South Africa,Floods,Jan 2026,South Africa: Floods - Jan 2026
North Macedonia,Floods,Jan 2026,North Macedonia: Floods - Jan 2026
Malawi,Floods,Jan 2026,Malawi: Floods - Jan 2026
Serbia,Cold Wave,Jan 2026,Serbia: Cold Wave - Jan 2026
Guatemala,Measles Outbreak,Jan 2026,Guatemala: Measles Outbreak - Jan 2026
Ecuador,Floods,Jan 2026,Ecuador: Floods - Jan 2026
Zimbabwe,Floods,Jan 2026,Zimbabwe: Floods - Jan 2026
Mozambique,Floods,Dec 2025,Mozambique: Floods - Dec 2025
Chile,Wild Fires,Dec 2025,Chile: Wild Fires - Dec 2025
Gabon,Windstorms,Dec 2025,Gabon: Windstorms - Dec 2025
Morocco,Floods,Dec 2025,Morocco: Floods - Dec 2025
Bolivia,Floods,Dec 2025,Bolivia: Floods - Dec 2025
Congo,Floods,Nov 2025,Congo: Floods - Nov 2025
Cuba,Arboviral Outbreak,Oct 2025,Cuba: Arboviral Outbreak - Oct 2025
Egypt,Floods,Oct 2025,Egypt: Floods - Oct 2025
Cabo Verde,Flash Floods,Aug 2025,Cabo Verde: Flash Floods - Aug 2025
South Sudan,Floods,Jul 2025,South Sudan: Floods - Jul 2025
Sudan,Floods,Jul 2025,Sudan: Floods - Jul 2025
Honduras,Floods,Jun 2025,Honduras: Floods - Jun 2025
Panama,River Pollution,Jun 2025,Panama: River Pollution - Jun 2025
Côte d'Ivoire,Cholera Outbreak,Jun 2025,Côte d'Ivoire: Cholera Outbreak - Jun 2025
Pacific,Dengue Outbreak,2025,Pacific: Dengue Outbreak - 2025-2026
Ghana,Cholera Outbreak,Oct 2024,Ghana: Cholera Outbreak - Oct 2024
Namibia,Drought,May 2024,Namibia: Drought - May 2024
Niger,Diphtheria Outbreak,Oct 2023,Niger: Diphtheria Outbreak - Oct 2023
Nigeria,Lassa Fever Outbreak,Jan 2023,Nigeria: Lassa Fever Outbreak - Jan 2023
Burundi,Cholera Outbreak,Jan 2023,Burundi: Cholera Outbreak - Jan 2023
Madagascar,Cyclone Ivan,Feb 2008,Madagascar: Cyclone Ivan - Feb 2008
Brazil/Paraguay,Dengue and Yellow Fever Outbreaks,Feb 2008,Brazil/Paraguay: Dengue and Yellow Fever Outbreaks - Feb 2008
India,Drought,Feb 2008,India: Drought - Feb 2008
Ecuador,Floods,Feb 2008,Ecuador: Floods - Feb 2008
Great Lakes,Earthquake,Feb 2008,Great Lakes: Earthquake - Feb 2008
South Pacific,Tropical Cyclone Gene,Jan 2008,South Pacific: Tropical Cyclone Gene - Jan 2008
Tajikistan,Cold Wave,Jan 2008,Tajikistan: Cold Wave - Jan 2008
China,Cold Wave,Jan 2008,China: Cold Wave - Jan 2008
Brazil,Floods,Jan 2008,Brazil: Floods - Jan 2008
Tanzania,Floods,Jan 2008,Tanzania: Floods - Jan 2008
Colombia,Volcanic Eruption,Jan 2008,Colombia: Volcanic Eruption - Jan 2008
Afghanistan,Avalanches and Heavy Snowfalls,Jan 2008,Afghanistan: Avalanches and Heavy Snowfalls - Jan 2008
Ecuador,Tungurahua Volcano,Jan 2008,Ecuador: Tungurahua Volcano - Jan 2008
Chile,Volcano,Jan 2008,Chile: Volcano - Jan 2008
Kyrgyzstan,Osh Earthquake,Jan 2008,Kyrgyzstan: Osh Earthquake - Jan 2008
Bolivia,Floods,Dec 2007,Bolivia: Floods - Dec 2007
Indonesia,Floods and Landslides,Dec 2007,Indonesia: Floods and Landslides - Dec 2007
Sri Lanka,Floods,Dec 2007,Sri Lanka: Floods - Dec 2007
Southern Africa,Floods,Dec 2007,Southern Africa: Floods - Dec 2007
Caribbean,Tropical Storm Olga,Dec 2007,Caribbean: Tropical Storm Olga - Dec 2007
Indonesia,Earthquake,Aug 2026,Indonesia: Earthquake - Aug 2026
Colombia,Earthquake,Aug 2026,Colombia: Earthquake - Aug 2026
Myanmar,Floods,Jul 2026,Myanmar: Floods - Jul 2026
Afghanistan,Flash Floods,Jul 2026,Afghanistan: Flash Floods - Jul 2026
India,Flash Floods,Jul 2026,India: Flash Floods - Jul 2026
Kyrgyzstan,Flash Floods,Jul 2026,Kyrgyzstan: Flash Floods - Jul 2026
Tajikistan,Floods,Jul 2026,Tajikistan: Floods - Jul 2026
Bangladesh,Flash Floods,Jul 2026,Bangladesh: Flash Floods - Jul 2026
Georgia,Floods,Jun 2026,Georgia: Floods - Jun 2026
Central African Republic,Cholera Outbreak,Jun 2026,Central African Republic: Cholera Outbreak - Jun 2026
Venezuela,Earthquakes,Jun 2026,Venezuela: Earthquakes - Jun 2026
Chad,Cholera Outbreak,Jun 2026,Chad: Cholera Outbreak - Jun 2026
Philippines,Earthquake and Tsunami,Jun 2026,Philippines: Earthquake and Tsunami - Jun 2026
Armenia,Hailstorm,Jun 2026,Armenia: Hailstorm - Jun 2026
Syria,Floods,May 2026,Syria: Floods - May 2026
Central/Eastern Africa,Ebola Outbreak,May 2026,Central/Eastern Africa: Ebola Outbreak - May 2026
Sri Lanka,Dengue Outbreak,May 2026,Sri Lanka: Dengue Outbreak - May 2026
Dominican Republic,Floods,Apr 2026,Dominican Republic: Floods - Apr 2026
Yemen,Floods,Mar 2026,Yemen: Floods - Mar 2026
Tanzania,Floods and Landslides,Mar 2026,Tanzania: Floods and Landslides - Mar 2026
Liberia,Windstorms,Mar 2026,Liberia: Windstorms - Mar 2026
Botswana,Floods,Mar 2026,Botswana: Floods - Mar 2026
Ethiopia,Floods and Landslides,Mar 2026,Ethiopia: Floods and Landslides - Mar 2026
Kenya,Floods,Mar 2026,Kenya: Floods - Mar 2026
Suriname,Chikungunya Virus Outbreak,Mar 2026,Suriname: Chikungunya Virus Outbreak - Mar 2026
Brazil,Floods,Feb 2026,Brazil: Floods - Feb 2026
Peru,Floods and Landslides,Feb 2026,Peru: Floods and Landslides - Feb 2026
Angola,Floods,Feb 2026,Angola: Floods - Feb 2026
Zambia,Cholera Outbreak,Feb 2026,Zambia: Cholera Outbreak - Feb 2026
Cameroon,Fires,Feb 2026,Cameroon: Fires - Feb 2026
Somalia,Dengue Outbreak,Feb 2026,Somalia: Dengue Outbreak - Feb 2026
Rwanda,Flash Floods,Jan 2026,Rwanda: Flash Floods - Jan 2026
Algeria,Floods,Jan 2026,Algeria: Floods - Jan 2026
Argentina,Landslides,Jan 2026,Argentina: Landslides - Jan 2026
South Africa,Floods,Jan 2026,South Africa: Floods - Jan 2026
North Macedonia,Floods,Jan 2026,North Macedonia: Floods - Jan 2026
Malawi,Floods,Jan 2026,Malawi: Floods - Jan 2026
Serbia,Cold Wave,Jan 2026,Serbia: Cold Wave - Jan 2026
Guatemala,Measles Outbreak,Jan 2026,Guatemala: Measles Outbreak - Jan 2026
Ecuador,Floods,Jan 2026,Ecuador: Floods - Jan 2026
Zimbabwe,Floods,Jan 2026,Zimbabwe: Floods - Jan 2026
Mozambique,Floods,Dec 2025,Mozambique: Floods - Dec 2025
Chile,Wild Fires,Dec 2025,Chile: Wild Fires - Dec 2025
Gabon,Windstorms,Dec 2025,Gabon: Windstorms - Dec 2025
Morocco,Floods,Dec 2025,Morocco: Floods - Dec 2025
Bolivia,Floods,Dec 2025,Bolivia: Floods - Dec 2025
Congo,Floods,Nov 2025,Congo: Floods - Nov 2025
Cuba,Arboviral Outbreak,Oct 2025,Cuba: Arboviral Outbreak - Oct 2025
Egypt,Floods,Oct 2025,Egypt: Floods - Oct 2025
Cabo Verde,Flash Floods,Aug 2025,Cabo Verde: Flash Floods - Aug 2025
South Sudan,Floods,Jul 2025,South Sudan: Floods - Jul 2025
Sudan,Floods,Jul 2025,Sudan: Floods - Jul 2025
Honduras,Floods,Jun 2025,Honduras: Floods - Jun 2025
Panama,River Pollution,Jun 2025,Panama: River Pollution - Jun 2025
Côte d'Ivoire,Cholera Outbreak,Jun 2025,Côte d'Ivoire: Cholera Outbreak - Jun 2025
Pacific,Dengue Outbreak,2025,Pacific: Dengue Outbreak - 2025-2026
Ghana,Cholera Outbreak,Oct 2024,Ghana: Cholera Outbreak - Oct 2024
Namibia,Drought,May 2024,Namibia: Drought - May 2024
Niger,Diphtheria Outbreak,Oct 2023,Niger: Diphtheria Outbreak - Oct 2023
Nigeria,Lassa Fever Outbreak,Jan 2023,Nigeria: Lassa Fever Outbreak - Jan 2023
Burundi,Cholera Outbreak,Jan 2023,Burundi: Cholera Outbreak - Jan 2023
Algeria,Explosion,Dec 2007,Algeria: Explosion - Dec 2007
Fiji,Cyclone Daman,Dec 2007,Fiji: Cyclone Daman - Dec 2007
Malaysia,Floods,Dec 2007,Malaysia: Floods - Dec 2007
Rep. of Korea,Hebei Spirit Oil Spill,Dec 2007,Rep. of Korea: Hebei Spirit Oil Spill - Dec 2007
Kenya,Floods,Dec 2007,Kenya: Floods - Dec 2007
Uganda,Ebola Outbreak,Nov 2007,Uganda: Ebola Outbreak - Nov 2007
Montenegro,Floods,Nov 2007,Montenegro: Floods - Nov 2007
Caribbean,Earthquake,Nov 2007,Caribbean: Earthquake - Nov 2007
Serbia,Floods,Nov 2007,Serbia: Floods - Nov 2007
Indonesia,Sumbawa Earthquake,Nov 2007,Indonesia: Sumbawa Earthquake - Nov 2007
Papua New Guinea,Cyclone Guba,Nov 2007,Papua New Guinea: Cyclone Guba - Nov 2007
Philippines,Floods and Landslides,Nov 2007,Philippines: Floods and Landslides - Nov 2007
Republic of Congo,Floods and Landslides,Nov 2007,Republic of Congo: Floods and Landslides - Nov 2007
Chile,Earthquake,Nov 2007,Chile: Earthquake - Nov 2007
Thailand,Floods,Nov 2007,Thailand: Floods - Nov 2007
Mexico,Tabasco and Chiapas Floods,Oct 2007,Mexico: Tabasco and Chiapas Floods - Oct 2007
DR Congo,Floods,Oct 2007,DR Congo: Floods - Oct 2007
Guatemala,Floods,Oct 2007,Guatemala: Floods - Oct 2007
Indonesia,Earthquake,Aug 2026,Indonesia: Earthquake - Aug 2026
Colombia,Earthquake,Aug 2026,Colombia: Earthquake - Aug 2026
Myanmar,Floods,Jul 2026,Myanmar: Floods - Jul 2026
Afghanistan,Flash Floods,Jul 2026,Afghanistan: Flash Floods - Jul 2026
India,Flash Floods,Jul 2026,India: Flash Floods - Jul 2026
Kyrgyzstan,Flash Floods,Jul 2026,Kyrgyzstan: Flash Floods - Jul 2026
Tajikistan,Floods,Jul 2026,Tajikistan: Floods - Jul 2026
Bangladesh,Flash Floods,Jul 2026,Bangladesh: Flash Floods - Jul 2026
Georgia,Floods,Jun 2026,Georgia: Floods - Jun 2026
Central African Republic,Cholera Outbreak,Jun 2026,Central African Republic: Cholera Outbreak - Jun 2026
Venezuela,Earthquakes,Jun 2026,Venezuela: Earthquakes - Jun 2026
Chad,Cholera Outbreak,Jun 2026,Chad: Cholera Outbreak - Jun 2026
Philippines,Earthquake and Tsunami,Jun 2026,Philippines: Earthquake and Tsunami - Jun 2026
Armenia,Hailstorm,Jun 2026,Armenia: Hailstorm - Jun 2026
Syria,Floods,May 2026,Syria: Floods - May 2026
Central/Eastern Africa,Ebola Outbreak,May 2026,Central/Eastern Africa: Ebola Outbreak - May 2026
Sri Lanka,Dengue Outbreak,May 2026,Sri Lanka: Dengue Outbreak - May 2026
Dominican Republic,Floods,Apr 2026,Dominican Republic: Floods - Apr 2026
Yemen,Floods,Mar 2026,Yemen: Floods - Mar 2026
Tanzania,Floods and Landslides,Mar 2026,Tanzania: Floods and Landslides - Mar 2026
Liberia,Windstorms,Mar 2026,Liberia: Windstorms - Mar 2026
Botswana,Floods,Mar 2026,Botswana: Floods - Mar 2026
Ethiopia,Floods and Landslides,Mar 2026,Ethiopia: Floods and Landslides - Mar 2026
Kenya,Floods,Mar 2026,Kenya: Floods - Mar 2026
Suriname,Chikungunya Virus Outbreak,Mar 2026,Suriname: Chikungunya Virus Outbreak - Mar 2026
Brazil,Floods,Feb 2026,Brazil: Floods - Feb 2026
Peru,Floods and Landslides,Feb 2026,Peru: Floods and Landslides - Feb 2026
Angola,Floods,Feb 2026,Angola: Floods - Feb 2026
Zambia,Cholera Outbreak,Feb 2026,Zambia: Cholera Outbreak - Feb 2026
Cameroon,Fires,Feb 2026,Cameroon: Fires - Feb 2026
Somalia,Dengue Outbreak,Feb 2026,Somalia: Dengue Outbreak - Feb 2026
Rwanda,Flash Floods,Jan 2026,Rwanda: Flash Floods - Jan 2026
Algeria,Floods,Jan 2026,Algeria: Floods - Jan 2026
Argentina,Landslides,Jan 2026,Argentina: Landslides - Jan 2026
South Africa,Floods,Jan 2026,South Africa: Floods - Jan 2026
North Macedonia,Floods,Jan 2026,North Macedonia: Floods - Jan 2026
Malawi,Floods,Jan 2026,Malawi: Floods - Jan 2026
Serbia,Cold Wave,Jan 2026,Serbia: Cold Wave - Jan 2026
Guatemala,Measles Outbreak,Jan 2026,Guatemala: Measles Outbreak - Jan 2026
Ecuador,Floods,Jan 2026,Ecuador: Floods - Jan 2026
Zimbabwe,Floods,Jan 2026,Zimbabwe: Floods - Jan 2026
Mozambique,Floods,Dec 2025,Mozambique: Floods - Dec 2025
Chile,Wild Fires,Dec 2025,Chile: Wild Fires - Dec 2025
Gabon,Windstorms,Dec 2025,Gabon: Windstorms - Dec 2025
Morocco,Floods,Dec 2025,Morocco: Floods - Dec 2025
Bolivia,Floods,Dec 2025,Bolivia: Floods - Dec 2025
Congo,Floods,Nov 2025,Congo: Floods - Nov 2025
Cuba,Arboviral Outbreak,Oct 2025,Cuba: Arboviral Outbreak - Oct 2025
Egypt,Floods,Oct 2025,Egypt: Floods - Oct 2025
Cabo Verde,Flash Floods,Aug 2025,Cabo Verde: Flash Floods - Aug 2025
South Sudan,Floods,Jul 2025,South Sudan: Floods - Jul 2025
Sudan,Floods,Jul 2025,Sudan: Floods - Jul 2025
Honduras,Floods,Jun 2025,Honduras: Floods - Jun 2025
Panama,River Pollution,Jun 2025,Panama: River Pollution - Jun 2025
Côte d'Ivoire,Cholera Outbreak,Jun 2025,Côte d'Ivoire: Cholera Outbreak - Jun 2025
Pacific,Dengue Outbreak,2025,Pacific: Dengue Outbreak - 2025-2026
Ghana,Cholera Outbreak,Oct 2024,Ghana: Cholera Outbreak - Oct 2024
Namibia,Drought,May 2024,Namibia: Drought - May 2024
Niger,Diphtheria Outbreak,Oct 2023,Niger: Diphtheria Outbreak - Oct 2023
Nigeria,Lassa Fever Outbreak,Jan 2023,Nigeria: Lassa Fever Outbreak - Jan 2023
Burundi,Cholera Outbreak,Jan 2023,Burundi: Cholera Outbreak - Jan 2023
Nicaragua,Floods,Oct 2007,Nicaragua: Floods - Oct 2007
Indonesia,Mt. Kelud Volcano,Oct 2007,Indonesia: Mt. Kelud Volcano - Oct 2007
Haiti,Floods,Oct 2007,Haiti: Floods - Oct 2007
Philippines,Mudslide,Oct 2007,Philippines: Mudslide - Oct 2007
Tunisia,Flash Floods,Oct 2007,Tunisia: Flash Floods - Oct 2007
Moldova,Drought,Sep 2007,Moldova: Drought - Sep 2007
Costa Rica,Floods,Sep 2007,Costa Rica: Floods - Sep 2007
Sierra Leone,Floods,Sep 2007,Sierra Leone: Floods - Sep 2007
Central African Republic,Floods,Sep 2007,Central African Republic: Floods - Sep 2007
Benin,Floods,Sep 2007,Benin: Floods - Sep 2007
Rwanda,Floods,Sep 2007,Rwanda: Floods - Sep 2007
Mexico,Floods,Sep 2007,Mexico: Floods - Sep 2007
Togo,Floods,Sep 2007,Togo: Floods - Sep 2007
Indonesia,Earthquake,Sep 2007,Indonesia: Earthquake - Sep 2007
Romania,Floods,Sep 2007,Romania: Floods - Sep 2007
Paraguay,Forest Fires,Sep 2007,Paraguay: Forest Fires - Sep 2007
Ghana,Floods,Sept 2007,Ghana: Floods - Sept 2007
Indonesia,Earthquake,Aug 2026,Indonesia: Earthquake - Aug 2026
Colombia,Earthquake,Aug 2026,Colombia: Earthquake - Aug 2026
Myanmar,Floods,Jul 2026,Myanmar: Floods - Jul 2026
Afghanistan,Flash Floods,Jul 2026,Afghanistan: Flash Floods - Jul 2026
India,Flash Floods,Jul 2026,India: Flash Floods - Jul 2026
Kyrgyzstan,Flash Floods,Jul 2026,Kyrgyzstan: Flash Floods - Jul 2026
Tajikistan,Floods,Jul 2026,Tajikistan: Floods - Jul 2026
Bangladesh,Flash Floods,Jul 2026,Bangladesh: Flash Floods - Jul 2026
Georgia,Floods,Jun 2026,Georgia: Floods - Jun 2026
Central African Republic,Cholera Outbreak,Jun 2026,Central African Republic: Cholera Outbreak - Jun 2026
Venezuela,Earthquakes,Jun 2026,Venezuela: Earthquakes - Jun 2026
Chad,Cholera Outbreak,Jun 2026,Chad: Cholera Outbreak - Jun 2026
Philippines,Earthquake and Tsunami,Jun 2026,Philippines: Earthquake and Tsunami - Jun 2026
Armenia,Hailstorm,Jun 2026,Armenia: Hailstorm - Jun 2026
Syria,Floods,May 2026,Syria: Floods - May 2026
Central/Eastern Africa,Ebola Outbreak,May 2026,Central/Eastern Africa: Ebola Outbreak - May 2026
Sri Lanka,Dengue Outbreak,May 2026,Sri Lanka: Dengue Outbreak - May 2026
Dominican Republic,Floods,Apr 2026,Dominican Republic: Floods - Apr 2026
Yemen,Floods,Mar 2026,Yemen: Floods - Mar 2026
Tanzania,Floods and Landslides,Mar 2026,Tanzania: Floods and Landslides - Mar 2026
Liberia,Windstorms,Mar 2026,Liberia: Windstorms - Mar 2026
Botswana,Floods,Mar 2026,Botswana: Floods - Mar 2026
Ethiopia,Floods and Landslides,Mar 2026,Ethiopia: Floods and Landslides - Mar 2026
Kenya,Floods,Mar 2026,Kenya: Floods - Mar 2026
Suriname,Chikungunya Virus Outbreak,Mar 2026,Suriname: Chikungunya Virus Outbreak - Mar 2026
Brazil,Floods,Feb 2026,Brazil: Floods - Feb 2026
Peru,Floods and Landslides,Feb 2026,Peru: Floods and Landslides - Feb 2026
Angola,Floods,Feb 2026,Angola: Floods - Feb 2026
Zambia,Cholera Outbreak,Feb 2026,Zambia: Cholera Outbreak - Feb 2026
Cameroon,Fires,Feb 2026,Cameroon: Fires - Feb 2026
Somalia,Dengue Outbreak,Feb 2026,Somalia: Dengue Outbreak - Feb 2026
Rwanda,Flash Floods,Jan 2026,Rwanda: Flash Floods - Jan 2026
Algeria,Floods,Jan 2026,Algeria: Floods - Jan 2026
Argentina,Landslides,Jan 2026,Argentina: Landslides - Jan 2026
South Africa,Floods,Jan 2026,South Africa: Floods - Jan 2026
North Macedonia,Floods,Jan 2026,North Macedonia: Floods - Jan 2026
Malawi,Floods,Jan 2026,Malawi: Floods - Jan 2026
Serbia,Cold Wave,Jan 2026,Serbia: Cold Wave - Jan 2026
Guatemala,Measles Outbreak,Jan 2026,Guatemala: Measles Outbreak - Jan 2026
Ecuador,Floods,Jan 2026,Ecuador: Floods - Jan 2026
Zimbabwe,Floods,Jan 2026,Zimbabwe: Floods - Jan 2026
Mozambique,Floods,Dec 2025,Mozambique: Floods - Dec 2025
Chile,Wild Fires,Dec 2025,Chile: Wild Fires - Dec 2025
Gabon,Windstorms,Dec 2025,Gabon: Windstorms - Dec 2025
Morocco,Floods,Dec 2025,Morocco: Floods - Dec 2025
Bolivia,Floods,Dec 2025,Bolivia: Floods - Dec 2025
Congo,Floods,Nov 2025,Congo: Floods - Nov 2025
Cuba,Arboviral Outbreak,Oct 2025,Cuba: Arboviral Outbreak - Oct 2025
Egypt,Floods,Oct 2025,Egypt: Floods - Oct 2025
Cabo Verde,Flash Floods,Aug 2025,Cabo Verde: Flash Floods - Aug 2025
South Sudan,Floods,Jul 2025,South Sudan: Floods - Jul 2025
Sudan,Floods,Jul 2025,Sudan: Floods - Jul 2025
Honduras,Floods,Jun 2025,Honduras: Floods - Jun 2025
Panama,River Pollution,Jun 2025,Panama: River Pollution - Jun 2025
Côte d'Ivoire,Cholera Outbreak,Jun 2025,Côte d'Ivoire: Cholera Outbreak - Jun 2025
Pacific,Dengue Outbreak,2025,Pacific: Dengue Outbreak - 2025-2026
Ghana,Cholera Outbreak,Oct 2024,Ghana: Cholera Outbreak - Oct 2024
Namibia,Drought,May 2024,Namibia: Drought - May 2024
Niger,Diphtheria Outbreak,Oct 2023,Niger: Diphtheria Outbreak - Oct 2023
Nigeria,Lassa Fever Outbreak,Jan 2023,Nigeria: Lassa Fever Outbreak - Jan 2023
Burundi,Cholera Outbreak,Jan 2023,Burundi: Cholera Outbreak - Jan 2023
Chad,Floods,Aug 2007,Chad: Floods - Aug 2007
Cameroon,Floods,Aug 2007,Cameroon: Floods - Aug 2007
Niger,Floods,Aug 2007,Niger: Floods - Aug 2007
Ethiopia,Floods,Aug 2007,Ethiopia: Floods - Aug 2007
Liberia,Floods,Aug 2007,Liberia: Floods - Aug 2007
Greece,Forest Fires,Aug 2007,Greece: Forest Fires - Aug 2007
Indonesia,Volcano Karangetang,Aug 2007,Indonesia: Volcano Karangetang - Aug 2007
Uganda,Floods,Aug 2007,Uganda: Floods - Aug 2007
Kenya,Floods,Aug 2007,Kenya: Floods - Aug 2007
Peru,Earthquake,Aug 2007,Peru: Earthquake - Aug 2007
Côte d'Ivoire,Floods,Aug 2007,Côte d'Ivoire: Floods - Aug 2007
Senegal,Floods,Aug 2007,Senegal: Floods - Aug 2007
DPR Korea,Floods,Aug 2007,DPR Korea: Floods - Aug 2007
East Africa,Floods,Aug 2007,East Africa: Floods - Aug 2007
Mauritania,Floods,Aug 2007,Mauritania: Floods - Aug 2007
Kenya,Landslides,Aug 2007,Kenya: Landslides - Aug 2007
Philippines,Floods and Landslides,Aug 2007,Philippines: Floods and Landslides - Aug 2007
Indonesia,Earthquake,Aug 2026,Indonesia: Earthquake - Aug 2026
Colombia,Earthquake,Aug 2026,Colombia: Earthquake - Aug 2026
Myanmar,Floods,Jul 2026,Myanmar: Floods - Jul 2026
Afghanistan,Flash Floods,Jul 2026,Afghanistan: Flash Floods - Jul 2026
India,Flash Floods,Jul 2026,India: Flash Floods - Jul 2026
Kyrgyzstan,Flash Floods,Jul 2026,Kyrgyzstan: Flash Floods - Jul 2026
Tajikistan,Floods,Jul 2026,Tajikistan: Floods - Jul 2026
Bangladesh,Flash Floods,Jul 2026,Bangladesh: Flash Floods - Jul 2026
Georgia,Floods,Jun 2026,Georgia: Floods - Jun 2026
Central African Republic,Cholera Outbreak,Jun 2026,Central African Republic: Cholera Outbreak - Jun 2026
Venezuela,Earthquakes,Jun 2026,Venezuela: Earthquakes - Jun 2026
Chad,Cholera Outbreak,Jun 2026,Chad: Cholera Outbreak - Jun 2026
Philippines,Earthquake and Tsunami,Jun 2026,Philippines: Earthquake and Tsunami - Jun 2026
Armenia,Hailstorm,Jun 2026,Armenia: Hailstorm - Jun 2026
Syria,Floods,May 2026,Syria: Floods - May 2026
Central/Eastern Africa,Ebola Outbreak,May 2026,Central/Eastern Africa: Ebola Outbreak - May 2026
Sri Lanka,Dengue Outbreak,May 2026,Sri Lanka: Dengue Outbreak - May 2026
Dominican Republic,Floods,Apr 2026,Dominican Republic: Floods - Apr 2026
Yemen,Floods,Mar 2026,Yemen: Floods - Mar 2026
Tanzania,Floods and Landslides,Mar 2026,Tanzania: Floods and Landslides - Mar 2026
Liberia,Windstorms,Mar 2026,Liberia: Windstorms - Mar 2026
Botswana,Floods,Mar 2026,Botswana: Floods - Mar 2026
Ethiopia,Floods and Landslides,Mar 2026,Ethiopia: Floods and Landslides - Mar 2026
Kenya,Floods,Mar 2026,Kenya: Floods - Mar 2026
Suriname,Chikungunya Virus Outbreak,Mar 2026,Suriname: Chikungunya Virus Outbreak - Mar 2026
Brazil,Floods,Feb 2026,Brazil: Floods - Feb 2026
Peru,Floods and Landslides,Feb 2026,Peru: Floods and Landslides - Feb 2026
Angola,Floods,Feb 2026,Angola: Floods - Feb 2026
Zambia,Cholera Outbreak,Feb 2026,Zambia: Cholera Outbreak - Feb 2026
Cameroon,Fires,Feb 2026,Cameroon: Fires - Feb 2026
Somalia,Dengue Outbreak,Feb 2026,Somalia: Dengue Outbreak - Feb 2026
Rwanda,Flash Floods,Jan 2026,Rwanda: Flash Floods - Jan 2026
Algeria,Floods,Jan 2026,Algeria: Floods - Jan 2026
Argentina,Landslides,Jan 2026,Argentina: Landslides - Jan 2026
South Africa,Floods,Jan 2026,South Africa: Floods - Jan 2026
North Macedonia,Floods,Jan 2026,North Macedonia: Floods - Jan 2026
Malawi,Floods,Jan 2026,Malawi: Floods - Jan 2026
Serbia,Cold Wave,Jan 2026,Serbia: Cold Wave - Jan 2026
Guatemala,Measles Outbreak,Jan 2026,Guatemala: Measles Outbreak - Jan 2026
Ecuador,Floods,Jan 2026,Ecuador: Floods - Jan 2026
Zimbabwe,Floods,Jan 2026,Zimbabwe: Floods - Jan 2026
Mozambique,Floods,Dec 2025,Mozambique: Floods - Dec 2025
Chile,Wild Fires,Dec 2025,Chile: Wild Fires - Dec 2025
Gabon,Windstorms,Dec 2025,Gabon: Windstorms - Dec 2025
Morocco,Floods,Dec 2025,Morocco: Floods - Dec 2025
Bolivia,Floods,Dec 2025,Bolivia: Floods - Dec 2025
Congo,Floods,Nov 2025,Congo: Floods - Nov 2025
Cuba,Arboviral Outbreak,Oct 2025,Cuba: Arboviral Outbreak - Oct 2025
Egypt,Floods,Oct 2025,Egypt: Floods - Oct 2025
Cabo Verde,Flash Floods,Aug 2025,Cabo Verde: Flash Floods - Aug 2025
South Sudan,Floods,Jul 2025,South Sudan: Floods - Jul 2025
Sudan,Floods,Jul 2025,Sudan: Floods - Jul 2025
Honduras,Floods,Jun 2025,Honduras: Floods - Jun 2025
Panama,River Pollution,Jun 2025,Panama: River Pollution - Jun 2025
Côte d'Ivoire,Cholera Outbreak,Jun 2025,Côte d'Ivoire: Cholera Outbreak - Jun 2025
Pacific,Dengue Outbreak,2025,Pacific: Dengue Outbreak - 2025-2026
Ghana,Cholera Outbreak,Oct 2024,Ghana: Cholera Outbreak - Oct 2024
Namibia,Drought,May 2024,Namibia: Drought - May 2024
Niger,Diphtheria Outbreak,Oct 2023,Niger: Diphtheria Outbreak - Oct 2023
Nigeria,Lassa Fever Outbreak,Jan 2023,Nigeria: Lassa Fever Outbreak - Jan 2023
Burundi,Cholera Outbreak,Jan 2023,Burundi: Cholera Outbreak - Jan 2023
Viet Nam,Floods,Aug 2007,Viet Nam: Floods - Aug 2007
Nigeria,Floods,Aug 2007,Nigeria: Floods - Aug 2007
Burkina Faso,Floods,Aug 2007,Burkina Faso: Floods - Aug 2007
Swaziland,Fires,Aug 2007,Swaziland: Fires - Aug 2007
Russian Federation,Earthquake on Sakhalin Island,Aug 2007,Russian Federation: Earthquake on Sakhalin Island - Aug 2007
Uganda,Marburg Fever Outbreak,Jul 2007,Uganda: Marburg Fever Outbreak - Jul 2007
The former Yugoslav Republic of Macedonia,Forest Fires,Jul 2007,The former Yugoslav Republic of Macedonia: Forest Fires - Jul 2007
Gambia,Floods and Landslide,Jul 2007,Gambia: Floods and Landslide - Jul 2007
Timor-Leste,Floods and Landslides,Jul 2007,Timor-Leste: Floods and Landslides - Jul 2007
United Kingdom,Floods,Jul 2007,United Kingdom: Floods - Jul 2007
Ukraine,Storm,Jul 2007,Ukraine: Storm - Jul 2007
Indonesia,Floods and Landslides,Jul 2007,Indonesia: Floods and Landslides - Jul 2007
Tajikistan,Earthquake and Mudslides,Jul 2007,Tajikistan: Earthquake and Mudslides - Jul 2007
Central/Eastern Europe,Heat Wave,Jul 2007,Central/Eastern Europe: Heat Wave - Jul 2007
West Africa,Floods,Jul 2007,West Africa: Floods - Jul 2007
Mali,Floods,Jul 2007,Mali: Floods - Jul 2007
Nepal,Landslide in Baglung,Jul 2007,Nepal: Landslide in Baglung - Jul 2007
Sudan,Floods,Jul 2007,Sudan: Floods - Jul 2007
Indonesia,Volcanic Eruption Mt. Gamkonora,Jul 2007,Indonesia: Volcanic Eruption Mt. Gamkonora - Jul 2007
Afghanistan,Flash Floods and Landslide,Jun 2007,Afghanistan: Flash Floods and Landslide - Jun 2007
Indonesia,Earthquake,Aug 2026,Indonesia: Earthquake - Aug 2026
Colombia,Earthquake,Aug 2026,Colombia: Earthquake - Aug 2026
Myanmar,Floods,Jul 2026,Myanmar: Floods - Jul 2026
Afghanistan,Flash Floods,Jul 2026,Afghanistan: Flash Floods - Jul 2026
India,Flash Floods,Jul 2026,India: Flash Floods - Jul 2026
Kyrgyzstan,Flash Floods,Jul 2026,Kyrgyzstan: Flash Floods - Jul 2026
Tajikistan,Floods,Jul 2026,Tajikistan: Floods - Jul 2026
Bangladesh,Flash Floods,Jul 2026,Bangladesh: Flash Floods - Jul 2026
Georgia,Floods,Jun 2026,Georgia: Floods - Jun 2026
Central African Republic,Cholera Outbreak,Jun 2026,Central African Republic: Cholera Outbreak - Jun 2026
Venezuela,Earthquakes,Jun 2026,Venezuela: Earthquakes - Jun 2026
Chad,Cholera Outbreak,Jun 2026,Chad: Cholera Outbreak - Jun 2026
Philippines,Earthquake and Tsunami,Jun 2026,Philippines: Earthquake and Tsunami - Jun 2026
Armenia,Hailstorm,Jun 2026,Armenia: Hailstorm - Jun 2026
Syria,Floods,May 2026,Syria: Floods - May 2026
Central/Eastern Africa,Ebola Outbreak,May 2026,Central/Eastern Africa: Ebola Outbreak - May 2026
Sri Lanka,Dengue Outbreak,May 2026,Sri Lanka: Dengue Outbreak - May 2026
Dominican Republic,Floods,Apr 2026,Dominican Republic: Floods - Apr 2026
Yemen,Floods,Mar 2026,Yemen: Floods - Mar 2026
Tanzania,Floods and Landslides,Mar 2026,Tanzania: Floods and Landslides - Mar 2026
Liberia,Windstorms,Mar 2026,Liberia: Windstorms - Mar 2026
Botswana,Floods,Mar 2026,Botswana: Floods - Mar 2026
Ethiopia,Floods and Landslides,Mar 2026,Ethiopia: Floods and Landslides - Mar 2026
Kenya,Floods,Mar 2026,Kenya: Floods - Mar 2026
Suriname,Chikungunya Virus Outbreak,Mar 2026,Suriname: Chikungunya Virus Outbreak - Mar 2026
Brazil,Floods,Feb 2026,Brazil: Floods - Feb 2026
Peru,Floods and Landslides,Feb 2026,Peru: Floods and Landslides - Feb 2026
Angola,Floods,Feb 2026,Angola: Floods - Feb 2026
Zambia,Cholera Outbreak,Feb 2026,Zambia: Cholera Outbreak - Feb 2026
Cameroon,Fires,Feb 2026,Cameroon: Fires - Feb 2026
Somalia,Dengue Outbreak,Feb 2026,Somalia: Dengue Outbreak - Feb 2026
Rwanda,Flash Floods,Jan 2026,Rwanda: Flash Floods - Jan 2026
Algeria,Floods,Jan 2026,Algeria: Floods - Jan 2026
Argentina,Landslides,Jan 2026,Argentina: Landslides - Jan 2026
South Africa,Floods,Jan 2026,South Africa: Floods - Jan 2026
North Macedonia,Floods,Jan 2026,North Macedonia: Floods - Jan 2026
Malawi,Floods,Jan 2026,Malawi: Floods - Jan 2026
Serbia,Cold Wave,Jan 2026,Serbia: Cold Wave - Jan 2026
Guatemala,Measles Outbreak,Jan 2026,Guatemala: Measles Outbreak - Jan 2026
Ecuador,Floods,Jan 2026,Ecuador: Floods - Jan 2026
Zimbabwe,Floods,Jan 2026,Zimbabwe: Floods - Jan 2026
Mozambique,Floods,Dec 2025,Mozambique: Floods - Dec 2025
Chile,Wild Fires,Dec 2025,Chile: Wild Fires - Dec 2025
Gabon,Windstorms,Dec 2025,Gabon: Windstorms - Dec 2025
Morocco,Floods,Dec 2025,Morocco: Floods - Dec 2025
Bolivia,Floods,Dec 2025,Bolivia: Floods - Dec 2025
Congo,Floods,Nov 2025,Congo: Floods - Nov 2025
Cuba,Arboviral Outbreak,Oct 2025,Cuba: Arboviral Outbreak - Oct 2025
Egypt,Floods,Oct 2025,Egypt: Floods - Oct 2025
Cabo Verde,Flash Floods,Aug 2025,Cabo Verde: Flash Floods - Aug 2025
South Sudan,Floods,Jul 2025,South Sudan: Floods - Jul 2025
Sudan,Floods,Jul 2025,Sudan: Floods - Jul 2025
Honduras,Floods,Jun 2025,Honduras: Floods - Jun 2025
Panama,River Pollution,Jun 2025,Panama: River Pollution - Jun 2025
Côte d'Ivoire,Cholera Outbreak,Jun 2025,Côte d'Ivoire: Cholera Outbreak - Jun 2025
Pacific,Dengue Outbreak,2025,Pacific: Dengue Outbreak - 2025-2026
Ghana,Cholera Outbreak,Oct 2024,Ghana: Cholera Outbreak - Oct 2024
Namibia,Drought,May 2024,Namibia: Drought - May 2024
Niger,Diphtheria Outbreak,Oct 2023,Niger: Diphtheria Outbreak - Oct 2023
Nigeria,Lassa Fever Outbreak,Jan 2023,Nigeria: Lassa Fever Outbreak - Jan 2023
Burundi,Cholera Outbreak,Jan 2023,Burundi: Cholera Outbreak - Jan 2023
Peru,Cold Wave,Jun 2007,Peru: Cold Wave - Jun 2007
Panama,Floods,Jun 2007,Panama: Floods - Jun 2007
Ecuador,Floods,Jun 2007,Ecuador: Floods - Jun 2007
India,Flash Floods/Floods,Jun 2007,India: Flash Floods/Floods - Jun 2007
South Asia,Floods,Jun 2007,South Asia: Floods - Jun 2007
Pakistan,Floods/Cyclone,Jun 2007,Pakistan: Floods/Cyclone - Jun 2007
Nepal,Flash Floods/Floods,Jun 2007,Nepal: Flash Floods/Floods - Jun 2007
China,Floods,Jun 2007,China: Floods - Jun 2007
Bangladesh/Myanmar,Floods and Landslides,Jun 2007,Bangladesh/Myanmar: Floods and Landslides - Jun 2007
South Asia,Heat Wave,Jun 2007,South Asia: Heat Wave - Jun 2007
Oman/Iran,Cyclone Gonu,Jun 2007,Oman/Iran: Cyclone Gonu - Jun 2007
China,Earthquake in Yunnan Province,Jun 2007,China: Earthquake in Yunnan Province - Jun 2007
China,Floods and Landslides in the Southwest,May 2007,China: Floods and Landslides in the Southwest - May 2007
Colombia,Floods and Landslides,May 2007,Colombia: Floods and Landslides - May 2007
Maldives,Coastal Flooding,May 2007,Maldives: Coastal Flooding - May 2007
Bangladesh,Cyclone,May 2007,Bangladesh: Cyclone - May 2007
Uruguay,Floods,May 2007,Uruguay: Floods - May 2007
Sri Lanka,Floods,May 2007,Sri Lanka: Floods - May 2007
North Africa,Floods,Apr 2007,North Africa: Floods - Apr 2007
Kenya,Floods,May 2007,Kenya: Floods - May 2007
Indonesia,Earthquake,Aug 2026,Indonesia: Earthquake - Aug 2026
Colombia,Earthquake,Aug 2026,Colombia: Earthquake - Aug 2026
Myanmar,Floods,Jul 2026,Myanmar: Floods - Jul 2026
Afghanistan,Flash Floods,Jul 2026,Afghanistan: Flash Floods - Jul 2026
India,Flash Floods,Jul 2026,India: Flash Floods - Jul 2026
Kyrgyzstan,Flash Floods,Jul 2026,Kyrgyzstan: Flash Floods - Jul 2026
Tajikistan,Floods,Jul 2026,Tajikistan: Floods - Jul 2026
Bangladesh,Flash Floods,Jul 2026,Bangladesh: Flash Floods - Jul 2026
Georgia,Floods,Jun 2026,Georgia: Floods - Jun 2026
Central African Republic,Cholera Outbreak,Jun 2026,Central African Republic: Cholera Outbreak - Jun 2026
Venezuela,Earthquakes,Jun 2026,Venezuela: Earthquakes - Jun 2026
Chad,Cholera Outbreak,Jun 2026,Chad: Cholera Outbreak - Jun 2026
Philippines,Earthquake and Tsunami,Jun 2026,Philippines: Earthquake and Tsunami - Jun 2026
Armenia,Hailstorm,Jun 2026,Armenia: Hailstorm - Jun 2026
Syria,Floods,May 2026,Syria: Floods - May 2026
Central/Eastern Africa,Ebola Outbreak,May 2026,Central/Eastern Africa: Ebola Outbreak - May 2026
Sri Lanka,Dengue Outbreak,May 2026,Sri Lanka: Dengue Outbreak - May 2026
Dominican Republic,Floods,Apr 2026,Dominican Republic: Floods - Apr 2026
Yemen,Floods,Mar 2026,Yemen: Floods - Mar 2026
Tanzania,Floods and Landslides,Mar 2026,Tanzania: Floods and Landslides - Mar 2026
Liberia,Windstorms,Mar 2026,Liberia: Windstorms - Mar 2026
Botswana,Floods,Mar 2026,Botswana: Floods - Mar 2026
Ethiopia,Floods and Landslides,Mar 2026,Ethiopia: Floods and Landslides - Mar 2026
Kenya,Floods,Mar 2026,Kenya: Floods - Mar 2026
Suriname,Chikungunya Virus Outbreak,Mar 2026,Suriname: Chikungunya Virus Outbreak - Mar 2026
Brazil,Floods,Feb 2026,Brazil: Floods - Feb 2026
Peru,Floods and Landslides,Feb 2026,Peru: Floods and Landslides - Feb 2026
Angola,Floods,Feb 2026,Angola: Floods - Feb 2026
Zambia,Cholera Outbreak,Feb 2026,Zambia: Cholera Outbreak - Feb 2026
Cameroon,Fires,Feb 2026,Cameroon: Fires - Feb 2026
Somalia,Dengue Outbreak,Feb 2026,Somalia: Dengue Outbreak - Feb 2026
Rwanda,Flash Floods,Jan 2026,Rwanda: Flash Floods - Jan 2026
Algeria,Floods,Jan 2026,Algeria: Floods - Jan 2026
Argentina,Landslides,Jan 2026,Argentina: Landslides - Jan 2026
South Africa,Floods,Jan 2026,South Africa: Floods - Jan 2026
North Macedonia,Floods,Jan 2026,North Macedonia: Floods - Jan 2026
Malawi,Floods,Jan 2026,Malawi: Floods - Jan 2026
Serbia,Cold Wave,Jan 2026,Serbia: Cold Wave - Jan 2026
Guatemala,Measles Outbreak,Jan 2026,Guatemala: Measles Outbreak - Jan 2026
Ecuador,Floods,Jan 2026,Ecuador: Floods - Jan 2026
Zimbabwe,Floods,Jan 2026,Zimbabwe: Floods - Jan 2026
Mozambique,Floods,Dec 2025,Mozambique: Floods - Dec 2025
Chile,Wild Fires,Dec 2025,Chile: Wild Fires - Dec 2025
Gabon,Windstorms,Dec 2025,Gabon: Windstorms - Dec 2025
Morocco,Floods,Dec 2025,Morocco: Floods - Dec 2025
Bolivia,Floods,Dec 2025,Bolivia: Floods - Dec 2025
Congo,Floods,Nov 2025,Congo: Floods - Nov 2025
Cuba,Arboviral Outbreak,Oct 2025,Cuba: Arboviral Outbreak - Oct 2025
Egypt,Floods,Oct 2025,Egypt: Floods - Oct 2025
Cabo Verde,Flash Floods,Aug 2025,Cabo Verde: Flash Floods - Aug 2025
South Sudan,Floods,Jul 2025,South Sudan: Floods - Jul 2025
Sudan,Floods,Jul 2025,Sudan: Floods - Jul 2025
Honduras,Floods,Jun 2025,Honduras: Floods - Jun 2025
Panama,River Pollution,Jun 2025,Panama: River Pollution - Jun 2025
Côte d'Ivoire,Cholera Outbreak,Jun 2025,Côte d'Ivoire: Cholera Outbreak - Jun 2025
Pacific,Dengue Outbreak,2025,Pacific: Dengue Outbreak - 2025-2026
Ghana,Cholera Outbreak,Oct 2024,Ghana: Cholera Outbreak - Oct 2024
Namibia,Drought,May 2024,Namibia: Drought - May 2024
Niger,Diphtheria Outbreak,Oct 2023,Niger: Diphtheria Outbreak - Oct 2023
Nigeria,Lassa Fever Outbreak,Jan 2023,Nigeria: Lassa Fever Outbreak - Jan 2023
Burundi,Cholera Outbreak,Jan 2023,Burundi: Cholera Outbreak - Jan 2023
Afghanistan,Floods,May 2007,Afghanistan: Floods - May 2007
Colombia,Nevado del Huila Volcano Avalanches,Apr 2007,Colombia: Nevado del Huila Volcano Avalanches - Apr 2007
Tajikistan,Floods,Apr 2007,Tajikistan: Floods - Apr 2007
Solomon Islands,Earthquake and Tsunami,Apr 2007,Solomon Islands: Earthquake and Tsunami - Apr 2007
Argentina,Floods,Mar 2007,Argentina: Floods - Mar 2007
occupied Palestinian territory,Waste Water Treatment Plant Floods,Mar 2007,occupied Palestinian territory: Waste Water Treatment Plant Floods - Mar 2007
Haiti,Floods,Mar 2007,Haiti: Floods - Mar 2007
South Asia,Floods and Landslides,Mar 2007,South Asia: Floods and Landslides - Mar 2007
Afghanistan,Floods and Avalanche,Mar 2007,Afghanistan: Floods and Avalanche - Mar 2007
Madagascar,Cyclone Indlala,Mar 2007,Madagascar: Cyclone Indlala - Mar 2007
Indonesia,Earthquake,Mar 2007,Indonesia: Earthquake - Mar 2007
Indonesia,Landslides,Mar 2007,Indonesia: Landslides - Mar 2007
Paraguay,Dengue Outbreak,Feb 2007,Paraguay: Dengue Outbreak - Feb 2007
Swaziland,Heavy Hail Storm,Feb 2007,Swaziland: Heavy Hail Storm - Feb 2007
Southern Africa,Cyclone Favio,Feb 2007,Southern Africa: Cyclone Favio - Feb 2007
Fiji,Floods,Feb 2007,Fiji: Floods - Feb 2007
Indonesia,Floods,Feb 2007,Indonesia: Floods - Feb 2007
Argentina,Floods,Feb 2007,Argentina: Floods - Feb 2007
USA,Florida Storm and Tornado,Feb 2007,USA: Florida Storm and Tornado - Feb 2007
Indonesia,Northern Molucca Sea Earthquake,Jan 2007,Indonesia: Northern Molucca Sea Earthquake - Jan 2007
Indonesia,Earthquake,Aug 2026,Indonesia: Earthquake - Aug 2026
Colombia,Earthquake,Aug 2026,Colombia: Earthquake - Aug 2026
Myanmar,Floods,Jul 2026,Myanmar: Floods - Jul 2026
Afghanistan,Flash Floods,Jul 2026,Afghanistan: Flash Floods - Jul 2026
India,Flash Floods,Jul 2026,India: Flash Floods - Jul 2026
Kyrgyzstan,Flash Floods,Jul 2026,Kyrgyzstan: Flash Floods - Jul 2026
Tajikistan,Floods,Jul 2026,Tajikistan: Floods - Jul 2026
Bangladesh,Flash Floods,Jul 2026,Bangladesh: Flash Floods - Jul 2026
Georgia,Floods,Jun 2026,Georgia: Floods - Jun 2026
Central African Republic,Cholera Outbreak,Jun 2026,Central African Republic: Cholera Outbreak - Jun 2026
Venezuela,Earthquakes,Jun 2026,Venezuela: Earthquakes - Jun 2026
Chad,Cholera Outbreak,Jun 2026,Chad: Cholera Outbreak - Jun 2026
Philippines,Earthquake and Tsunami,Jun 2026,Philippines: Earthquake and Tsunami - Jun 2026
Armenia,Hailstorm,Jun 2026,Armenia: Hailstorm - Jun 2026
Syria,Floods,May 2026,Syria: Floods - May 2026
Central/Eastern Africa,Ebola Outbreak,May 2026,Central/Eastern Africa: Ebola Outbreak - May 2026
Sri Lanka,Dengue Outbreak,May 2026,Sri Lanka: Dengue Outbreak - May 2026
Dominican Republic,Floods,Apr 2026,Dominican Republic: Floods - Apr 2026
Yemen,Floods,Mar 2026,Yemen: Floods - Mar 2026
Tanzania,Floods and Landslides,Mar 2026,Tanzania: Floods and Landslides - Mar 2026
Liberia,Windstorms,Mar 2026,Liberia: Windstorms - Mar 2026
Botswana,Floods,Mar 2026,Botswana: Floods - Mar 2026
Ethiopia,Floods and Landslides,Mar 2026,Ethiopia: Floods and Landslides - Mar 2026
Kenya,Floods,Mar 2026,Kenya: Floods - Mar 2026
Suriname,Chikungunya Virus Outbreak,Mar 2026,Suriname: Chikungunya Virus Outbreak - Mar 2026
Brazil,Floods,Feb 2026,Brazil: Floods - Feb 2026
Peru,Floods and Landslides,Feb 2026,Peru: Floods and Landslides - Feb 2026
Angola,Floods,Feb 2026,Angola: Floods - Feb 2026
Zambia,Cholera Outbreak,Feb 2026,Zambia: Cholera Outbreak - Feb 2026
Cameroon,Fires,Feb 2026,Cameroon: Fires - Feb 2026
Somalia,Dengue Outbreak,Feb 2026,Somalia: Dengue Outbreak - Feb 2026
Rwanda,Flash Floods,Jan 2026,Rwanda: Flash Floods - Jan 2026
Algeria,Floods,Jan 2026,Algeria: Floods - Jan 2026
Argentina,Landslides,Jan 2026,Argentina: Landslides - Jan 2026
South Africa,Floods,Jan 2026,South Africa: Floods - Jan 2026
North Macedonia,Floods,Jan 2026,North Macedonia: Floods - Jan 2026
Malawi,Floods,Jan 2026,Malawi: Floods - Jan 2026
Serbia,Cold Wave,Jan 2026,Serbia: Cold Wave - Jan 2026
Guatemala,Measles Outbreak,Jan 2026,Guatemala: Measles Outbreak - Jan 2026
Ecuador,Floods,Jan 2026,Ecuador: Floods - Jan 2026
Zimbabwe,Floods,Jan 2026,Zimbabwe: Floods - Jan 2026
Mozambique,Floods,Dec 2025,Mozambique: Floods - Dec 2025
Chile,Wild Fires,Dec 2025,Chile: Wild Fires - Dec 2025
Gabon,Windstorms,Dec 2025,Gabon: Windstorms - Dec 2025
Morocco,Floods,Dec 2025,Morocco: Floods - Dec 2025
Bolivia,Floods,Dec 2025,Bolivia: Floods - Dec 2025
Congo,Floods,Nov 2025,Congo: Floods - Nov 2025
Cuba,Arboviral Outbreak,Oct 2025,Cuba: Arboviral Outbreak - Oct 2025
Egypt,Floods,Oct 2025,Egypt: Floods - Oct 2025
Cabo Verde,Flash Floods,Aug 2025,Cabo Verde: Flash Floods - Aug 2025
South Sudan,Floods,Jul 2025,South Sudan: Floods - Jul 2025
Sudan,Floods,Jul 2025,Sudan: Floods - Jul 2025
Honduras,Floods,Jun 2025,Honduras: Floods - Jun 2025
Panama,River Pollution,Jun 2025,Panama: River Pollution - Jun 2025
Côte d'Ivoire,Cholera Outbreak,Jun 2025,Côte d'Ivoire: Cholera Outbreak - Jun 2025
Pacific,Dengue Outbreak,2025,Pacific: Dengue Outbreak - 2025-2026
Ghana,Cholera Outbreak,Oct 2024,Ghana: Cholera Outbreak - Oct 2024
Namibia,Drought,May 2024,Namibia: Drought - May 2024
Niger,Diphtheria Outbreak,Oct 2023,Niger: Diphtheria Outbreak - Oct 2023
Nigeria,Lassa Fever Outbreak,Jan 2023,Nigeria: Lassa Fever Outbreak - Jan 2023
Burundi,Cholera Outbreak,Jan 2023,Burundi: Cholera Outbreak - Jan 2023
Bolivia,Floods,Jan 2007,Bolivia: Floods - Jan 2007
Southern Africa,Floods,Jan 2007,Southern Africa: Floods - Jan 2007
Comoros,Karthala Volcano,Jan 2007,Comoros: Karthala Volcano - Jan 2007
Peru,Floods,Jan 2007,Peru: Floods - Jan 2007
Sri Lanka,Flash Floods,Jan 2007,Sri Lanka: Flash Floods - Jan 2007
Montserrat,Volcanic Eruption,Jan 2007,Montserrat: Volcanic Eruption - Jan 2007
Brazil,Mudslide,Jan 2007,Brazil: Mudslide - Jan 2007
Philippines,Floods and Landslides,Jan 2007,Philippines: Floods and Landslides - Jan 2007
Madagascar,Cyclone Clovis,Jan 2007,Madagascar: Cyclone Clovis - Jan 2007
South Asia,Cold Wave,Jan 2007,South Asia: Cold Wave - Jan 2007
El Salvador,Seismic swarm,Dec 2006,El Salvador: Seismic swarm - Dec 2006
Kyrgyzstan,Earthquake,Dec 2006,Kyrgyzstan: Earthquake - Dec 2006
Taiwan (China),Earthquake,Dec 2006,Taiwan (China) : Earthquake - Dec 2006
Madagascar,Cyclone Bondo,Dec 2006,Madagascar: Cyclone Bondo - Dec 2006
Indonesia,Floods,Dec 2006,Indonesia: Floods - Dec 2006
Sri Lanka,Floods,Dec 2006,Sri Lanka: Floods - Dec 2006
Burundi,Floods,Dec 2006,Burundi: Floods - Dec 2006
Malaysia,Floods,Dec 2006,Malaysia: Floods - Dec 2006
Indonesia,North and West Sumatra Earthquake,Dec 2006,Indonesia: North and West Sumatra Earthquake - Dec 2006
Indonesia,Aceh Earthquake,Dec 2006,Indonesia: Aceh Earthquake - Dec 2006
Indonesia,Earthquake,Aug 2026,Indonesia: Earthquake - Aug 2026
Colombia,Earthquake,Aug 2026,Colombia: Earthquake - Aug 2026
Myanmar,Floods,Jul 2026,Myanmar: Floods - Jul 2026
Afghanistan,Flash Floods,Jul 2026,Afghanistan: Flash Floods - Jul 2026
India,Flash Floods,Jul 2026,India: Flash Floods - Jul 2026
Kyrgyzstan,Flash Floods,Jul 2026,Kyrgyzstan: Flash Floods - Jul 2026
Tajikistan,Floods,Jul 2026,Tajikistan: Floods - Jul 2026
Bangladesh,Flash Floods,Jul 2026,Bangladesh: Flash Floods - Jul 2026
Georgia,Floods,Jun 2026,Georgia: Floods - Jun 2026
Central African Republic,Cholera Outbreak,Jun 2026,Central African Republic: Cholera Outbreak - Jun 2026
Venezuela,Earthquakes,Jun 2026,Venezuela: Earthquakes - Jun 2026
Chad,Cholera Outbreak,Jun 2026,Chad: Cholera Outbreak - Jun 2026
Philippines,Earthquake and Tsunami,Jun 2026,Philippines: Earthquake and Tsunami - Jun 2026
Armenia,Hailstorm,Jun 2026,Armenia: Hailstorm - Jun 2026
Syria,Floods,May 2026,Syria: Floods - May 2026
Central/Eastern Africa,Ebola Outbreak,May 2026,Central/Eastern Africa: Ebola Outbreak - May 2026
Sri Lanka,Dengue Outbreak,May 2026,Sri Lanka: Dengue Outbreak - May 2026
Dominican Republic,Floods,Apr 2026,Dominican Republic: Floods - Apr 2026
Yemen,Floods,Mar 2026,Yemen: Floods - Mar 2026
Tanzania,Floods and Landslides,Mar 2026,Tanzania: Floods and Landslides - Mar 2026
Liberia,Windstorms,Mar 2026,Liberia: Windstorms - Mar 2026
Botswana,Floods,Mar 2026,Botswana: Floods - Mar 2026
Ethiopia,Floods and Landslides,Mar 2026,Ethiopia: Floods and Landslides - Mar 2026
Kenya,Floods,Mar 2026,Kenya: Floods - Mar 2026
Suriname,Chikungunya Virus Outbreak,Mar 2026,Suriname: Chikungunya Virus Outbreak - Mar 2026
Brazil,Floods,Feb 2026,Brazil: Floods - Feb 2026
Peru,Floods and Landslides,Feb 2026,Peru: Floods and Landslides - Feb 2026
Angola,Floods,Feb 2026,Angola: Floods - Feb 2026
Zambia,Cholera Outbreak,Feb 2026,Zambia: Cholera Outbreak - Feb 2026
Cameroon,Fires,Feb 2026,Cameroon: Fires - Feb 2026
Somalia,Dengue Outbreak,Feb 2026,Somalia: Dengue Outbreak - Feb 2026
Rwanda,Flash Floods,Jan 2026,Rwanda: Flash Floods - Jan 2026
Algeria,Floods,Jan 2026,Algeria: Floods - Jan 2026
Argentina,Landslides,Jan 2026,Argentina: Landslides - Jan 2026
South Africa,Floods,Jan 2026,South Africa: Floods - Jan 2026
North Macedonia,Floods,Jan 2026,North Macedonia: Floods - Jan 2026
Malawi,Floods,Jan 2026,Malawi: Floods - Jan 2026
Serbia,Cold Wave,Jan 2026,Serbia: Cold Wave - Jan 2026
Guatemala,Measles Outbreak,Jan 2026,Guatemala: Measles Outbreak - Jan 2026
Ecuador,Floods,Jan 2026,Ecuador: Floods - Jan 2026
Zimbabwe,Floods,Jan 2026,Zimbabwe: Floods - Jan 2026
Mozambique,Floods,Dec 2025,Mozambique: Floods - Dec 2025
Chile,Wild Fires,Dec 2025,Chile: Wild Fires - Dec 2025
Gabon,Windstorms,Dec 2025,Gabon: Windstorms - Dec 2025
Morocco,Floods,Dec 2025,Morocco: Floods - Dec 2025
Bolivia,Floods,Dec 2025,Bolivia: Floods - Dec 2025
Congo,Floods,Nov 2025,Congo: Floods - Nov 2025
Cuba,Arboviral Outbreak,Oct 2025,Cuba: Arboviral Outbreak - Oct 2025
Egypt,Floods,Oct 2025,Egypt: Floods - Oct 2025
Cabo Verde,Flash Floods,Aug 2025,Cabo Verde: Flash Floods - Aug 2025
South Sudan,Floods,Jul 2025,South Sudan: Floods - Jul 2025
Sudan,Floods,Jul 2025,Sudan: Floods - Jul 2025
Honduras,Floods,Jun 2025,Honduras: Floods - Jun 2025
Panama,River Pollution,Jun 2025,Panama: River Pollution - Jun 2025
Côte d'Ivoire,Cholera Outbreak,Jun 2025,Côte d'Ivoire: Cholera Outbreak - Jun 2025
Pacific,Dengue Outbreak,2025,Pacific: Dengue Outbreak - 2025-2026
Ghana,Cholera Outbreak,Oct 2024,Ghana: Cholera Outbreak - Oct 2024
Namibia,Drought,May 2024,Namibia: Drought - May 2024
Niger,Diphtheria Outbreak,Oct 2023,Niger: Diphtheria Outbreak - Oct 2023
Nigeria,Lassa Fever Outbreak,Jan 2023,Nigeria: Lassa Fever Outbreak - Jan 2023
Burundi,Cholera Outbreak,Jan 2023,Burundi: Cholera Outbreak - Jan 2023
Indonesia,Landslide,Dec 2006,Indonesia: Landslide - Dec 2006
Southeast Asia,Typhoon Durian,Dec 2006,Southeast Asia: Typhoon Durian - Dec 2006
Republic of Congo,Floods and Landslides,Dec 2006,Republic of Congo: Floods and Landslides - Dec 2006
Jamaica,Floods,Nov 2006,Jamaica: Floods - Nov 2006
Haiti,Floods,Nov 2006,Haiti: Floods - Nov 2006
Indonesia,Sidoarjo mudflow and gas pipe explosion,Nov 2006,Indonesia: Sidoarjo mudflow and gas pipe explosion - Nov 2006
Horn of Africa,Floods,Nov 2006,Horn of Africa: Floods - Nov 2006
Tanzania,Heavy Rains,Nov 2006,Tanzania: Heavy Rains - Nov 2006
Afghanistan,Floods,Nov 2006,Afghanistan: Floods - Nov 2006
DPR Korea,Floods,Oct 2006,DPR Korea: Floods - Oct 2006
Turkey,Floods,Nov 2006,Turkey: Floods - Nov 2006
Sri Lanka,Floods,Oct 2006,Sri Lanka: Floods - Oct 2006
Bangladesh,Storm,Oct 2006,Bangladesh: Storm - Oct 2006
Panama,Floods,Oct 2006,Panama: Floods - Oct 2006
Papua New Guinea,Volcanic Eruption,Oct 2006,Papua New Guinea: Volcanic Eruption - Oct 2006
Guinea,Floods,Sep 2006,Guinea: Floods - Sep 2006
Indonesia,Earthquake,Aug 2026,Indonesia: Earthquake - Aug 2026
Colombia,Earthquake,Aug 2026,Colombia: Earthquake - Aug 2026
Myanmar,Floods,Jul 2026,Myanmar: Floods - Jul 2026
Afghanistan,Flash Floods,Jul 2026,Afghanistan: Flash Floods - Jul 2026
India,Flash Floods,Jul 2026,India: Flash Floods - Jul 2026
Kyrgyzstan,Flash Floods,Jul 2026,Kyrgyzstan: Flash Floods - Jul 2026
Tajikistan,Floods,Jul 2026,Tajikistan: Floods - Jul 2026
Bangladesh,Flash Floods,Jul 2026,Bangladesh: Flash Floods - Jul 2026
Georgia,Floods,Jun 2026,Georgia: Floods - Jun 2026
Central African Republic,Cholera Outbreak,Jun 2026,Central African Republic: Cholera Outbreak - Jun 2026
Venezuela,Earthquakes,Jun 2026,Venezuela: Earthquakes - Jun 2026
Chad,Cholera Outbreak,Jun 2026,Chad: Cholera Outbreak - Jun 2026
Philippines,Earthquake and Tsunami,Jun 2026,Philippines: Earthquake and Tsunami - Jun 2026
Armenia,Hailstorm,Jun 2026,Armenia: Hailstorm - Jun 2026
Syria,Floods,May 2026,Syria: Floods - May 2026
Central/Eastern Africa,Ebola Outbreak,May 2026,Central/Eastern Africa: Ebola Outbreak - May 2026
Sri Lanka,Dengue Outbreak,May 2026,Sri Lanka: Dengue Outbreak - May 2026
Dominican Republic,Floods,Apr 2026,Dominican Republic: Floods - Apr 2026
Yemen,Floods,Mar 2026,Yemen: Floods - Mar 2026
Tanzania,Floods and Landslides,Mar 2026,Tanzania: Floods and Landslides - Mar 2026
Liberia,Windstorms,Mar 2026,Liberia: Windstorms - Mar 2026
Botswana,Floods,Mar 2026,Botswana: Floods - Mar 2026
Ethiopia,Floods and Landslides,Mar 2026,Ethiopia: Floods and Landslides - Mar 2026
Kenya,Floods,Mar 2026,Kenya: Floods - Mar 2026
Suriname,Chikungunya Virus Outbreak,Mar 2026,Suriname: Chikungunya Virus Outbreak - Mar 2026
Brazil,Floods,Feb 2026,Brazil: Floods - Feb 2026
Peru,Floods and Landslides,Feb 2026,Peru: Floods and Landslides - Feb 2026
Angola,Floods,Feb 2026,Angola: Floods - Feb 2026
Zambia,Cholera Outbreak,Feb 2026,Zambia: Cholera Outbreak - Feb 2026
Cameroon,Fires,Feb 2026,Cameroon: Fires - Feb 2026
Somalia,Dengue Outbreak,Feb 2026,Somalia: Dengue Outbreak - Feb 2026
Rwanda,Flash Floods,Jan 2026,Rwanda: Flash Floods - Jan 2026
Algeria,Floods,Jan 2026,Algeria: Floods - Jan 2026
Argentina,Landslides,Jan 2026,Argentina: Landslides - Jan 2026
South Africa,Floods,Jan 2026,South Africa: Floods - Jan 2026
North Macedonia,Floods,Jan 2026,North Macedonia: Floods - Jan 2026
Malawi,Floods,Jan 2026,Malawi: Floods - Jan 2026
Serbia,Cold Wave,Jan 2026,Serbia: Cold Wave - Jan 2026
Guatemala,Measles Outbreak,Jan 2026,Guatemala: Measles Outbreak - Jan 2026
Ecuador,Floods,Jan 2026,Ecuador: Floods - Jan 2026
Zimbabwe,Floods,Jan 2026,Zimbabwe: Floods - Jan 2026
Mozambique,Floods,Dec 2025,Mozambique: Floods - Dec 2025
Chile,Wild Fires,Dec 2025,Chile: Wild Fires - Dec 2025
Gabon,Windstorms,Dec 2025,Gabon: Windstorms - Dec 2025
Morocco,Floods,Dec 2025,Morocco: Floods - Dec 2025
Bolivia,Floods,Dec 2025,Bolivia: Floods - Dec 2025
Congo,Floods,Nov 2025,Congo: Floods - Nov 2025
Cuba,Arboviral Outbreak,Oct 2025,Cuba: Arboviral Outbreak - Oct 2025
Egypt,Floods,Oct 2025,Egypt: Floods - Oct 2025
Cabo Verde,Flash Floods,Aug 2025,Cabo Verde: Flash Floods - Aug 2025
South Sudan,Floods,Jul 2025,South Sudan: Floods - Jul 2025
Sudan,Floods,Jul 2025,Sudan: Floods - Jul 2025
Honduras,Floods,Jun 2025,Honduras: Floods - Jun 2025
Panama,River Pollution,Jun 2025,Panama: River Pollution - Jun 2025
Côte d'Ivoire,Cholera Outbreak,Jun 2025,Côte d'Ivoire: Cholera Outbreak - Jun 2025
Pacific,Dengue Outbreak,2025,Pacific: Dengue Outbreak - 2025-2026
Ghana,Cholera Outbreak,Oct 2024,Ghana: Cholera Outbreak - Oct 2024
Namibia,Drought,May 2024,Namibia: Drought - May 2024
Niger,Diphtheria Outbreak,Oct 2023,Niger: Diphtheria Outbreak - Oct 2023
Nigeria,Lassa Fever Outbreak,Jan 2023,Nigeria: Lassa Fever Outbreak - Jan 2023
Burundi,Cholera Outbreak,Jan 2023,Burundi: Cholera Outbreak - Jan 2023
Mexico,Tropical Storm Lane,Sep 2006,Mexico: Tropical Storm Lane - Sep 2006
Caribbean,Hurricane Florence,Sep 2006,Caribbean: Hurricane Florence - Sep 2006
Niger,Floods,Sep 2006,Niger: Floods - Sep 2006
Mexico,Hurricane John,Aug 2006,Mexico: Hurricane John - Aug 2006
Cambodia,Floods,Aug 2006,Cambodia: Floods - Aug 2006
Bangladesh,Floods,Aug 2006,Bangladesh: Floods - Aug 2006
Nepal,Floods,Aug 2006,Nepal: Floods - Aug 2006
Caribbean,Tropical Storm Ernesto,Aug 2006,Caribbean: Tropical Storm Ernesto - Aug 2006
Thailand,Floods,Aug 2006,Thailand: Floods - Aug 2006
Indonesia,Fires and Haze,Aug 2006,Indonesia: Fires and Haze - Aug 2006
Uganda,Floods,Aug 2006,Uganda: Floods - Aug 2006
Sudan,Floods,Aug 2006,Sudan: Floods - Aug 2006
FYR Macedonia,Floods,Aug 2006,FYR Macedonia: Floods - Aug 2006
Burkina Faso,Floods,Aug 2006,Burkina Faso: Floods - Aug 2006
Philippines,Mayon Volcano,Aug 2006,Philippines: Mayon Volcano - Aug 2006
Haiti,Floods,Aug 2006,Haiti: Floods - Aug 2006
Swaziland,Storm,Aug 2006,Swaziland: Storm - Aug 2006
Ethiopia,Floods,Aug 2006,Ethiopia: Floods - Aug 2006
Indonesia,Earthquake,Aug 2026,Indonesia: Earthquake - Aug 2026
Colombia,Earthquake,Aug 2026,Colombia: Earthquake - Aug 2026
Myanmar,Floods,Jul 2026,Myanmar: Floods - Jul 2026
Afghanistan,Flash Floods,Jul 2026,Afghanistan: Flash Floods - Jul 2026
India,Flash Floods,Jul 2026,India: Flash Floods - Jul 2026
Kyrgyzstan,Flash Floods,Jul 2026,Kyrgyzstan: Flash Floods - Jul 2026
Tajikistan,Floods,Jul 2026,Tajikistan: Floods - Jul 2026
Bangladesh,Flash Floods,Jul 2026,Bangladesh: Flash Floods - Jul 2026
Georgia,Floods,Jun 2026,Georgia: Floods - Jun 2026
Central African Republic,Cholera Outbreak,Jun 2026,Central African Republic: Cholera Outbreak - Jun 2026
Venezuela,Earthquakes,Jun 2026,Venezuela: Earthquakes - Jun 2026
Chad,Cholera Outbreak,Jun 2026,Chad: Cholera Outbreak - Jun 2026
Philippines,Earthquake and Tsunami,Jun 2026,Philippines: Earthquake and Tsunami - Jun 2026
Armenia,Hailstorm,Jun 2026,Armenia: Hailstorm - Jun 2026
Syria,Floods,May 2026,Syria: Floods - May 2026
Central/Eastern Africa,Ebola Outbreak,May 2026,Central/Eastern Africa: Ebola Outbreak - May 2026
Sri Lanka,Dengue Outbreak,May 2026,Sri Lanka: Dengue Outbreak - May 2026
Dominican Republic,Floods,Apr 2026,Dominican Republic: Floods - Apr 2026
Yemen,Floods,Mar 2026,Yemen: Floods - Mar 2026
Tanzania,Floods and Landslides,Mar 2026,Tanzania: Floods and Landslides - Mar 2026
Liberia,Windstorms,Mar 2026,Liberia: Windstorms - Mar 2026
Botswana,Floods,Mar 2026,Botswana: Floods - Mar 2026
Ethiopia,Floods and Landslides,Mar 2026,Ethiopia: Floods and Landslides - Mar 2026
Kenya,Floods,Mar 2026,Kenya: Floods - Mar 2026
Suriname,Chikungunya Virus Outbreak,Mar 2026,Suriname: Chikungunya Virus Outbreak - Mar 2026
Brazil,Floods,Feb 2026,Brazil: Floods - Feb 2026
Peru,Floods and Landslides,Feb 2026,Peru: Floods and Landslides - Feb 2026
Angola,Floods,Feb 2026,Angola: Floods - Feb 2026
Zambia,Cholera Outbreak,Feb 2026,Zambia: Cholera Outbreak - Feb 2026
Cameroon,Fires,Feb 2026,Cameroon: Fires - Feb 2026
Somalia,Dengue Outbreak,Feb 2026,Somalia: Dengue Outbreak - Feb 2026
Rwanda,Flash Floods,Jan 2026,Rwanda: Flash Floods - Jan 2026
Algeria,Floods,Jan 2026,Algeria: Floods - Jan 2026
Argentina,Landslides,Jan 2026,Argentina: Landslides - Jan 2026
South Africa,Floods,Jan 2026,South Africa: Floods - Jan 2026
North Macedonia,Floods,Jan 2026,North Macedonia: Floods - Jan 2026
Malawi,Floods,Jan 2026,Malawi: Floods - Jan 2026
Serbia,Cold Wave,Jan 2026,Serbia: Cold Wave - Jan 2026
Guatemala,Measles Outbreak,Jan 2026,Guatemala: Measles Outbreak - Jan 2026
Ecuador,Floods,Jan 2026,Ecuador: Floods - Jan 2026
Zimbabwe,Floods,Jan 2026,Zimbabwe: Floods - Jan 2026
Mozambique,Floods,Dec 2025,Mozambique: Floods - Dec 2025
Chile,Wild Fires,Dec 2025,Chile: Wild Fires - Dec 2025
Gabon,Windstorms,Dec 2025,Gabon: Windstorms - Dec 2025
Morocco,Floods,Dec 2025,Morocco: Floods - Dec 2025
Bolivia,Floods,Dec 2025,Bolivia: Floods - Dec 2025
Congo,Floods,Nov 2025,Congo: Floods - Nov 2025
Cuba,Arboviral Outbreak,Oct 2025,Cuba: Arboviral Outbreak - Oct 2025
Egypt,Floods,Oct 2025,Egypt: Floods - Oct 2025
Cabo Verde,Flash Floods,Aug 2025,Cabo Verde: Flash Floods - Aug 2025
South Sudan,Floods,Jul 2025,South Sudan: Floods - Jul 2025
Sudan,Floods,Jul 2025,Sudan: Floods - Jul 2025
Honduras,Floods,Jun 2025,Honduras: Floods - Jun 2025
Panama,River Pollution,Jun 2025,Panama: River Pollution - Jun 2025
Côte d'Ivoire,Cholera Outbreak,Jun 2025,Côte d'Ivoire: Cholera Outbreak - Jun 2025
Pacific,Dengue Outbreak,2025,Pacific: Dengue Outbreak - 2025-2026
Ghana,Cholera Outbreak,Oct 2024,Ghana: Cholera Outbreak - Oct 2024
Namibia,Drought,May 2024,Namibia: Drought - May 2024
Niger,Diphtheria Outbreak,Oct 2023,Niger: Diphtheria Outbreak - Oct 2023
Nigeria,Lassa Fever Outbreak,Jan 2023,Nigeria: Lassa Fever Outbreak - Jan 2023
Burundi,Cholera Outbreak,Jan 2023,Burundi: Cholera Outbreak - Jan 2023
Afghanistan/Tajikistan,Earthquake,Jul 2006,Afghanistan/Tajikistan: Earthquake - Jul 2006
Rep. of Korea,Floods,Jul 2006,Rep. of Korea: Floods - Jul 2006
Papua New Guinea,Mt Karai Volcano,Jul 2006,Papua New Guinea: Mt Karai Volcano - Jul 2006
DPR Korea,Floods,Jul 2006,DPR Korea: Floods - Jul 2006
Indonesia,West Java Earthquake and Tsunami,Jul 2006,Indonesia: West Java Earthquake and Tsunami - Jul 2006
China,Tropical Storm Bilis,Jul 2006,China: Tropical Storm Bilis - Jul 2006
Chile,Floods,Jul 2006,Chile: Floods - Jul 2006
Ukraine,Floods,Jul 2006,Ukraine: Floods - Jul 2006
Pakistan,Mudslides and Floods,Jul 2006,Pakistan: Mudslides and Floods - Jul 2006
Mauritania,Floods,Jul 2006,Mauritania: Floods - Jul 2006
Romania,Floods,Jun 2006,Romania: Floods - Jun 2006
India,Floods,Jun 2006,India: Floods - Jun 2006
Indonesia,Flash Floods and Landslides,Jun 2006,Indonesia: Flash Floods and Landslides - Jun 2006
China,Floods,Jun 2006,China: Floods - Jun 2006
Comoros,Karthala Volcano,May 2006,Comoros: Karthala Volcano - May 2006
Indonesia,Earthquake,May 2006,Indonesia: Earthquake - May 2006
Thailand,Floods,May 2006,Thailand: Floods - May 2006
Ecuador,Tungurahua Volcano,May 2006,Ecuador: Tungurahua Volcano - May 2006
Tanzania,Floods,May 2006,Tanzania: Floods - May 2006
Indonesia,Earthquake,Aug 2026,Indonesia: Earthquake - Aug 2026
Colombia,Earthquake,Aug 2026,Colombia: Earthquake - Aug 2026
Myanmar,Floods,Jul 2026,Myanmar: Floods - Jul 2026
Afghanistan,Flash Floods,Jul 2026,Afghanistan: Flash Floods - Jul 2026
India,Flash Floods,Jul 2026,India: Flash Floods - Jul 2026
Kyrgyzstan,Flash Floods,Jul 2026,Kyrgyzstan: Flash Floods - Jul 2026
Tajikistan,Floods,Jul 2026,Tajikistan: Floods - Jul 2026
Bangladesh,Flash Floods,Jul 2026,Bangladesh: Flash Floods - Jul 2026
Georgia,Floods,Jun 2026,Georgia: Floods - Jun 2026
Central African Republic,Cholera Outbreak,Jun 2026,Central African Republic: Cholera Outbreak - Jun 2026
Venezuela,Earthquakes,Jun 2026,Venezuela: Earthquakes - Jun 2026
Chad,Cholera Outbreak,Jun 2026,Chad: Cholera Outbreak - Jun 2026
Philippines,Earthquake and Tsunami,Jun 2026,Philippines: Earthquake and Tsunami - Jun 2026
Armenia,Hailstorm,Jun 2026,Armenia: Hailstorm - Jun 2026
Syria,Floods,May 2026,Syria: Floods - May 2026
Central/Eastern Africa,Ebola Outbreak,May 2026,Central/Eastern Africa: Ebola Outbreak - May 2026
Sri Lanka,Dengue Outbreak,May 2026,Sri Lanka: Dengue Outbreak - May 2026
Dominican Republic,Floods,Apr 2026,Dominican Republic: Floods - Apr 2026
Yemen,Floods,Mar 2026,Yemen: Floods - Mar 2026
Tanzania,Floods and Landslides,Mar 2026,Tanzania: Floods and Landslides - Mar 2026
Liberia,Windstorms,Mar 2026,Liberia: Windstorms - Mar 2026
Botswana,Floods,Mar 2026,Botswana: Floods - Mar 2026
Ethiopia,Floods and Landslides,Mar 2026,Ethiopia: Floods and Landslides - Mar 2026
Kenya,Floods,Mar 2026,Kenya: Floods - Mar 2026
Suriname,Chikungunya Virus Outbreak,Mar 2026,Suriname: Chikungunya Virus Outbreak - Mar 2026
Brazil,Floods,Feb 2026,Brazil: Floods - Feb 2026
Peru,Floods and Landslides,Feb 2026,Peru: Floods and Landslides - Feb 2026
Angola,Floods,Feb 2026,Angola: Floods - Feb 2026
Zambia,Cholera Outbreak,Feb 2026,Zambia: Cholera Outbreak - Feb 2026
Cameroon,Fires,Feb 2026,Cameroon: Fires - Feb 2026
Somalia,Dengue Outbreak,Feb 2026,Somalia: Dengue Outbreak - Feb 2026
Rwanda,Flash Floods,Jan 2026,Rwanda: Flash Floods - Jan 2026
Algeria,Floods,Jan 2026,Algeria: Floods - Jan 2026
Argentina,Landslides,Jan 2026,Argentina: Landslides - Jan 2026
South Africa,Floods,Jan 2026,South Africa: Floods - Jan 2026
North Macedonia,Floods,Jan 2026,North Macedonia: Floods - Jan 2026
Malawi,Floods,Jan 2026,Malawi: Floods - Jan 2026
Serbia,Cold Wave,Jan 2026,Serbia: Cold Wave - Jan 2026
Guatemala,Measles Outbreak,Jan 2026,Guatemala: Measles Outbreak - Jan 2026
Ecuador,Floods,Jan 2026,Ecuador: Floods - Jan 2026
Zimbabwe,Floods,Jan 2026,Zimbabwe: Floods - Jan 2026
Mozambique,Floods,Dec 2025,Mozambique: Floods - Dec 2025
Chile,Wild Fires,Dec 2025,Chile: Wild Fires - Dec 2025
Gabon,Windstorms,Dec 2025,Gabon: Windstorms - Dec 2025
Morocco,Floods,Dec 2025,Morocco: Floods - Dec 2025
Bolivia,Floods,Dec 2025,Bolivia: Floods - Dec 2025
Congo,Floods,Nov 2025,Congo: Floods - Nov 2025
Cuba,Arboviral Outbreak,Oct 2025,Cuba: Arboviral Outbreak - Oct 2025
Egypt,Floods,Oct 2025,Egypt: Floods - Oct 2025
Cabo Verde,Flash Floods,Aug 2025,Cabo Verde: Flash Floods - Aug 2025
South Sudan,Floods,Jul 2025,South Sudan: Floods - Jul 2025
Sudan,Floods,Jul 2025,Sudan: Floods - Jul 2025
Honduras,Floods,Jun 2025,Honduras: Floods - Jun 2025
Panama,River Pollution,Jun 2025,Panama: River Pollution - Jun 2025
Côte d'Ivoire,Cholera Outbreak,Jun 2025,Côte d'Ivoire: Cholera Outbreak - Jun 2025
Pacific,Dengue Outbreak,2025,Pacific: Dengue Outbreak - 2025-2026
Ghana,Cholera Outbreak,Oct 2024,Ghana: Cholera Outbreak - Oct 2024
Namibia,Drought,May 2024,Namibia: Drought - May 2024
Niger,Diphtheria Outbreak,Oct 2023,Niger: Diphtheria Outbreak - Oct 2023
Nigeria,Lassa Fever Outbreak,Jan 2023,Nigeria: Lassa Fever Outbreak - Jan 2023
Burundi,Cholera Outbreak,Jan 2023,Burundi: Cholera Outbreak - Jan 2023
Tajikistan,Floods and Mudslides,May 2006,Tajikistan: Floods and Mudslides - May 2006
Vanuatu,Lopevi Volcano,May 2006,Vanuatu: Lopevi Volcano - May 2006
Suriname,Floods,May 2006,Suriname: Floods - May 2006
Myanmar,Cyclone Mala,May 2006,Myanmar: Cyclone Mala - May 2006
Afghanistan,Floods,May 2006,Afghanistan: Floods - May 2006
Peru,Ubinas Volcano,Apr 2006,Peru: Ubinas Volcano - Apr 2006
Argentina,Floods,Apr 2006,Argentina: Floods - Apr 2006
Russian Federation,Earthquake,Apr 2006,Russian Federation: Earthquake - Apr 2006
Indonesia,Flash Floods and Landslides,Java Province,Indonesia: Flash Floods and Landslides - Java Province - Apr 2006
Indonesia,Mt. Merapi Volcano,Apr 2006,Indonesia: Mt. Merapi Volcano - Apr 2006
DR Congo,Floods,Apr 2006,DR Congo: Floods - Apr 2006
Kenya,Flash Floods,Apr 2006,Kenya: Flash Floods - Apr 2006
Colombia,Floods,Mar 2006,Colombia: Floods - Mar 2006
Iran,Earthquake,Mar 2006,Iran: Earthquake - Mar 2006
Australia,Tropical Cyclones,Mar 2006,Australia: Tropical Cyclones - Mar 2006
Colombia,Galeras Volcano,Mar 2006,Colombia: Galeras Volcano - Mar 2006
Serbia and Montenegro,Floods and Landslides,Mar 2006,Serbia and Montenegro: Floods and Landslides - Mar 2006
Central Europe,Floods,Mar 2006,Central Europe: Floods - Mar 2006
Algeria,Earthquake,Mar 2006,Algeria: Earthquake - Mar 2006
Indonesia,Earthquake,Maluku Province,Indonesia: Earthquake - Maluku Province - Mar 2006
Indonesia,Earthquake,Aug 2026,Indonesia: Earthquake - Aug 2026
Colombia,Earthquake,Aug 2026,Colombia: Earthquake - Aug 2026
Myanmar,Floods,Jul 2026,Myanmar: Floods - Jul 2026
Afghanistan,Flash Floods,Jul 2026,Afghanistan: Flash Floods - Jul 2026
India,Flash Floods,Jul 2026,India: Flash Floods - Jul 2026
Kyrgyzstan,Flash Floods,Jul 2026,Kyrgyzstan: Flash Floods - Jul 2026
Tajikistan,Floods,Jul 2026,Tajikistan: Floods - Jul 2026
Bangladesh,Flash Floods,Jul 2026,Bangladesh: Flash Floods - Jul 2026
Georgia,Floods,Jun 2026,Georgia: Floods - Jun 2026
Central African Republic,Cholera Outbreak,Jun 2026,Central African Republic: Cholera Outbreak - Jun 2026
Venezuela,Earthquakes,Jun 2026,Venezuela: Earthquakes - Jun 2026
Chad,Cholera Outbreak,Jun 2026,Chad: Cholera Outbreak - Jun 2026
Philippines,Earthquake and Tsunami,Jun 2026,Philippines: Earthquake and Tsunami - Jun 2026
Armenia,Hailstorm,Jun 2026,Armenia: Hailstorm - Jun 2026
Syria,Floods,May 2026,Syria: Floods - May 2026
Central/Eastern Africa,Ebola Outbreak,May 2026,Central/Eastern Africa: Ebola Outbreak - May 2026
Sri Lanka,Dengue Outbreak,May 2026,Sri Lanka: Dengue Outbreak - May 2026
Dominican Republic,Floods,Apr 2026,Dominican Republic: Floods - Apr 2026
Yemen,Floods,Mar 2026,Yemen: Floods - Mar 2026
Tanzania,Floods and Landslides,Mar 2026,Tanzania: Floods and Landslides - Mar 2026
Liberia,Windstorms,Mar 2026,Liberia: Windstorms - Mar 2026
Botswana,Floods,Mar 2026,Botswana: Floods - Mar 2026
Ethiopia,Floods and Landslides,Mar 2026,Ethiopia: Floods and Landslides - Mar 2026
Kenya,Floods,Mar 2026,Kenya: Floods - Mar 2026
Suriname,Chikungunya Virus Outbreak,Mar 2026,Suriname: Chikungunya Virus Outbreak - Mar 2026
Brazil,Floods,Feb 2026,Brazil: Floods - Feb 2026
Peru,Floods and Landslides,Feb 2026,Peru: Floods and Landslides - Feb 2026
Angola,Floods,Feb 2026,Angola: Floods - Feb 2026
Zambia,Cholera Outbreak,Feb 2026,Zambia: Cholera Outbreak - Feb 2026
Cameroon,Fires,Feb 2026,Cameroon: Fires - Feb 2026
Somalia,Dengue Outbreak,Feb 2026,Somalia: Dengue Outbreak - Feb 2026
Rwanda,Flash Floods,Jan 2026,Rwanda: Flash Floods - Jan 2026
Algeria,Floods,Jan 2026,Algeria: Floods - Jan 2026
Argentina,Landslides,Jan 2026,Argentina: Landslides - Jan 2026
South Africa,Floods,Jan 2026,South Africa: Floods - Jan 2026
North Macedonia,Floods,Jan 2026,North Macedonia: Floods - Jan 2026
Malawi,Floods,Jan 2026,Malawi: Floods - Jan 2026
Serbia,Cold Wave,Jan 2026,Serbia: Cold Wave - Jan 2026
Guatemala,Measles Outbreak,Jan 2026,Guatemala: Measles Outbreak - Jan 2026
Ecuador,Floods,Jan 2026,Ecuador: Floods - Jan 2026
Zimbabwe,Floods,Jan 2026,Zimbabwe: Floods - Jan 2026
Mozambique,Floods,Dec 2025,Mozambique: Floods - Dec 2025
Chile,Wild Fires,Dec 2025,Chile: Wild Fires - Dec 2025
Gabon,Windstorms,Dec 2025,Gabon: Windstorms - Dec 2025
Morocco,Floods,Dec 2025,Morocco: Floods - Dec 2025
Bolivia,Floods,Dec 2025,Bolivia: Floods - Dec 2025
Congo,Floods,Nov 2025,Congo: Floods - Nov 2025
Cuba,Arboviral Outbreak,Oct 2025,Cuba: Arboviral Outbreak - Oct 2025
Egypt,Floods,Oct 2025,Egypt: Floods - Oct 2025
Cabo Verde,Flash Floods,Aug 2025,Cabo Verde: Flash Floods - Aug 2025
South Sudan,Floods,Jul 2025,South Sudan: Floods - Jul 2025
Sudan,Floods,Jul 2025,Sudan: Floods - Jul 2025
Honduras,Floods,Jun 2025,Honduras: Floods - Jun 2025
Panama,River Pollution,Jun 2025,Panama: River Pollution - Jun 2025
Côte d'Ivoire,Cholera Outbreak,Jun 2025,Côte d'Ivoire: Cholera Outbreak - Jun 2025
Pacific,Dengue Outbreak,2025,Pacific: Dengue Outbreak - 2025-2026
Ghana,Cholera Outbreak,Oct 2024,Ghana: Cholera Outbreak - Oct 2024
Namibia,Drought,May 2024,Namibia: Drought - May 2024
Niger,Diphtheria Outbreak,Oct 2023,Niger: Diphtheria Outbreak - Oct 2023
Nigeria,Lassa Fever Outbreak,Jan 2023,Nigeria: Lassa Fever Outbreak - Jan 2023
Burundi,Cholera Outbreak,Jan 2023,Burundi: Cholera Outbreak - Jan 2023
Ecuador,Floods,Mar 2006,Ecuador: Floods - Mar 2006
DR Congo,Tornado,Mar 2006,DR Congo: Tornado - Mar 2006
Bangladesh,Tornado,Mar 2006,Bangladesh: Tornado - Mar 2006
Belarus/Russian Fed./Ukraine and Moldova,Severe Weather,Feb 2006,Belarus/Russian Fed./Ukraine and Moldova: Severe Weather - Feb 2006
Kyrgyzstan,Heavy Snowfalls,Mar 2006,Kyrgyzstan: Heavy Snowfalls - Mar 2006
Peru,Floods,Mar 2006,Peru: Floods - Mar 2006
Namibia,Floods in Mariental,Feb 2006,Namibia: Floods in Mariental - Feb 2006
Serbia and Montenegro,Floods,Feb 2006,Serbia and Montenegro: Floods - Feb 2006
Indonesia,Floods and Landslides,Feb 2006,Indonesia: Floods and Landslides - Feb 2006
Mozambique,Earthquake,Feb 2006,Mozambique: Earthquake - Feb 2006
Yemen,Floods,Feb 2006,Yemen: Floods - Feb 2006
Papua New Guinea,Floods,Feb 2006,Papua New Guinea: Floods - Feb 2006
Philippines,Floods and Landslides,Feb 2006,Philippines: Floods and Landslides - Feb 2006
Algeria,Tindouf Floods,Feb 2006,Algeria: Tindouf Floods - Feb 2006
Timor-Leste,Flash Floods,Feb 2006,Timor-Leste: Flash Floods - Feb 2006
Madagascar,Cyclone Boloeste,Feb 2006,Madagascar: Cyclone Boloeste - Feb 2006
Iraq,Floods,Feb 2006,Iraq: Floods - Feb 2006
Afghanistan,Severe Winter,Feb 2006,Afghanistan: Severe Winter - Feb 2006
Malawi,Floods,Jan 2006,Malawi: Floods - Jan 2006
Bolivia,Floods,Jan 2006,Bolivia: Floods - Jan 2006
Indonesia,Earthquake,Aug 2026,Indonesia: Earthquake - Aug 2026
Colombia,Earthquake,Aug 2026,Colombia: Earthquake - Aug 2026
Myanmar,Floods,Jul 2026,Myanmar: Floods - Jul 2026
Afghanistan,Flash Floods,Jul 2026,Afghanistan: Flash Floods - Jul 2026
India,Flash Floods,Jul 2026,India: Flash Floods - Jul 2026
Kyrgyzstan,Flash Floods,Jul 2026,Kyrgyzstan: Flash Floods - Jul 2026
Tajikistan,Floods,Jul 2026,Tajikistan: Floods - Jul 2026
Bangladesh,Flash Floods,Jul 2026,Bangladesh: Flash Floods - Jul 2026
Georgia,Floods,Jun 2026,Georgia: Floods - Jun 2026
Central African Republic,Cholera Outbreak,Jun 2026,Central African Republic: Cholera Outbreak - Jun 2026
Venezuela,Earthquakes,Jun 2026,Venezuela: Earthquakes - Jun 2026
Chad,Cholera Outbreak,Jun 2026,Chad: Cholera Outbreak - Jun 2026
Philippines,Earthquake and Tsunami,Jun 2026,Philippines: Earthquake and Tsunami - Jun 2026
Armenia,Hailstorm,Jun 2026,Armenia: Hailstorm - Jun 2026
Syria,Floods,May 2026,Syria: Floods - May 2026
Central/Eastern Africa,Ebola Outbreak,May 2026,Central/Eastern Africa: Ebola Outbreak - May 2026
Sri Lanka,Dengue Outbreak,May 2026,Sri Lanka: Dengue Outbreak - May 2026
Dominican Republic,Floods,Apr 2026,Dominican Republic: Floods - Apr 2026
Yemen,Floods,Mar 2026,Yemen: Floods - Mar 2026
Tanzania,Floods and Landslides,Mar 2026,Tanzania: Floods and Landslides - Mar 2026
Liberia,Windstorms,Mar 2026,Liberia: Windstorms - Mar 2026
Botswana,Floods,Mar 2026,Botswana: Floods - Mar 2026
Ethiopia,Floods and Landslides,Mar 2026,Ethiopia: Floods and Landslides - Mar 2026
Kenya,Floods,Mar 2026,Kenya: Floods - Mar 2026
Suriname,Chikungunya Virus Outbreak,Mar 2026,Suriname: Chikungunya Virus Outbreak - Mar 2026
Brazil,Floods,Feb 2026,Brazil: Floods - Feb 2026
Peru,Floods and Landslides,Feb 2026,Peru: Floods and Landslides - Feb 2026
Angola,Floods,Feb 2026,Angola: Floods - Feb 2026
Zambia,Cholera Outbreak,Feb 2026,Zambia: Cholera Outbreak - Feb 2026
Cameroon,Fires,Feb 2026,Cameroon: Fires - Feb 2026
Somalia,Dengue Outbreak,Feb 2026,Somalia: Dengue Outbreak - Feb 2026
Rwanda,Flash Floods,Jan 2026,Rwanda: Flash Floods - Jan 2026
Algeria,Floods,Jan 2026,Algeria: Floods - Jan 2026
Argentina,Landslides,Jan 2026,Argentina: Landslides - Jan 2026
South Africa,Floods,Jan 2026,South Africa: Floods - Jan 2026
North Macedonia,Floods,Jan 2026,North Macedonia: Floods - Jan 2026
Malawi,Floods,Jan 2026,Malawi: Floods - Jan 2026
Serbia,Cold Wave,Jan 2026,Serbia: Cold Wave - Jan 2026
Guatemala,Measles Outbreak,Jan 2026,Guatemala: Measles Outbreak - Jan 2026
Ecuador,Floods,Jan 2026,Ecuador: Floods - Jan 2026
Zimbabwe,Floods,Jan 2026,Zimbabwe: Floods - Jan 2026
Mozambique,Floods,Dec 2025,Mozambique: Floods - Dec 2025
Chile,Wild Fires,Dec 2025,Chile: Wild Fires - Dec 2025
Gabon,Windstorms,Dec 2025,Gabon: Windstorms - Dec 2025
Morocco,Floods,Dec 2025,Morocco: Floods - Dec 2025
Bolivia,Floods,Dec 2025,Bolivia: Floods - Dec 2025
Congo,Floods,Nov 2025,Congo: Floods - Nov 2025
Cuba,Arboviral Outbreak,Oct 2025,Cuba: Arboviral Outbreak - Oct 2025
Egypt,Floods,Oct 2025,Egypt: Floods - Oct 2025
Cabo Verde,Flash Floods,Aug 2025,Cabo Verde: Flash Floods - Aug 2025
South Sudan,Floods,Jul 2025,South Sudan: Floods - Jul 2025
Sudan,Floods,Jul 2025,Sudan: Floods - Jul 2025
Honduras,Floods,Jun 2025,Honduras: Floods - Jun 2025
Panama,River Pollution,Jun 2025,Panama: River Pollution - Jun 2025
Côte d'Ivoire,Cholera Outbreak,Jun 2025,Côte d'Ivoire: Cholera Outbreak - Jun 2025
Pacific,Dengue Outbreak,2025,Pacific: Dengue Outbreak - 2025-2026
Ghana,Cholera Outbreak,Oct 2024,Ghana: Cholera Outbreak - Oct 2024
Namibia,Drought,May 2024,Namibia: Drought - May 2024
Niger,Diphtheria Outbreak,Oct 2023,Niger: Diphtheria Outbreak - Oct 2023
Nigeria,Lassa Fever Outbreak,Jan 2023,Nigeria: Lassa Fever Outbreak - Jan 2023
Burundi,Cholera Outbreak,Jan 2023,Burundi: Cholera Outbreak - Jan 2023
Tajikistan,Avalanche,Jan 2006,Tajikistan: Avalanche - Jan 2006
Guyana,Floods,Jan 2006,Guyana: Floods - Jan 2006
Bangladesh and India,Cold Wave,Jan 2006,Bangladesh and India: Cold Wave - Jan 2006
China,Xinjiang Snowfall,Jan 2006,China: Xinjiang Snowfall - Jan 2006
Indonesia,Flash Floods and Landslides,Jan 2006,Indonesia: Flash Floods and Landslides - Jan 2006
Yemen,Landslide,Dec 2005,Yemen: Landslide - Dec 2005
Thailand,Floods,Dec 2005,Thailand: Floods - Dec 2005
Afghanistan,Earthquake,Dec 2005,Afghanistan: Earthquake - Dec 2005
Bosnia and Herzegovina,Floods,Dec 2005,Bosnia and Herzegovina: Floods - Dec 2005
Philippines,Floods and Landslides,Dec 2005,Philippines: Floods and Landslides - Dec 2005
East Africa,Earthquake,Dec 2005,East Africa: Earthquake - Dec 2005
Vanuatu,Ambae Volcano,Dec 2005,Vanuatu: Ambae Volcano - Dec 2005
Comoros,Karthala Volcano,Nov 2005,Comoros: Karthala Volcano - Nov 2005
Iran,Qeshm Earthquake,Nov 2005,Iran: Qeshm Earthquake - Nov 2005
China,Earthquake,Nov 2005,China: Earthquake - Nov 2005
Sri Lanka,Floods,Nov 2005,Sri Lanka: Floods - Nov 2005
China,Chemical Spill,Nov 2005,China: Chemical Spill - Nov 2005
Honduras,Tropical Storm Gamma,Nov 2005,Honduras: Tropical Storm Gamma - Nov 2005
Colombia,Volcanic Activity,Nov 2005,Colombia: Volcanic Activity - Nov 2005
Colombia,Floods,Nov 2005,Colombia: Floods - Nov 2005
Indonesia,Earthquake,Aug 2026,Indonesia: Earthquake - Aug 2026
Colombia,Earthquake,Aug 2026,Colombia: Earthquake - Aug 2026
Myanmar,Floods,Jul 2026,Myanmar: Floods - Jul 2026
Afghanistan,Flash Floods,Jul 2026,Afghanistan: Flash Floods - Jul 2026
India,Flash Floods,Jul 2026,India: Flash Floods - Jul 2026
Kyrgyzstan,Flash Floods,Jul 2026,Kyrgyzstan: Flash Floods - Jul 2026
Tajikistan,Floods,Jul 2026,Tajikistan: Floods - Jul 2026
Bangladesh,Flash Floods,Jul 2026,Bangladesh: Flash Floods - Jul 2026
Georgia,Floods,Jun 2026,Georgia: Floods - Jun 2026
Central African Republic,Cholera Outbreak,Jun 2026,Central African Republic: Cholera Outbreak - Jun 2026
Venezuela,Earthquakes,Jun 2026,Venezuela: Earthquakes - Jun 2026
Chad,Cholera Outbreak,Jun 2026,Chad: Cholera Outbreak - Jun 2026
Philippines,Earthquake and Tsunami,Jun 2026,Philippines: Earthquake and Tsunami - Jun 2026
Armenia,Hailstorm,Jun 2026,Armenia: Hailstorm - Jun 2026
Syria,Floods,May 2026,Syria: Floods - May 2026
Central/Eastern Africa,Ebola Outbreak,May 2026,Central/Eastern Africa: Ebola Outbreak - May 2026
Sri Lanka,Dengue Outbreak,May 2026,Sri Lanka: Dengue Outbreak - May 2026
Dominican Republic,Floods,Apr 2026,Dominican Republic: Floods - Apr 2026
Yemen,Floods,Mar 2026,Yemen: Floods - Mar 2026
Tanzania,Floods and Landslides,Mar 2026,Tanzania: Floods and Landslides - Mar 2026
Liberia,Windstorms,Mar 2026,Liberia: Windstorms - Mar 2026
Botswana,Floods,Mar 2026,Botswana: Floods - Mar 2026
Ethiopia,Floods and Landslides,Mar 2026,Ethiopia: Floods and Landslides - Mar 2026
Kenya,Floods,Mar 2026,Kenya: Floods - Mar 2026
Suriname,Chikungunya Virus Outbreak,Mar 2026,Suriname: Chikungunya Virus Outbreak - Mar 2026
Brazil,Floods,Feb 2026,Brazil: Floods - Feb 2026
Peru,Floods and Landslides,Feb 2026,Peru: Floods and Landslides - Feb 2026
Angola,Floods,Feb 2026,Angola: Floods - Feb 2026
Zambia,Cholera Outbreak,Feb 2026,Zambia: Cholera Outbreak - Feb 2026
Cameroon,Fires,Feb 2026,Cameroon: Fires - Feb 2026
Somalia,Dengue Outbreak,Feb 2026,Somalia: Dengue Outbreak - Feb 2026
Rwanda,Flash Floods,Jan 2026,Rwanda: Flash Floods - Jan 2026
Algeria,Floods,Jan 2026,Algeria: Floods - Jan 2026
Argentina,Landslides,Jan 2026,Argentina: Landslides - Jan 2026
South Africa,Floods,Jan 2026,South Africa: Floods - Jan 2026
North Macedonia,Floods,Jan 2026,North Macedonia: Floods - Jan 2026
Malawi,Floods,Jan 2026,Malawi: Floods - Jan 2026
Serbia,Cold Wave,Jan 2026,Serbia: Cold Wave - Jan 2026
Guatemala,Measles Outbreak,Jan 2026,Guatemala: Measles Outbreak - Jan 2026
Ecuador,Floods,Jan 2026,Ecuador: Floods - Jan 2026
Zimbabwe,Floods,Jan 2026,Zimbabwe: Floods - Jan 2026
Mozambique,Floods,Dec 2025,Mozambique: Floods - Dec 2025
Chile,Wild Fires,Dec 2025,Chile: Wild Fires - Dec 2025
Gabon,Windstorms,Dec 2025,Gabon: Windstorms - Dec 2025
Morocco,Floods,Dec 2025,Morocco: Floods - Dec 2025
Bolivia,Floods,Dec 2025,Bolivia: Floods - Dec 2025
Congo,Floods,Nov 2025,Congo: Floods - Nov 2025
Cuba,Arboviral Outbreak,Oct 2025,Cuba: Arboviral Outbreak - Oct 2025
Egypt,Floods,Oct 2025,Egypt: Floods - Oct 2025
Cabo Verde,Flash Floods,Aug 2025,Cabo Verde: Flash Floods - Aug 2025
South Sudan,Floods,Jul 2025,South Sudan: Floods - Jul 2025
Sudan,Floods,Jul 2025,Sudan: Floods - Jul 2025
Honduras,Floods,Jun 2025,Honduras: Floods - Jun 2025
Panama,River Pollution,Jun 2025,Panama: River Pollution - Jun 2025
Côte d'Ivoire,Cholera Outbreak,Jun 2025,Côte d'Ivoire: Cholera Outbreak - Jun 2025
Pacific,Dengue Outbreak,2025,Pacific: Dengue Outbreak - 2025-2026
Ghana,Cholera Outbreak,Oct 2024,Ghana: Cholera Outbreak - Oct 2024
Namibia,Drought,May 2024,Namibia: Drought - May 2024
Niger,Diphtheria Outbreak,Oct 2023,Niger: Diphtheria Outbreak - Oct 2023
Nigeria,Lassa Fever Outbreak,Jan 2023,Nigeria: Lassa Fever Outbreak - Jan 2023
Burundi,Cholera Outbreak,Jan 2023,Burundi: Cholera Outbreak - Jan 2023
Southwestern Caribbean,Hurricane Beta,Oct 2005,Southwestern Caribbean: Hurricane Beta - Oct 2005
India,Floods,Oct 2005,India: Floods - Oct 2005
Viet Nam,Floods,Oct 2005,Viet Nam: Floods - Oct 2005
Haiti,Tropical Storm Alpha/Floods,Oct 2005,Haiti: Tropical Storm Alpha/Floods - Oct 2005
Indonesia,Landslides,Oct 2005,Indonesia: Landslides - Oct 2005
Caribbean,Hurricane Wilma,Oct 2005,Caribbean: Hurricane Wilma - Oct 2005
Paraguay,Drought,Oct 2005,Paraguay: Drought - Oct 2005
Sudan,Floods,Oct 2005,Sudan: Floods - Oct 2005
Bangladesh,Floods,Oct 2005,Bangladesh: Floods - Oct 2005
South Asia,Earthquake,Oct 2005,South Asia: Earthquake - Oct 2005
Central America,Hurricane Stan,Oct 2005,Central America: Hurricane Stan - Oct 2005
El Salvador,Floods,Oct 2005,El Salvador: Floods - Oct 2005
Nepal,Floods,Sep 2005,Nepal: Floods - Sep 2005
Fiji,Floods,Sep 2005,Fiji: Floods - Sep 2005
Costa Rica,Floods,Sep 2005,Costa Rica: Floods - Sep 2005
Peru,Earthquake,Sep 2005,Peru: Earthquake - Sep 2005
Bolivia,Fire,Sep 2005,Bolivia: Fire - Sep 2005
Bay of Bengal (India & Bangladesh),Storms,Sep 2005,Bay of Bengal (India & Bangladesh): Storms - Sep 2005
Indonesia,Earthquake,Aug 2026,Indonesia: Earthquake - Aug 2026
Colombia,Earthquake,Aug 2026,Colombia: Earthquake - Aug 2026
Myanmar,Floods,Jul 2026,Myanmar: Floods - Jul 2026
Afghanistan,Flash Floods,Jul 2026,Afghanistan: Flash Floods - Jul 2026
India,Flash Floods,Jul 2026,India: Flash Floods - Jul 2026
Kyrgyzstan,Flash Floods,Jul 2026,Kyrgyzstan: Flash Floods - Jul 2026
Tajikistan,Floods,Jul 2026,Tajikistan: Floods - Jul 2026
Bangladesh,Flash Floods,Jul 2026,Bangladesh: Flash Floods - Jul 2026
Georgia,Floods,Jun 2026,Georgia: Floods - Jun 2026
Central African Republic,Cholera Outbreak,Jun 2026,Central African Republic: Cholera Outbreak - Jun 2026
Venezuela,Earthquakes,Jun 2026,Venezuela: Earthquakes - Jun 2026
Chad,Cholera Outbreak,Jun 2026,Chad: Cholera Outbreak - Jun 2026
Philippines,Earthquake and Tsunami,Jun 2026,Philippines: Earthquake and Tsunami - Jun 2026
Armenia,Hailstorm,Jun 2026,Armenia: Hailstorm - Jun 2026
Syria,Floods,May 2026,Syria: Floods - May 2026
Central/Eastern Africa,Ebola Outbreak,May 2026,Central/Eastern Africa: Ebola Outbreak - May 2026
Sri Lanka,Dengue Outbreak,May 2026,Sri Lanka: Dengue Outbreak - May 2026
Dominican Republic,Floods,Apr 2026,Dominican Republic: Floods - Apr 2026
Yemen,Floods,Mar 2026,Yemen: Floods - Mar 2026
Tanzania,Floods and Landslides,Mar 2026,Tanzania: Floods and Landslides - Mar 2026
Liberia,Windstorms,Mar 2026,Liberia: Windstorms - Mar 2026
Botswana,Floods,Mar 2026,Botswana: Floods - Mar 2026
Ethiopia,Floods and Landslides,Mar 2026,Ethiopia: Floods and Landslides - Mar 2026
Kenya,Floods,Mar 2026,Kenya: Floods - Mar 2026
Suriname,Chikungunya Virus Outbreak,Mar 2026,Suriname: Chikungunya Virus Outbreak - Mar 2026
Brazil,Floods,Feb 2026,Brazil: Floods - Feb 2026
Peru,Floods and Landslides,Feb 2026,Peru: Floods and Landslides - Feb 2026
Angola,Floods,Feb 2026,Angola: Floods - Feb 2026
Zambia,Cholera Outbreak,Feb 2026,Zambia: Cholera Outbreak - Feb 2026
Cameroon,Fires,Feb 2026,Cameroon: Fires - Feb 2026
Somalia,Dengue Outbreak,Feb 2026,Somalia: Dengue Outbreak - Feb 2026
Rwanda,Flash Floods,Jan 2026,Rwanda: Flash Floods - Jan 2026
Algeria,Floods,Jan 2026,Algeria: Floods - Jan 2026
Argentina,Landslides,Jan 2026,Argentina: Landslides - Jan 2026
South Africa,Floods,Jan 2026,South Africa: Floods - Jan 2026
North Macedonia,Floods,Jan 2026,North Macedonia: Floods - Jan 2026
Malawi,Floods,Jan 2026,Malawi: Floods - Jan 2026
Serbia,Cold Wave,Jan 2026,Serbia: Cold Wave - Jan 2026
Guatemala,Measles Outbreak,Jan 2026,Guatemala: Measles Outbreak - Jan 2026
Ecuador,Floods,Jan 2026,Ecuador: Floods - Jan 2026
Zimbabwe,Floods,Jan 2026,Zimbabwe: Floods - Jan 2026
Mozambique,Floods,Dec 2025,Mozambique: Floods - Dec 2025
Chile,Wild Fires,Dec 2025,Chile: Wild Fires - Dec 2025
Gabon,Windstorms,Dec 2025,Gabon: Windstorms - Dec 2025
Morocco,Floods,Dec 2025,Morocco: Floods - Dec 2025
Bolivia,Floods,Dec 2025,Bolivia: Floods - Dec 2025
Congo,Floods,Nov 2025,Congo: Floods - Nov 2025
Cuba,Arboviral Outbreak,Oct 2025,Cuba: Arboviral Outbreak - Oct 2025
Egypt,Floods,Oct 2025,Egypt: Floods - Oct 2025
Cabo Verde,Flash Floods,Aug 2025,Cabo Verde: Flash Floods - Aug 2025
South Sudan,Floods,Jul 2025,South Sudan: Floods - Jul 2025
Sudan,Floods,Jul 2025,Sudan: Floods - Jul 2025
Honduras,Floods,Jun 2025,Honduras: Floods - Jun 2025
Panama,River Pollution,Jun 2025,Panama: River Pollution - Jun 2025
Côte d'Ivoire,Cholera Outbreak,Jun 2025,Côte d'Ivoire: Cholera Outbreak - Jun 2025
Pacific,Dengue Outbreak,2025,Pacific: Dengue Outbreak - 2025-2026
Ghana,Cholera Outbreak,Oct 2024,Ghana: Cholera Outbreak - Oct 2024
Namibia,Drought,May 2024,Namibia: Drought - May 2024
Niger,Diphtheria Outbreak,Oct 2023,Niger: Diphtheria Outbreak - Oct 2023
Nigeria,Lassa Fever Outbreak,Jan 2023,Nigeria: Lassa Fever Outbreak - Jan 2023
Burundi,Cholera Outbreak,Jan 2023,Burundi: Cholera Outbreak - Jan 2023
El Salvador,Volcanic Activity,Sep 2005,El Salvador: Volcanic Activity - Sep 2005
Myanmar,Floods,Sep 2005,Myanmar: Floods - Sep 2005
Moldova,Floods,Aug 2005,Moldova: Floods - Aug 2005
China,Typhoon Talim,Sep 2005,China: Typhoon Talim - Sep 2005
Indonesia,Landslide,Sep 2005,Indonesia: Landslide - Sep 2005
Thailand,Floods,Aug 2005,Thailand: Floods - Aug 2005
USA,Hurricane Katrina,Aug 2005,USA: Hurricane Katrina - Aug 2005
Nigeria,Floods,Aug 2005,Nigeria: Floods - Aug 2005
Uruguay,Heavy Storm,Aug 2005,Uruguay: Heavy Storm - Aug 2005
Sierra Leone,Floods,Aug 2005,Sierra Leone: Floods - Aug 2005
Papua New Guinea,Floods and High Tides,Aug 2005,Papua New Guinea: Floods and High Tides - Aug 2005
Central African Republic,Floods,Aug 2005,Central African Republic: Floods - Aug 2005
Indonesia,Fires,Aug 2005,Indonesia: Fires - Aug 2005
The former Yugoslav Republic of Macedonia,Floods,Aug 2005,The former Yugoslav Republic of Macedonia: Floods - Aug 2005
Sudan,Floods,Aug 2005,Sudan: Floods - Aug 2005
Guatemala,Floods,Jul 2005,Guatemala: Floods - Jul 2005
Caribbean,Hurricane Emily,Jul 2005,Caribbean: Hurricane Emily - Jul 2005
Caribbean,Hurricane Dennis,Jul 2005,Caribbean: Hurricane Dennis - Jul 2005
Bosnia and Herzegovina,Floods,Jul 2005,Bosnia and Herzegovina: Floods - Jul 2005
Pakistan,Floods,Jun 2005,Pakistan: Floods - Jun 2005
Indonesia,Earthquake,Aug 2026,Indonesia: Earthquake - Aug 2026
Colombia,Earthquake,Aug 2026,Colombia: Earthquake - Aug 2026
Myanmar,Floods,Jul 2026,Myanmar: Floods - Jul 2026
Afghanistan,Flash Floods,Jul 2026,Afghanistan: Flash Floods - Jul 2026
India,Flash Floods,Jul 2026,India: Flash Floods - Jul 2026
Kyrgyzstan,Flash Floods,Jul 2026,Kyrgyzstan: Flash Floods - Jul 2026
Tajikistan,Floods,Jul 2026,Tajikistan: Floods - Jul 2026
Bangladesh,Flash Floods,Jul 2026,Bangladesh: Flash Floods - Jul 2026
Georgia,Floods,Jun 2026,Georgia: Floods - Jun 2026
Central African Republic,Cholera Outbreak,Jun 2026,Central African Republic: Cholera Outbreak - Jun 2026
Venezuela,Earthquakes,Jun 2026,Venezuela: Earthquakes - Jun 2026
Chad,Cholera Outbreak,Jun 2026,Chad: Cholera Outbreak - Jun 2026
Philippines,Earthquake and Tsunami,Jun 2026,Philippines: Earthquake and Tsunami - Jun 2026
Armenia,Hailstorm,Jun 2026,Armenia: Hailstorm - Jun 2026
Syria,Floods,May 2026,Syria: Floods - May 2026
Central/Eastern Africa,Ebola Outbreak,May 2026,Central/Eastern Africa: Ebola Outbreak - May 2026
Sri Lanka,Dengue Outbreak,May 2026,Sri Lanka: Dengue Outbreak - May 2026
Dominican Republic,Floods,Apr 2026,Dominican Republic: Floods - Apr 2026
Yemen,Floods,Mar 2026,Yemen: Floods - Mar 2026
Tanzania,Floods and Landslides,Mar 2026,Tanzania: Floods and Landslides - Mar 2026
Liberia,Windstorms,Mar 2026,Liberia: Windstorms - Mar 2026
Botswana,Floods,Mar 2026,Botswana: Floods - Mar 2026
Ethiopia,Floods and Landslides,Mar 2026,Ethiopia: Floods and Landslides - Mar 2026
Kenya,Floods,Mar 2026,Kenya: Floods - Mar 2026
Suriname,Chikungunya Virus Outbreak,Mar 2026,Suriname: Chikungunya Virus Outbreak - Mar 2026
Brazil,Floods,Feb 2026,Brazil: Floods - Feb 2026
Peru,Floods and Landslides,Feb 2026,Peru: Floods and Landslides - Feb 2026
Angola,Floods,Feb 2026,Angola: Floods - Feb 2026
Zambia,Cholera Outbreak,Feb 2026,Zambia: Cholera Outbreak - Feb 2026
Cameroon,Fires,Feb 2026,Cameroon: Fires - Feb 2026
Somalia,Dengue Outbreak,Feb 2026,Somalia: Dengue Outbreak - Feb 2026
Rwanda,Flash Floods,Jan 2026,Rwanda: Flash Floods - Jan 2026
Algeria,Floods,Jan 2026,Algeria: Floods - Jan 2026
Argentina,Landslides,Jan 2026,Argentina: Landslides - Jan 2026
South Africa,Floods,Jan 2026,South Africa: Floods - Jan 2026
North Macedonia,Floods,Jan 2026,North Macedonia: Floods - Jan 2026
Malawi,Floods,Jan 2026,Malawi: Floods - Jan 2026
Serbia,Cold Wave,Jan 2026,Serbia: Cold Wave - Jan 2026
Guatemala,Measles Outbreak,Jan 2026,Guatemala: Measles Outbreak - Jan 2026
Ecuador,Floods,Jan 2026,Ecuador: Floods - Jan 2026
Zimbabwe,Floods,Jan 2026,Zimbabwe: Floods - Jan 2026
Mozambique,Floods,Dec 2025,Mozambique: Floods - Dec 2025
Chile,Wild Fires,Dec 2025,Chile: Wild Fires - Dec 2025
Gabon,Windstorms,Dec 2025,Gabon: Windstorms - Dec 2025
Morocco,Floods,Dec 2025,Morocco: Floods - Dec 2025
Bolivia,Floods,Dec 2025,Bolivia: Floods - Dec 2025
Congo,Floods,Nov 2025,Congo: Floods - Nov 2025
Cuba,Arboviral Outbreak,Oct 2025,Cuba: Arboviral Outbreak - Oct 2025
Egypt,Floods,Oct 2025,Egypt: Floods - Oct 2025
Cabo Verde,Flash Floods,Aug 2025,Cabo Verde: Flash Floods - Aug 2025
South Sudan,Floods,Jul 2025,South Sudan: Floods - Jul 2025
Sudan,Floods,Jul 2025,Sudan: Floods - Jul 2025
Honduras,Floods,Jun 2025,Honduras: Floods - Jun 2025
Panama,River Pollution,Jun 2025,Panama: River Pollution - Jun 2025
Côte d'Ivoire,Cholera Outbreak,Jun 2025,Côte d'Ivoire: Cholera Outbreak - Jun 2025
Pacific,Dengue Outbreak,2025,Pacific: Dengue Outbreak - 2025-2026
Ghana,Cholera Outbreak,Oct 2024,Ghana: Cholera Outbreak - Oct 2024
Namibia,Drought,May 2024,Namibia: Drought - May 2024
Niger,Diphtheria Outbreak,Oct 2023,Niger: Diphtheria Outbreak - Oct 2023
Nigeria,Lassa Fever Outbreak,Jan 2023,Nigeria: Lassa Fever Outbreak - Jan 2023
Burundi,Cholera Outbreak,Jan 2023,Burundi: Cholera Outbreak - Jan 2023
El Salvador,Floods,Jun 2005,El Salvador: Floods - Jun 2005
Haiti,Côte,De,Haiti: Côte-De-Fer Floods and Landslides - Jun 2005
DPR Korea,Floods,Jun 2005,DPR Korea: Floods - Jun 2005
India,Floods,Jun 2005,India: Floods - Jun 2005
Kyrgyzstan,Floods,Jun 2005,Kyrgyzstan: Floods - Jun 2005
Afghanistan,Cholera Outbreak,Jun 2005,Afghanistan: Cholera Outbreak - Jun 2005
Bulgaria,Floods,Jun 2005,Bulgaria: Floods - Jun 2005
Afghanistan,Floods,Jun 2005,Afghanistan: Floods - Jun 2005
Guatemala,Mudslide,Jun 2005,Guatemala: Mudslide - Jun 2005
Chile,Earthquake,Jun 2005,Chile: Earthquake - Jun 2005
Papua New Guinea,Langila Volcano,Jun 2005,Papua New Guinea: Langila Volcano - Jun 2005
Tajikistan,Floods,Jun 2005,Tajikistan: Floods - Jun 2005
China,Floods,Jun 2005,China: Floods - Jun 2005
Romania,Floods,Jul 2005,Romania: Floods - Jul 2005
El Salvador,Tropical Storm Adrian,May 2005,El Salvador: Tropical Storm Adrian - May 2005
Tajikistan,Flash Floods,May 2005,Tajikistan: Flash Floods - May 2005
Yemen,Floods,May 2005,Yemen: Floods - May 2005
Somalia,Heavy rains,Apr 2005,Somalia: Heavy rains - Apr 2005
Georgia,Floods,Apr 2005,Georgia: Floods - Apr 2005
Horn of Africa,Floods,Apr 2005,Horn of Africa: Floods - Apr 2005
Indonesia,Earthquake,Aug 2026,Indonesia: Earthquake - Aug 2026
Colombia,Earthquake,Aug 2026,Colombia: Earthquake - Aug 2026
Myanmar,Floods,Jul 2026,Myanmar: Floods - Jul 2026
Afghanistan,Flash Floods,Jul 2026,Afghanistan: Flash Floods - Jul 2026
India,Flash Floods,Jul 2026,India: Flash Floods - Jul 2026
Kyrgyzstan,Flash Floods,Jul 2026,Kyrgyzstan: Flash Floods - Jul 2026
Tajikistan,Floods,Jul 2026,Tajikistan: Floods - Jul 2026
Bangladesh,Flash Floods,Jul 2026,Bangladesh: Flash Floods - Jul 2026
Georgia,Floods,Jun 2026,Georgia: Floods - Jun 2026
Central African Republic,Cholera Outbreak,Jun 2026,Central African Republic: Cholera Outbreak - Jun 2026
Venezuela,Earthquakes,Jun 2026,Venezuela: Earthquakes - Jun 2026
Chad,Cholera Outbreak,Jun 2026,Chad: Cholera Outbreak - Jun 2026
Philippines,Earthquake and Tsunami,Jun 2026,Philippines: Earthquake and Tsunami - Jun 2026
Armenia,Hailstorm,Jun 2026,Armenia: Hailstorm - Jun 2026
Syria,Floods,May 2026,Syria: Floods - May 2026
Central/Eastern Africa,Ebola Outbreak,May 2026,Central/Eastern Africa: Ebola Outbreak - May 2026
Sri Lanka,Dengue Outbreak,May 2026,Sri Lanka: Dengue Outbreak - May 2026
Dominican Republic,Floods,Apr 2026,Dominican Republic: Floods - Apr 2026
Yemen,Floods,Mar 2026,Yemen: Floods - Mar 2026
Tanzania,Floods and Landslides,Mar 2026,Tanzania: Floods and Landslides - Mar 2026
Liberia,Windstorms,Mar 2026,Liberia: Windstorms - Mar 2026
Botswana,Floods,Mar 2026,Botswana: Floods - Mar 2026
Ethiopia,Floods and Landslides,Mar 2026,Ethiopia: Floods and Landslides - Mar 2026
Kenya,Floods,Mar 2026,Kenya: Floods - Mar 2026
Suriname,Chikungunya Virus Outbreak,Mar 2026,Suriname: Chikungunya Virus Outbreak - Mar 2026
Brazil,Floods,Feb 2026,Brazil: Floods - Feb 2026
Peru,Floods and Landslides,Feb 2026,Peru: Floods and Landslides - Feb 2026
Angola,Floods,Feb 2026,Angola: Floods - Feb 2026
Zambia,Cholera Outbreak,Feb 2026,Zambia: Cholera Outbreak - Feb 2026
Cameroon,Fires,Feb 2026,Cameroon: Fires - Feb 2026
Somalia,Dengue Outbreak,Feb 2026,Somalia: Dengue Outbreak - Feb 2026
Rwanda,Flash Floods,Jan 2026,Rwanda: Flash Floods - Jan 2026
Algeria,Floods,Jan 2026,Algeria: Floods - Jan 2026
Argentina,Landslides,Jan 2026,Argentina: Landslides - Jan 2026
South Africa,Floods,Jan 2026,South Africa: Floods - Jan 2026
North Macedonia,Floods,Jan 2026,North Macedonia: Floods - Jan 2026
Malawi,Floods,Jan 2026,Malawi: Floods - Jan 2026
Serbia,Cold Wave,Jan 2026,Serbia: Cold Wave - Jan 2026
Guatemala,Measles Outbreak,Jan 2026,Guatemala: Measles Outbreak - Jan 2026
Ecuador,Floods,Jan 2026,Ecuador: Floods - Jan 2026
Zimbabwe,Floods,Jan 2026,Zimbabwe: Floods - Jan 2026
Mozambique,Floods,Dec 2025,Mozambique: Floods - Dec 2025
Chile,Wild Fires,Dec 2025,Chile: Wild Fires - Dec 2025
Gabon,Windstorms,Dec 2025,Gabon: Windstorms - Dec 2025
Morocco,Floods,Dec 2025,Morocco: Floods - Dec 2025
Bolivia,Floods,Dec 2025,Bolivia: Floods - Dec 2025
Congo,Floods,Nov 2025,Congo: Floods - Nov 2025
Cuba,Arboviral Outbreak,Oct 2025,Cuba: Arboviral Outbreak - Oct 2025
Egypt,Floods,Oct 2025,Egypt: Floods - Oct 2025
Cabo Verde,Flash Floods,Aug 2025,Cabo Verde: Flash Floods - Aug 2025
South Sudan,Floods,Jul 2025,South Sudan: Floods - Jul 2025
Sudan,Floods,Jul 2025,Sudan: Floods - Jul 2025
Honduras,Floods,Jun 2025,Honduras: Floods - Jun 2025
Panama,River Pollution,Jun 2025,Panama: River Pollution - Jun 2025
Côte d'Ivoire,Cholera Outbreak,Jun 2025,Côte d'Ivoire: Cholera Outbreak - Jun 2025
Pacific,Dengue Outbreak,2025,Pacific: Dengue Outbreak - 2025-2026
Ghana,Cholera Outbreak,Oct 2024,Ghana: Cholera Outbreak - Oct 2024
Namibia,Drought,May 2024,Namibia: Drought - May 2024
Niger,Diphtheria Outbreak,Oct 2023,Niger: Diphtheria Outbreak - Oct 2023
Nigeria,Lassa Fever Outbreak,Jan 2023,Nigeria: Lassa Fever Outbreak - Jan 2023
Burundi,Cholera Outbreak,Jan 2023,Burundi: Cholera Outbreak - Jan 2023
Indonesia,Flash Floods,Apr 2005,Indonesia: Flash Floods - Apr 2005
Tanzania,Floods,Apr 2005,Tanzania: Floods - Apr 2005
Serbia and Montenegro and Romania,Floods,Apr 2005,Serbia and Montenegro and Romania: Floods - Apr 2005
Djibouti,Drought,Apr 2005,Djibouti: Drought - Apr 2005
Comoros,Karthala Volcanic Eruption,Apr 2005,Comoros: Karthala Volcanic Eruption - Apr 2005
Senegal,Cholera Outbreak,Apr 2005,Senegal: Cholera Outbreak - Apr 2005
Indonesia,Mentawai Earthquake,Apr 2005,Indonesia: Mentawai Earthquake - Apr 2005
Indonesia,Earthquake,Mar 2005,Indonesia: Earthquake - Mar 2005
Bangladesh,Tornado,Mar 2005,Bangladesh: Tornado - Mar 2005
Afghanistan,Floods,Mar 2005,Afghanistan: Floods - Mar 2005
Serbia and Montenegro,Snowfalls,Mar 2005,Serbia and Montenegro: Snowfalls - Mar 2005
Angola,Floods,Mar 2005,Angola: Floods - Mar 2005
Madagascar,Floods,Mar 2005,Madagascar: Floods - Mar 2005
Iran,Saravan Earthquake,Mar 2005,Iran: Saravan Earthquake - Mar 2005
Turkey,Bingol Earthquake,Mar 2005,Turkey: Bingol Earthquake - Mar 2005
South Africa,Earthquake,Mar 2005,South Africa: Earthquake - Mar 2005
Albania,Snowfalls,Feb 2005,Albania: Snowfalls - Feb 2005
Cook Islands and Tokelau,Tropical Cyclone Percy,March 2005,Cook Islands and Tokelau: Tropical Cyclone Percy - March 2005
India,Avalanches,Feb 2005,India: Avalanches - Feb 2005
Iran,Earthquake,Feb 2005,Iran: Earthquake - Feb 2005
Indonesia,Earthquake,Aug 2026,Indonesia: Earthquake - Aug 2026
Colombia,Earthquake,Aug 2026,Colombia: Earthquake - Aug 2026
Myanmar,Floods,Jul 2026,Myanmar: Floods - Jul 2026
Afghanistan,Flash Floods,Jul 2026,Afghanistan: Flash Floods - Jul 2026
India,Flash Floods,Jul 2026,India: Flash Floods - Jul 2026
Kyrgyzstan,Flash Floods,Jul 2026,Kyrgyzstan: Flash Floods - Jul 2026
Tajikistan,Floods,Jul 2026,Tajikistan: Floods - Jul 2026
Bangladesh,Flash Floods,Jul 2026,Bangladesh: Flash Floods - Jul 2026
Georgia,Floods,Jun 2026,Georgia: Floods - Jun 2026
Central African Republic,Cholera Outbreak,Jun 2026,Central African Republic: Cholera Outbreak - Jun 2026
Venezuela,Earthquakes,Jun 2026,Venezuela: Earthquakes - Jun 2026
Chad,Cholera Outbreak,Jun 2026,Chad: Cholera Outbreak - Jun 2026
Philippines,Earthquake and Tsunami,Jun 2026,Philippines: Earthquake and Tsunami - Jun 2026
Armenia,Hailstorm,Jun 2026,Armenia: Hailstorm - Jun 2026
Syria,Floods,May 2026,Syria: Floods - May 2026
Central/Eastern Africa,Ebola Outbreak,May 2026,Central/Eastern Africa: Ebola Outbreak - May 2026
Sri Lanka,Dengue Outbreak,May 2026,Sri Lanka: Dengue Outbreak - May 2026
Dominican Republic,Floods,Apr 2026,Dominican Republic: Floods - Apr 2026
Yemen,Floods,Mar 2026,Yemen: Floods - Mar 2026
Tanzania,Floods and Landslides,Mar 2026,Tanzania: Floods and Landslides - Mar 2026
Liberia,Windstorms,Mar 2026,Liberia: Windstorms - Mar 2026
Botswana,Floods,Mar 2026,Botswana: Floods - Mar 2026
Ethiopia,Floods and Landslides,Mar 2026,Ethiopia: Floods and Landslides - Mar 2026
Kenya,Floods,Mar 2026,Kenya: Floods - Mar 2026
Suriname,Chikungunya Virus Outbreak,Mar 2026,Suriname: Chikungunya Virus Outbreak - Mar 2026
Brazil,Floods,Feb 2026,Brazil: Floods - Feb 2026
Peru,Floods and Landslides,Feb 2026,Peru: Floods and Landslides - Feb 2026
Angola,Floods,Feb 2026,Angola: Floods - Feb 2026
Zambia,Cholera Outbreak,Feb 2026,Zambia: Cholera Outbreak - Feb 2026
Cameroon,Fires,Feb 2026,Cameroon: Fires - Feb 2026
Somalia,Dengue Outbreak,Feb 2026,Somalia: Dengue Outbreak - Feb 2026
Rwanda,Flash Floods,Jan 2026,Rwanda: Flash Floods - Jan 2026
Algeria,Floods,Jan 2026,Algeria: Floods - Jan 2026
Argentina,Landslides,Jan 2026,Argentina: Landslides - Jan 2026
South Africa,Floods,Jan 2026,South Africa: Floods - Jan 2026
North Macedonia,Floods,Jan 2026,North Macedonia: Floods - Jan 2026
Malawi,Floods,Jan 2026,Malawi: Floods - Jan 2026
Serbia,Cold Wave,Jan 2026,Serbia: Cold Wave - Jan 2026
Guatemala,Measles Outbreak,Jan 2026,Guatemala: Measles Outbreak - Jan 2026
Ecuador,Floods,Jan 2026,Ecuador: Floods - Jan 2026
Zimbabwe,Floods,Jan 2026,Zimbabwe: Floods - Jan 2026
Mozambique,Floods,Dec 2025,Mozambique: Floods - Dec 2025
Chile,Wild Fires,Dec 2025,Chile: Wild Fires - Dec 2025
Gabon,Windstorms,Dec 2025,Gabon: Windstorms - Dec 2025
Morocco,Floods,Dec 2025,Morocco: Floods - Dec 2025
Bolivia,Floods,Dec 2025,Bolivia: Floods - Dec 2025
Congo,Floods,Nov 2025,Congo: Floods - Nov 2025
Cuba,Arboviral Outbreak,Oct 2025,Cuba: Arboviral Outbreak - Oct 2025
Egypt,Floods,Oct 2025,Egypt: Floods - Oct 2025
Cabo Verde,Flash Floods,Aug 2025,Cabo Verde: Flash Floods - Aug 2025
South Sudan,Floods,Jul 2025,South Sudan: Floods - Jul 2025
Sudan,Floods,Jul 2025,Sudan: Floods - Jul 2025
Honduras,Floods,Jun 2025,Honduras: Floods - Jun 2025
Panama,River Pollution,Jun 2025,Panama: River Pollution - Jun 2025
Côte d'Ivoire,Cholera Outbreak,Jun 2025,Côte d'Ivoire: Cholera Outbreak - Jun 2025
Pacific,Dengue Outbreak,2025,Pacific: Dengue Outbreak - 2025-2026
Ghana,Cholera Outbreak,Oct 2024,Ghana: Cholera Outbreak - Oct 2024
Namibia,Drought,May 2024,Namibia: Drought - May 2024
Niger,Diphtheria Outbreak,Oct 2023,Niger: Diphtheria Outbreak - Oct 2023
Nigeria,Lassa Fever Outbreak,Jan 2023,Nigeria: Lassa Fever Outbreak - Jan 2023
Burundi,Cholera Outbreak,Jan 2023,Burundi: Cholera Outbreak - Jan 2023
DR Congo,Pneumonic Plague Outbreak,Feb 2005,DR Congo: Pneumonic Plague Outbreak - Feb 2005
Cook Islands,Tropical Cyclone Olaf,Feb 2005,Cook Islands: Tropical Cyclone Olaf - Feb 2005
Colombia,Floods,Feb 2005,Colombia: Floods - Feb 2005
Afghanistan,Severe Winter Conditions,Feb 2005,Afghanistan: Severe Winter Conditions - Feb 2005
Pakistan,Rains and Snowfall,Feb 2005,Pakistan: Rains and Snowfall - Feb 2005
Venezuela,Floods,Feb 2005,Venezuela: Floods - Feb 2005
Papua New Guinea,Manam Volcano Eruption,Feb 2005,Papua New Guinea: Manam Volcano Eruption - Feb 2005
Tajikistan,Snow Avalanches,Feb 2005,Tajikistan: Snow Avalanches - Feb 2005
Swaziland,Storm Damage,Jan 2005,Swaziland: Storm Damage - Jan 2005
Turkey,Earthquake,Jan 2005,Turkey: Earthquake - Jan 2005
Indonesia,Sulawesi Earthquake,Jan 2005,Indonesia: Sulawesi Earthquake - Jan 2005
Guyana,Floods,Jan 2005,Guyana: Floods - Jan 2005
Costa Rica,Floods,Jan 2005,Costa Rica: Floods - Jan 2005
South Asia,Earthquake and Tsunami,Dec 2004,South Asia: Earthquake and Tsunami - Dec 2004
Albania,Floods,Dec 2004,Albania: Floods - Dec 2004
Indonesia,Papua Earthquake,Nov 2004,Indonesia: Papua Earthquake - Nov 2004
Zambia,Cholera Outbreak,Nov 2004,Zambia: Cholera Outbreak - Nov 2004
Papua New Guinea,Manam Volcano,Nov 2004,Papua New Guinea: Manam Volcano - Nov 2004
Southeast Asia,Typhoons and Tropical Storm,Nov 2004,Southeast Asia: Typhoons and Tropical Storm - Nov 2004
Slovak Republic,Wind Storms,Nov 2004,Slovak Republic: Wind Storms - Nov 2004
Indonesia,Earthquake,Aug 2026,Indonesia: Earthquake - Aug 2026
Colombia,Earthquake,Aug 2026,Colombia: Earthquake - Aug 2026
Myanmar,Floods,Jul 2026,Myanmar: Floods - Jul 2026
Afghanistan,Flash Floods,Jul 2026,Afghanistan: Flash Floods - Jul 2026
India,Flash Floods,Jul 2026,India: Flash Floods - Jul 2026
Kyrgyzstan,Flash Floods,Jul 2026,Kyrgyzstan: Flash Floods - Jul 2026
Tajikistan,Floods,Jul 2026,Tajikistan: Floods - Jul 2026
Bangladesh,Flash Floods,Jul 2026,Bangladesh: Flash Floods - Jul 2026
Georgia,Floods,Jun 2026,Georgia: Floods - Jun 2026
Central African Republic,Cholera Outbreak,Jun 2026,Central African Republic: Cholera Outbreak - Jun 2026
Venezuela,Earthquakes,Jun 2026,Venezuela: Earthquakes - Jun 2026
Chad,Cholera Outbreak,Jun 2026,Chad: Cholera Outbreak - Jun 2026
Philippines,Earthquake and Tsunami,Jun 2026,Philippines: Earthquake and Tsunami - Jun 2026
Armenia,Hailstorm,Jun 2026,Armenia: Hailstorm - Jun 2026
Syria,Floods,May 2026,Syria: Floods - May 2026
Central/Eastern Africa,Ebola Outbreak,May 2026,Central/Eastern Africa: Ebola Outbreak - May 2026
Sri Lanka,Dengue Outbreak,May 2026,Sri Lanka: Dengue Outbreak - May 2026
Dominican Republic,Floods,Apr 2026,Dominican Republic: Floods - Apr 2026
Yemen,Floods,Mar 2026,Yemen: Floods - Mar 2026
Tanzania,Floods and Landslides,Mar 2026,Tanzania: Floods and Landslides - Mar 2026
Liberia,Windstorms,Mar 2026,Liberia: Windstorms - Mar 2026
Botswana,Floods,Mar 2026,Botswana: Floods - Mar 2026
Ethiopia,Floods and Landslides,Mar 2026,Ethiopia: Floods and Landslides - Mar 2026
Kenya,Floods,Mar 2026,Kenya: Floods - Mar 2026
Suriname,Chikungunya Virus Outbreak,Mar 2026,Suriname: Chikungunya Virus Outbreak - Mar 2026
Brazil,Floods,Feb 2026,Brazil: Floods - Feb 2026
Peru,Floods and Landslides,Feb 2026,Peru: Floods and Landslides - Feb 2026
Angola,Floods,Feb 2026,Angola: Floods - Feb 2026
Zambia,Cholera Outbreak,Feb 2026,Zambia: Cholera Outbreak - Feb 2026
Cameroon,Fires,Feb 2026,Cameroon: Fires - Feb 2026
Somalia,Dengue Outbreak,Feb 2026,Somalia: Dengue Outbreak - Feb 2026
Rwanda,Flash Floods,Jan 2026,Rwanda: Flash Floods - Jan 2026
Algeria,Floods,Jan 2026,Algeria: Floods - Jan 2026
Argentina,Landslides,Jan 2026,Argentina: Landslides - Jan 2026
South Africa,Floods,Jan 2026,South Africa: Floods - Jan 2026
North Macedonia,Floods,Jan 2026,North Macedonia: Floods - Jan 2026
Malawi,Floods,Jan 2026,Malawi: Floods - Jan 2026
Serbia,Cold Wave,Jan 2026,Serbia: Cold Wave - Jan 2026
Guatemala,Measles Outbreak,Jan 2026,Guatemala: Measles Outbreak - Jan 2026
Ecuador,Floods,Jan 2026,Ecuador: Floods - Jan 2026
Zimbabwe,Floods,Jan 2026,Zimbabwe: Floods - Jan 2026
Mozambique,Floods,Dec 2025,Mozambique: Floods - Dec 2025
Chile,Wild Fires,Dec 2025,Chile: Wild Fires - Dec 2025
Gabon,Windstorms,Dec 2025,Gabon: Windstorms - Dec 2025
Morocco,Floods,Dec 2025,Morocco: Floods - Dec 2025
Bolivia,Floods,Dec 2025,Bolivia: Floods - Dec 2025
Congo,Floods,Nov 2025,Congo: Floods - Nov 2025
Cuba,Arboviral Outbreak,Oct 2025,Cuba: Arboviral Outbreak - Oct 2025
Egypt,Floods,Oct 2025,Egypt: Floods - Oct 2025
Cabo Verde,Flash Floods,Aug 2025,Cabo Verde: Flash Floods - Aug 2025
South Sudan,Floods,Jul 2025,South Sudan: Floods - Jul 2025
Sudan,Floods,Jul 2025,Sudan: Floods - Jul 2025
Honduras,Floods,Jun 2025,Honduras: Floods - Jun 2025
Panama,River Pollution,Jun 2025,Panama: River Pollution - Jun 2025
Côte d'Ivoire,Cholera Outbreak,Jun 2025,Côte d'Ivoire: Cholera Outbreak - Jun 2025
Pacific,Dengue Outbreak,2025,Pacific: Dengue Outbreak - 2025-2026
Ghana,Cholera Outbreak,Oct 2024,Ghana: Cholera Outbreak - Oct 2024
Namibia,Drought,May 2024,Namibia: Drought - May 2024
Niger,Diphtheria Outbreak,Oct 2023,Niger: Diphtheria Outbreak - Oct 2023
Nigeria,Lassa Fever Outbreak,Jan 2023,Nigeria: Lassa Fever Outbreak - Jan 2023
Burundi,Cholera Outbreak,Jan 2023,Burundi: Cholera Outbreak - Jan 2023
Costa Rica,Earthquake,Nov 2004,Costa Rica: Earthquake - Nov 2004
Bolivia,Drought,Nov 2004,Bolivia: Drought - Nov 2004
Indonesia,Alor Earthquake,Nov 2004,Indonesia: Alor Earthquake - Nov 2004
Colombia,Earthquake,Nov 2004,Colombia: Earthquake - Nov 2004
Costa Rica,Floods,Nov 2004,Costa Rica: Floods - Nov 2004
Central African Republic,Floods,Nov 2004,Central African Republic: Floods - Nov 2004
Senegal,Cholera Outbreak,Oct 2004,Senegal: Cholera Outbreak - Oct 2004
Panama,Floods,Oct 2004,Panama: Floods - Oct 2004
Japan,Earthquake,Oct 2004,Japan: Earthquake - Oct 2004
Japan,Typhoon Tokage,Oct 2004,Japan: Typhoon Tokage - Oct 2004
Colombia,Floods,Oct 2004,Colombia: Floods - Oct 2004
Panama,Floods,Sep 2004,Panama: Floods - Sep 2004
Caribbean,Tropical Storm Jeanne,Sep 2004,Caribbean: Tropical Storm Jeanne - Sep 2004
China,Floods,Sep 2004,China: Floods - Sep 2004
Indonesia,Volcanic Eruption Mt. Egon,Sep 2004,Indonesia: Volcanic Eruption Mt. Egon - Sep 2004
East and South Asia,Typhoon Aere and Typhoon Chaba,Aug 2004,East and South Asia: Typhoon Aere and Typhoon Chaba - Aug 2004
China,Zhejiang Typhoon Rananim,Aug 2004,China: Zhejiang Typhoon Rananim - Aug 2004
China,Earthquake,Aug 2004,China: Earthquake - Aug 2004
Indonesia,Earthquake,Aug 2026,Indonesia: Earthquake - Aug 2026
Colombia,Earthquake,Aug 2026,Colombia: Earthquake - Aug 2026
Myanmar,Floods,Jul 2026,Myanmar: Floods - Jul 2026
Afghanistan,Flash Floods,Jul 2026,Afghanistan: Flash Floods - Jul 2026
India,Flash Floods,Jul 2026,India: Flash Floods - Jul 2026
Kyrgyzstan,Flash Floods,Jul 2026,Kyrgyzstan: Flash Floods - Jul 2026
Tajikistan,Floods,Jul 2026,Tajikistan: Floods - Jul 2026
Bangladesh,Flash Floods,Jul 2026,Bangladesh: Flash Floods - Jul 2026
Georgia,Floods,Jun 2026,Georgia: Floods - Jun 2026
Central African Republic,Cholera Outbreak,Jun 2026,Central African Republic: Cholera Outbreak - Jun 2026
Venezuela,Earthquakes,Jun 2026,Venezuela: Earthquakes - Jun 2026
Chad,Cholera Outbreak,Jun 2026,Chad: Cholera Outbreak - Jun 2026
Philippines,Earthquake and Tsunami,Jun 2026,Philippines: Earthquake and Tsunami - Jun 2026
Armenia,Hailstorm,Jun 2026,Armenia: Hailstorm - Jun 2026
Syria,Floods,May 2026,Syria: Floods - May 2026
Central/Eastern Africa,Ebola Outbreak,May 2026,Central/Eastern Africa: Ebola Outbreak - May 2026
Sri Lanka,Dengue Outbreak,May 2026,Sri Lanka: Dengue Outbreak - May 2026
Dominican Republic,Floods,Apr 2026,Dominican Republic: Floods - Apr 2026
Yemen,Floods,Mar 2026,Yemen: Floods - Mar 2026
Tanzania,Floods and Landslides,Mar 2026,Tanzania: Floods and Landslides - Mar 2026
Liberia,Windstorms,Mar 2026,Liberia: Windstorms - Mar 2026
Botswana,Floods,Mar 2026,Botswana: Floods - Mar 2026
Ethiopia,Floods and Landslides,Mar 2026,Ethiopia: Floods and Landslides - Mar 2026
Kenya,Floods,Mar 2026,Kenya: Floods - Mar 2026
Suriname,Chikungunya Virus Outbreak,Mar 2026,Suriname: Chikungunya Virus Outbreak - Mar 2026
Brazil,Floods,Feb 2026,Brazil: Floods - Feb 2026
Peru,Floods and Landslides,Feb 2026,Peru: Floods and Landslides - Feb 2026
Angola,Floods,Feb 2026,Angola: Floods - Feb 2026
Zambia,Cholera Outbreak,Feb 2026,Zambia: Cholera Outbreak - Feb 2026
Cameroon,Fires,Feb 2026,Cameroon: Fires - Feb 2026
Somalia,Dengue Outbreak,Feb 2026,Somalia: Dengue Outbreak - Feb 2026
Rwanda,Flash Floods,Jan 2026,Rwanda: Flash Floods - Jan 2026
Algeria,Floods,Jan 2026,Algeria: Floods - Jan 2026
Argentina,Landslides,Jan 2026,Argentina: Landslides - Jan 2026
South Africa,Floods,Jan 2026,South Africa: Floods - Jan 2026
North Macedonia,Floods,Jan 2026,North Macedonia: Floods - Jan 2026
Malawi,Floods,Jan 2026,Malawi: Floods - Jan 2026
Serbia,Cold Wave,Jan 2026,Serbia: Cold Wave - Jan 2026
Guatemala,Measles Outbreak,Jan 2026,Guatemala: Measles Outbreak - Jan 2026
Ecuador,Floods,Jan 2026,Ecuador: Floods - Jan 2026
Zimbabwe,Floods,Jan 2026,Zimbabwe: Floods - Jan 2026
Mozambique,Floods,Dec 2025,Mozambique: Floods - Dec 2025
Chile,Wild Fires,Dec 2025,Chile: Wild Fires - Dec 2025
Gabon,Windstorms,Dec 2025,Gabon: Windstorms - Dec 2025
Morocco,Floods,Dec 2025,Morocco: Floods - Dec 2025
Bolivia,Floods,Dec 2025,Bolivia: Floods - Dec 2025
Congo,Floods,Nov 2025,Congo: Floods - Nov 2025
Cuba,Arboviral Outbreak,Oct 2025,Cuba: Arboviral Outbreak - Oct 2025
Egypt,Floods,Oct 2025,Egypt: Floods - Oct 2025
Cabo Verde,Flash Floods,Aug 2025,Cabo Verde: Flash Floods - Aug 2025
South Sudan,Floods,Jul 2025,South Sudan: Floods - Jul 2025
Sudan,Floods,Jul 2025,Sudan: Floods - Jul 2025
Honduras,Floods,Jun 2025,Honduras: Floods - Jun 2025
Panama,River Pollution,Jun 2025,Panama: River Pollution - Jun 2025
Côte d'Ivoire,Cholera Outbreak,Jun 2025,Côte d'Ivoire: Cholera Outbreak - Jun 2025
Pacific,Dengue Outbreak,2025,Pacific: Dengue Outbreak - 2025-2026
Ghana,Cholera Outbreak,Oct 2024,Ghana: Cholera Outbreak - Oct 2024
Namibia,Drought,May 2024,Namibia: Drought - May 2024
Niger,Diphtheria Outbreak,Oct 2023,Niger: Diphtheria Outbreak - Oct 2023
Nigeria,Lassa Fever Outbreak,Jan 2023,Nigeria: Lassa Fever Outbreak - Jan 2023
Burundi,Cholera Outbreak,Jan 2023,Burundi: Cholera Outbreak - Jan 2023
Caribbean,Hurricane Charley,Aug 2004,Caribbean: Hurricane Charley - Aug 2004
DPR Korea,Floods,Aug 2004,DPR Korea: Floods - Aug 2004
Romania,Floods,Aug 2004,Romania: Floods - Aug 2004
Paraguay,Gas explosion/Fire,Aug 2004,Paraguay: Gas explosion/Fire - Aug 2004
Viet Nam,Floods,Jul 2004,Viet Nam: Floods - Jul 2004
Afghanistan,Floods,Jul 2004,Afghanistan: Floods - Jul 2004
Tajikistan,Floods,Jul 2004,Tajikistan: Floods - Jul 2004
Japan,Floods and Mudslides,Jul 2004,Japan: Floods and Mudslides - Jul 2004
Nepal,Floods and Landslides,Jul 2004,Nepal: Floods and Landslides - Jul 2004
Peru,Severe Cold and Snowstorms,Jul 2004,Peru: Severe Cold and Snowstorms - Jul 2004
Turkey,Earthquake,Jul 2004,Turkey: Earthquake - Jul 2004
Nicaragua,Mudslides,Jul 2004,Nicaragua: Mudslides - Jul 2004
Bangladesh,Floods,Jun 2004,Bangladesh: Floods - Jun 2004
India,Floods,Jun 2004,India: Floods - Jun 2004
Former Yugoslav Republic of Macedonia,Floods,Jun 2004,Former Yugoslav Republic of Macedonia: Floods - Jun 2004
Indonesia,Volcanic Activity Mt. Awu,Jun 2004,Indonesia: Volcanic Activity Mt. Awu - Jun 2004
Gambia,Storm in Upper River Division,Jun 2004,Gambia: Storm in Upper River Division - Jun 2004
China,Floods,Jun 2004,China: Floods - Jun 2004
Indonesia,Earthquake,Aug 2026,Indonesia: Earthquake - Aug 2026
Colombia,Earthquake,Aug 2026,Colombia: Earthquake - Aug 2026
Myanmar,Floods,Jul 2026,Myanmar: Floods - Jul 2026
Afghanistan,Flash Floods,Jul 2026,Afghanistan: Flash Floods - Jul 2026
India,Flash Floods,Jul 2026,India: Flash Floods - Jul 2026
Kyrgyzstan,Flash Floods,Jul 2026,Kyrgyzstan: Flash Floods - Jul 2026
Tajikistan,Floods,Jul 2026,Tajikistan: Floods - Jul 2026
Bangladesh,Flash Floods,Jul 2026,Bangladesh: Flash Floods - Jul 2026
Georgia,Floods,Jun 2026,Georgia: Floods - Jun 2026
Central African Republic,Cholera Outbreak,Jun 2026,Central African Republic: Cholera Outbreak - Jun 2026
Venezuela,Earthquakes,Jun 2026,Venezuela: Earthquakes - Jun 2026
Chad,Cholera Outbreak,Jun 2026,Chad: Cholera Outbreak - Jun 2026
Philippines,Earthquake and Tsunami,Jun 2026,Philippines: Earthquake and Tsunami - Jun 2026
Armenia,Hailstorm,Jun 2026,Armenia: Hailstorm - Jun 2026
Syria,Floods,May 2026,Syria: Floods - May 2026
Central/Eastern Africa,Ebola Outbreak,May 2026,Central/Eastern Africa: Ebola Outbreak - May 2026
Sri Lanka,Dengue Outbreak,May 2026,Sri Lanka: Dengue Outbreak - May 2026
Dominican Republic,Floods,Apr 2026,Dominican Republic: Floods - Apr 2026
Yemen,Floods,Mar 2026,Yemen: Floods - Mar 2026
Tanzania,Floods and Landslides,Mar 2026,Tanzania: Floods and Landslides - Mar 2026
Liberia,Windstorms,Mar 2026,Liberia: Windstorms - Mar 2026
Botswana,Floods,Mar 2026,Botswana: Floods - Mar 2026
Ethiopia,Floods and Landslides,Mar 2026,Ethiopia: Floods and Landslides - Mar 2026
Kenya,Floods,Mar 2026,Kenya: Floods - Mar 2026
Suriname,Chikungunya Virus Outbreak,Mar 2026,Suriname: Chikungunya Virus Outbreak - Mar 2026
Brazil,Floods,Feb 2026,Brazil: Floods - Feb 2026
Peru,Floods and Landslides,Feb 2026,Peru: Floods and Landslides - Feb 2026
Angola,Floods,Feb 2026,Angola: Floods - Feb 2026
Zambia,Cholera Outbreak,Feb 2026,Zambia: Cholera Outbreak - Feb 2026
Cameroon,Fires,Feb 2026,Cameroon: Fires - Feb 2026
Somalia,Dengue Outbreak,Feb 2026,Somalia: Dengue Outbreak - Feb 2026
Rwanda,Flash Floods,Jan 2026,Rwanda: Flash Floods - Jan 2026
Algeria,Floods,Jan 2026,Algeria: Floods - Jan 2026
Argentina,Landslides,Jan 2026,Argentina: Landslides - Jan 2026
South Africa,Floods,Jan 2026,South Africa: Floods - Jan 2026
North Macedonia,Floods,Jan 2026,North Macedonia: Floods - Jan 2026
Malawi,Floods,Jan 2026,Malawi: Floods - Jan 2026
Serbia,Cold Wave,Jan 2026,Serbia: Cold Wave - Jan 2026
Guatemala,Measles Outbreak,Jan 2026,Guatemala: Measles Outbreak - Jan 2026
Ecuador,Floods,Jan 2026,Ecuador: Floods - Jan 2026
Zimbabwe,Floods,Jan 2026,Zimbabwe: Floods - Jan 2026
Mozambique,Floods,Dec 2025,Mozambique: Floods - Dec 2025
Chile,Wild Fires,Dec 2025,Chile: Wild Fires - Dec 2025
Gabon,Windstorms,Dec 2025,Gabon: Windstorms - Dec 2025
Morocco,Floods,Dec 2025,Morocco: Floods - Dec 2025
Bolivia,Floods,Dec 2025,Bolivia: Floods - Dec 2025
Congo,Floods,Nov 2025,Congo: Floods - Nov 2025
Cuba,Arboviral Outbreak,Oct 2025,Cuba: Arboviral Outbreak - Oct 2025
Egypt,Floods,Oct 2025,Egypt: Floods - Oct 2025
Cabo Verde,Flash Floods,Aug 2025,Cabo Verde: Flash Floods - Aug 2025
South Sudan,Floods,Jul 2025,South Sudan: Floods - Jul 2025
Sudan,Floods,Jul 2025,Sudan: Floods - Jul 2025
Honduras,Floods,Jun 2025,Honduras: Floods - Jun 2025
Panama,River Pollution,Jun 2025,Panama: River Pollution - Jun 2025
Côte d'Ivoire,Cholera Outbreak,Jun 2025,Côte d'Ivoire: Cholera Outbreak - Jun 2025
Pacific,Dengue Outbreak,2025,Pacific: Dengue Outbreak - 2025-2026
Ghana,Cholera Outbreak,Oct 2024,Ghana: Cholera Outbreak - Oct 2024
Namibia,Drought,May 2024,Namibia: Drought - May 2024
Niger,Diphtheria Outbreak,Oct 2023,Niger: Diphtheria Outbreak - Oct 2023
Nigeria,Lassa Fever Outbreak,Jan 2023,Nigeria: Lassa Fever Outbreak - Jan 2023
Burundi,Cholera Outbreak,Jan 2023,Burundi: Cholera Outbreak - Jan 2023
Iran,Earthquake,May 2004,Iran: Earthquake - May 2004
Myanmar,Storm,May 2004,Myanmar: Storm - May 2004
Dominican Republic and Haiti,Floods,May 2004,Dominican Republic and Haiti: Floods - May 2004
Costa Rica,Floods,May 2004,Costa Rica: Floods - May 2004
Colombia,Floods,May 2004,Colombia: Floods - May 2004
Kenya,Floods,May 2004,Kenya: Floods - May 2004
Algeria,Torrential Rains,Apr 2004,Algeria: Torrential Rains - Apr 2004
Zambia,Floods,Apr 2004,Zambia: Floods - Apr 2004
DPR Korea,Explosion in Ryongchon County,Apr 2004,DPR Korea: Explosion in Ryongchon County - Apr 2004
India-Manipur,Floods,Apr 2004,India-Manipur: Floods - Apr 2004
Russian Federation,Floods,Apr 2004,Russian Federation: Floods - Apr 2004
Kyrgyzstan,Landslides,Apr 2004,Kyrgyzstan: Landslides - Apr 2004
Djibouti,Floods,Apr 2004,Djibouti: Floods - Apr 2004
Bangladesh,Tornado,Apr 2004,Bangladesh: Tornado - Apr 2004
Fiji,Floods,Apr 2004,Fiji: Floods - Apr 2004
Micronesia,Typhoon Sudal,Apr 2004,Micronesia: Typhoon Sudal - Apr 2004
Afghanistan,Earthquake,Apr 2004,Afghanistan: Earthquake - Apr 2004
Bosnia and Herzegovina,Floods,Apr 2004,Bosnia and Herzegovina: Floods - Apr 2004
Mexico,Floods,Apr 2004,Mexico: Floods - Apr 2004
Namibia,Floods,Mar 2004,Namibia: Floods - Mar 2004
Indonesia,Earthquake,Aug 2026,Indonesia: Earthquake - Aug 2026
Colombia,Earthquake,Aug 2026,Colombia: Earthquake - Aug 2026
Myanmar,Floods,Jul 2026,Myanmar: Floods - Jul 2026
Afghanistan,Flash Floods,Jul 2026,Afghanistan: Flash Floods - Jul 2026
India,Flash Floods,Jul 2026,India: Flash Floods - Jul 2026
Kyrgyzstan,Flash Floods,Jul 2026,Kyrgyzstan: Flash Floods - Jul 2026
Tajikistan,Floods,Jul 2026,Tajikistan: Floods - Jul 2026
Bangladesh,Flash Floods,Jul 2026,Bangladesh: Flash Floods - Jul 2026
Georgia,Floods,Jun 2026,Georgia: Floods - Jun 2026
Central African Republic,Cholera Outbreak,Jun 2026,Central African Republic: Cholera Outbreak - Jun 2026
Venezuela,Earthquakes,Jun 2026,Venezuela: Earthquakes - Jun 2026
Chad,Cholera Outbreak,Jun 2026,Chad: Cholera Outbreak - Jun 2026
Philippines,Earthquake and Tsunami,Jun 2026,Philippines: Earthquake and Tsunami - Jun 2026
Armenia,Hailstorm,Jun 2026,Armenia: Hailstorm - Jun 2026
Syria,Floods,May 2026,Syria: Floods - May 2026
Central/Eastern Africa,Ebola Outbreak,May 2026,Central/Eastern Africa: Ebola Outbreak - May 2026
Sri Lanka,Dengue Outbreak,May 2026,Sri Lanka: Dengue Outbreak - May 2026
Dominican Republic,Floods,Apr 2026,Dominican Republic: Floods - Apr 2026
Yemen,Floods,Mar 2026,Yemen: Floods - Mar 2026
Tanzania,Floods and Landslides,Mar 2026,Tanzania: Floods and Landslides - Mar 2026
Liberia,Windstorms,Mar 2026,Liberia: Windstorms - Mar 2026
Botswana,Floods,Mar 2026,Botswana: Floods - Mar 2026
Ethiopia,Floods and Landslides,Mar 2026,Ethiopia: Floods and Landslides - Mar 2026
Kenya,Floods,Mar 2026,Kenya: Floods - Mar 2026
Suriname,Chikungunya Virus Outbreak,Mar 2026,Suriname: Chikungunya Virus Outbreak - Mar 2026
Brazil,Floods,Feb 2026,Brazil: Floods - Feb 2026
Peru,Floods and Landslides,Feb 2026,Peru: Floods and Landslides - Feb 2026
Angola,Floods,Feb 2026,Angola: Floods - Feb 2026
Zambia,Cholera Outbreak,Feb 2026,Zambia: Cholera Outbreak - Feb 2026
Cameroon,Fires,Feb 2026,Cameroon: Fires - Feb 2026
Somalia,Dengue Outbreak,Feb 2026,Somalia: Dengue Outbreak - Feb 2026
Rwanda,Flash Floods,Jan 2026,Rwanda: Flash Floods - Jan 2026
Algeria,Floods,Jan 2026,Algeria: Floods - Jan 2026
Argentina,Landslides,Jan 2026,Argentina: Landslides - Jan 2026
South Africa,Floods,Jan 2026,South Africa: Floods - Jan 2026
North Macedonia,Floods,Jan 2026,North Macedonia: Floods - Jan 2026
Malawi,Floods,Jan 2026,Malawi: Floods - Jan 2026
Serbia,Cold Wave,Jan 2026,Serbia: Cold Wave - Jan 2026
Guatemala,Measles Outbreak,Jan 2026,Guatemala: Measles Outbreak - Jan 2026
Ecuador,Floods,Jan 2026,Ecuador: Floods - Jan 2026
Zimbabwe,Floods,Jan 2026,Zimbabwe: Floods - Jan 2026
Mozambique,Floods,Dec 2025,Mozambique: Floods - Dec 2025
Chile,Wild Fires,Dec 2025,Chile: Wild Fires - Dec 2025
Gabon,Windstorms,Dec 2025,Gabon: Windstorms - Dec 2025
Morocco,Floods,Dec 2025,Morocco: Floods - Dec 2025
Bolivia,Floods,Dec 2025,Bolivia: Floods - Dec 2025
Congo,Floods,Nov 2025,Congo: Floods - Nov 2025
Cuba,Arboviral Outbreak,Oct 2025,Cuba: Arboviral Outbreak - Oct 2025
Egypt,Floods,Oct 2025,Egypt: Floods - Oct 2025
Cabo Verde,Flash Floods,Aug 2025,Cabo Verde: Flash Floods - Aug 2025
South Sudan,Floods,Jul 2025,South Sudan: Floods - Jul 2025
Sudan,Floods,Jul 2025,Sudan: Floods - Jul 2025
Honduras,Floods,Jun 2025,Honduras: Floods - Jun 2025
Panama,River Pollution,Jun 2025,Panama: River Pollution - Jun 2025
Côte d'Ivoire,Cholera Outbreak,Jun 2025,Côte d'Ivoire: Cholera Outbreak - Jun 2025
Pacific,Dengue Outbreak,2025,Pacific: Dengue Outbreak - 2025-2026
Ghana,Cholera Outbreak,Oct 2024,Ghana: Cholera Outbreak - Oct 2024
Namibia,Drought,May 2024,Namibia: Drought - May 2024
Niger,Diphtheria Outbreak,Oct 2023,Niger: Diphtheria Outbreak - Oct 2023
Nigeria,Lassa Fever Outbreak,Jan 2023,Nigeria: Lassa Fever Outbreak - Jan 2023
Burundi,Cholera Outbreak,Jan 2023,Burundi: Cholera Outbreak - Jan 2023
Turkey,Earthquake,Mar 2004,Turkey: Earthquake - Mar 2004
China,Earthquake in Inner Mongolia,Mar 2004,China: Earthquake in Inner Mongolia - Mar 2004
Spain,Madrid Explosion,Mar 2004,Spain: Madrid Explosion - Mar 2004
Madagascar,Cyclone Gafilo,Mar 2004,Madagascar: Cyclone Gafilo - Mar 2004
Vanuatu,Cyclone Ivy,Feb 2004,Vanuatu: Cyclone Ivy - Feb 2004
Morocco,Earthquake,Feb 2004,Morocco: Earthquake - Feb 2004
New Zealand,Floods,Feb 2004,New Zealand: Floods - Feb 2004
Iran,Chemical Train Derailment and Explosion,Feb 2004,Iran: Chemical Train Derailment and Explosion - Feb 2004
Pakistan,Earthquake,Feb 2004,Pakistan: Earthquake - Feb 2004
Jordan and neighboring countries,Earthquake,Feb 2004,Jordan and neighboring countries: Earthquake - Feb 2004
Peru,Floods,Drought,Peru: Floods-Drought-Frost - Feb 2004
Indonesia,Earthquake,Feb 2004,Indonesia: Earthquake - Feb 2004
Madagascar,Cyclone Elita,Feb 2004,Madagascar: Cyclone Elita - Feb 2004
Indonesia,Volcano Mt. Egon,Jan 2004,Indonesia: Volcano Mt. Egon - Jan 2004
Afghanistan,Floods,Jan 2004,Afghanistan: Floods - Jan 2004
Timor-Leste,Floods,Dec 2003,Timor-Leste: Floods - Dec 2003
Peru,Heavy Rains,Jan 2004,Peru: Heavy Rains - Jan 2004
Bolivia,Floods,Jan 2004,Bolivia: Floods - Jan 2004
Pacific,Cyclone Heta,Jan 2004,Pacific: Cyclone Heta - Jan 2004
Indonesia,Earthquake,Jan 2004,Indonesia: Earthquake - Jan 2004
Indonesia,Earthquake,Aug 2026,Indonesia: Earthquake - Aug 2026
Colombia,Earthquake,Aug 2026,Colombia: Earthquake - Aug 2026
Myanmar,Floods,Jul 2026,Myanmar: Floods - Jul 2026
Afghanistan,Flash Floods,Jul 2026,Afghanistan: Flash Floods - Jul 2026
India,Flash Floods,Jul 2026,India: Flash Floods - Jul 2026
Kyrgyzstan,Flash Floods,Jul 2026,Kyrgyzstan: Flash Floods - Jul 2026
Tajikistan,Floods,Jul 2026,Tajikistan: Floods - Jul 2026
Bangladesh,Flash Floods,Jul 2026,Bangladesh: Flash Floods - Jul 2026
Georgia,Floods,Jun 2026,Georgia: Floods - Jun 2026
Central African Republic,Cholera Outbreak,Jun 2026,Central African Republic: Cholera Outbreak - Jun 2026
Venezuela,Earthquakes,Jun 2026,Venezuela: Earthquakes - Jun 2026
Chad,Cholera Outbreak,Jun 2026,Chad: Cholera Outbreak - Jun 2026
Philippines,Earthquake and Tsunami,Jun 2026,Philippines: Earthquake and Tsunami - Jun 2026
Armenia,Hailstorm,Jun 2026,Armenia: Hailstorm - Jun 2026
Syria,Floods,May 2026,Syria: Floods - May 2026
Central/Eastern Africa,Ebola Outbreak,May 2026,Central/Eastern Africa: Ebola Outbreak - May 2026
Sri Lanka,Dengue Outbreak,May 2026,Sri Lanka: Dengue Outbreak - May 2026
Dominican Republic,Floods,Apr 2026,Dominican Republic: Floods - Apr 2026
Yemen,Floods,Mar 2026,Yemen: Floods - Mar 2026
Tanzania,Floods and Landslides,Mar 2026,Tanzania: Floods and Landslides - Mar 2026
Liberia,Windstorms,Mar 2026,Liberia: Windstorms - Mar 2026
Botswana,Floods,Mar 2026,Botswana: Floods - Mar 2026
Ethiopia,Floods and Landslides,Mar 2026,Ethiopia: Floods and Landslides - Mar 2026
Kenya,Floods,Mar 2026,Kenya: Floods - Mar 2026
Suriname,Chikungunya Virus Outbreak,Mar 2026,Suriname: Chikungunya Virus Outbreak - Mar 2026
Brazil,Floods,Feb 2026,Brazil: Floods - Feb 2026
Peru,Floods and Landslides,Feb 2026,Peru: Floods and Landslides - Feb 2026
Angola,Floods,Feb 2026,Angola: Floods - Feb 2026
Zambia,Cholera Outbreak,Feb 2026,Zambia: Cholera Outbreak - Feb 2026
Cameroon,Fires,Feb 2026,Cameroon: Fires - Feb 2026
Somalia,Dengue Outbreak,Feb 2026,Somalia: Dengue Outbreak - Feb 2026
Rwanda,Flash Floods,Jan 2026,Rwanda: Flash Floods - Jan 2026
Algeria,Floods,Jan 2026,Algeria: Floods - Jan 2026
Argentina,Landslides,Jan 2026,Argentina: Landslides - Jan 2026
South Africa,Floods,Jan 2026,South Africa: Floods - Jan 2026
North Macedonia,Floods,Jan 2026,North Macedonia: Floods - Jan 2026
Malawi,Floods,Jan 2026,Malawi: Floods - Jan 2026
Serbia,Cold Wave,Jan 2026,Serbia: Cold Wave - Jan 2026
Guatemala,Measles Outbreak,Jan 2026,Guatemala: Measles Outbreak - Jan 2026
Ecuador,Floods,Jan 2026,Ecuador: Floods - Jan 2026
Zimbabwe,Floods,Jan 2026,Zimbabwe: Floods - Jan 2026
Mozambique,Floods,Dec 2025,Mozambique: Floods - Dec 2025
Chile,Wild Fires,Dec 2025,Chile: Wild Fires - Dec 2025
Gabon,Windstorms,Dec 2025,Gabon: Windstorms - Dec 2025
Morocco,Floods,Dec 2025,Morocco: Floods - Dec 2025
Bolivia,Floods,Dec 2025,Bolivia: Floods - Dec 2025
Congo,Floods,Nov 2025,Congo: Floods - Nov 2025
Cuba,Arboviral Outbreak,Oct 2025,Cuba: Arboviral Outbreak - Oct 2025
Egypt,Floods,Oct 2025,Egypt: Floods - Oct 2025
Cabo Verde,Flash Floods,Aug 2025,Cabo Verde: Flash Floods - Aug 2025
South Sudan,Floods,Jul 2025,South Sudan: Floods - Jul 2025
Sudan,Floods,Jul 2025,Sudan: Floods - Jul 2025
Honduras,Floods,Jun 2025,Honduras: Floods - Jun 2025
Panama,River Pollution,Jun 2025,Panama: River Pollution - Jun 2025
Côte d'Ivoire,Cholera Outbreak,Jun 2025,Côte d'Ivoire: Cholera Outbreak - Jun 2025
Pacific,Dengue Outbreak,2025,Pacific: Dengue Outbreak - 2025-2026
Ghana,Cholera Outbreak,Oct 2024,Ghana: Cholera Outbreak - Oct 2024
Namibia,Drought,May 2024,Namibia: Drought - May 2024
Niger,Diphtheria Outbreak,Oct 2023,Niger: Diphtheria Outbreak - Oct 2023
Nigeria,Lassa Fever Outbreak,Jan 2023,Nigeria: Lassa Fever Outbreak - Jan 2023
Burundi,Cholera Outbreak,Jan 2023,Burundi: Cholera Outbreak - Jan 2023
China,Gas Well Explosion in Chongqing,Dec 2003,China: Gas Well Explosion in Chongqing - Dec 2003
Iran,Earthquake,Dec 2003,Iran: Earthquake - Dec 2003
Haiti,Floods,Dec 2003,Haiti: Floods - Dec 2003
Costa Rica/Panama,Earthquake,Dec 2003,Costa Rica/Panama: Earthquake - Dec 2003
Philippines,Floods and Landslides,Dec 2003,Philippines: Floods and Landslides - Dec 2003
Colombia,Floods,Dec 2003,Colombia: Floods - Dec 2003
Caribbean,Tropical Storm Odette,Dec 2003,Caribbean: Tropical Storm Odette - Dec 2003
FYR Macedonia,Floods,Nov 2003,FYR Macedonia: Floods - Nov 2003
Micronesia,Typhoon Lupit,Nov 2003,Micronesia: Typhoon Lupit - Nov 2003
Dominican Republic,Floods,Nov 2003,Dominican Republic: Floods - Nov 2003
Indonesia,Floods,Nov 2003,Indonesia: Floods - Nov 2003
China,Gansu Earthquake,Oct 2003,China: Gansu Earthquake - Oct 2003
Viet Nam,Floods,Oct 2003,Viet Nam: Floods - Oct 2003
DR Congo,Severe storms,Oct 2003,DR Congo: Severe storms - Oct 2003
Mexico,Hurricane Olaf,Oct 2003,Mexico: Hurricane Olaf - Oct 2003
Mexico,Tropical Storm Larry,Oct 2003,Mexico: Tropical Storm Larry - Oct 2003
Japan,Hokkaido Earthquake,Sep 2003,Japan: Hokkaido Earthquake - Sep 2003
Mexico,Floods,Sep 2003,Mexico: Floods - Sep 2003
Mexico,Hurricane Marty,Sep 2003,Mexico: Hurricane Marty - Sep 2003
Dominican Republic,Earthquake,Sep 2003,Dominican Republic: Earthquake - Sep 2003
Indonesia,Earthquake,Aug 2026,Indonesia: Earthquake - Aug 2026
Colombia,Earthquake,Aug 2026,Colombia: Earthquake - Aug 2026
Myanmar,Floods,Jul 2026,Myanmar: Floods - Jul 2026
Afghanistan,Flash Floods,Jul 2026,Afghanistan: Flash Floods - Jul 2026
India,Flash Floods,Jul 2026,India: Flash Floods - Jul 2026
Kyrgyzstan,Flash Floods,Jul 2026,Kyrgyzstan: Flash Floods - Jul 2026
Tajikistan,Floods,Jul 2026,Tajikistan: Floods - Jul 2026
Bangladesh,Flash Floods,Jul 2026,Bangladesh: Flash Floods - Jul 2026
Georgia,Floods,Jun 2026,Georgia: Floods - Jun 2026
Central African Republic,Cholera Outbreak,Jun 2026,Central African Republic: Cholera Outbreak - Jun 2026
Venezuela,Earthquakes,Jun 2026,Venezuela: Earthquakes - Jun 2026
Chad,Cholera Outbreak,Jun 2026,Chad: Cholera Outbreak - Jun 2026
Philippines,Earthquake and Tsunami,Jun 2026,Philippines: Earthquake and Tsunami - Jun 2026
Armenia,Hailstorm,Jun 2026,Armenia: Hailstorm - Jun 2026
Syria,Floods,May 2026,Syria: Floods - May 2026
Central/Eastern Africa,Ebola Outbreak,May 2026,Central/Eastern Africa: Ebola Outbreak - May 2026
Sri Lanka,Dengue Outbreak,May 2026,Sri Lanka: Dengue Outbreak - May 2026
Dominican Republic,Floods,Apr 2026,Dominican Republic: Floods - Apr 2026
Yemen,Floods,Mar 2026,Yemen: Floods - Mar 2026
Tanzania,Floods and Landslides,Mar 2026,Tanzania: Floods and Landslides - Mar 2026
Liberia,Windstorms,Mar 2026,Liberia: Windstorms - Mar 2026
Botswana,Floods,Mar 2026,Botswana: Floods - Mar 2026
Ethiopia,Floods and Landslides,Mar 2026,Ethiopia: Floods and Landslides - Mar 2026
Kenya,Floods,Mar 2026,Kenya: Floods - Mar 2026
Suriname,Chikungunya Virus Outbreak,Mar 2026,Suriname: Chikungunya Virus Outbreak - Mar 2026
Brazil,Floods,Feb 2026,Brazil: Floods - Feb 2026
Peru,Floods and Landslides,Feb 2026,Peru: Floods and Landslides - Feb 2026
Angola,Floods,Feb 2026,Angola: Floods - Feb 2026
Zambia,Cholera Outbreak,Feb 2026,Zambia: Cholera Outbreak - Feb 2026
Cameroon,Fires,Feb 2026,Cameroon: Fires - Feb 2026
Somalia,Dengue Outbreak,Feb 2026,Somalia: Dengue Outbreak - Feb 2026
Rwanda,Flash Floods,Jan 2026,Rwanda: Flash Floods - Jan 2026
Algeria,Floods,Jan 2026,Algeria: Floods - Jan 2026
Argentina,Landslides,Jan 2026,Argentina: Landslides - Jan 2026
South Africa,Floods,Jan 2026,South Africa: Floods - Jan 2026
North Macedonia,Floods,Jan 2026,North Macedonia: Floods - Jan 2026
Malawi,Floods,Jan 2026,Malawi: Floods - Jan 2026
Serbia,Cold Wave,Jan 2026,Serbia: Cold Wave - Jan 2026
Guatemala,Measles Outbreak,Jan 2026,Guatemala: Measles Outbreak - Jan 2026
Ecuador,Floods,Jan 2026,Ecuador: Floods - Jan 2026
Zimbabwe,Floods,Jan 2026,Zimbabwe: Floods - Jan 2026
Mozambique,Floods,Dec 2025,Mozambique: Floods - Dec 2025
Chile,Wild Fires,Dec 2025,Chile: Wild Fires - Dec 2025
Gabon,Windstorms,Dec 2025,Gabon: Windstorms - Dec 2025
Morocco,Floods,Dec 2025,Morocco: Floods - Dec 2025
Bolivia,Floods,Dec 2025,Bolivia: Floods - Dec 2025
Congo,Floods,Nov 2025,Congo: Floods - Nov 2025
Cuba,Arboviral Outbreak,Oct 2025,Cuba: Arboviral Outbreak - Oct 2025
Egypt,Floods,Oct 2025,Egypt: Floods - Oct 2025
Cabo Verde,Flash Floods,Aug 2025,Cabo Verde: Flash Floods - Aug 2025
South Sudan,Floods,Jul 2025,South Sudan: Floods - Jul 2025
Sudan,Floods,Jul 2025,Sudan: Floods - Jul 2025
Honduras,Floods,Jun 2025,Honduras: Floods - Jun 2025
Panama,River Pollution,Jun 2025,Panama: River Pollution - Jun 2025
Côte d'Ivoire,Cholera Outbreak,Jun 2025,Côte d'Ivoire: Cholera Outbreak - Jun 2025
Pacific,Dengue Outbreak,2025,Pacific: Dengue Outbreak - 2025-2026
Ghana,Cholera Outbreak,Oct 2024,Ghana: Cholera Outbreak - Oct 2024
Namibia,Drought,May 2024,Namibia: Drought - May 2024
Niger,Diphtheria Outbreak,Oct 2023,Niger: Diphtheria Outbreak - Oct 2023
Nigeria,Lassa Fever Outbreak,Jan 2023,Nigeria: Lassa Fever Outbreak - Jan 2023
Burundi,Cholera Outbreak,Jan 2023,Burundi: Cholera Outbreak - Jan 2023
Bosnia and Herzegovina,Drought,Sep 2003,Bosnia and Herzegovina: Drought - Sep 2003
Honduras,Floods,Sep 2003,Honduras: Floods - Sep 2003
Nigeria,Floods,Sep 2003,Nigeria: Floods - Sep 2003
Sahelian Countries,Heavy Rains and Floods,Sep 2003,Sahelian Countries: Heavy Rains and Floods - Sep 2003
Gambia,Squall in Upper River Division,Sep 2003,Gambia: Squall in Upper River Division - Sep 2003
Mexico,Hurricane Ignacio,Aug 2003,Mexico: Hurricane Ignacio - Aug 2003
China,Earthquake,Aug 2003,China: Earthquake - Aug 2003
Panama,Earthquake,Aug 2003,Panama: Earthquake - Aug 2003
Portugal,Forest Fires,Aug 2003,Portugal: Forest Fires - Aug 2003
India,Floods,Aug 2003,India: Floods - Aug 2003
Papua New Guinea,Landslide,Aug 2003,Papua New Guinea: Landslide - Aug 2003
Sudan,Floods,Jul 2003,Sudan: Floods - Jul 2003
Pakistan,Floods,Jul 2003,Pakistan: Floods - Jul 2003
Peru,Cold Wave,Jul 2003,Peru: Cold Wave - Jul 2003
Japan,Earthquake,Jul 2003,Japan: Earthquake - Jul 2003
Cameroon,Landslide,Jul 2003,Cameroon: Landslide - Jul 2003
Mongolia,Flash Floods,Jul 2003,Mongolia: Flash Floods - Jul 2003
China,Earthquake,Jul 2003,China: Earthquake - Jul 2003
Indonesia,Earthquake,Aug 2026,Indonesia: Earthquake - Aug 2026
Colombia,Earthquake,Aug 2026,Colombia: Earthquake - Aug 2026
Myanmar,Floods,Jul 2026,Myanmar: Floods - Jul 2026
Afghanistan,Flash Floods,Jul 2026,Afghanistan: Flash Floods - Jul 2026
India,Flash Floods,Jul 2026,India: Flash Floods - Jul 2026
Kyrgyzstan,Flash Floods,Jul 2026,Kyrgyzstan: Flash Floods - Jul 2026
Tajikistan,Floods,Jul 2026,Tajikistan: Floods - Jul 2026
Bangladesh,Flash Floods,Jul 2026,Bangladesh: Flash Floods - Jul 2026
Georgia,Floods,Jun 2026,Georgia: Floods - Jun 2026
Central African Republic,Cholera Outbreak,Jun 2026,Central African Republic: Cholera Outbreak - Jun 2026
Venezuela,Earthquakes,Jun 2026,Venezuela: Earthquakes - Jun 2026
Chad,Cholera Outbreak,Jun 2026,Chad: Cholera Outbreak - Jun 2026
Philippines,Earthquake and Tsunami,Jun 2026,Philippines: Earthquake and Tsunami - Jun 2026
Armenia,Hailstorm,Jun 2026,Armenia: Hailstorm - Jun 2026
Syria,Floods,May 2026,Syria: Floods - May 2026
Central/Eastern Africa,Ebola Outbreak,May 2026,Central/Eastern Africa: Ebola Outbreak - May 2026
Sri Lanka,Dengue Outbreak,May 2026,Sri Lanka: Dengue Outbreak - May 2026
Dominican Republic,Floods,Apr 2026,Dominican Republic: Floods - Apr 2026
Yemen,Floods,Mar 2026,Yemen: Floods - Mar 2026
Tanzania,Floods and Landslides,Mar 2026,Tanzania: Floods and Landslides - Mar 2026
Liberia,Windstorms,Mar 2026,Liberia: Windstorms - Mar 2026
Botswana,Floods,Mar 2026,Botswana: Floods - Mar 2026
Ethiopia,Floods and Landslides,Mar 2026,Ethiopia: Floods and Landslides - Mar 2026
Kenya,Floods,Mar 2026,Kenya: Floods - Mar 2026
Suriname,Chikungunya Virus Outbreak,Mar 2026,Suriname: Chikungunya Virus Outbreak - Mar 2026
Brazil,Floods,Feb 2026,Brazil: Floods - Feb 2026
Peru,Floods and Landslides,Feb 2026,Peru: Floods and Landslides - Feb 2026
Angola,Floods,Feb 2026,Angola: Floods - Feb 2026
Zambia,Cholera Outbreak,Feb 2026,Zambia: Cholera Outbreak - Feb 2026
Cameroon,Fires,Feb 2026,Cameroon: Fires - Feb 2026
Somalia,Dengue Outbreak,Feb 2026,Somalia: Dengue Outbreak - Feb 2026
Rwanda,Flash Floods,Jan 2026,Rwanda: Flash Floods - Jan 2026
Algeria,Floods,Jan 2026,Algeria: Floods - Jan 2026
Argentina,Landslides,Jan 2026,Argentina: Landslides - Jan 2026
South Africa,Floods,Jan 2026,South Africa: Floods - Jan 2026
North Macedonia,Floods,Jan 2026,North Macedonia: Floods - Jan 2026
Malawi,Floods,Jan 2026,Malawi: Floods - Jan 2026
Serbia,Cold Wave,Jan 2026,Serbia: Cold Wave - Jan 2026
Guatemala,Measles Outbreak,Jan 2026,Guatemala: Measles Outbreak - Jan 2026
Ecuador,Floods,Jan 2026,Ecuador: Floods - Jan 2026
Zimbabwe,Floods,Jan 2026,Zimbabwe: Floods - Jan 2026
Mozambique,Floods,Dec 2025,Mozambique: Floods - Dec 2025
Chile,Wild Fires,Dec 2025,Chile: Wild Fires - Dec 2025
Gabon,Windstorms,Dec 2025,Gabon: Windstorms - Dec 2025
Morocco,Floods,Dec 2025,Morocco: Floods - Dec 2025
Bolivia,Floods,Dec 2025,Bolivia: Floods - Dec 2025
Congo,Floods,Nov 2025,Congo: Floods - Nov 2025
Cuba,Arboviral Outbreak,Oct 2025,Cuba: Arboviral Outbreak - Oct 2025
Egypt,Floods,Oct 2025,Egypt: Floods - Oct 2025
Cabo Verde,Flash Floods,Aug 2025,Cabo Verde: Flash Floods - Aug 2025
South Sudan,Floods,Jul 2025,South Sudan: Floods - Jul 2025
Sudan,Floods,Jul 2025,Sudan: Floods - Jul 2025
Honduras,Floods,Jun 2025,Honduras: Floods - Jun 2025
Panama,River Pollution,Jun 2025,Panama: River Pollution - Jun 2025
Côte d'Ivoire,Cholera Outbreak,Jun 2025,Côte d'Ivoire: Cholera Outbreak - Jun 2025
Pacific,Dengue Outbreak,2025,Pacific: Dengue Outbreak - 2025-2026
Ghana,Cholera Outbreak,Oct 2024,Ghana: Cholera Outbreak - Oct 2024
Namibia,Drought,May 2024,Namibia: Drought - May 2024
Niger,Diphtheria Outbreak,Oct 2023,Niger: Diphtheria Outbreak - Oct 2023
Nigeria,Lassa Fever Outbreak,Jan 2023,Nigeria: Lassa Fever Outbreak - Jan 2023
Burundi,Cholera Outbreak,Jan 2023,Burundi: Cholera Outbreak - Jan 2023
Nepal,Floods and Landslides,Jul 2003,Nepal: Floods and Landslides - Jul 2003
Ecuador,Volcano Tungurahua,Jul 2003,Ecuador: Volcano Tungurahua - Jul 2003
Caribbean,Tropical Storm Claudette,Jul 2003,Caribbean: Tropical Storm Claudette - Jul 2003
China,Floods,Jul 2003,China: Floods - Jul 2003
Bangladesh,Flash Floods and Landslides,Jul 2003,Bangladesh: Flash Floods and Landslides - Jul 2003
Timor-Leste,Floods,Jun 2003,Timor-Leste: Floods - Jun 2003
India,Floods,Jun 2003,India: Floods - Jun 2003
Tajikistan,Floods,Jun 2003,Tajikistan: Floods - Jun 2003
India,Heat Wave,Jun 2003,India: Heat Wave - Jun 2003
Kazakhstan,Earthquake,May 2003,Kazakhstan: Earthquake - May 2003
China,Floods,May 2003,China: Floods - May 2003
Algeria,Earthquake,May 2003,Algeria: Earthquake - May 2003
Sri Lanka,Floods,May 2003,Sri Lanka: Floods - May 2003
Namibia,Floods,May 2003,Namibia: Floods - May 2003
Madagascar,Tropical Cyclone Manou,May 2003,Madagascar: Tropical Cyclone Manou - May 2003
Horn of Africa,Floods,May 2003,Horn of Africa: Floods - May 2003
Papua New Guinea,Landslide,May 2003,Papua New Guinea: Landslide - May 2003
Indonesia,Earthquake,Aug 2026,Indonesia: Earthquake - Aug 2026
Colombia,Earthquake,Aug 2026,Colombia: Earthquake - Aug 2026
Myanmar,Floods,Jul 2026,Myanmar: Floods - Jul 2026
Afghanistan,Flash Floods,Jul 2026,Afghanistan: Flash Floods - Jul 2026
India,Flash Floods,Jul 2026,India: Flash Floods - Jul 2026
Kyrgyzstan,Flash Floods,Jul 2026,Kyrgyzstan: Flash Floods - Jul 2026
Tajikistan,Floods,Jul 2026,Tajikistan: Floods - Jul 2026
Bangladesh,Flash Floods,Jul 2026,Bangladesh: Flash Floods - Jul 2026
Georgia,Floods,Jun 2026,Georgia: Floods - Jun 2026
Central African Republic,Cholera Outbreak,Jun 2026,Central African Republic: Cholera Outbreak - Jun 2026
Venezuela,Earthquakes,Jun 2026,Venezuela: Earthquakes - Jun 2026
Chad,Cholera Outbreak,Jun 2026,Chad: Cholera Outbreak - Jun 2026
Philippines,Earthquake and Tsunami,Jun 2026,Philippines: Earthquake and Tsunami - Jun 2026
Armenia,Hailstorm,Jun 2026,Armenia: Hailstorm - Jun 2026
Syria,Floods,May 2026,Syria: Floods - May 2026
Central/Eastern Africa,Ebola Outbreak,May 2026,Central/Eastern Africa: Ebola Outbreak - May 2026
Sri Lanka,Dengue Outbreak,May 2026,Sri Lanka: Dengue Outbreak - May 2026
Dominican Republic,Floods,Apr 2026,Dominican Republic: Floods - Apr 2026
Yemen,Floods,Mar 2026,Yemen: Floods - Mar 2026
Tanzania,Floods and Landslides,Mar 2026,Tanzania: Floods and Landslides - Mar 2026
Liberia,Windstorms,Mar 2026,Liberia: Windstorms - Mar 2026
Botswana,Floods,Mar 2026,Botswana: Floods - Mar 2026
Ethiopia,Floods and Landslides,Mar 2026,Ethiopia: Floods and Landslides - Mar 2026
Kenya,Floods,Mar 2026,Kenya: Floods - Mar 2026
Suriname,Chikungunya Virus Outbreak,Mar 2026,Suriname: Chikungunya Virus Outbreak - Mar 2026
Brazil,Floods,Feb 2026,Brazil: Floods - Feb 2026
Peru,Floods and Landslides,Feb 2026,Peru: Floods and Landslides - Feb 2026
Angola,Floods,Feb 2026,Angola: Floods - Feb 2026
Zambia,Cholera Outbreak,Feb 2026,Zambia: Cholera Outbreak - Feb 2026
Cameroon,Fires,Feb 2026,Cameroon: Fires - Feb 2026
Somalia,Dengue Outbreak,Feb 2026,Somalia: Dengue Outbreak - Feb 2026
Rwanda,Flash Floods,Jan 2026,Rwanda: Flash Floods - Jan 2026
Algeria,Floods,Jan 2026,Algeria: Floods - Jan 2026
Argentina,Landslides,Jan 2026,Argentina: Landslides - Jan 2026
South Africa,Floods,Jan 2026,South Africa: Floods - Jan 2026
North Macedonia,Floods,Jan 2026,North Macedonia: Floods - Jan 2026
Malawi,Floods,Jan 2026,Malawi: Floods - Jan 2026
Serbia,Cold Wave,Jan 2026,Serbia: Cold Wave - Jan 2026
Guatemala,Measles Outbreak,Jan 2026,Guatemala: Measles Outbreak - Jan 2026
Ecuador,Floods,Jan 2026,Ecuador: Floods - Jan 2026
Zimbabwe,Floods,Jan 2026,Zimbabwe: Floods - Jan 2026
Mozambique,Floods,Dec 2025,Mozambique: Floods - Dec 2025
Chile,Wild Fires,Dec 2025,Chile: Wild Fires - Dec 2025
Gabon,Windstorms,Dec 2025,Gabon: Windstorms - Dec 2025
Morocco,Floods,Dec 2025,Morocco: Floods - Dec 2025
Bolivia,Floods,Dec 2025,Bolivia: Floods - Dec 2025
Congo,Floods,Nov 2025,Congo: Floods - Nov 2025
Cuba,Arboviral Outbreak,Oct 2025,Cuba: Arboviral Outbreak - Oct 2025
Egypt,Floods,Oct 2025,Egypt: Floods - Oct 2025
Cabo Verde,Flash Floods,Aug 2025,Cabo Verde: Flash Floods - Aug 2025
South Sudan,Floods,Jul 2025,South Sudan: Floods - Jul 2025
Sudan,Floods,Jul 2025,Sudan: Floods - Jul 2025
Honduras,Floods,Jun 2025,Honduras: Floods - Jun 2025
Panama,River Pollution,Jun 2025,Panama: River Pollution - Jun 2025
Côte d'Ivoire,Cholera Outbreak,Jun 2025,Côte d'Ivoire: Cholera Outbreak - Jun 2025
Pacific,Dengue Outbreak,2025,Pacific: Dengue Outbreak - 2025-2026
Ghana,Cholera Outbreak,Oct 2024,Ghana: Cholera Outbreak - Oct 2024
Namibia,Drought,May 2024,Namibia: Drought - May 2024
Niger,Diphtheria Outbreak,Oct 2023,Niger: Diphtheria Outbreak - Oct 2023
Nigeria,Lassa Fever Outbreak,Jan 2023,Nigeria: Lassa Fever Outbreak - Jan 2023
Burundi,Cholera Outbreak,Jan 2023,Burundi: Cholera Outbreak - Jan 2023
Azerbaijan,Floods and Landslides,May 2003,Azerbaijan: Floods and Landslides - May 2003
Bangladesh,Tropical Storm,May 2003,Bangladesh: Tropical Storm - May 2003
Turkey,Earthquake,May 2003,Turkey: Earthquake - May 2003
Argentina,Floods,Apr 2003,Argentina: Floods - Apr 2003
Guatemala,Landslide,Apr 2003,Guatemala: Landslide - Apr 2003
Kyrgyzstan,Landslide,Apr 2003,Kyrgyzstan: Landslide - Apr 2003
India,Cyclonic Storm,Apr 2003,India: Cyclonic Storm - Apr 2003
Indonesia,Landslides,Apr 2003,Indonesia: Landslides - Apr 2003
Bolivia,Landslide,Apr 2003,Bolivia: Landslide - Apr 2003
New Caledonia,Tropical Cyclone,Mar 2003,New Caledonia: Tropical Cyclone - Mar 2003
Mozambique,Cyclone,Mar 2003,Mozambique: Cyclone - Mar 2003
Tajikistan,Landslide,Mar 2003,Tajikistan: Landslide - Mar 2003
China,Earthquake,Feb 2003,China: Earthquake - Feb 2003
Pakistan,Storm,Feb 2003,Pakistan: Storm - Feb 2003
Argentina,Floods,Feb 2003,Argentina: Floods - Feb 2003
DR Congo,Tropical Storm in Yumbi,Feb 2003,DR Congo: Tropical Storm in Yumbi - Feb 2003
Indonesia,Landslides,Jan 2003,Indonesia: Landslides - Jan 2003
Brazil,Floods,Jan 2003,Brazil: Floods - Jan 2003
Turkey,Earthquake,Jan 2003,Turkey: Earthquake - Jan 2003
Indonesia,Earthquake,Aug 2026,Indonesia: Earthquake - Aug 2026
Colombia,Earthquake,Aug 2026,Colombia: Earthquake - Aug 2026
Myanmar,Floods,Jul 2026,Myanmar: Floods - Jul 2026
Afghanistan,Flash Floods,Jul 2026,Afghanistan: Flash Floods - Jul 2026
India,Flash Floods,Jul 2026,India: Flash Floods - Jul 2026
Kyrgyzstan,Flash Floods,Jul 2026,Kyrgyzstan: Flash Floods - Jul 2026
Tajikistan,Floods,Jul 2026,Tajikistan: Floods - Jul 2026
Bangladesh,Flash Floods,Jul 2026,Bangladesh: Flash Floods - Jul 2026
Georgia,Floods,Jun 2026,Georgia: Floods - Jun 2026
Central African Republic,Cholera Outbreak,Jun 2026,Central African Republic: Cholera Outbreak - Jun 2026
Venezuela,Earthquakes,Jun 2026,Venezuela: Earthquakes - Jun 2026
Chad,Cholera Outbreak,Jun 2026,Chad: Cholera Outbreak - Jun 2026
Philippines,Earthquake and Tsunami,Jun 2026,Philippines: Earthquake and Tsunami - Jun 2026
Armenia,Hailstorm,Jun 2026,Armenia: Hailstorm - Jun 2026
Syria,Floods,May 2026,Syria: Floods - May 2026
Central/Eastern Africa,Ebola Outbreak,May 2026,Central/Eastern Africa: Ebola Outbreak - May 2026
Sri Lanka,Dengue Outbreak,May 2026,Sri Lanka: Dengue Outbreak - May 2026
Dominican Republic,Floods,Apr 2026,Dominican Republic: Floods - Apr 2026
Yemen,Floods,Mar 2026,Yemen: Floods - Mar 2026
Tanzania,Floods and Landslides,Mar 2026,Tanzania: Floods and Landslides - Mar 2026
Liberia,Windstorms,Mar 2026,Liberia: Windstorms - Mar 2026
Botswana,Floods,Mar 2026,Botswana: Floods - Mar 2026
Ethiopia,Floods and Landslides,Mar 2026,Ethiopia: Floods and Landslides - Mar 2026
Kenya,Floods,Mar 2026,Kenya: Floods - Mar 2026
Suriname,Chikungunya Virus Outbreak,Mar 2026,Suriname: Chikungunya Virus Outbreak - Mar 2026
Brazil,Floods,Feb 2026,Brazil: Floods - Feb 2026
Peru,Floods and Landslides,Feb 2026,Peru: Floods and Landslides - Feb 2026
Angola,Floods,Feb 2026,Angola: Floods - Feb 2026
Zambia,Cholera Outbreak,Feb 2026,Zambia: Cholera Outbreak - Feb 2026
Cameroon,Fires,Feb 2026,Cameroon: Fires - Feb 2026
Somalia,Dengue Outbreak,Feb 2026,Somalia: Dengue Outbreak - Feb 2026
Rwanda,Flash Floods,Jan 2026,Rwanda: Flash Floods - Jan 2026
Algeria,Floods,Jan 2026,Algeria: Floods - Jan 2026
Argentina,Landslides,Jan 2026,Argentina: Landslides - Jan 2026
South Africa,Floods,Jan 2026,South Africa: Floods - Jan 2026
North Macedonia,Floods,Jan 2026,North Macedonia: Floods - Jan 2026
Malawi,Floods,Jan 2026,Malawi: Floods - Jan 2026
Serbia,Cold Wave,Jan 2026,Serbia: Cold Wave - Jan 2026
Guatemala,Measles Outbreak,Jan 2026,Guatemala: Measles Outbreak - Jan 2026
Ecuador,Floods,Jan 2026,Ecuador: Floods - Jan 2026
Zimbabwe,Floods,Jan 2026,Zimbabwe: Floods - Jan 2026
Mozambique,Floods,Dec 2025,Mozambique: Floods - Dec 2025
Chile,Wild Fires,Dec 2025,Chile: Wild Fires - Dec 2025
Gabon,Windstorms,Dec 2025,Gabon: Windstorms - Dec 2025
Morocco,Floods,Dec 2025,Morocco: Floods - Dec 2025
Bolivia,Floods,Dec 2025,Bolivia: Floods - Dec 2025
Congo,Floods,Nov 2025,Congo: Floods - Nov 2025
Cuba,Arboviral Outbreak,Oct 2025,Cuba: Arboviral Outbreak - Oct 2025
Egypt,Floods,Oct 2025,Egypt: Floods - Oct 2025
Cabo Verde,Flash Floods,Aug 2025,Cabo Verde: Flash Floods - Aug 2025
South Sudan,Floods,Jul 2025,South Sudan: Floods - Jul 2025
Sudan,Floods,Jul 2025,Sudan: Floods - Jul 2025
Honduras,Floods,Jun 2025,Honduras: Floods - Jun 2025
Panama,River Pollution,Jun 2025,Panama: River Pollution - Jun 2025
Côte d'Ivoire,Cholera Outbreak,Jun 2025,Côte d'Ivoire: Cholera Outbreak - Jun 2025
Pacific,Dengue Outbreak,2025,Pacific: Dengue Outbreak - 2025-2026
Ghana,Cholera Outbreak,Oct 2024,Ghana: Cholera Outbreak - Oct 2024
Namibia,Drought,May 2024,Namibia: Drought - May 2024
Niger,Diphtheria Outbreak,Oct 2023,Niger: Diphtheria Outbreak - Oct 2023
Nigeria,Lassa Fever Outbreak,Jan 2023,Nigeria: Lassa Fever Outbreak - Jan 2023
Burundi,Cholera Outbreak,Jan 2023,Burundi: Cholera Outbreak - Jan 2023
Peru,Floods,Jan 2003,Peru: Floods - Jan 2003
Madagascar,Floods,Jan 2003,Madagascar: Floods - Jan 2003
Tunisia,Floods,Jan 2003,Tunisia: Floods - Jan 2003
Mexico,Earthquake,Jan 2003,Mexico: Earthquake - Jan 2003
Malawi,Floods,Jan 2003,Malawi: Floods - Jan 2003
Fiji,Cyclone Ami,Jan 2003,Fiji: Cyclone Ami - Jan 2003
India,Cold Wave,Jan 2003,India: Cold Wave - Jan 2003
Mozambique,Floods,Jan 2003,Mozambique: Floods - Jan 2003
Bolivia,Floods,Jan 2003,Bolivia: Floods - Jan 2003
Sri Lanka,Floods,Dec 2002,Sri Lanka: Floods - Dec 2002
South Asia,Cold Wave,Dec 2002,South Asia: Cold Wave - Dec 2002
FYR of Macedonia,Floods,Dec 2002,FYR of Macedonia: Floods - Dec 2002
Vanuatu,Earthquake,Nov 2002,Vanuatu: Earthquake - Nov 2002
Costa Rica/Panama,Floods,Dec 2002,Costa Rica/Panama: Floods - Dec 2002
Mongolia,Dzud,Dec 2002,Mongolia: Dzud - Dec 2002
Morocco,Floods,Nov 2002,Morocco: Floods - Nov 2002
Indonesia,Floods,Nov 2002,Indonesia: Floods - Nov 2002
Pakistan,Earthquake,21 Nov 2002,Pakistan: Earthquake - 21 Nov 2002
India,Cyclone,Nov 2002,India: Cyclone - Nov 2002
Indonesia,Earthquake,Aug 2026,Indonesia: Earthquake - Aug 2026
Colombia,Earthquake,Aug 2026,Colombia: Earthquake - Aug 2026
Myanmar,Floods,Jul 2026,Myanmar: Floods - Jul 2026
Afghanistan,Flash Floods,Jul 2026,Afghanistan: Flash Floods - Jul 2026
India,Flash Floods,Jul 2026,India: Flash Floods - Jul 2026
Kyrgyzstan,Flash Floods,Jul 2026,Kyrgyzstan: Flash Floods - Jul 2026
Tajikistan,Floods,Jul 2026,Tajikistan: Floods - Jul 2026
Bangladesh,Flash Floods,Jul 2026,Bangladesh: Flash Floods - Jul 2026
Georgia,Floods,Jun 2026,Georgia: Floods - Jun 2026
Central African Republic,Cholera Outbreak,Jun 2026,Central African Republic: Cholera Outbreak - Jun 2026
Venezuela,Earthquakes,Jun 2026,Venezuela: Earthquakes - Jun 2026
Chad,Cholera Outbreak,Jun 2026,Chad: Cholera Outbreak - Jun 2026
Philippines,Earthquake and Tsunami,Jun 2026,Philippines: Earthquake and Tsunami - Jun 2026
Armenia,Hailstorm,Jun 2026,Armenia: Hailstorm - Jun 2026
Syria,Floods,May 2026,Syria: Floods - May 2026
Central/Eastern Africa,Ebola Outbreak,May 2026,Central/Eastern Africa: Ebola Outbreak - May 2026
Sri Lanka,Dengue Outbreak,May 2026,Sri Lanka: Dengue Outbreak - May 2026
Dominican Republic,Floods,Apr 2026,Dominican Republic: Floods - Apr 2026
Yemen,Floods,Mar 2026,Yemen: Floods - Mar 2026
Tanzania,Floods and Landslides,Mar 2026,Tanzania: Floods and Landslides - Mar 2026
Liberia,Windstorms,Mar 2026,Liberia: Windstorms - Mar 2026
Botswana,Floods,Mar 2026,Botswana: Floods - Mar 2026
Ethiopia,Floods and Landslides,Mar 2026,Ethiopia: Floods and Landslides - Mar 2026
Kenya,Floods,Mar 2026,Kenya: Floods - Mar 2026
Suriname,Chikungunya Virus Outbreak,Mar 2026,Suriname: Chikungunya Virus Outbreak - Mar 2026
Brazil,Floods,Feb 2026,Brazil: Floods - Feb 2026
Peru,Floods and Landslides,Feb 2026,Peru: Floods and Landslides - Feb 2026
Angola,Floods,Feb 2026,Angola: Floods - Feb 2026
Zambia,Cholera Outbreak,Feb 2026,Zambia: Cholera Outbreak - Feb 2026
Cameroon,Fires,Feb 2026,Cameroon: Fires - Feb 2026
Somalia,Dengue Outbreak,Feb 2026,Somalia: Dengue Outbreak - Feb 2026
Rwanda,Flash Floods,Jan 2026,Rwanda: Flash Floods - Jan 2026
Algeria,Floods,Jan 2026,Algeria: Floods - Jan 2026
Argentina,Landslides,Jan 2026,Argentina: Landslides - Jan 2026
South Africa,Floods,Jan 2026,South Africa: Floods - Jan 2026
North Macedonia,Floods,Jan 2026,North Macedonia: Floods - Jan 2026
Malawi,Floods,Jan 2026,Malawi: Floods - Jan 2026
Serbia,Cold Wave,Jan 2026,Serbia: Cold Wave - Jan 2026
Guatemala,Measles Outbreak,Jan 2026,Guatemala: Measles Outbreak - Jan 2026
Ecuador,Floods,Jan 2026,Ecuador: Floods - Jan 2026
Zimbabwe,Floods,Jan 2026,Zimbabwe: Floods - Jan 2026
Mozambique,Floods,Dec 2025,Mozambique: Floods - Dec 2025
Chile,Wild Fires,Dec 2025,Chile: Wild Fires - Dec 2025
Gabon,Windstorms,Dec 2025,Gabon: Windstorms - Dec 2025
Morocco,Floods,Dec 2025,Morocco: Floods - Dec 2025
Bolivia,Floods,Dec 2025,Bolivia: Floods - Dec 2025
Congo,Floods,Nov 2025,Congo: Floods - Nov 2025
Cuba,Arboviral Outbreak,Oct 2025,Cuba: Arboviral Outbreak - Oct 2025
Egypt,Floods,Oct 2025,Egypt: Floods - Oct 2025
Cabo Verde,Flash Floods,Aug 2025,Cabo Verde: Flash Floods - Aug 2025
South Sudan,Floods,Jul 2025,South Sudan: Floods - Jul 2025
Sudan,Floods,Jul 2025,Sudan: Floods - Jul 2025
Honduras,Floods,Jun 2025,Honduras: Floods - Jun 2025
Panama,River Pollution,Jun 2025,Panama: River Pollution - Jun 2025
Côte d'Ivoire,Cholera Outbreak,Jun 2025,Côte d'Ivoire: Cholera Outbreak - Jun 2025
Pacific,Dengue Outbreak,2025,Pacific: Dengue Outbreak - 2025-2026
Ghana,Cholera Outbreak,Oct 2024,Ghana: Cholera Outbreak - Oct 2024
Namibia,Drought,May 2024,Namibia: Drought - May 2024
Niger,Diphtheria Outbreak,Oct 2023,Niger: Diphtheria Outbreak - Oct 2023
Nigeria,Lassa Fever Outbreak,Jan 2023,Nigeria: Lassa Fever Outbreak - Jan 2023
Burundi,Cholera Outbreak,Jan 2023,Burundi: Cholera Outbreak - Jan 2023
Pakistan,Earthquakes,Nov 2002,Pakistan: Earthquakes - Nov 2002
Ecuador,Volcanic Eruption,Nov 2002,Ecuador: Volcanic Eruption - Nov 2002
Mexico,Hurricane Kenna,Oct 2002,Mexico: Hurricane Kenna - Oct 2002
Paraguay,Drought,Oct 2002,Paraguay: Drought - Oct 2002
Indonesia,Earthquake,Oct 2002,Indonesia: Earthquake - Oct 2002
Albania,Floods,Sep 2002,Albania: Floods - Sep 2002
Mauritania,Drought,Sep 2002,Mauritania: Drought - Sep 2002
Caribbean,Tropical Storm Lili,Sep 2002,Caribbean: Tropical Storm Lili - Sep 2002
Russian Federation,Avalanche,Sep 2002,Russian Federation: Avalanche - Sep 2002
Caribbean,Tropical Storm Isidore,Sep 2002,Caribbean: Tropical Storm Isidore - Sep 2002
Guatemala,Landslide,Sep 2002,Guatemala: Landslide - Sep 2002
Seychelles,Tropical Depression,Sep 2002,Seychelles: Tropical Depression - Sep 2002
Central America,High Tides and Floods,Sep 2002,Central America: High Tides and Floods - Sep 2002
Papua New Guinea,Earthquake,Sep 2002,Papua New Guinea: Earthquake - Sep 2002
Thailand,Floods,Aug 2002,Thailand: Floods - Aug 2002
DPR Korea,Typhoon Rusa,Aug 2002,DPR Korea: Typhoon Rusa - Aug 2002
Algeria,Floods,Aug 2002,Algeria: Floods - Aug 2002
Lao PDR,Floods,Aug 2002,Lao PDR: Floods - Aug 2002
Myanmar,Floods,Aug 2002,Myanmar: Floods - Aug 2002
Indonesia,Earthquake,Aug 2026,Indonesia: Earthquake - Aug 2026
Colombia,Earthquake,Aug 2026,Colombia: Earthquake - Aug 2026
Myanmar,Floods,Jul 2026,Myanmar: Floods - Jul 2026
Afghanistan,Flash Floods,Jul 2026,Afghanistan: Flash Floods - Jul 2026
India,Flash Floods,Jul 2026,India: Flash Floods - Jul 2026
Kyrgyzstan,Flash Floods,Jul 2026,Kyrgyzstan: Flash Floods - Jul 2026
Tajikistan,Floods,Jul 2026,Tajikistan: Floods - Jul 2026
Bangladesh,Flash Floods,Jul 2026,Bangladesh: Flash Floods - Jul 2026
Georgia,Floods,Jun 2026,Georgia: Floods - Jun 2026
Central African Republic,Cholera Outbreak,Jun 2026,Central African Republic: Cholera Outbreak - Jun 2026
Venezuela,Earthquakes,Jun 2026,Venezuela: Earthquakes - Jun 2026
Chad,Cholera Outbreak,Jun 2026,Chad: Cholera Outbreak - Jun 2026
Philippines,Earthquake and Tsunami,Jun 2026,Philippines: Earthquake and Tsunami - Jun 2026
Armenia,Hailstorm,Jun 2026,Armenia: Hailstorm - Jun 2026
Syria,Floods,May 2026,Syria: Floods - May 2026
Central/Eastern Africa,Ebola Outbreak,May 2026,Central/Eastern Africa: Ebola Outbreak - May 2026
Sri Lanka,Dengue Outbreak,May 2026,Sri Lanka: Dengue Outbreak - May 2026
Dominican Republic,Floods,Apr 2026,Dominican Republic: Floods - Apr 2026
Yemen,Floods,Mar 2026,Yemen: Floods - Mar 2026
Tanzania,Floods and Landslides,Mar 2026,Tanzania: Floods and Landslides - Mar 2026
Liberia,Windstorms,Mar 2026,Liberia: Windstorms - Mar 2026
Botswana,Floods,Mar 2026,Botswana: Floods - Mar 2026
Ethiopia,Floods and Landslides,Mar 2026,Ethiopia: Floods and Landslides - Mar 2026
Kenya,Floods,Mar 2026,Kenya: Floods - Mar 2026
Suriname,Chikungunya Virus Outbreak,Mar 2026,Suriname: Chikungunya Virus Outbreak - Mar 2026
Brazil,Floods,Feb 2026,Brazil: Floods - Feb 2026
Peru,Floods and Landslides,Feb 2026,Peru: Floods and Landslides - Feb 2026
Angola,Floods,Feb 2026,Angola: Floods - Feb 2026
Zambia,Cholera Outbreak,Feb 2026,Zambia: Cholera Outbreak - Feb 2026
Cameroon,Fires,Feb 2026,Cameroon: Fires - Feb 2026
Somalia,Dengue Outbreak,Feb 2026,Somalia: Dengue Outbreak - Feb 2026
Rwanda,Flash Floods,Jan 2026,Rwanda: Flash Floods - Jan 2026
Algeria,Floods,Jan 2026,Algeria: Floods - Jan 2026
Argentina,Landslides,Jan 2026,Argentina: Landslides - Jan 2026
South Africa,Floods,Jan 2026,South Africa: Floods - Jan 2026
North Macedonia,Floods,Jan 2026,North Macedonia: Floods - Jan 2026
Malawi,Floods,Jan 2026,Malawi: Floods - Jan 2026
Serbia,Cold Wave,Jan 2026,Serbia: Cold Wave - Jan 2026
Guatemala,Measles Outbreak,Jan 2026,Guatemala: Measles Outbreak - Jan 2026
Ecuador,Floods,Jan 2026,Ecuador: Floods - Jan 2026
Zimbabwe,Floods,Jan 2026,Zimbabwe: Floods - Jan 2026
Mozambique,Floods,Dec 2025,Mozambique: Floods - Dec 2025
Chile,Wild Fires,Dec 2025,Chile: Wild Fires - Dec 2025
Gabon,Windstorms,Dec 2025,Gabon: Windstorms - Dec 2025
Morocco,Floods,Dec 2025,Morocco: Floods - Dec 2025
Bolivia,Floods,Dec 2025,Bolivia: Floods - Dec 2025
Congo,Floods,Nov 2025,Congo: Floods - Nov 2025
Cuba,Arboviral Outbreak,Oct 2025,Cuba: Arboviral Outbreak - Oct 2025
Egypt,Floods,Oct 2025,Egypt: Floods - Oct 2025
Cabo Verde,Flash Floods,Aug 2025,Cabo Verde: Flash Floods - Aug 2025
South Sudan,Floods,Jul 2025,South Sudan: Floods - Jul 2025
Sudan,Floods,Jul 2025,Sudan: Floods - Jul 2025
Honduras,Floods,Jun 2025,Honduras: Floods - Jun 2025
Panama,River Pollution,Jun 2025,Panama: River Pollution - Jun 2025
Côte d'Ivoire,Cholera Outbreak,Jun 2025,Côte d'Ivoire: Cholera Outbreak - Jun 2025
Pacific,Dengue Outbreak,2025,Pacific: Dengue Outbreak - 2025-2026
Ghana,Cholera Outbreak,Oct 2024,Ghana: Cholera Outbreak - Oct 2024
Namibia,Drought,May 2024,Namibia: Drought - May 2024
Niger,Diphtheria Outbreak,Oct 2023,Niger: Diphtheria Outbreak - Oct 2023
Nigeria,Lassa Fever Outbreak,Jan 2023,Nigeria: Lassa Fever Outbreak - Jan 2023
Burundi,Cholera Outbreak,Jan 2023,Burundi: Cholera Outbreak - Jan 2023
Viet Nam,Floods,Aug 2002,Viet Nam: Floods - Aug 2002
Cambodia,Floods,Aug 2002,Cambodia: Floods - Aug 2002
Bolivia,Forest Fires,Aug 2002,Bolivia: Forest Fires - Aug 2002
Mexico,Floods,Aug 2002,Mexico: Floods - Aug 2002
Czech Republic,Floods,Aug 2002,Czech Republic: Floods - Aug 2002
Iran,Flash Floods,Aug 2002,Iran: Flash Floods - Aug 2002
Russian Federation,Floods,Aug 2002,Russian Federation: Floods - Aug 2002
Papua New Guinea,Volcanic Eruption,Aug 2002,Papua New Guinea: Volcanic Eruption - Aug 2002
Cambodia,Drought,Aug 2002,Cambodia: Drought - Aug 2002
DPR Korea,Floods,Aug 2002,DPR Korea: Floods - Aug 2002
Tajikistan,Floods,Aug 2002,Tajikistan: Floods - Aug 2002
India,Drought,Aug 2002,India: Drought - Aug 2002
El Salvador and Honduras,Dengue Outbreak,Aug 2002,El Salvador and Honduras: Dengue Outbreak - Aug 2002
Venezuela,Floods,Jul 2002,Venezuela: Floods - Jul 2002
Sri Lanka,Drought,Jul 2002,Sri Lanka: Drought - Jul 2002
Bangladesh,Floods,Jul 2002,Bangladesh: Floods - Jul 2002
Peru,Snowstorms,Jul 2002,Peru: Snowstorms - Jul 2002
Nepal,Floods and Landslides,Jul 2002,Nepal: Floods and Landslides - Jul 2002
Bolivia,Snowstorms,Jul 2002,Bolivia: Snowstorms - Jul 2002
India,Floods,Jul 2002,India: Floods - Jul 2002
Indonesia,Earthquake,Aug 2026,Indonesia: Earthquake - Aug 2026
Colombia,Earthquake,Aug 2026,Colombia: Earthquake - Aug 2026
Myanmar,Floods,Jul 2026,Myanmar: Floods - Jul 2026
Afghanistan,Flash Floods,Jul 2026,Afghanistan: Flash Floods - Jul 2026
India,Flash Floods,Jul 2026,India: Flash Floods - Jul 2026
Kyrgyzstan,Flash Floods,Jul 2026,Kyrgyzstan: Flash Floods - Jul 2026
Tajikistan,Floods,Jul 2026,Tajikistan: Floods - Jul 2026
Bangladesh,Flash Floods,Jul 2026,Bangladesh: Flash Floods - Jul 2026
Georgia,Floods,Jun 2026,Georgia: Floods - Jun 2026
Central African Republic,Cholera Outbreak,Jun 2026,Central African Republic: Cholera Outbreak - Jun 2026
Venezuela,Earthquakes,Jun 2026,Venezuela: Earthquakes - Jun 2026
Chad,Cholera Outbreak,Jun 2026,Chad: Cholera Outbreak - Jun 2026
Philippines,Earthquake and Tsunami,Jun 2026,Philippines: Earthquake and Tsunami - Jun 2026
Armenia,Hailstorm,Jun 2026,Armenia: Hailstorm - Jun 2026
Syria,Floods,May 2026,Syria: Floods - May 2026
Central/Eastern Africa,Ebola Outbreak,May 2026,Central/Eastern Africa: Ebola Outbreak - May 2026
Sri Lanka,Dengue Outbreak,May 2026,Sri Lanka: Dengue Outbreak - May 2026
Dominican Republic,Floods,Apr 2026,Dominican Republic: Floods - Apr 2026
Yemen,Floods,Mar 2026,Yemen: Floods - Mar 2026
Tanzania,Floods and Landslides,Mar 2026,Tanzania: Floods and Landslides - Mar 2026
Liberia,Windstorms,Mar 2026,Liberia: Windstorms - Mar 2026
Botswana,Floods,Mar 2026,Botswana: Floods - Mar 2026
Ethiopia,Floods and Landslides,Mar 2026,Ethiopia: Floods and Landslides - Mar 2026
Kenya,Floods,Mar 2026,Kenya: Floods - Mar 2026
Suriname,Chikungunya Virus Outbreak,Mar 2026,Suriname: Chikungunya Virus Outbreak - Mar 2026
Brazil,Floods,Feb 2026,Brazil: Floods - Feb 2026
Peru,Floods and Landslides,Feb 2026,Peru: Floods and Landslides - Feb 2026
Angola,Floods,Feb 2026,Angola: Floods - Feb 2026
Zambia,Cholera Outbreak,Feb 2026,Zambia: Cholera Outbreak - Feb 2026
Cameroon,Fires,Feb 2026,Cameroon: Fires - Feb 2026
Somalia,Dengue Outbreak,Feb 2026,Somalia: Dengue Outbreak - Feb 2026
Rwanda,Flash Floods,Jan 2026,Rwanda: Flash Floods - Jan 2026
Algeria,Floods,Jan 2026,Algeria: Floods - Jan 2026
Argentina,Landslides,Jan 2026,Argentina: Landslides - Jan 2026
South Africa,Floods,Jan 2026,South Africa: Floods - Jan 2026
North Macedonia,Floods,Jan 2026,North Macedonia: Floods - Jan 2026
Malawi,Floods,Jan 2026,Malawi: Floods - Jan 2026
Serbia,Cold Wave,Jan 2026,Serbia: Cold Wave - Jan 2026
Guatemala,Measles Outbreak,Jan 2026,Guatemala: Measles Outbreak - Jan 2026
Ecuador,Floods,Jan 2026,Ecuador: Floods - Jan 2026
Zimbabwe,Floods,Jan 2026,Zimbabwe: Floods - Jan 2026
Mozambique,Floods,Dec 2025,Mozambique: Floods - Dec 2025
Chile,Wild Fires,Dec 2025,Chile: Wild Fires - Dec 2025
Gabon,Windstorms,Dec 2025,Gabon: Windstorms - Dec 2025
Morocco,Floods,Dec 2025,Morocco: Floods - Dec 2025
Bolivia,Floods,Dec 2025,Bolivia: Floods - Dec 2025
Congo,Floods,Nov 2025,Congo: Floods - Nov 2025
Cuba,Arboviral Outbreak,Oct 2025,Cuba: Arboviral Outbreak - Oct 2025
Egypt,Floods,Oct 2025,Egypt: Floods - Oct 2025
Cabo Verde,Flash Floods,Aug 2025,Cabo Verde: Flash Floods - Aug 2025
South Sudan,Floods,Jul 2025,South Sudan: Floods - Jul 2025
Sudan,Floods,Jul 2025,Sudan: Floods - Jul 2025
Honduras,Floods,Jun 2025,Honduras: Floods - Jun 2025
Panama,River Pollution,Jun 2025,Panama: River Pollution - Jun 2025
Côte d'Ivoire,Cholera Outbreak,Jun 2025,Côte d'Ivoire: Cholera Outbreak - Jun 2025
Pacific,Dengue Outbreak,2025,Pacific: Dengue Outbreak - 2025-2026
Ghana,Cholera Outbreak,Oct 2024,Ghana: Cholera Outbreak - Oct 2024
Namibia,Drought,May 2024,Namibia: Drought - May 2024
Niger,Diphtheria Outbreak,Oct 2023,Niger: Diphtheria Outbreak - Oct 2023
Nigeria,Lassa Fever Outbreak,Jan 2023,Nigeria: Lassa Fever Outbreak - Jan 2023
Burundi,Cholera Outbreak,Jan 2023,Burundi: Cholera Outbreak - Jan 2023
Russian Federation,Floods,Jun 2002,Russian Federation: Floods - Jun 2002
Iran,Earthquake,Jun 2002,Iran: Earthquake - Jun 2002
Yugoslavia,Floods,Jun 2002,Yugoslavia: Floods - Jun 2002
Honduras,Rains,Jun 2002,Honduras: Rains - Jun 2002
Ghana,Floods,Jun 2002,Ghana: Floods - Jun 2002
China,Floods,Jun 2002,China: Floods - Jun 2002
Syria,Collapse of Dam/Floods,Jun 2002,Syria: Collapse of Dam/Floods - Jun 2002
Colombia,Rains,Jun 2002,Colombia: Rains - Jun 2002
Haiti,Floods,May 2002,Haiti: Floods - May 2002
Nicaragua,Rains,May 2002,Nicaragua: Rains - May 2002
Jamaica,Floods,May 2002,Jamaica: Floods - May 2002
Chile,Floods,May 2002,Chile: Floods - May 2002
Paraguay,Floods,May 2002,Paraguay: Floods - May 2002
Costa Rica,Floods,May 2002,Costa Rica: Floods - May 2002
Kenya,Floods,May 2002,Kenya: Floods - May 2002
Madagascar,Tropical Cyclone Kesiny,May 2002,Madagascar: Tropical Cyclone Kesiny - May 2002
Bangladesh,Tropical Storms,May 2002,Bangladesh: Tropical Storms - May 2002
Georgia,Earthquake,Apr 2002,Georgia: Earthquake - Apr 2002
Afghanistan,Floods,Apr 2002,Afghanistan: Floods - Apr 2002
Indonesia,Earthquake,Aug 2026,Indonesia: Earthquake - Aug 2026
Colombia,Earthquake,Aug 2026,Colombia: Earthquake - Aug 2026
Myanmar,Floods,Jul 2026,Myanmar: Floods - Jul 2026
Afghanistan,Flash Floods,Jul 2026,Afghanistan: Flash Floods - Jul 2026
India,Flash Floods,Jul 2026,India: Flash Floods - Jul 2026
Kyrgyzstan,Flash Floods,Jul 2026,Kyrgyzstan: Flash Floods - Jul 2026
Tajikistan,Floods,Jul 2026,Tajikistan: Floods - Jul 2026
Bangladesh,Flash Floods,Jul 2026,Bangladesh: Flash Floods - Jul 2026
Georgia,Floods,Jun 2026,Georgia: Floods - Jun 2026
Central African Republic,Cholera Outbreak,Jun 2026,Central African Republic: Cholera Outbreak - Jun 2026
Venezuela,Earthquakes,Jun 2026,Venezuela: Earthquakes - Jun 2026
Chad,Cholera Outbreak,Jun 2026,Chad: Cholera Outbreak - Jun 2026
Philippines,Earthquake and Tsunami,Jun 2026,Philippines: Earthquake and Tsunami - Jun 2026
Armenia,Hailstorm,Jun 2026,Armenia: Hailstorm - Jun 2026
Syria,Floods,May 2026,Syria: Floods - May 2026
Central/Eastern Africa,Ebola Outbreak,May 2026,Central/Eastern Africa: Ebola Outbreak - May 2026
Sri Lanka,Dengue Outbreak,May 2026,Sri Lanka: Dengue Outbreak - May 2026
Dominican Republic,Floods,Apr 2026,Dominican Republic: Floods - Apr 2026
Yemen,Floods,Mar 2026,Yemen: Floods - Mar 2026
Tanzania,Floods and Landslides,Mar 2026,Tanzania: Floods and Landslides - Mar 2026
Liberia,Windstorms,Mar 2026,Liberia: Windstorms - Mar 2026
Botswana,Floods,Mar 2026,Botswana: Floods - Mar 2026
Ethiopia,Floods and Landslides,Mar 2026,Ethiopia: Floods and Landslides - Mar 2026
Kenya,Floods,Mar 2026,Kenya: Floods - Mar 2026
Suriname,Chikungunya Virus Outbreak,Mar 2026,Suriname: Chikungunya Virus Outbreak - Mar 2026
Brazil,Floods,Feb 2026,Brazil: Floods - Feb 2026
Peru,Floods and Landslides,Feb 2026,Peru: Floods and Landslides - Feb 2026
Angola,Floods,Feb 2026,Angola: Floods - Feb 2026
Zambia,Cholera Outbreak,Feb 2026,Zambia: Cholera Outbreak - Feb 2026
Cameroon,Fires,Feb 2026,Cameroon: Fires - Feb 2026
Somalia,Dengue Outbreak,Feb 2026,Somalia: Dengue Outbreak - Feb 2026
Rwanda,Flash Floods,Jan 2026,Rwanda: Flash Floods - Jan 2026
Algeria,Floods,Jan 2026,Algeria: Floods - Jan 2026
Argentina,Landslides,Jan 2026,Argentina: Landslides - Jan 2026
South Africa,Floods,Jan 2026,South Africa: Floods - Jan 2026
North Macedonia,Floods,Jan 2026,North Macedonia: Floods - Jan 2026
Malawi,Floods,Jan 2026,Malawi: Floods - Jan 2026
Serbia,Cold Wave,Jan 2026,Serbia: Cold Wave - Jan 2026
Guatemala,Measles Outbreak,Jan 2026,Guatemala: Measles Outbreak - Jan 2026
Ecuador,Floods,Jan 2026,Ecuador: Floods - Jan 2026
Zimbabwe,Floods,Jan 2026,Zimbabwe: Floods - Jan 2026
Mozambique,Floods,Dec 2025,Mozambique: Floods - Dec 2025
Chile,Wild Fires,Dec 2025,Chile: Wild Fires - Dec 2025
Gabon,Windstorms,Dec 2025,Gabon: Windstorms - Dec 2025
Morocco,Floods,Dec 2025,Morocco: Floods - Dec 2025
Bolivia,Floods,Dec 2025,Bolivia: Floods - Dec 2025
Congo,Floods,Nov 2025,Congo: Floods - Nov 2025
Cuba,Arboviral Outbreak,Oct 2025,Cuba: Arboviral Outbreak - Oct 2025
Egypt,Floods,Oct 2025,Egypt: Floods - Oct 2025
Cabo Verde,Flash Floods,Aug 2025,Cabo Verde: Flash Floods - Aug 2025
South Sudan,Floods,Jul 2025,South Sudan: Floods - Jul 2025
Sudan,Floods,Jul 2025,Sudan: Floods - Jul 2025
Honduras,Floods,Jun 2025,Honduras: Floods - Jun 2025
Panama,River Pollution,Jun 2025,Panama: River Pollution - Jun 2025
Côte d'Ivoire,Cholera Outbreak,Jun 2025,Côte d'Ivoire: Cholera Outbreak - Jun 2025
Pacific,Dengue Outbreak,2025,Pacific: Dengue Outbreak - 2025-2026
Ghana,Cholera Outbreak,Oct 2024,Ghana: Cholera Outbreak - Oct 2024
Namibia,Drought,May 2024,Namibia: Drought - May 2024
Niger,Diphtheria Outbreak,Oct 2023,Niger: Diphtheria Outbreak - Oct 2023
Nigeria,Lassa Fever Outbreak,Jan 2023,Nigeria: Lassa Fever Outbreak - Jan 2023
Burundi,Cholera Outbreak,Jan 2023,Burundi: Cholera Outbreak - Jan 2023
Ethiopia,Floods,Apr 2002,Ethiopia: Floods - Apr 2002
Papua New Guinea,Landslide,Apr 2002,Papua New Guinea: Landslide - Apr 2002
Taiwan (China),Earthquake,Mar 2002,Taiwan (China): Earthquake - Mar 2002
Viet Nam,Forest Fire,Mar 2002,Viet Nam: Forest Fire - Mar 2002
Madagascar,Tropical Cyclone Hary,Mar 2002,Madagascar: Tropical Cyclone Hary - Mar 2002
Ecuador,Floods,Mar 2002,Ecuador: Floods - Mar 2002
Micronesia,Typhoon Mitag,Mar 2002,Micronesia: Typhoon Mitag - Mar 2002
Djibouti,Toxic Pollution,Mar 2002,Djibouti: Toxic Pollution - Mar 2002
Philippines,Earthquake,Mar 2002,Philippines: Earthquake - Mar 2002
Afghanistan,Earthquakes,Mar 2002,Afghanistan: Earthquakes - Mar 2002
Bolivia,Floods,Feb 2002,Bolivia: Floods - Feb 2002
Iran,Earthquake,Feb 2002,Iran: Earthquake - Feb 2002
Guatemala,Volcano de Fuego,Feb 2002,Guatemala: Volcano de Fuego - Feb 2002
Mexico,Volcano de Colima,Feb 2002,Mexico: Volcano de Colima - Feb 2002
Turkey,Earthquake,Feb 2002,Turkey: Earthquake - Feb 2002
Peru,Floods,Feb 2002,Peru: Floods - Feb 2002
Indonesia,Floods,Feb 2002,Indonesia: Floods - Feb 2002
Nigeria,Ammunition Dump Explosion,Jan 2002,Nigeria: Ammunition Dump Explosion - Jan 2002
Senegal,Floods,Jan 2002,Senegal: Floods - Jan 2002
Mauritius,Tropical Cyclone Dina,Jan 2002,Mauritius: Tropical Cyclone Dina - Jan 2002
Indonesia,Earthquake,Aug 2026,Indonesia: Earthquake - Aug 2026
Colombia,Earthquake,Aug 2026,Colombia: Earthquake - Aug 2026
Myanmar,Floods,Jul 2026,Myanmar: Floods - Jul 2026
Afghanistan,Flash Floods,Jul 2026,Afghanistan: Flash Floods - Jul 2026
India,Flash Floods,Jul 2026,India: Flash Floods - Jul 2026
Kyrgyzstan,Flash Floods,Jul 2026,Kyrgyzstan: Flash Floods - Jul 2026
Tajikistan,Floods,Jul 2026,Tajikistan: Floods - Jul 2026
Bangladesh,Flash Floods,Jul 2026,Bangladesh: Flash Floods - Jul 2026
Georgia,Floods,Jun 2026,Georgia: Floods - Jun 2026
Central African Republic,Cholera Outbreak,Jun 2026,Central African Republic: Cholera Outbreak - Jun 2026
Venezuela,Earthquakes,Jun 2026,Venezuela: Earthquakes - Jun 2026
Chad,Cholera Outbreak,Jun 2026,Chad: Cholera Outbreak - Jun 2026
Philippines,Earthquake and Tsunami,Jun 2026,Philippines: Earthquake and Tsunami - Jun 2026
Armenia,Hailstorm,Jun 2026,Armenia: Hailstorm - Jun 2026
Syria,Floods,May 2026,Syria: Floods - May 2026
Central/Eastern Africa,Ebola Outbreak,May 2026,Central/Eastern Africa: Ebola Outbreak - May 2026
Sri Lanka,Dengue Outbreak,May 2026,Sri Lanka: Dengue Outbreak - May 2026
Dominican Republic,Floods,Apr 2026,Dominican Republic: Floods - Apr 2026
Yemen,Floods,Mar 2026,Yemen: Floods - Mar 2026
Tanzania,Floods and Landslides,Mar 2026,Tanzania: Floods and Landslides - Mar 2026
Liberia,Windstorms,Mar 2026,Liberia: Windstorms - Mar 2026
Botswana,Floods,Mar 2026,Botswana: Floods - Mar 2026
Ethiopia,Floods and Landslides,Mar 2026,Ethiopia: Floods and Landslides - Mar 2026
Kenya,Floods,Mar 2026,Kenya: Floods - Mar 2026
Suriname,Chikungunya Virus Outbreak,Mar 2026,Suriname: Chikungunya Virus Outbreak - Mar 2026
Brazil,Floods,Feb 2026,Brazil: Floods - Feb 2026
Peru,Floods and Landslides,Feb 2026,Peru: Floods and Landslides - Feb 2026
Angola,Floods,Feb 2026,Angola: Floods - Feb 2026
Zambia,Cholera Outbreak,Feb 2026,Zambia: Cholera Outbreak - Feb 2026
Cameroon,Fires,Feb 2026,Cameroon: Fires - Feb 2026
Somalia,Dengue Outbreak,Feb 2026,Somalia: Dengue Outbreak - Feb 2026
Rwanda,Flash Floods,Jan 2026,Rwanda: Flash Floods - Jan 2026
Algeria,Floods,Jan 2026,Algeria: Floods - Jan 2026
Argentina,Landslides,Jan 2026,Argentina: Landslides - Jan 2026
South Africa,Floods,Jan 2026,South Africa: Floods - Jan 2026
North Macedonia,Floods,Jan 2026,North Macedonia: Floods - Jan 2026
Malawi,Floods,Jan 2026,Malawi: Floods - Jan 2026
Serbia,Cold Wave,Jan 2026,Serbia: Cold Wave - Jan 2026
Guatemala,Measles Outbreak,Jan 2026,Guatemala: Measles Outbreak - Jan 2026
Ecuador,Floods,Jan 2026,Ecuador: Floods - Jan 2026
Zimbabwe,Floods,Jan 2026,Zimbabwe: Floods - Jan 2026
Mozambique,Floods,Dec 2025,Mozambique: Floods - Dec 2025
Chile,Wild Fires,Dec 2025,Chile: Wild Fires - Dec 2025
Gabon,Windstorms,Dec 2025,Gabon: Windstorms - Dec 2025
Morocco,Floods,Dec 2025,Morocco: Floods - Dec 2025
Bolivia,Floods,Dec 2025,Bolivia: Floods - Dec 2025
Congo,Floods,Nov 2025,Congo: Floods - Nov 2025
Cuba,Arboviral Outbreak,Oct 2025,Cuba: Arboviral Outbreak - Oct 2025
Egypt,Floods,Oct 2025,Egypt: Floods - Oct 2025
Cabo Verde,Flash Floods,Aug 2025,Cabo Verde: Flash Floods - Aug 2025
South Sudan,Floods,Jul 2025,South Sudan: Floods - Jul 2025
Sudan,Floods,Jul 2025,Sudan: Floods - Jul 2025
Honduras,Floods,Jun 2025,Honduras: Floods - Jun 2025
Panama,River Pollution,Jun 2025,Panama: River Pollution - Jun 2025
Côte d'Ivoire,Cholera Outbreak,Jun 2025,Côte d'Ivoire: Cholera Outbreak - Jun 2025
Pacific,Dengue Outbreak,2025,Pacific: Dengue Outbreak - 2025-2026
Ghana,Cholera Outbreak,Oct 2024,Ghana: Cholera Outbreak - Oct 2024
Namibia,Drought,May 2024,Namibia: Drought - May 2024
Niger,Diphtheria Outbreak,Oct 2023,Niger: Diphtheria Outbreak - Oct 2023
Nigeria,Lassa Fever Outbreak,Jan 2023,Nigeria: Lassa Fever Outbreak - Jan 2023
Burundi,Cholera Outbreak,Jan 2023,Burundi: Cholera Outbreak - Jan 2023
DR Congo,Volcano Nyiragongo,Jan 2002,DR Congo: Volcano Nyiragongo - Jan 2002
Iran,Flash Floods,Jan 2002,Iran: Flash Floods - Jan 2002
Tajikistan,Earthquake,Jan 2002,Tajikistan: Earthquake - Jan 2002
Madagascar,Tropical Storm Cyprien,Jan 2002,Madagascar: Tropical Storm Cyprien - Jan 2002
Vanuatu,Earthquake,Jan 2002,Vanuatu: Earthquake - Jan 2002
Tonga,Tropical Cyclone Waka,Dec 2001,Tonga: Tropical Cyclone Waka - Dec 2001
Brazil,Floods,Dec 2001,Brazil: Floods - Dec 2001
Cook Islands,Tropical Cyclone Trina,Dec 2001,Cook Islands: Tropical Cyclone Trina - Dec 2001
Algeria,Floods,Nov 2001,Algeria: Floods - Nov 2001
Caribbean,Hurricane Michelle,Nov 2001,Caribbean: Hurricane Michelle - Nov 2001
DPR Korea,Floods,Oct 2001,DPR Korea: Floods - Oct 2001
Caribbean,Hurricane Iris,Oct 2001,Caribbean: Hurricane Iris - Oct 2001
Caribbean,Tropical Storm Jerry,Oct 2001,Caribbean: Tropical Storm Jerry - Oct 2001
Mexico,Tropical Storm Lorena,Oct 2001,Mexico: Tropical Storm Lorena - Oct 2001
Viet Nam,Floods,Sep 2001,Viet Nam: Floods - Sep 2001
Mexico,Hurricane Juliette,Sep 2001,Mexico: Hurricane Juliette - Sep 2001
Mali,Floods,Sep 2001,Mali: Floods - Sep 2001
Guinea,Floods,Sep 2001,Guinea: Floods - Sep 2001
Chad,Floods,Sep 2001,Chad: Floods - Sep 2001
Indonesia,Earthquake,Aug 2026,Indonesia: Earthquake - Aug 2026
Colombia,Earthquake,Aug 2026,Colombia: Earthquake - Aug 2026
Myanmar,Floods,Jul 2026,Myanmar: Floods - Jul 2026
Afghanistan,Flash Floods,Jul 2026,Afghanistan: Flash Floods - Jul 2026
India,Flash Floods,Jul 2026,India: Flash Floods - Jul 2026
Kyrgyzstan,Flash Floods,Jul 2026,Kyrgyzstan: Flash Floods - Jul 2026
Tajikistan,Floods,Jul 2026,Tajikistan: Floods - Jul 2026
Bangladesh,Flash Floods,Jul 2026,Bangladesh: Flash Floods - Jul 2026
Georgia,Floods,Jun 2026,Georgia: Floods - Jun 2026
Central African Republic,Cholera Outbreak,Jun 2026,Central African Republic: Cholera Outbreak - Jun 2026
Venezuela,Earthquakes,Jun 2026,Venezuela: Earthquakes - Jun 2026
Chad,Cholera Outbreak,Jun 2026,Chad: Cholera Outbreak - Jun 2026
Philippines,Earthquake and Tsunami,Jun 2026,Philippines: Earthquake and Tsunami - Jun 2026
Armenia,Hailstorm,Jun 2026,Armenia: Hailstorm - Jun 2026
Syria,Floods,May 2026,Syria: Floods - May 2026
Central/Eastern Africa,Ebola Outbreak,May 2026,Central/Eastern Africa: Ebola Outbreak - May 2026
Sri Lanka,Dengue Outbreak,May 2026,Sri Lanka: Dengue Outbreak - May 2026
Dominican Republic,Floods,Apr 2026,Dominican Republic: Floods - Apr 2026
Yemen,Floods,Mar 2026,Yemen: Floods - Mar 2026
Tanzania,Floods and Landslides,Mar 2026,Tanzania: Floods and Landslides - Mar 2026
Liberia,Windstorms,Mar 2026,Liberia: Windstorms - Mar 2026
Botswana,Floods,Mar 2026,Botswana: Floods - Mar 2026
Ethiopia,Floods and Landslides,Mar 2026,Ethiopia: Floods and Landslides - Mar 2026
Kenya,Floods,Mar 2026,Kenya: Floods - Mar 2026
Suriname,Chikungunya Virus Outbreak,Mar 2026,Suriname: Chikungunya Virus Outbreak - Mar 2026
Brazil,Floods,Feb 2026,Brazil: Floods - Feb 2026
Peru,Floods and Landslides,Feb 2026,Peru: Floods and Landslides - Feb 2026
Angola,Floods,Feb 2026,Angola: Floods - Feb 2026
Zambia,Cholera Outbreak,Feb 2026,Zambia: Cholera Outbreak - Feb 2026
Cameroon,Fires,Feb 2026,Cameroon: Fires - Feb 2026
Somalia,Dengue Outbreak,Feb 2026,Somalia: Dengue Outbreak - Feb 2026
Rwanda,Flash Floods,Jan 2026,Rwanda: Flash Floods - Jan 2026
Algeria,Floods,Jan 2026,Algeria: Floods - Jan 2026
Argentina,Landslides,Jan 2026,Argentina: Landslides - Jan 2026
South Africa,Floods,Jan 2026,South Africa: Floods - Jan 2026
North Macedonia,Floods,Jan 2026,North Macedonia: Floods - Jan 2026
Malawi,Floods,Jan 2026,Malawi: Floods - Jan 2026
Serbia,Cold Wave,Jan 2026,Serbia: Cold Wave - Jan 2026
Guatemala,Measles Outbreak,Jan 2026,Guatemala: Measles Outbreak - Jan 2026
Ecuador,Floods,Jan 2026,Ecuador: Floods - Jan 2026
Zimbabwe,Floods,Jan 2026,Zimbabwe: Floods - Jan 2026
Mozambique,Floods,Dec 2025,Mozambique: Floods - Dec 2025
Chile,Wild Fires,Dec 2025,Chile: Wild Fires - Dec 2025
Gabon,Windstorms,Dec 2025,Gabon: Windstorms - Dec 2025
Morocco,Floods,Dec 2025,Morocco: Floods - Dec 2025
Bolivia,Floods,Dec 2025,Bolivia: Floods - Dec 2025
Congo,Floods,Nov 2025,Congo: Floods - Nov 2025
Cuba,Arboviral Outbreak,Oct 2025,Cuba: Arboviral Outbreak - Oct 2025
Egypt,Floods,Oct 2025,Egypt: Floods - Oct 2025
Cabo Verde,Flash Floods,Aug 2025,Cabo Verde: Flash Floods - Aug 2025
South Sudan,Floods,Jul 2025,South Sudan: Floods - Jul 2025
Sudan,Floods,Jul 2025,Sudan: Floods - Jul 2025
Honduras,Floods,Jun 2025,Honduras: Floods - Jun 2025
Panama,River Pollution,Jun 2025,Panama: River Pollution - Jun 2025
Côte d'Ivoire,Cholera Outbreak,Jun 2025,Côte d'Ivoire: Cholera Outbreak - Jun 2025
Pacific,Dengue Outbreak,2025,Pacific: Dengue Outbreak - 2025-2026
Ghana,Cholera Outbreak,Oct 2024,Ghana: Cholera Outbreak - Oct 2024
Namibia,Drought,May 2024,Namibia: Drought - May 2024
Niger,Diphtheria Outbreak,Oct 2023,Niger: Diphtheria Outbreak - Oct 2023
Nigeria,Lassa Fever Outbreak,Jan 2023,Nigeria: Lassa Fever Outbreak - Jan 2023
Burundi,Cholera Outbreak,Jan 2023,Burundi: Cholera Outbreak - Jan 2023
Sri Lanka,Drought,Aug 2001,Sri Lanka: Drought - Aug 2001
Cambodia,Floods,Aug 2001,Cambodia: Floods - Aug 2001
Ecuador,Volcano Tungurahua,Aug 2001,Ecuador: Volcano Tungurahua - Aug 2001
Caribbean,Tropical Storm Chantal,Aug 2001,Caribbean: Tropical Storm Chantal - Aug 2001
Thailand,Floods,Aug 2001,Thailand: Floods - Aug 2001
Iran,Floods,Aug 2001,Iran: Floods - Aug 2001
Sudan,Floods,Aug 2001,Sudan: Floods - Aug 2001
Indonesia,Floods and Landslides,Aug 2001,Indonesia: Floods and Landslides - Aug 2001
Poland,Floods,Jul 2001,Poland: Floods - Jul 2001
Pakistan,Floods,Jul 2001,Pakistan: Floods - Jul 2001
Central America,Drought,Jul 2001,Central America: Drought - Jul 2001
Iran,Floods,Jul 2001,Iran: Floods - Jul 2001
Rep. of Korea,Floods,Jul 2001,Rep. of Korea: Floods - Jul 2001
India,Floods,Jul 2001,India: Floods - Jul 2001
Iran,Drought,Jul 2001,Iran: Drought - Jul 2001
China,Typhoon Durian,Jul 2001,China: Typhoon Durian - Jul 2001
Ghana,Floods,Jul 2001,Ghana: Floods - Jul 2001
China,Typhoon Chebi,Jun 2001,China: Typhoon Chebi - Jun 2001
East Timor,Floods,Jun 2001,East Timor: Floods - Jun 2001
Indonesia,Earthquake,Aug 2026,Indonesia: Earthquake - Aug 2026
Colombia,Earthquake,Aug 2026,Colombia: Earthquake - Aug 2026
Myanmar,Floods,Jul 2026,Myanmar: Floods - Jul 2026
Afghanistan,Flash Floods,Jul 2026,Afghanistan: Flash Floods - Jul 2026
India,Flash Floods,Jul 2026,India: Flash Floods - Jul 2026
Kyrgyzstan,Flash Floods,Jul 2026,Kyrgyzstan: Flash Floods - Jul 2026
Tajikistan,Floods,Jul 2026,Tajikistan: Floods - Jul 2026
Bangladesh,Flash Floods,Jul 2026,Bangladesh: Flash Floods - Jul 2026
Georgia,Floods,Jun 2026,Georgia: Floods - Jun 2026
Central African Republic,Cholera Outbreak,Jun 2026,Central African Republic: Cholera Outbreak - Jun 2026
Venezuela,Earthquakes,Jun 2026,Venezuela: Earthquakes - Jun 2026
Chad,Cholera Outbreak,Jun 2026,Chad: Cholera Outbreak - Jun 2026
Philippines,Earthquake and Tsunami,Jun 2026,Philippines: Earthquake and Tsunami - Jun 2026
Armenia,Hailstorm,Jun 2026,Armenia: Hailstorm - Jun 2026
Syria,Floods,May 2026,Syria: Floods - May 2026
Central/Eastern Africa,Ebola Outbreak,May 2026,Central/Eastern Africa: Ebola Outbreak - May 2026
Sri Lanka,Dengue Outbreak,May 2026,Sri Lanka: Dengue Outbreak - May 2026
Dominican Republic,Floods,Apr 2026,Dominican Republic: Floods - Apr 2026
Yemen,Floods,Mar 2026,Yemen: Floods - Mar 2026
Tanzania,Floods and Landslides,Mar 2026,Tanzania: Floods and Landslides - Mar 2026
Liberia,Windstorms,Mar 2026,Liberia: Windstorms - Mar 2026
Botswana,Floods,Mar 2026,Botswana: Floods - Mar 2026
Ethiopia,Floods and Landslides,Mar 2026,Ethiopia: Floods and Landslides - Mar 2026
Kenya,Floods,Mar 2026,Kenya: Floods - Mar 2026
Suriname,Chikungunya Virus Outbreak,Mar 2026,Suriname: Chikungunya Virus Outbreak - Mar 2026
Brazil,Floods,Feb 2026,Brazil: Floods - Feb 2026
Peru,Floods and Landslides,Feb 2026,Peru: Floods and Landslides - Feb 2026
Angola,Floods,Feb 2026,Angola: Floods - Feb 2026
Zambia,Cholera Outbreak,Feb 2026,Zambia: Cholera Outbreak - Feb 2026
Cameroon,Fires,Feb 2026,Cameroon: Fires - Feb 2026
Somalia,Dengue Outbreak,Feb 2026,Somalia: Dengue Outbreak - Feb 2026
Rwanda,Flash Floods,Jan 2026,Rwanda: Flash Floods - Jan 2026
Algeria,Floods,Jan 2026,Algeria: Floods - Jan 2026
Argentina,Landslides,Jan 2026,Argentina: Landslides - Jan 2026
South Africa,Floods,Jan 2026,South Africa: Floods - Jan 2026
North Macedonia,Floods,Jan 2026,North Macedonia: Floods - Jan 2026
Malawi,Floods,Jan 2026,Malawi: Floods - Jan 2026
Serbia,Cold Wave,Jan 2026,Serbia: Cold Wave - Jan 2026
Guatemala,Measles Outbreak,Jan 2026,Guatemala: Measles Outbreak - Jan 2026
Ecuador,Floods,Jan 2026,Ecuador: Floods - Jan 2026
Zimbabwe,Floods,Jan 2026,Zimbabwe: Floods - Jan 2026
Mozambique,Floods,Dec 2025,Mozambique: Floods - Dec 2025
Chile,Wild Fires,Dec 2025,Chile: Wild Fires - Dec 2025
Gabon,Windstorms,Dec 2025,Gabon: Windstorms - Dec 2025
Morocco,Floods,Dec 2025,Morocco: Floods - Dec 2025
Bolivia,Floods,Dec 2025,Bolivia: Floods - Dec 2025
Congo,Floods,Nov 2025,Congo: Floods - Nov 2025
Cuba,Arboviral Outbreak,Oct 2025,Cuba: Arboviral Outbreak - Oct 2025
Egypt,Floods,Oct 2025,Egypt: Floods - Oct 2025
Cabo Verde,Flash Floods,Aug 2025,Cabo Verde: Flash Floods - Aug 2025
South Sudan,Floods,Jul 2025,South Sudan: Floods - Jul 2025
Sudan,Floods,Jul 2025,Sudan: Floods - Jul 2025
Honduras,Floods,Jun 2025,Honduras: Floods - Jun 2025
Panama,River Pollution,Jun 2025,Panama: River Pollution - Jun 2025
Côte d'Ivoire,Cholera Outbreak,Jun 2025,Côte d'Ivoire: Cholera Outbreak - Jun 2025
Pacific,Dengue Outbreak,2025,Pacific: Dengue Outbreak - 2025-2026
Ghana,Cholera Outbreak,Oct 2024,Ghana: Cholera Outbreak - Oct 2024
Namibia,Drought,May 2024,Namibia: Drought - May 2024
Niger,Diphtheria Outbreak,Oct 2023,Niger: Diphtheria Outbreak - Oct 2023
Nigeria,Lassa Fever Outbreak,Jan 2023,Nigeria: Lassa Fever Outbreak - Jan 2023
Burundi,Cholera Outbreak,Jan 2023,Burundi: Cholera Outbreak - Jan 2023
Philippines,Mayon Volcano,Jun 2001,Philippines: Mayon Volcano - Jun 2001
Peru,Earthquake,Jun 2001,Peru: Earthquake - Jun 2001
Ecuador,Floods and Landslides,Jun 2001,Ecuador: Floods and Landslides - Jun 2001
Tajikistan,Drought,Jun 2001,Tajikistan: Drought - Jun 2001
Uzbekistan,Drought,Jun 2001,Uzbekistan: Drought - Jun 2001
Vanuatu,Lopevi Volcanic Eruption,Jun 2001,Vanuatu: Lopevi Volcanic Eruption - Jun 2001
Uruguay,Floods,Jun 2001,Uruguay: Floods - Jun 2001
Pakistan,Drought,May 2001,Pakistan: Drought - May 2001
India,Cyclone,May 2001,India: Cyclone - May 2001
Russian Federation,Floods,May 2001,Russian Federation: Floods - May 2001
Iran,Floods,May 2001,Iran: Floods - May 2001
Samoa,Floods,Apr 2001,Samoa: Floods - Apr 2001
Angola,Floods,Apr 2001,Angola: Floods - Apr 2001
Vanuatu,Tropical Cyclone Sose,Apr 2001,Vanuatu: Tropical Cyclone Sose - Apr 2001
Zambia,Floods and Drought,Mar 2001,Zambia: Floods and Drought - Mar 2001
Brazil,Oil Platform Accident,Mar 2001,Brazil: Oil Platform Accident - Mar 2001
Peru,Floods,Mar 2001,Peru: Floods - Mar 2001
Romania,Floods,Mar 2001,Romania: Floods - Mar 2001
Hungary,Floods,Mar 2001,Hungary: Floods - Mar 2001
Ukraine,Floods,Mar 2001,Ukraine: Floods - Mar 2001
Indonesia,Earthquake,Aug 2026,Indonesia: Earthquake - Aug 2026
Colombia,Earthquake,Aug 2026,Colombia: Earthquake - Aug 2026
Myanmar,Floods,Jul 2026,Myanmar: Floods - Jul 2026
Afghanistan,Flash Floods,Jul 2026,Afghanistan: Flash Floods - Jul 2026
India,Flash Floods,Jul 2026,India: Flash Floods - Jul 2026
Kyrgyzstan,Flash Floods,Jul 2026,Kyrgyzstan: Flash Floods - Jul 2026
Tajikistan,Floods,Jul 2026,Tajikistan: Floods - Jul 2026
Bangladesh,Flash Floods,Jul 2026,Bangladesh: Flash Floods - Jul 2026
Georgia,Floods,Jun 2026,Georgia: Floods - Jun 2026
Central African Republic,Cholera Outbreak,Jun 2026,Central African Republic: Cholera Outbreak - Jun 2026
Venezuela,Earthquakes,Jun 2026,Venezuela: Earthquakes - Jun 2026
Chad,Cholera Outbreak,Jun 2026,Chad: Cholera Outbreak - Jun 2026
Philippines,Earthquake and Tsunami,Jun 2026,Philippines: Earthquake and Tsunami - Jun 2026
Armenia,Hailstorm,Jun 2026,Armenia: Hailstorm - Jun 2026
Syria,Floods,May 2026,Syria: Floods - May 2026
Central/Eastern Africa,Ebola Outbreak,May 2026,Central/Eastern Africa: Ebola Outbreak - May 2026
Sri Lanka,Dengue Outbreak,May 2026,Sri Lanka: Dengue Outbreak - May 2026
Dominican Republic,Floods,Apr 2026,Dominican Republic: Floods - Apr 2026
Yemen,Floods,Mar 2026,Yemen: Floods - Mar 2026
Tanzania,Floods and Landslides,Mar 2026,Tanzania: Floods and Landslides - Mar 2026
Liberia,Windstorms,Mar 2026,Liberia: Windstorms - Mar 2026
Botswana,Floods,Mar 2026,Botswana: Floods - Mar 2026
Ethiopia,Floods and Landslides,Mar 2026,Ethiopia: Floods and Landslides - Mar 2026
Kenya,Floods,Mar 2026,Kenya: Floods - Mar 2026
Suriname,Chikungunya Virus Outbreak,Mar 2026,Suriname: Chikungunya Virus Outbreak - Mar 2026
Brazil,Floods,Feb 2026,Brazil: Floods - Feb 2026
Peru,Floods and Landslides,Feb 2026,Peru: Floods and Landslides - Feb 2026
Angola,Floods,Feb 2026,Angola: Floods - Feb 2026
Zambia,Cholera Outbreak,Feb 2026,Zambia: Cholera Outbreak - Feb 2026
Cameroon,Fires,Feb 2026,Cameroon: Fires - Feb 2026
Somalia,Dengue Outbreak,Feb 2026,Somalia: Dengue Outbreak - Feb 2026
Rwanda,Flash Floods,Jan 2026,Rwanda: Flash Floods - Jan 2026
Algeria,Floods,Jan 2026,Algeria: Floods - Jan 2026
Argentina,Landslides,Jan 2026,Argentina: Landslides - Jan 2026
South Africa,Floods,Jan 2026,South Africa: Floods - Jan 2026
North Macedonia,Floods,Jan 2026,North Macedonia: Floods - Jan 2026
Malawi,Floods,Jan 2026,Malawi: Floods - Jan 2026
Serbia,Cold Wave,Jan 2026,Serbia: Cold Wave - Jan 2026
Guatemala,Measles Outbreak,Jan 2026,Guatemala: Measles Outbreak - Jan 2026
Ecuador,Floods,Jan 2026,Ecuador: Floods - Jan 2026
Zimbabwe,Floods,Jan 2026,Zimbabwe: Floods - Jan 2026
Mozambique,Floods,Dec 2025,Mozambique: Floods - Dec 2025
Chile,Wild Fires,Dec 2025,Chile: Wild Fires - Dec 2025
Gabon,Windstorms,Dec 2025,Gabon: Windstorms - Dec 2025
Morocco,Floods,Dec 2025,Morocco: Floods - Dec 2025
Bolivia,Floods,Dec 2025,Bolivia: Floods - Dec 2025
Congo,Floods,Nov 2025,Congo: Floods - Nov 2025
Cuba,Arboviral Outbreak,Oct 2025,Cuba: Arboviral Outbreak - Oct 2025
Egypt,Floods,Oct 2025,Egypt: Floods - Oct 2025
Cabo Verde,Flash Floods,Aug 2025,Cabo Verde: Flash Floods - Aug 2025
South Sudan,Floods,Jul 2025,South Sudan: Floods - Jul 2025
Sudan,Floods,Jul 2025,Sudan: Floods - Jul 2025
Honduras,Floods,Jun 2025,Honduras: Floods - Jun 2025
Panama,River Pollution,Jun 2025,Panama: River Pollution - Jun 2025
Côte d'Ivoire,Cholera Outbreak,Jun 2025,Côte d'Ivoire: Cholera Outbreak - Jun 2025
Pacific,Dengue Outbreak,2025,Pacific: Dengue Outbreak - 2025-2026
Ghana,Cholera Outbreak,Oct 2024,Ghana: Cholera Outbreak - Oct 2024
Namibia,Drought,May 2024,Namibia: Drought - May 2024
Niger,Diphtheria Outbreak,Oct 2023,Niger: Diphtheria Outbreak - Oct 2023
Nigeria,Lassa Fever Outbreak,Jan 2023,Nigeria: Lassa Fever Outbreak - Jan 2023
Burundi,Cholera Outbreak,Jan 2023,Burundi: Cholera Outbreak - Jan 2023
Zimbabwe,Floods,Mar 2001,Zimbabwe: Floods - Mar 2001
DR Congo,Volcanic Activity Nyamulagira,Feb 2001,DR Congo: Volcanic Activity Nyamulagira - Feb 2001
Afghanistan,Earthquake,Feb 2001,Afghanistan: Earthquake - Feb 2001
Malawi,Floods,Feb 2001,Malawi: Floods - Feb 2001
Indonesia,Earthquake,Feb 2001,Indonesia: Earthquake - Feb 2001
El Salvador,Earthquake,Feb 2001,El Salvador: Earthquake - Feb 2001
Afghanistan,Cold Wave,Feb 2001,Afghanistan: Cold Wave - Feb 2001
Mozambique,Floods,Feb 2001,Mozambique: Floods - Feb 2001
Pakistan,Earthquake,Jan 2001,Pakistan: Earthquake - Jan 2001
India,Earthquake,Jan 2001,India: Earthquake - Jan 2001
Bolivia,Floods,Jan 2001,Bolivia: Floods - Jan 2001
Ecuador,Galapagos Islands Oil Spill,Jan 2001,Ecuador: Galapagos Islands Oil Spill - Jan 2001
El Salvador,Earthquake,Jan 2001,El Salvador: Earthquake - Jan 2001
Mexico,Popocatépetl volcanic activity,Dec 2000,Mexico: Popocatépetl volcanic activity - Dec 2000
Mongolia,Dzud,Dec 2000,Mongolia: Dzud - Dec 2000
Fiji,Floods,Dec 2000,Fiji: Floods - Dec 2000
Ukraine,Cold wave,Dec 2000,Ukraine: Cold wave - Dec 2000
Turkmenistan,Earthquake,Dec 2000,Turkmenistan: Earthquake - Dec 2000
Indonesia,Earthquake,Aug 2026,Indonesia: Earthquake - Aug 2026
Colombia,Earthquake,Aug 2026,Colombia: Earthquake - Aug 2026
Myanmar,Floods,Jul 2026,Myanmar: Floods - Jul 2026
Afghanistan,Flash Floods,Jul 2026,Afghanistan: Flash Floods - Jul 2026
India,Flash Floods,Jul 2026,India: Flash Floods - Jul 2026
Kyrgyzstan,Flash Floods,Jul 2026,Kyrgyzstan: Flash Floods - Jul 2026
Tajikistan,Floods,Jul 2026,Tajikistan: Floods - Jul 2026
Bangladesh,Flash Floods,Jul 2026,Bangladesh: Flash Floods - Jul 2026
Georgia,Floods,Jun 2026,Georgia: Floods - Jun 2026
Central African Republic,Cholera Outbreak,Jun 2026,Central African Republic: Cholera Outbreak - Jun 2026
Venezuela,Earthquakes,Jun 2026,Venezuela: Earthquakes - Jun 2026
Chad,Cholera Outbreak,Jun 2026,Chad: Cholera Outbreak - Jun 2026
Philippines,Earthquake and Tsunami,Jun 2026,Philippines: Earthquake and Tsunami - Jun 2026
Armenia,Hailstorm,Jun 2026,Armenia: Hailstorm - Jun 2026
Syria,Floods,May 2026,Syria: Floods - May 2026
Central/Eastern Africa,Ebola Outbreak,May 2026,Central/Eastern Africa: Ebola Outbreak - May 2026
Sri Lanka,Dengue Outbreak,May 2026,Sri Lanka: Dengue Outbreak - May 2026
Dominican Republic,Floods,Apr 2026,Dominican Republic: Floods - Apr 2026
Yemen,Floods,Mar 2026,Yemen: Floods - Mar 2026
Tanzania,Floods and Landslides,Mar 2026,Tanzania: Floods and Landslides - Mar 2026
Liberia,Windstorms,Mar 2026,Liberia: Windstorms - Mar 2026
Botswana,Floods,Mar 2026,Botswana: Floods - Mar 2026
Ethiopia,Floods and Landslides,Mar 2026,Ethiopia: Floods and Landslides - Mar 2026
Kenya,Floods,Mar 2026,Kenya: Floods - Mar 2026
Suriname,Chikungunya Virus Outbreak,Mar 2026,Suriname: Chikungunya Virus Outbreak - Mar 2026
Brazil,Floods,Feb 2026,Brazil: Floods - Feb 2026
Peru,Floods and Landslides,Feb 2026,Peru: Floods and Landslides - Feb 2026
Angola,Floods,Feb 2026,Angola: Floods - Feb 2026
Zambia,Cholera Outbreak,Feb 2026,Zambia: Cholera Outbreak - Feb 2026
Cameroon,Fires,Feb 2026,Cameroon: Fires - Feb 2026
Somalia,Dengue Outbreak,Feb 2026,Somalia: Dengue Outbreak - Feb 2026
Rwanda,Flash Floods,Jan 2026,Rwanda: Flash Floods - Jan 2026
Algeria,Floods,Jan 2026,Algeria: Floods - Jan 2026
Argentina,Landslides,Jan 2026,Argentina: Landslides - Jan 2026
South Africa,Floods,Jan 2026,South Africa: Floods - Jan 2026
North Macedonia,Floods,Jan 2026,North Macedonia: Floods - Jan 2026
Malawi,Floods,Jan 2026,Malawi: Floods - Jan 2026
Serbia,Cold Wave,Jan 2026,Serbia: Cold Wave - Jan 2026
Guatemala,Measles Outbreak,Jan 2026,Guatemala: Measles Outbreak - Jan 2026
Ecuador,Floods,Jan 2026,Ecuador: Floods - Jan 2026
Zimbabwe,Floods,Jan 2026,Zimbabwe: Floods - Jan 2026
Mozambique,Floods,Dec 2025,Mozambique: Floods - Dec 2025
Chile,Wild Fires,Dec 2025,Chile: Wild Fires - Dec 2025
Gabon,Windstorms,Dec 2025,Gabon: Windstorms - Dec 2025
Morocco,Floods,Dec 2025,Morocco: Floods - Dec 2025
Bolivia,Floods,Dec 2025,Bolivia: Floods - Dec 2025
Congo,Floods,Nov 2025,Congo: Floods - Nov 2025
Cuba,Arboviral Outbreak,Oct 2025,Cuba: Arboviral Outbreak - Oct 2025
Egypt,Floods,Oct 2025,Egypt: Floods - Oct 2025
Cabo Verde,Flash Floods,Aug 2025,Cabo Verde: Flash Floods - Aug 2025
South Sudan,Floods,Jul 2025,South Sudan: Floods - Jul 2025
Sudan,Floods,Jul 2025,Sudan: Floods - Jul 2025
Honduras,Floods,Jun 2025,Honduras: Floods - Jun 2025
Panama,River Pollution,Jun 2025,Panama: River Pollution - Jun 2025
Côte d'Ivoire,Cholera Outbreak,Jun 2025,Côte d'Ivoire: Cholera Outbreak - Jun 2025
Pacific,Dengue Outbreak,2025,Pacific: Dengue Outbreak - 2025-2026
Ghana,Cholera Outbreak,Oct 2024,Ghana: Cholera Outbreak - Oct 2024
Namibia,Drought,May 2024,Namibia: Drought - May 2024
Niger,Diphtheria Outbreak,Oct 2023,Niger: Diphtheria Outbreak - Oct 2023
Nigeria,Lassa Fever Outbreak,Jan 2023,Nigeria: Lassa Fever Outbreak - Jan 2023
Burundi,Cholera Outbreak,Jan 2023,Burundi: Cholera Outbreak - Jan 2023
Moldova,Storm/Rain/Frost,Dec 2000,Moldova: Storm/Rain/Frost - Dec 2000
Azerbaijan,Earthquake,Nov 2000,Azerbaijan: Earthquake - Nov 2000
Indonesia,Floods,Nov 2000,Indonesia: Floods - Nov 2000
Sri Lanka,Floods,Nov 2000,Sri Lanka: Floods - Nov 2000
Venezuela,Floods,Nov 2000,Venezuela: Floods - Nov 2000
Papua New Guinea,Earthquake,Nov 2000,Papua New Guinea: Earthquake - Nov 2000
Bangladesh,Tropical Cyclonic Storm,Oct 2000,Bangladesh: Tropical Cyclonic Storm - Oct 2000
India,Cyclone,Oct 2000,India: Cyclone - Oct 2000
Tanzania,Earthquake,Oct 2000,Tanzania: Earthquake - Oct 2000
Caribbean,Hurricane Keith and Tropical Storm Joyce,Sep 2000,Caribbean: Hurricane Keith and Tropical Storm Joyce - Sep 2000
Lao People's Democratic Republic,Floods,Sep 2000,Lao People's Democratic Republic: Floods - Sep 2000
DPR Korea,Typhoon Prapiroon,Sep 2000,DPR Korea: Typhoon Prapiroon - Sep 2000
Viet Nam,Floods,Sep 2000,Viet Nam: Floods - Sep 2000
Caribbean,Hurricane Debby,Aug 2000,Caribbean: Hurricane Debby - Aug 2000
Bangladesh,Floods,Aug 2000,Bangladesh: Floods - Aug 2000
Georgia,Drought,Aug 2000,Georgia: Drought - Aug 2000
Armenia,Drought,Aug 2000,Armenia: Drought - Aug 2000
Nepal,Floods and Landslides,Aug 2000,Nepal: Floods and Landslides - Aug 2000
Uzbekistan,Drought,Aug 2000,Uzbekistan: Drought - Aug 2000
Cambodia,Floods,Aug 2000,Cambodia: Floods - Aug 2000
Indonesia,Earthquake,Aug 2026,Indonesia: Earthquake - Aug 2026
Colombia,Earthquake,Aug 2026,Colombia: Earthquake - Aug 2026
Myanmar,Floods,Jul 2026,Myanmar: Floods - Jul 2026
Afghanistan,Flash Floods,Jul 2026,Afghanistan: Flash Floods - Jul 2026
India,Flash Floods,Jul 2026,India: Flash Floods - Jul 2026
Kyrgyzstan,Flash Floods,Jul 2026,Kyrgyzstan: Flash Floods - Jul 2026
Tajikistan,Floods,Jul 2026,Tajikistan: Floods - Jul 2026
Bangladesh,Flash Floods,Jul 2026,Bangladesh: Flash Floods - Jul 2026
Georgia,Floods,Jun 2026,Georgia: Floods - Jun 2026
Central African Republic,Cholera Outbreak,Jun 2026,Central African Republic: Cholera Outbreak - Jun 2026
Venezuela,Earthquakes,Jun 2026,Venezuela: Earthquakes - Jun 2026
Chad,Cholera Outbreak,Jun 2026,Chad: Cholera Outbreak - Jun 2026
Philippines,Earthquake and Tsunami,Jun 2026,Philippines: Earthquake and Tsunami - Jun 2026
Armenia,Hailstorm,Jun 2026,Armenia: Hailstorm - Jun 2026
Syria,Floods,May 2026,Syria: Floods - May 2026
Central/Eastern Africa,Ebola Outbreak,May 2026,Central/Eastern Africa: Ebola Outbreak - May 2026
Sri Lanka,Dengue Outbreak,May 2026,Sri Lanka: Dengue Outbreak - May 2026
Dominican Republic,Floods,Apr 2026,Dominican Republic: Floods - Apr 2026
Yemen,Floods,Mar 2026,Yemen: Floods - Mar 2026
Tanzania,Floods and Landslides,Mar 2026,Tanzania: Floods and Landslides - Mar 2026
Liberia,Windstorms,Mar 2026,Liberia: Windstorms - Mar 2026
Botswana,Floods,Mar 2026,Botswana: Floods - Mar 2026
Ethiopia,Floods and Landslides,Mar 2026,Ethiopia: Floods and Landslides - Mar 2026
Kenya,Floods,Mar 2026,Kenya: Floods - Mar 2026
Suriname,Chikungunya Virus Outbreak,Mar 2026,Suriname: Chikungunya Virus Outbreak - Mar 2026
Brazil,Floods,Feb 2026,Brazil: Floods - Feb 2026
Peru,Floods and Landslides,Feb 2026,Peru: Floods and Landslides - Feb 2026
Angola,Floods,Feb 2026,Angola: Floods - Feb 2026
Zambia,Cholera Outbreak,Feb 2026,Zambia: Cholera Outbreak - Feb 2026
Cameroon,Fires,Feb 2026,Cameroon: Fires - Feb 2026
Somalia,Dengue Outbreak,Feb 2026,Somalia: Dengue Outbreak - Feb 2026
Rwanda,Flash Floods,Jan 2026,Rwanda: Flash Floods - Jan 2026
Algeria,Floods,Jan 2026,Algeria: Floods - Jan 2026
Argentina,Landslides,Jan 2026,Argentina: Landslides - Jan 2026
South Africa,Floods,Jan 2026,South Africa: Floods - Jan 2026
North Macedonia,Floods,Jan 2026,North Macedonia: Floods - Jan 2026
Malawi,Floods,Jan 2026,Malawi: Floods - Jan 2026
Serbia,Cold Wave,Jan 2026,Serbia: Cold Wave - Jan 2026
Guatemala,Measles Outbreak,Jan 2026,Guatemala: Measles Outbreak - Jan 2026
Ecuador,Floods,Jan 2026,Ecuador: Floods - Jan 2026
Zimbabwe,Floods,Jan 2026,Zimbabwe: Floods - Jan 2026
Mozambique,Floods,Dec 2025,Mozambique: Floods - Dec 2025
Chile,Wild Fires,Dec 2025,Chile: Wild Fires - Dec 2025
Gabon,Windstorms,Dec 2025,Gabon: Windstorms - Dec 2025
Morocco,Floods,Dec 2025,Morocco: Floods - Dec 2025
Bolivia,Floods,Dec 2025,Bolivia: Floods - Dec 2025
Congo,Floods,Nov 2025,Congo: Floods - Nov 2025
Cuba,Arboviral Outbreak,Oct 2025,Cuba: Arboviral Outbreak - Oct 2025
Egypt,Floods,Oct 2025,Egypt: Floods - Oct 2025
Cabo Verde,Flash Floods,Aug 2025,Cabo Verde: Flash Floods - Aug 2025
South Sudan,Floods,Jul 2025,South Sudan: Floods - Jul 2025
Sudan,Floods,Jul 2025,Sudan: Floods - Jul 2025
Honduras,Floods,Jun 2025,Honduras: Floods - Jun 2025
Panama,River Pollution,Jun 2025,Panama: River Pollution - Jun 2025
Côte d'Ivoire,Cholera Outbreak,Jun 2025,Côte d'Ivoire: Cholera Outbreak - Jun 2025
Pacific,Dengue Outbreak,2025,Pacific: Dengue Outbreak - 2025-2026
Ghana,Cholera Outbreak,Oct 2024,Ghana: Cholera Outbreak - Oct 2024
Namibia,Drought,May 2024,Namibia: Drought - May 2024
Niger,Diphtheria Outbreak,Oct 2023,Niger: Diphtheria Outbreak - Oct 2023
Nigeria,Lassa Fever Outbreak,Jan 2023,Nigeria: Lassa Fever Outbreak - Jan 2023
Burundi,Cholera Outbreak,Jan 2023,Burundi: Cholera Outbreak - Jan 2023
Mexico,Earthquake,Aug 2000,Mexico: Earthquake - Aug 2000
India,Floods,Aug 2000,India: Floods - Aug 2000
Bhutan,Floods and Landslides,Aug 2000,Bhutan: Floods and Landslides - Aug 2000
Brazil,Mudslides,Aug 2000,Brazil: Mudslides - Aug 2000
Tajikistan,Drought,Jul 2000,Tajikistan: Drought - Jul 2000
Nicaragua,Earthquake,Jul 2000,Nicaragua: Earthquake - Jul 2000
Guatemala,Floods,Jun 2000,Guatemala: Floods - Jun 2000
Chile,Floods,Jun 2000,Chile: Floods - Jun 2000
China,Floods in Gansu Province,Jun 2000,China: Floods in Gansu Province - Jun 2000
Madagascar,Drought,Jun 2000,Madagascar: Drought - Jun 2000
Indonesia,Earthquake,Jun 2000,Indonesia: Earthquake - Jun 2000
Bangladesh,Rainstorms and Floods,May 2000,Bangladesh: Rainstorms and Floods - May 2000
Colombia,Floods,May 2000,Colombia: Floods - May 2000
Argentina,Floods,May 2000,Argentina: Floods - May 2000
Indonesia,Floods,May 2000,Indonesia: Floods - May 2000
India,Drought,May 2000,India: Drought - May 2000
Iran,Drought,May 2000,Iran: Drought - May 2000
Indonesia,Earthquake,May 2000,Indonesia: Earthquake - May 2000
Bangladesh,Wind and Hail Storm,May 2000,Bangladesh: Wind and Hail Storm - May 2000
Indonesia,Earthquake,Aug 2026,Indonesia: Earthquake - Aug 2026
Colombia,Earthquake,Aug 2026,Colombia: Earthquake - Aug 2026
Myanmar,Floods,Jul 2026,Myanmar: Floods - Jul 2026
Afghanistan,Flash Floods,Jul 2026,Afghanistan: Flash Floods - Jul 2026
India,Flash Floods,Jul 2026,India: Flash Floods - Jul 2026
Kyrgyzstan,Flash Floods,Jul 2026,Kyrgyzstan: Flash Floods - Jul 2026
Tajikistan,Floods,Jul 2026,Tajikistan: Floods - Jul 2026
Bangladesh,Flash Floods,Jul 2026,Bangladesh: Flash Floods - Jul 2026
Georgia,Floods,Jun 2026,Georgia: Floods - Jun 2026
Central African Republic,Cholera Outbreak,Jun 2026,Central African Republic: Cholera Outbreak - Jun 2026
Venezuela,Earthquakes,Jun 2026,Venezuela: Earthquakes - Jun 2026
Chad,Cholera Outbreak,Jun 2026,Chad: Cholera Outbreak - Jun 2026
Philippines,Earthquake and Tsunami,Jun 2026,Philippines: Earthquake and Tsunami - Jun 2026
Armenia,Hailstorm,Jun 2026,Armenia: Hailstorm - Jun 2026
Syria,Floods,May 2026,Syria: Floods - May 2026
Central/Eastern Africa,Ebola Outbreak,May 2026,Central/Eastern Africa: Ebola Outbreak - May 2026
Sri Lanka,Dengue Outbreak,May 2026,Sri Lanka: Dengue Outbreak - May 2026
Dominican Republic,Floods,Apr 2026,Dominican Republic: Floods - Apr 2026
Yemen,Floods,Mar 2026,Yemen: Floods - Mar 2026
Tanzania,Floods and Landslides,Mar 2026,Tanzania: Floods and Landslides - Mar 2026
Liberia,Windstorms,Mar 2026,Liberia: Windstorms - Mar 2026
Botswana,Floods,Mar 2026,Botswana: Floods - Mar 2026
Ethiopia,Floods and Landslides,Mar 2026,Ethiopia: Floods and Landslides - Mar 2026
Kenya,Floods,Mar 2026,Kenya: Floods - Mar 2026
Suriname,Chikungunya Virus Outbreak,Mar 2026,Suriname: Chikungunya Virus Outbreak - Mar 2026
Brazil,Floods,Feb 2026,Brazil: Floods - Feb 2026
Peru,Floods and Landslides,Feb 2026,Peru: Floods and Landslides - Feb 2026
Angola,Floods,Feb 2026,Angola: Floods - Feb 2026
Zambia,Cholera Outbreak,Feb 2026,Zambia: Cholera Outbreak - Feb 2026
Cameroon,Fires,Feb 2026,Cameroon: Fires - Feb 2026
Somalia,Dengue Outbreak,Feb 2026,Somalia: Dengue Outbreak - Feb 2026
Rwanda,Flash Floods,Jan 2026,Rwanda: Flash Floods - Jan 2026
Algeria,Floods,Jan 2026,Algeria: Floods - Jan 2026
Argentina,Landslides,Jan 2026,Argentina: Landslides - Jan 2026
South Africa,Floods,Jan 2026,South Africa: Floods - Jan 2026
North Macedonia,Floods,Jan 2026,North Macedonia: Floods - Jan 2026
Malawi,Floods,Jan 2026,Malawi: Floods - Jan 2026
Serbia,Cold Wave,Jan 2026,Serbia: Cold Wave - Jan 2026
Guatemala,Measles Outbreak,Jan 2026,Guatemala: Measles Outbreak - Jan 2026
Ecuador,Floods,Jan 2026,Ecuador: Floods - Jan 2026
Zimbabwe,Floods,Jan 2026,Zimbabwe: Floods - Jan 2026
Mozambique,Floods,Dec 2025,Mozambique: Floods - Dec 2025
Chile,Wild Fires,Dec 2025,Chile: Wild Fires - Dec 2025
Gabon,Windstorms,Dec 2025,Gabon: Windstorms - Dec 2025
Morocco,Floods,Dec 2025,Morocco: Floods - Dec 2025
Bolivia,Floods,Dec 2025,Bolivia: Floods - Dec 2025
Congo,Floods,Nov 2025,Congo: Floods - Nov 2025
Cuba,Arboviral Outbreak,Oct 2025,Cuba: Arboviral Outbreak - Oct 2025
Egypt,Floods,Oct 2025,Egypt: Floods - Oct 2025
Cabo Verde,Flash Floods,Aug 2025,Cabo Verde: Flash Floods - Aug 2025
South Sudan,Floods,Jul 2025,South Sudan: Floods - Jul 2025
Sudan,Floods,Jul 2025,Sudan: Floods - Jul 2025
Honduras,Floods,Jun 2025,Honduras: Floods - Jun 2025
Panama,River Pollution,Jun 2025,Panama: River Pollution - Jun 2025
Côte d'Ivoire,Cholera Outbreak,Jun 2025,Côte d'Ivoire: Cholera Outbreak - Jun 2025
Pacific,Dengue Outbreak,2025,Pacific: Dengue Outbreak - 2025-2026
Ghana,Cholera Outbreak,Oct 2024,Ghana: Cholera Outbreak - Oct 2024
Namibia,Drought,May 2024,Namibia: Drought - May 2024
Niger,Diphtheria Outbreak,Oct 2023,Niger: Diphtheria Outbreak - Oct 2023
Nigeria,Lassa Fever Outbreak,Jan 2023,Nigeria: Lassa Fever Outbreak - Jan 2023
Burundi,Cholera Outbreak,Jan 2023,Burundi: Cholera Outbreak - Jan 2023
Pakistan,Drought,Apr 2000,Pakistan: Drought - Apr 2000
Hungary,Floods,Apr 2000,Hungary: Floods - Apr 2000
Romania,Floods,Apr 2000,Romania: Floods - Apr 2000
Bolivia,Floods,Apr 2000,Bolivia: Floods - Apr 2000
Afghanistan,Drought,Apr 2000,Afghanistan: Drought - Apr 2000
Madagascar,Cyclone Hudah,Apr 2000,Madagascar: Cyclone Hudah - Apr 2000
Romania,Mining Waste Spill,Mar 2000,Romania: Mining Waste Spill - Mar 2000
Indonesia,Forest Fires,Mar 2000,Indonesia: Forest Fires - Mar 2000
Zimbabwe,Floods,Mar 2000,Zimbabwe: Floods - Mar 2000
Romania,Waste Spill,Feb 2000,Romania: Waste Spill - Feb 2000
Uruguay,Drought,Feb 2000,Uruguay: Drought - Feb 2000
Philippines,Mayon Volcano,Feb 2000,Philippines: Mayon Volcano - Feb 2000
Madagascar,Cyclone Eline and Gloria,Feb 2000,Madagascar: Cyclone Eline and Gloria - Feb 2000
Botswana,Floods,Feb 2000,Botswana: Floods - Feb 2000
Mongolia,"""Multiple Dzud"" and Drought",Feb 2000,"Mongolia: ""Multiple Dzud"" and Drought - Feb 2000"
Philippines,Floods,Feb 2000,Philippines: Floods - Feb 2000
Angola,Floods,Jan 2000,Angola: Floods - Jan 2000
Mozambique,Floods,Jan 2000,Mozambique: Floods - Jan 2000
China,Snowstorms,Jan 2000,China: Snowstorms - Jan 2000
Kenya,Drought,Jan 2000,Kenya: Drought - Jan 2000
Indonesia,Earthquake,Aug 2026,Indonesia: Earthquake - Aug 2026
Colombia,Earthquake,Aug 2026,Colombia: Earthquake - Aug 2026
Myanmar,Floods,Jul 2026,Myanmar: Floods - Jul 2026
Afghanistan,Flash Floods,Jul 2026,Afghanistan: Flash Floods - Jul 2026
India,Flash Floods,Jul 2026,India: Flash Floods - Jul 2026
Kyrgyzstan,Flash Floods,Jul 2026,Kyrgyzstan: Flash Floods - Jul 2026
Tajikistan,Floods,Jul 2026,Tajikistan: Floods - Jul 2026
Bangladesh,Flash Floods,Jul 2026,Bangladesh: Flash Floods - Jul 2026
Georgia,Floods,Jun 2026,Georgia: Floods - Jun 2026
Central African Republic,Cholera Outbreak,Jun 2026,Central African Republic: Cholera Outbreak - Jun 2026
Venezuela,Earthquakes,Jun 2026,Venezuela: Earthquakes - Jun 2026
Chad,Cholera Outbreak,Jun 2026,Chad: Cholera Outbreak - Jun 2026
Philippines,Earthquake and Tsunami,Jun 2026,Philippines: Earthquake and Tsunami - Jun 2026
Armenia,Hailstorm,Jun 2026,Armenia: Hailstorm - Jun 2026
Syria,Floods,May 2026,Syria: Floods - May 2026
Central/Eastern Africa,Ebola Outbreak,May 2026,Central/Eastern Africa: Ebola Outbreak - May 2026
Sri Lanka,Dengue Outbreak,May 2026,Sri Lanka: Dengue Outbreak - May 2026
Dominican Republic,Floods,Apr 2026,Dominican Republic: Floods - Apr 2026
Yemen,Floods,Mar 2026,Yemen: Floods - Mar 2026
Tanzania,Floods and Landslides,Mar 2026,Tanzania: Floods and Landslides - Mar 2026
Liberia,Windstorms,Mar 2026,Liberia: Windstorms - Mar 2026
Botswana,Floods,Mar 2026,Botswana: Floods - Mar 2026
Ethiopia,Floods and Landslides,Mar 2026,Ethiopia: Floods and Landslides - Mar 2026
Kenya,Floods,Mar 2026,Kenya: Floods - Mar 2026
Suriname,Chikungunya Virus Outbreak,Mar 2026,Suriname: Chikungunya Virus Outbreak - Mar 2026
Brazil,Floods,Feb 2026,Brazil: Floods - Feb 2026
Peru,Floods and Landslides,Feb 2026,Peru: Floods and Landslides - Feb 2026
Angola,Floods,Feb 2026,Angola: Floods - Feb 2026
Zambia,Cholera Outbreak,Feb 2026,Zambia: Cholera Outbreak - Feb 2026
Cameroon,Fires,Feb 2026,Cameroon: Fires - Feb 2026
Somalia,Dengue Outbreak,Feb 2026,Somalia: Dengue Outbreak - Feb 2026
Rwanda,Flash Floods,Jan 2026,Rwanda: Flash Floods - Jan 2026
Algeria,Floods,Jan 2026,Algeria: Floods - Jan 2026
Argentina,Landslides,Jan 2026,Argentina: Landslides - Jan 2026
South Africa,Floods,Jan 2026,South Africa: Floods - Jan 2026
North Macedonia,Floods,Jan 2026,North Macedonia: Floods - Jan 2026
Malawi,Floods,Jan 2026,Malawi: Floods - Jan 2026
Serbia,Cold Wave,Jan 2026,Serbia: Cold Wave - Jan 2026
Guatemala,Measles Outbreak,Jan 2026,Guatemala: Measles Outbreak - Jan 2026
Ecuador,Floods,Jan 2026,Ecuador: Floods - Jan 2026
Zimbabwe,Floods,Jan 2026,Zimbabwe: Floods - Jan 2026
Mozambique,Floods,Dec 2025,Mozambique: Floods - Dec 2025
Chile,Wild Fires,Dec 2025,Chile: Wild Fires - Dec 2025
Gabon,Windstorms,Dec 2025,Gabon: Windstorms - Dec 2025
Morocco,Floods,Dec 2025,Morocco: Floods - Dec 2025
Bolivia,Floods,Dec 2025,Bolivia: Floods - Dec 2025
Congo,Floods,Nov 2025,Congo: Floods - Nov 2025
Cuba,Arboviral Outbreak,Oct 2025,Cuba: Arboviral Outbreak - Oct 2025
Egypt,Floods,Oct 2025,Egypt: Floods - Oct 2025
Cabo Verde,Flash Floods,Aug 2025,Cabo Verde: Flash Floods - Aug 2025
South Sudan,Floods,Jul 2025,South Sudan: Floods - Jul 2025
Sudan,Floods,Jul 2025,Sudan: Floods - Jul 2025
Honduras,Floods,Jun 2025,Honduras: Floods - Jun 2025
Panama,River Pollution,Jun 2025,Panama: River Pollution - Jun 2025
Côte d'Ivoire,Cholera Outbreak,Jun 2025,Côte d'Ivoire: Cholera Outbreak - Jun 2025
Pacific,Dengue Outbreak,2025,Pacific: Dengue Outbreak - 2025-2026
Ghana,Cholera Outbreak,Oct 2024,Ghana: Cholera Outbreak - Oct 2024
Namibia,Drought,May 2024,Namibia: Drought - May 2024
Niger,Diphtheria Outbreak,Oct 2023,Niger: Diphtheria Outbreak - Oct 2023
Nigeria,Lassa Fever Outbreak,Jan 2023,Nigeria: Lassa Fever Outbreak - Jan 2023
Burundi,Cholera Outbreak,Jan 2023,Burundi: Cholera Outbreak - Jan 2023
Afghanistan,Earthquake,Jan 2000,Afghanistan: Earthquake - Jan 2000
China,Earthquake,Jan 2000,China: Earthquake - Jan 2000
Central African Republic,Floods,Jan 2000,Central African Republic: Floods - Jan 2000
Algeria,Earthquake,Dec 1999,Algeria: Earthquake - Dec 1999
Venezuela,Floods,Dec 1999,Venezuela: Floods - Dec 1999
Philippines,Earthquake,Dec 1999,Philippines: Earthquake - Dec 1999
Yemen,Floods,Dec 1999,Yemen: Floods - Dec 1999
Viet Nam,Floods,Dec 1999,Viet Nam: Floods - Dec 1999
DR Congo,River Floods,Dec 1999,DR Congo: River Floods - Dec 1999
Vanuatu,Earthquake/Tsunami,Nov 1999,Vanuatu: Earthquake/Tsunami - Nov 1999
Rwanda,Drought,Nov 1999,Rwanda: Drought - Nov 1999
Turkey,Earthquake,Nov 1999,Turkey: Earthquake - Nov 1999
Cambodia,Floods,Nov 1999,Cambodia: Floods - Nov 1999
Viet Nam,Floods,Nov 1999,Viet Nam: Floods - Nov 1999
Togo,Floods,Oct 1999,Togo: Floods - Oct 1999
Ghana,Floods,Oct 1999,Ghana: Floods - Oct 1999
Taiwan (China),Earthquake,Oct 1999,Taiwan (China): Earthquake - Oct 1999
Paraguay,Drought,Oct 1999,Paraguay: Drought - Oct 1999
Indonesia,Earthquake,Aug 2026,Indonesia: Earthquake - Aug 2026
Colombia,Earthquake,Aug 2026,Colombia: Earthquake - Aug 2026
Myanmar,Floods,Jul 2026,Myanmar: Floods - Jul 2026
Afghanistan,Flash Floods,Jul 2026,Afghanistan: Flash Floods - Jul 2026
India,Flash Floods,Jul 2026,India: Flash Floods - Jul 2026
Kyrgyzstan,Flash Floods,Jul 2026,Kyrgyzstan: Flash Floods - Jul 2026
Tajikistan,Floods,Jul 2026,Tajikistan: Floods - Jul 2026
Bangladesh,Flash Floods,Jul 2026,Bangladesh: Flash Floods - Jul 2026
Georgia,Floods,Jun 2026,Georgia: Floods - Jun 2026
Central African Republic,Cholera Outbreak,Jun 2026,Central African Republic: Cholera Outbreak - Jun 2026
Venezuela,Earthquakes,Jun 2026,Venezuela: Earthquakes - Jun 2026
Chad,Cholera Outbreak,Jun 2026,Chad: Cholera Outbreak - Jun 2026
Philippines,Earthquake and Tsunami,Jun 2026,Philippines: Earthquake and Tsunami - Jun 2026
Armenia,Hailstorm,Jun 2026,Armenia: Hailstorm - Jun 2026
Syria,Floods,May 2026,Syria: Floods - May 2026
Central/Eastern Africa,Ebola Outbreak,May 2026,Central/Eastern Africa: Ebola Outbreak - May 2026
Sri Lanka,Dengue Outbreak,May 2026,Sri Lanka: Dengue Outbreak - May 2026
Dominican Republic,Floods,Apr 2026,Dominican Republic: Floods - Apr 2026
Yemen,Floods,Mar 2026,Yemen: Floods - Mar 2026
Tanzania,Floods and Landslides,Mar 2026,Tanzania: Floods and Landslides - Mar 2026
Liberia,Windstorms,Mar 2026,Liberia: Windstorms - Mar 2026
Botswana,Floods,Mar 2026,Botswana: Floods - Mar 2026
Ethiopia,Floods and Landslides,Mar 2026,Ethiopia: Floods and Landslides - Mar 2026
Kenya,Floods,Mar 2026,Kenya: Floods - Mar 2026
Suriname,Chikungunya Virus Outbreak,Mar 2026,Suriname: Chikungunya Virus Outbreak - Mar 2026
Brazil,Floods,Feb 2026,Brazil: Floods - Feb 2026
Peru,Floods and Landslides,Feb 2026,Peru: Floods and Landslides - Feb 2026
Angola,Floods,Feb 2026,Angola: Floods - Feb 2026
Zambia,Cholera Outbreak,Feb 2026,Zambia: Cholera Outbreak - Feb 2026
Cameroon,Fires,Feb 2026,Cameroon: Fires - Feb 2026
Somalia,Dengue Outbreak,Feb 2026,Somalia: Dengue Outbreak - Feb 2026
Rwanda,Flash Floods,Jan 2026,Rwanda: Flash Floods - Jan 2026
Algeria,Floods,Jan 2026,Algeria: Floods - Jan 2026
Argentina,Landslides,Jan 2026,Argentina: Landslides - Jan 2026
South Africa,Floods,Jan 2026,South Africa: Floods - Jan 2026
North Macedonia,Floods,Jan 2026,North Macedonia: Floods - Jan 2026
Malawi,Floods,Jan 2026,Malawi: Floods - Jan 2026
Serbia,Cold Wave,Jan 2026,Serbia: Cold Wave - Jan 2026
Guatemala,Measles Outbreak,Jan 2026,Guatemala: Measles Outbreak - Jan 2026
Ecuador,Floods,Jan 2026,Ecuador: Floods - Jan 2026
Zimbabwe,Floods,Jan 2026,Zimbabwe: Floods - Jan 2026
Mozambique,Floods,Dec 2025,Mozambique: Floods - Dec 2025
Chile,Wild Fires,Dec 2025,Chile: Wild Fires - Dec 2025
Gabon,Windstorms,Dec 2025,Gabon: Windstorms - Dec 2025
Morocco,Floods,Dec 2025,Morocco: Floods - Dec 2025
Bolivia,Floods,Dec 2025,Bolivia: Floods - Dec 2025
Congo,Floods,Nov 2025,Congo: Floods - Nov 2025
Cuba,Arboviral Outbreak,Oct 2025,Cuba: Arboviral Outbreak - Oct 2025
Egypt,Floods,Oct 2025,Egypt: Floods - Oct 2025
Cabo Verde,Flash Floods,Aug 2025,Cabo Verde: Flash Floods - Aug 2025
South Sudan,Floods,Jul 2025,South Sudan: Floods - Jul 2025
Sudan,Floods,Jul 2025,Sudan: Floods - Jul 2025
Honduras,Floods,Jun 2025,Honduras: Floods - Jun 2025
Panama,River Pollution,Jun 2025,Panama: River Pollution - Jun 2025
Côte d'Ivoire,Cholera Outbreak,Jun 2025,Côte d'Ivoire: Cholera Outbreak - Jun 2025
Pacific,Dengue Outbreak,2025,Pacific: Dengue Outbreak - 2025-2026
Ghana,Cholera Outbreak,Oct 2024,Ghana: Cholera Outbreak - Oct 2024
Namibia,Drought,May 2024,Namibia: Drought - May 2024
Niger,Diphtheria Outbreak,Oct 2023,Niger: Diphtheria Outbreak - Oct 2023
Nigeria,Lassa Fever Outbreak,Jan 2023,Nigeria: Lassa Fever Outbreak - Jan 2023
Burundi,Cholera Outbreak,Jan 2023,Burundi: Cholera Outbreak - Jan 2023
Cuba,Hurricane Irene,Oct 1999,Cuba: Hurricane Irene - Oct 1999
India,Floods,Oct 1999,India: Floods - Oct 1999
Mexico,Floods,Oct 1999,Mexico: Floods - Oct 1999
Ecuador,Volcanoes Guagua Pichincha and Tungurahua,Oct 1999,Ecuador: Volcanoes Guagua Pichincha and Tungurahua - Oct 1999
Nicaragua,Floods,Oct 1999,Nicaragua: Floods - Oct 1999
Costa Rica,Floods,Sep 1999,Costa Rica: Floods - Sep 1999
Mexico,Earthquake,Sep 1999,Mexico: Earthquake - Sep 1999
El Salvador,Floods,Sep 1999,El Salvador: Floods - Sep 1999
Gambia,Floods,Sep 1999,Gambia: Floods - Sep 1999
Honduras,Floods,Sep 1999,Honduras: Floods - Sep 1999
Taiwan (China),Earthquake,Sep 1999,Taiwan (China): Earthquake - Sep 1999
Bahamas,Hurricane Floyd,Sep 1999,Bahamas: Hurricane Floyd - Sep 1999
Greece,Earthquake,Sep 1999,Greece: Earthquake - Sep 1999
Sudan,Floods,Aug 1999,Sudan: Floods - Aug 1999
Chad,Floods,Aug 1999,Chad: Floods - Aug 1999
Bolivia,Forest Fires,Aug 1999,Bolivia: Forest Fires - Aug 1999
Turkey,Earthquake,Aug 1999,Turkey: Earthquake - Aug 1999
Djibouti,Drought,Aug 1999,Djibouti: Drought - Aug 1999
Indonesia,Earthquake,Aug 2026,Indonesia: Earthquake - Aug 2026
Colombia,Earthquake,Aug 2026,Colombia: Earthquake - Aug 2026
Myanmar,Floods,Jul 2026,Myanmar: Floods - Jul 2026
Afghanistan,Flash Floods,Jul 2026,Afghanistan: Flash Floods - Jul 2026
India,Flash Floods,Jul 2026,India: Flash Floods - Jul 2026
Kyrgyzstan,Flash Floods,Jul 2026,Kyrgyzstan: Flash Floods - Jul 2026
Tajikistan,Floods,Jul 2026,Tajikistan: Floods - Jul 2026
Bangladesh,Flash Floods,Jul 2026,Bangladesh: Flash Floods - Jul 2026
Georgia,Floods,Jun 2026,Georgia: Floods - Jun 2026
Central African Republic,Cholera Outbreak,Jun 2026,Central African Republic: Cholera Outbreak - Jun 2026
Venezuela,Earthquakes,Jun 2026,Venezuela: Earthquakes - Jun 2026
Chad,Cholera Outbreak,Jun 2026,Chad: Cholera Outbreak - Jun 2026
Philippines,Earthquake and Tsunami,Jun 2026,Philippines: Earthquake and Tsunami - Jun 2026
Armenia,Hailstorm,Jun 2026,Armenia: Hailstorm - Jun 2026
Syria,Floods,May 2026,Syria: Floods - May 2026
Central/Eastern Africa,Ebola Outbreak,May 2026,Central/Eastern Africa: Ebola Outbreak - May 2026
Sri Lanka,Dengue Outbreak,May 2026,Sri Lanka: Dengue Outbreak - May 2026
Dominican Republic,Floods,Apr 2026,Dominican Republic: Floods - Apr 2026
Yemen,Floods,Mar 2026,Yemen: Floods - Mar 2026
Tanzania,Floods and Landslides,Mar 2026,Tanzania: Floods and Landslides - Mar 2026
Liberia,Windstorms,Mar 2026,Liberia: Windstorms - Mar 2026
Botswana,Floods,Mar 2026,Botswana: Floods - Mar 2026
Ethiopia,Floods and Landslides,Mar 2026,Ethiopia: Floods and Landslides - Mar 2026
Kenya,Floods,Mar 2026,Kenya: Floods - Mar 2026
Suriname,Chikungunya Virus Outbreak,Mar 2026,Suriname: Chikungunya Virus Outbreak - Mar 2026
Brazil,Floods,Feb 2026,Brazil: Floods - Feb 2026
Peru,Floods and Landslides,Feb 2026,Peru: Floods and Landslides - Feb 2026
Angola,Floods,Feb 2026,Angola: Floods - Feb 2026
Zambia,Cholera Outbreak,Feb 2026,Zambia: Cholera Outbreak - Feb 2026
Cameroon,Fires,Feb 2026,Cameroon: Fires - Feb 2026
Somalia,Dengue Outbreak,Feb 2026,Somalia: Dengue Outbreak - Feb 2026
Rwanda,Flash Floods,Jan 2026,Rwanda: Flash Floods - Jan 2026
Algeria,Floods,Jan 2026,Algeria: Floods - Jan 2026
Argentina,Landslides,Jan 2026,Argentina: Landslides - Jan 2026
South Africa,Floods,Jan 2026,South Africa: Floods - Jan 2026
North Macedonia,Floods,Jan 2026,North Macedonia: Floods - Jan 2026
Malawi,Floods,Jan 2026,Malawi: Floods - Jan 2026
Serbia,Cold Wave,Jan 2026,Serbia: Cold Wave - Jan 2026
Guatemala,Measles Outbreak,Jan 2026,Guatemala: Measles Outbreak - Jan 2026
Ecuador,Floods,Jan 2026,Ecuador: Floods - Jan 2026
Zimbabwe,Floods,Jan 2026,Zimbabwe: Floods - Jan 2026
Mozambique,Floods,Dec 2025,Mozambique: Floods - Dec 2025
Chile,Wild Fires,Dec 2025,Chile: Wild Fires - Dec 2025
Gabon,Windstorms,Dec 2025,Gabon: Windstorms - Dec 2025
Morocco,Floods,Dec 2025,Morocco: Floods - Dec 2025
Bolivia,Floods,Dec 2025,Bolivia: Floods - Dec 2025
Congo,Floods,Nov 2025,Congo: Floods - Nov 2025
Cuba,Arboviral Outbreak,Oct 2025,Cuba: Arboviral Outbreak - Oct 2025
Egypt,Floods,Oct 2025,Egypt: Floods - Oct 2025
Cabo Verde,Flash Floods,Aug 2025,Cabo Verde: Flash Floods - Aug 2025
South Sudan,Floods,Jul 2025,South Sudan: Floods - Jul 2025
Sudan,Floods,Jul 2025,Sudan: Floods - Jul 2025
Honduras,Floods,Jun 2025,Honduras: Floods - Jun 2025
Panama,River Pollution,Jun 2025,Panama: River Pollution - Jun 2025
Côte d'Ivoire,Cholera Outbreak,Jun 2025,Côte d'Ivoire: Cholera Outbreak - Jun 2025
Pacific,Dengue Outbreak,2025,Pacific: Dengue Outbreak - 2025-2026
Ghana,Cholera Outbreak,Oct 2024,Ghana: Cholera Outbreak - Oct 2024
Namibia,Drought,May 2024,Namibia: Drought - May 2024
Niger,Diphtheria Outbreak,Oct 2023,Niger: Diphtheria Outbreak - Oct 2023
Nigeria,Lassa Fever Outbreak,Jan 2023,Nigeria: Lassa Fever Outbreak - Jan 2023
Burundi,Cholera Outbreak,Jan 2023,Burundi: Cholera Outbreak - Jan 2023
Cambodia,Floods,Aug 1999,Cambodia: Floods - Aug 1999
Philippines,Floods,Aug 1999,Philippines: Floods - Aug 1999
Viet Nam,Floods,Aug 1999,Viet Nam: Floods - Aug 1999
Rep. of Korea,Floods,Aug 1999,Rep. of Korea: Floods - Aug 1999
Yugoslavia,Floods,Jul 1999,Yugoslavia: Floods - Jul 1999
Russian Federation,Forest Fires,Jul 1999,Russian Federation: Forest Fires - Jul 1999
Ethiopia,Drought,Jul 1999,Ethiopia: Drought - Jul 1999
Slovakia,Floods,Jul 1999,Slovakia : Floods - Jul 1999
India,Floods,Jul 1999,India: Floods - Jul 1999
Honduras/Guatemala,Earthquake,Jul 1999,Honduras/Guatemala: Earthquake - Jul 1999
Bangladesh,Floods,Jul 1999,Bangladesh: Floods - Jul 1999
Tajikistan,Floods and Landslides,Jul 1999,Tajikistan: Floods and Landslides - Jul 1999
Romania,Floods,Jul 1999,Romania: Floods - Jul 1999
Iran,Floods,Jul 1999,Iran: Floods - Jul 1999
China,Floods,Jun 1999,China: Floods - Jun 1999
Mexico,Earthquake,Jun 1999,Mexico: Earthquake - Jun 1999
Afghanistan,Forest Fires,Jun 1999,Afghanistan: Forest Fires - Jun 1999
Moldova,Landslides,Jun 1999,Moldova: Landslides - Jun 1999
Azerbaijan,Earthquake,Jun 1999,Azerbaijan: Earthquake - Jun 1999
Peru,Floods,Jun 1999,Peru: Floods - Jun 1999
Indonesia,Earthquake,Aug 2026,Indonesia: Earthquake - Aug 2026
Colombia,Earthquake,Aug 2026,Colombia: Earthquake - Aug 2026
Myanmar,Floods,Jul 2026,Myanmar: Floods - Jul 2026
Afghanistan,Flash Floods,Jul 2026,Afghanistan: Flash Floods - Jul 2026
India,Flash Floods,Jul 2026,India: Flash Floods - Jul 2026
Kyrgyzstan,Flash Floods,Jul 2026,Kyrgyzstan: Flash Floods - Jul 2026
Tajikistan,Floods,Jul 2026,Tajikistan: Floods - Jul 2026
Bangladesh,Flash Floods,Jul 2026,Bangladesh: Flash Floods - Jul 2026
Georgia,Floods,Jun 2026,Georgia: Floods - Jun 2026
Central African Republic,Cholera Outbreak,Jun 2026,Central African Republic: Cholera Outbreak - Jun 2026
Venezuela,Earthquakes,Jun 2026,Venezuela: Earthquakes - Jun 2026
Chad,Cholera Outbreak,Jun 2026,Chad: Cholera Outbreak - Jun 2026
Philippines,Earthquake and Tsunami,Jun 2026,Philippines: Earthquake and Tsunami - Jun 2026
Armenia,Hailstorm,Jun 2026,Armenia: Hailstorm - Jun 2026
Syria,Floods,May 2026,Syria: Floods - May 2026
Central/Eastern Africa,Ebola Outbreak,May 2026,Central/Eastern Africa: Ebola Outbreak - May 2026
Sri Lanka,Dengue Outbreak,May 2026,Sri Lanka: Dengue Outbreak - May 2026
Dominican Republic,Floods,Apr 2026,Dominican Republic: Floods - Apr 2026
Yemen,Floods,Mar 2026,Yemen: Floods - Mar 2026
Tanzania,Floods and Landslides,Mar 2026,Tanzania: Floods and Landslides - Mar 2026
Liberia,Windstorms,Mar 2026,Liberia: Windstorms - Mar 2026
Botswana,Floods,Mar 2026,Botswana: Floods - Mar 2026
Ethiopia,Floods and Landslides,Mar 2026,Ethiopia: Floods and Landslides - Mar 2026
Kenya,Floods,Mar 2026,Kenya: Floods - Mar 2026
Suriname,Chikungunya Virus Outbreak,Mar 2026,Suriname: Chikungunya Virus Outbreak - Mar 2026
Brazil,Floods,Feb 2026,Brazil: Floods - Feb 2026
Peru,Floods and Landslides,Feb 2026,Peru: Floods and Landslides - Feb 2026
Angola,Floods,Feb 2026,Angola: Floods - Feb 2026
Zambia,Cholera Outbreak,Feb 2026,Zambia: Cholera Outbreak - Feb 2026
Cameroon,Fires,Feb 2026,Cameroon: Fires - Feb 2026
Somalia,Dengue Outbreak,Feb 2026,Somalia: Dengue Outbreak - Feb 2026
Rwanda,Flash Floods,Jan 2026,Rwanda: Flash Floods - Jan 2026
Algeria,Floods,Jan 2026,Algeria: Floods - Jan 2026
Argentina,Landslides,Jan 2026,Argentina: Landslides - Jan 2026
South Africa,Floods,Jan 2026,South Africa: Floods - Jan 2026
North Macedonia,Floods,Jan 2026,North Macedonia: Floods - Jan 2026
Malawi,Floods,Jan 2026,Malawi: Floods - Jan 2026
Serbia,Cold Wave,Jan 2026,Serbia: Cold Wave - Jan 2026
Guatemala,Measles Outbreak,Jan 2026,Guatemala: Measles Outbreak - Jan 2026
Ecuador,Floods,Jan 2026,Ecuador: Floods - Jan 2026
Zimbabwe,Floods,Jan 2026,Zimbabwe: Floods - Jan 2026
Mozambique,Floods,Dec 2025,Mozambique: Floods - Dec 2025
Chile,Wild Fires,Dec 2025,Chile: Wild Fires - Dec 2025
Gabon,Windstorms,Dec 2025,Gabon: Windstorms - Dec 2025
Morocco,Floods,Dec 2025,Morocco: Floods - Dec 2025
Bolivia,Floods,Dec 2025,Bolivia: Floods - Dec 2025
Congo,Floods,Nov 2025,Congo: Floods - Nov 2025
Cuba,Arboviral Outbreak,Oct 2025,Cuba: Arboviral Outbreak - Oct 2025
Egypt,Floods,Oct 2025,Egypt: Floods - Oct 2025
Cabo Verde,Flash Floods,Aug 2025,Cabo Verde: Flash Floods - Aug 2025
South Sudan,Floods,Jul 2025,South Sudan: Floods - Jul 2025
Sudan,Floods,Jul 2025,Sudan: Floods - Jul 2025
Honduras,Floods,Jun 2025,Honduras: Floods - Jun 2025
Panama,River Pollution,Jun 2025,Panama: River Pollution - Jun 2025
Côte d'Ivoire,Cholera Outbreak,Jun 2025,Côte d'Ivoire: Cholera Outbreak - Jun 2025
Pacific,Dengue Outbreak,2025,Pacific: Dengue Outbreak - 2025-2026
Ghana,Cholera Outbreak,Oct 2024,Ghana: Cholera Outbreak - Oct 2024
Namibia,Drought,May 2024,Namibia: Drought - May 2024
Niger,Diphtheria Outbreak,Oct 2023,Niger: Diphtheria Outbreak - Oct 2023
Nigeria,Lassa Fever Outbreak,Jan 2023,Nigeria: Lassa Fever Outbreak - Jan 2023
Burundi,Cholera Outbreak,Jan 2023,Burundi: Cholera Outbreak - Jan 2023
Pakistan,Cyclone,May 1999,Pakistan: Cyclone - May 1999
Iran,Earthquake,May 1999,Iran: Earthquake - May 1999
Sri Lanka,Floods,Apr 1999,Sri Lanka: Floods - Apr 1999
Belarus,Floods,Mar 1999,Belarus: Floods - Mar 1999
India,Earthquake,Mar 1999,India: Earthquake - Mar 1999
Viet Nam,Drought,Mar 1999,Viet Nam: Drought - Mar 1999
Kiribati,Drought,Mar 1999,Kiribati: Drought - Mar 1999
Hungary,Floods,Mar 1999,Hungary: Floods - Mar 1999
Iran,Earthquake,Mar 1999,Iran: Earthquake - Mar 1999
Afghanistan,Earthquake,Feb 1999,Afghanistan: Earthquake - Feb 1999
Philippines,Floods,Feb 1999,Philippines: Floods - Feb 1999
Thailand,Drought,Jan 1999,Thailand: Drought - Jan 1999
Colombia,Earthquake,Jan 1999,Colombia: Earthquake - Jan 1999
Fiji/Vanuatu,Tropical Cyclone Dani,Jan 1999,Fiji/Vanuatu: Tropical Cyclone Dani - Jan 1999
Sri Lanka,Floods,Jan 1999,Sri Lanka: Floods - Jan 1999
Mozambique,Floods,Jan 1999,Mozambique: Floods - Jan 1999
Tonga,Tropical Cyclone Cora,Dec 1998,Tonga: Tropical Cyclone Cora - Dec 1998
Indonesia,Earthquake,Nov 1998,Indonesia: Earthquake - Nov 1998
China,Earthquake,Nov 1998,China: Earthquake - Nov 1998
Indonesia,Earthquake,Aug 2026,Indonesia: Earthquake - Aug 2026
Colombia,Earthquake,Aug 2026,Colombia: Earthquake - Aug 2026
Myanmar,Floods,Jul 2026,Myanmar: Floods - Jul 2026
Afghanistan,Flash Floods,Jul 2026,Afghanistan: Flash Floods - Jul 2026
India,Flash Floods,Jul 2026,India: Flash Floods - Jul 2026
Kyrgyzstan,Flash Floods,Jul 2026,Kyrgyzstan: Flash Floods - Jul 2026
Tajikistan,Floods,Jul 2026,Tajikistan: Floods - Jul 2026
Bangladesh,Flash Floods,Jul 2026,Bangladesh: Flash Floods - Jul 2026
Georgia,Floods,Jun 2026,Georgia: Floods - Jun 2026
Central African Republic,Cholera Outbreak,Jun 2026,Central African Republic: Cholera Outbreak - Jun 2026
Venezuela,Earthquakes,Jun 2026,Venezuela: Earthquakes - Jun 2026
Chad,Cholera Outbreak,Jun 2026,Chad: Cholera Outbreak - Jun 2026
Philippines,Earthquake and Tsunami,Jun 2026,Philippines: Earthquake and Tsunami - Jun 2026
Armenia,Hailstorm,Jun 2026,Armenia: Hailstorm - Jun 2026
Syria,Floods,May 2026,Syria: Floods - May 2026
Central/Eastern Africa,Ebola Outbreak,May 2026,Central/Eastern Africa: Ebola Outbreak - May 2026
Sri Lanka,Dengue Outbreak,May 2026,Sri Lanka: Dengue Outbreak - May 2026
Dominican Republic,Floods,Apr 2026,Dominican Republic: Floods - Apr 2026
Yemen,Floods,Mar 2026,Yemen: Floods - Mar 2026
Tanzania,Floods and Landslides,Mar 2026,Tanzania: Floods and Landslides - Mar 2026
Liberia,Windstorms,Mar 2026,Liberia: Windstorms - Mar 2026
Botswana,Floods,Mar 2026,Botswana: Floods - Mar 2026
Ethiopia,Floods and Landslides,Mar 2026,Ethiopia: Floods and Landslides - Mar 2026
Kenya,Floods,Mar 2026,Kenya: Floods - Mar 2026
Suriname,Chikungunya Virus Outbreak,Mar 2026,Suriname: Chikungunya Virus Outbreak - Mar 2026
Brazil,Floods,Feb 2026,Brazil: Floods - Feb 2026
Peru,Floods and Landslides,Feb 2026,Peru: Floods and Landslides - Feb 2026
Angola,Floods,Feb 2026,Angola: Floods - Feb 2026
Zambia,Cholera Outbreak,Feb 2026,Zambia: Cholera Outbreak - Feb 2026
Cameroon,Fires,Feb 2026,Cameroon: Fires - Feb 2026
Somalia,Dengue Outbreak,Feb 2026,Somalia: Dengue Outbreak - Feb 2026
Rwanda,Flash Floods,Jan 2026,Rwanda: Flash Floods - Jan 2026
Algeria,Floods,Jan 2026,Algeria: Floods - Jan 2026
Argentina,Landslides,Jan 2026,Argentina: Landslides - Jan 2026
South Africa,Floods,Jan 2026,South Africa: Floods - Jan 2026
North Macedonia,Floods,Jan 2026,North Macedonia: Floods - Jan 2026
Malawi,Floods,Jan 2026,Malawi: Floods - Jan 2026
Serbia,Cold Wave,Jan 2026,Serbia: Cold Wave - Jan 2026
Guatemala,Measles Outbreak,Jan 2026,Guatemala: Measles Outbreak - Jan 2026
Ecuador,Floods,Jan 2026,Ecuador: Floods - Jan 2026
Zimbabwe,Floods,Jan 2026,Zimbabwe: Floods - Jan 2026
Mozambique,Floods,Dec 2025,Mozambique: Floods - Dec 2025
Chile,Wild Fires,Dec 2025,Chile: Wild Fires - Dec 2025
Gabon,Windstorms,Dec 2025,Gabon: Windstorms - Dec 2025
Morocco,Floods,Dec 2025,Morocco: Floods - Dec 2025
Bolivia,Floods,Dec 2025,Bolivia: Floods - Dec 2025
Congo,Floods,Nov 2025,Congo: Floods - Nov 2025
Cuba,Arboviral Outbreak,Oct 2025,Cuba: Arboviral Outbreak - Oct 2025
Egypt,Floods,Oct 2025,Egypt: Floods - Oct 2025
Cabo Verde,Flash Floods,Aug 2025,Cabo Verde: Flash Floods - Aug 2025
South Sudan,Floods,Jul 2025,South Sudan: Floods - Jul 2025
Sudan,Floods,Jul 2025,Sudan: Floods - Jul 2025
Honduras,Floods,Jun 2025,Honduras: Floods - Jun 2025
Panama,River Pollution,Jun 2025,Panama: River Pollution - Jun 2025
Côte d'Ivoire,Cholera Outbreak,Jun 2025,Côte d'Ivoire: Cholera Outbreak - Jun 2025
Pacific,Dengue Outbreak,2025,Pacific: Dengue Outbreak - 2025-2026
Ghana,Cholera Outbreak,Oct 2024,Ghana: Cholera Outbreak - Oct 2024
Namibia,Drought,May 2024,Namibia: Drought - May 2024
Niger,Diphtheria Outbreak,Oct 2023,Niger: Diphtheria Outbreak - Oct 2023
Nigeria,Lassa Fever Outbreak,Jan 2023,Nigeria: Lassa Fever Outbreak - Jan 2023
Burundi,Cholera Outbreak,Jan 2023,Burundi: Cholera Outbreak - Jan 2023
Bangladesh,Cyclone,Nov 1998,Bangladesh: Cyclone - Nov 1998
Ukraine,Floods,Nov 1998,Ukraine: Floods - Nov 1998
Viet Nam,Floods,Oct 1998,Viet Nam: Floods - Oct 1998
Iran,Floods,Oct 1998,Iran: Floods - Oct 1998
Benin,Floods,Sep 1998,Benin: Floods - Sep 1998
Russian Federation,Environmental Emergency/Forest Fires,Sep 1998,Russian Federation: Environmental Emergency/Forest Fires - Sep 1998
Caribbean,Hurricane Georges,Sep 1998,Caribbean: Hurricane Georges - Sep 1998
Philippines,Floods,Sep 1998,Philippines: Floods - Sep 1998
Slovakia,Floods,Sep 1998,Slovakia : Floods - Sep 1998
DPR Korea,Floods,Sep 1998,DPR Korea: Floods - Sep 1998
Sudan,Floods,Sep 1998,Sudan: Floods - Sep 1998
Fiji,Drought,Sep 1998,Fiji: Drought - Sep 1998
Cuba,Drought,Aug 1998,Cuba: Drought - Aug 1998
India,Floods and Landslides,Aug 1998,India: Floods and Landslides - Aug 1998
Viet Nam,Drought,Aug 1998,Viet Nam: Drought - Aug 1998
Turkey,Floods,Aug 1998,Turkey: Floods - Aug 1998
Nepal,Floods,Aug 1998,Nepal: Floods - Aug 1998
Rep. of Korea,Floods,Aug 1998,Rep. of Korea: Floods - Aug 1998
Indonesia,Earthquake,Aug 2026,Indonesia: Earthquake - Aug 2026
Colombia,Earthquake,Aug 2026,Colombia: Earthquake - Aug 2026
Myanmar,Floods,Jul 2026,Myanmar: Floods - Jul 2026
Afghanistan,Flash Floods,Jul 2026,Afghanistan: Flash Floods - Jul 2026
India,Flash Floods,Jul 2026,India: Flash Floods - Jul 2026
Kyrgyzstan,Flash Floods,Jul 2026,Kyrgyzstan: Flash Floods - Jul 2026
Tajikistan,Floods,Jul 2026,Tajikistan: Floods - Jul 2026
Bangladesh,Flash Floods,Jul 2026,Bangladesh: Flash Floods - Jul 2026
Georgia,Floods,Jun 2026,Georgia: Floods - Jun 2026
Central African Republic,Cholera Outbreak,Jun 2026,Central African Republic: Cholera Outbreak - Jun 2026
Venezuela,Earthquakes,Jun 2026,Venezuela: Earthquakes - Jun 2026
Chad,Cholera Outbreak,Jun 2026,Chad: Cholera Outbreak - Jun 2026
Philippines,Earthquake and Tsunami,Jun 2026,Philippines: Earthquake and Tsunami - Jun 2026
Armenia,Hailstorm,Jun 2026,Armenia: Hailstorm - Jun 2026
Syria,Floods,May 2026,Syria: Floods - May 2026
Central/Eastern Africa,Ebola Outbreak,May 2026,Central/Eastern Africa: Ebola Outbreak - May 2026
Sri Lanka,Dengue Outbreak,May 2026,Sri Lanka: Dengue Outbreak - May 2026
Dominican Republic,Floods,Apr 2026,Dominican Republic: Floods - Apr 2026
Yemen,Floods,Mar 2026,Yemen: Floods - Mar 2026
Tanzania,Floods and Landslides,Mar 2026,Tanzania: Floods and Landslides - Mar 2026
Liberia,Windstorms,Mar 2026,Liberia: Windstorms - Mar 2026
Botswana,Floods,Mar 2026,Botswana: Floods - Mar 2026
Ethiopia,Floods and Landslides,Mar 2026,Ethiopia: Floods and Landslides - Mar 2026
Kenya,Floods,Mar 2026,Kenya: Floods - Mar 2026
Suriname,Chikungunya Virus Outbreak,Mar 2026,Suriname: Chikungunya Virus Outbreak - Mar 2026
Brazil,Floods,Feb 2026,Brazil: Floods - Feb 2026
Peru,Floods and Landslides,Feb 2026,Peru: Floods and Landslides - Feb 2026
Angola,Floods,Feb 2026,Angola: Floods - Feb 2026
Zambia,Cholera Outbreak,Feb 2026,Zambia: Cholera Outbreak - Feb 2026
Cameroon,Fires,Feb 2026,Cameroon: Fires - Feb 2026
Somalia,Dengue Outbreak,Feb 2026,Somalia: Dengue Outbreak - Feb 2026
Rwanda,Flash Floods,Jan 2026,Rwanda: Flash Floods - Jan 2026
Algeria,Floods,Jan 2026,Algeria: Floods - Jan 2026
Argentina,Landslides,Jan 2026,Argentina: Landslides - Jan 2026
South Africa,Floods,Jan 2026,South Africa: Floods - Jan 2026
North Macedonia,Floods,Jan 2026,North Macedonia: Floods - Jan 2026
Malawi,Floods,Jan 2026,Malawi: Floods - Jan 2026
Serbia,Cold Wave,Jan 2026,Serbia: Cold Wave - Jan 2026
Guatemala,Measles Outbreak,Jan 2026,Guatemala: Measles Outbreak - Jan 2026
Ecuador,Floods,Jan 2026,Ecuador: Floods - Jan 2026
Zimbabwe,Floods,Jan 2026,Zimbabwe: Floods - Jan 2026
Mozambique,Floods,Dec 2025,Mozambique: Floods - Dec 2025
Chile,Wild Fires,Dec 2025,Chile: Wild Fires - Dec 2025
Gabon,Windstorms,Dec 2025,Gabon: Windstorms - Dec 2025
Morocco,Floods,Dec 2025,Morocco: Floods - Dec 2025
Bolivia,Floods,Dec 2025,Bolivia: Floods - Dec 2025
Congo,Floods,Nov 2025,Congo: Floods - Nov 2025
Cuba,Arboviral Outbreak,Oct 2025,Cuba: Arboviral Outbreak - Oct 2025
Egypt,Floods,Oct 2025,Egypt: Floods - Oct 2025
Cabo Verde,Flash Floods,Aug 2025,Cabo Verde: Flash Floods - Aug 2025
South Sudan,Floods,Jul 2025,South Sudan: Floods - Jul 2025
Sudan,Floods,Jul 2025,Sudan: Floods - Jul 2025
Honduras,Floods,Jun 2025,Honduras: Floods - Jun 2025
Panama,River Pollution,Jun 2025,Panama: River Pollution - Jun 2025
Côte d'Ivoire,Cholera Outbreak,Jun 2025,Côte d'Ivoire: Cholera Outbreak - Jun 2025
Pacific,Dengue Outbreak,2025,Pacific: Dengue Outbreak - 2025-2026
Ghana,Cholera Outbreak,Oct 2024,Ghana: Cholera Outbreak - Oct 2024
Namibia,Drought,May 2024,Namibia: Drought - May 2024
Niger,Diphtheria Outbreak,Oct 2023,Niger: Diphtheria Outbreak - Oct 2023
Nigeria,Lassa Fever Outbreak,Jan 2023,Nigeria: Lassa Fever Outbreak - Jan 2023
Burundi,Cholera Outbreak,Jan 2023,Burundi: Cholera Outbreak - Jan 2023
Ecuador,Earthquake,Aug 1998,Ecuador: Earthquake - Aug 1998
Papua New Guinea,Tsunami,Jul 1998,Papua New Guinea: Tsunami - Jul 1998
Bangladesh,Floods,Jul 1998,Bangladesh: Floods - Jul 1998
Azerbaijan,Earthquake,Jul 1998,Azerbaijan: Earthquake - Jul 1998
Indonesia,Mount Merapi Volcano,Jul 1998,Indonesia: Mount Merapi Volcano - Jul 1998
Kyrgyzstan/Uzbekistan,Dam Burst,Jul 1998,Kyrgyzstan/Uzbekistan: Dam Burst - Jul 1998
China,Floods,Jun 1998,China: Floods - Jun 1998
Romania,Floods,Jun 1998,Romania: Floods - Jun 1998
Turkey,Earthquake,Jun 1998,Turkey: Earthquake - Jun 1998
Russian Federation,Yakutia Floods,Jun 1998,Russian Federation: Yakutia Floods - Jun 1998
Bangladesh,Cyclone,May 1998,Bangladesh: Cyclone - May 1998
Kyrgyzstan,Floods,May 1998,Kyrgyzstan: Floods - May 1998
Tanzania,Floods,May 1998,Tanzania: Floods - May 1998
Afghanistan,Earthquake,May 1998,Afghanistan: Earthquake - May 1998
Bolivia,Earthquake,May 1998,Bolivia: Earthquake - May 1998
Costa Rica,Drought,May 1998,Costa Rica: Drought - May 1998
Tajikistan,Floods and Landslides,Apr 1998,Tajikistan: Floods and Landslides - Apr 1998
Vanuatu,Tropical Cyclones Yali and Zuman,Apr 1998,Vanuatu: Tropical Cyclones Yali and Zuman - Apr 1998
Uruguay,Floods,Apr 1998,Uruguay: Floods - Apr 1998
Indonesia,Earthquake,Aug 2026,Indonesia: Earthquake - Aug 2026
Colombia,Earthquake,Aug 2026,Colombia: Earthquake - Aug 2026
Myanmar,Floods,Jul 2026,Myanmar: Floods - Jul 2026
Afghanistan,Flash Floods,Jul 2026,Afghanistan: Flash Floods - Jul 2026
India,Flash Floods,Jul 2026,India: Flash Floods - Jul 2026
Kyrgyzstan,Flash Floods,Jul 2026,Kyrgyzstan: Flash Floods - Jul 2026
Tajikistan,Floods,Jul 2026,Tajikistan: Floods - Jul 2026
Bangladesh,Flash Floods,Jul 2026,Bangladesh: Flash Floods - Jul 2026
Georgia,Floods,Jun 2026,Georgia: Floods - Jun 2026
Central African Republic,Cholera Outbreak,Jun 2026,Central African Republic: Cholera Outbreak - Jun 2026
Venezuela,Earthquakes,Jun 2026,Venezuela: Earthquakes - Jun 2026
Chad,Cholera Outbreak,Jun 2026,Chad: Cholera Outbreak - Jun 2026
Philippines,Earthquake and Tsunami,Jun 2026,Philippines: Earthquake and Tsunami - Jun 2026
Armenia,Hailstorm,Jun 2026,Armenia: Hailstorm - Jun 2026
Syria,Floods,May 2026,Syria: Floods - May 2026
Central/Eastern Africa,Ebola Outbreak,May 2026,Central/Eastern Africa: Ebola Outbreak - May 2026
Sri Lanka,Dengue Outbreak,May 2026,Sri Lanka: Dengue Outbreak - May 2026
Dominican Republic,Floods,Apr 2026,Dominican Republic: Floods - Apr 2026
Yemen,Floods,Mar 2026,Yemen: Floods - Mar 2026
Tanzania,Floods and Landslides,Mar 2026,Tanzania: Floods and Landslides - Mar 2026
Liberia,Windstorms,Mar 2026,Liberia: Windstorms - Mar 2026
Botswana,Floods,Mar 2026,Botswana: Floods - Mar 2026
Ethiopia,Floods and Landslides,Mar 2026,Ethiopia: Floods and Landslides - Mar 2026
Kenya,Floods,Mar 2026,Kenya: Floods - Mar 2026
Suriname,Chikungunya Virus Outbreak,Mar 2026,Suriname: Chikungunya Virus Outbreak - Mar 2026
Brazil,Floods,Feb 2026,Brazil: Floods - Feb 2026
Peru,Floods and Landslides,Feb 2026,Peru: Floods and Landslides - Feb 2026
Angola,Floods,Feb 2026,Angola: Floods - Feb 2026
Zambia,Cholera Outbreak,Feb 2026,Zambia: Cholera Outbreak - Feb 2026
Cameroon,Fires,Feb 2026,Cameroon: Fires - Feb 2026
Somalia,Dengue Outbreak,Feb 2026,Somalia: Dengue Outbreak - Feb 2026
Rwanda,Flash Floods,Jan 2026,Rwanda: Flash Floods - Jan 2026
Algeria,Floods,Jan 2026,Algeria: Floods - Jan 2026
Argentina,Landslides,Jan 2026,Argentina: Landslides - Jan 2026
South Africa,Floods,Jan 2026,South Africa: Floods - Jan 2026
North Macedonia,Floods,Jan 2026,North Macedonia: Floods - Jan 2026
Malawi,Floods,Jan 2026,Malawi: Floods - Jan 2026
Serbia,Cold Wave,Jan 2026,Serbia: Cold Wave - Jan 2026
Guatemala,Measles Outbreak,Jan 2026,Guatemala: Measles Outbreak - Jan 2026
Ecuador,Floods,Jan 2026,Ecuador: Floods - Jan 2026
Zimbabwe,Floods,Jan 2026,Zimbabwe: Floods - Jan 2026
Mozambique,Floods,Dec 2025,Mozambique: Floods - Dec 2025
Chile,Wild Fires,Dec 2025,Chile: Wild Fires - Dec 2025
Gabon,Windstorms,Dec 2025,Gabon: Windstorms - Dec 2025
Morocco,Floods,Dec 2025,Morocco: Floods - Dec 2025
Bolivia,Floods,Dec 2025,Bolivia: Floods - Dec 2025
Congo,Floods,Nov 2025,Congo: Floods - Nov 2025
Cuba,Arboviral Outbreak,Oct 2025,Cuba: Arboviral Outbreak - Oct 2025
Egypt,Floods,Oct 2025,Egypt: Floods - Oct 2025
Cabo Verde,Flash Floods,Aug 2025,Cabo Verde: Flash Floods - Aug 2025
South Sudan,Floods,Jul 2025,South Sudan: Floods - Jul 2025
Sudan,Floods,Jul 2025,Sudan: Floods - Jul 2025
Honduras,Floods,Jun 2025,Honduras: Floods - Jun 2025
Panama,River Pollution,Jun 2025,Panama: River Pollution - Jun 2025
Côte d'Ivoire,Cholera Outbreak,Jun 2025,Côte d'Ivoire: Cholera Outbreak - Jun 2025
Pacific,Dengue Outbreak,2025,Pacific: Dengue Outbreak - 2025-2026
Ghana,Cholera Outbreak,Oct 2024,Ghana: Cholera Outbreak - Oct 2024
Namibia,Drought,May 2024,Namibia: Drought - May 2024
Niger,Diphtheria Outbreak,Oct 2023,Niger: Diphtheria Outbreak - Oct 2023
Nigeria,Lassa Fever Outbreak,Jan 2023,Nigeria: Lassa Fever Outbreak - Jan 2023
Burundi,Cholera Outbreak,Jan 2023,Burundi: Cholera Outbreak - Jan 2023
Philippines,Forest Fires,Apr 1998,Philippines: Forest Fires - Apr 1998
Slovenia,Earthquake,Apr 1998,Slovenia: Earthquake - Apr 1998
Iran,Floods,Apr 1998,Iran: Floods - Apr 1998
Iran,Earthquake,Apr 1998,Iran: Earthquake - Apr 1998
Argentina,Floods,Apr 1998,Argentina: Floods - Apr 1998
Iran,Earthquake,Mar 1998,Iran: Earthquake - Mar 1998
Guyana,Drought,Mar 1998,Guyana: Drought - Mar 1998
Brazil,Forest Fires,Mar 1998,Brazil: Forest Fires - Mar 1998
Pakistan,Floods,Mar 1998,Pakistan: Floods - Mar 1998
Micronesia,Drought,Mar 1998,Micronesia: Drought - Mar 1998
Afghanistan,Earthquake,Feb 1998,Afghanistan: Earthquake - Feb 1998
Zambia,Floods,Feb 1998,Zambia: Floods - Feb 1998
Mozambique,Landslides,Jan 1998,Mozambique: Landslides - Jan 1998
China,Earthquake,Jan 1998,China: Earthquake - Jan 1998
Peru,Floods,Dec 1997,Peru: Floods - Dec 1997
Paraguay,Floods,Dec 1997,Paraguay: Floods - Dec 1997
DR Congo,Floods,Dec 1997,DR Congo: Floods - Dec 1997
Honduras,Drought,Nov 1997,Honduras: Drought - Nov 1997
Ethiopia,Floods,Nov 1997,Ethiopia: Floods - Nov 1997
