Country,Disaster_Type,Continent,Year,Category,Disaster_status
Indonesia,Earthquake,Asia,2026,Geophysical (Non-Climate),Non-Climate
Colombia,Earthquake,South America,2026,Geophysical (Non-Climate),Non-Climate
Myanmar,Floods,Asia,2026,Hydrological (Climate),Climate-Driven
Afghanistan,Flash Floods,Asia,2026,Hydrological (Climate),Climate-Driven
India,Flash Floods,Asia,2026,Hydrological (Climate),Climate-Driven
Kyrgyzstan,Flash Floods,Asia,2026,Hydrological (Climate),Climate-Driven
Tajikistan,Floods,Asia,2026,Hydrological (Climate),Climate-Driven
Bangladesh,Flash Floods,Asia,2026,Hydrological (Climate),Climate-Driven
Georgia,Floods,Asia,2026,Hydrological (Climate),Climate-Driven
Central African Republic,Cholera Outbreak,Africa,2026,Biological (Non-Climate),Non-Climate
Venezuela,Earthquakes,South America,2026,Geophysical (Non-Climate),Non-Climate
Chad,Cholera Outbreak,Africa,2026,Biological (Non-Climate),Non-Climate
Philippines,Earthquake and Tsunami,Asia,2026,Geophysical (Non-Climate),Non-Climate
Armenia,Hailstorm,Asia,2026,Meteorological (Climate),Climate-Driven
Syria,Floods,Asia,2026,Hydrological (Climate),Climate-Driven
Central/Eastern Africa,Ebola Outbreak,Africa,2026,Biological (Non-Climate),Non-Climate
Sri Lanka,Dengue Outbreak,Asia,2026,Biological (Non-Climate),Non-Climate
Dominican Republic,Floods,North America,2026,Hydrological (Climate),Climate-Driven
Yemen,Floods,Asia,2026,Hydrological (Climate),Climate-Driven
Tanzania,Floods and Landslides,Africa,2026,Hydrological (Climate),Climate-Driven
Liberia,Windstorms,Africa,2026,Meteorological (Climate),Climate-Driven
Botswana,Floods,Africa,2026,Hydrological (Climate),Climate-Driven
Ethiopia,Floods and Landslides,Africa,2026,Hydrological (Climate),Climate-Driven
Kenya,Floods,Africa,2026,Hydrological (Climate),Climate-Driven
Suriname,Chikungunya Virus Outbreak,South America,2026,Biological (Non-Climate),Non-Climate
Brazil,Floods,South America,2026,Hydrological (Climate),Climate-Driven
Peru,Floods and Landslides,South America,2026,Hydrological (Climate),Climate-Driven
Angola,Floods,Africa,2026,Hydrological (Climate),Climate-Driven
Zambia,Cholera Outbreak,Africa,2026,Biological (Non-Climate),Non-Climate
Cameroon,Fires,Africa,2026,Technological (Non-Climate),Non-Climate
Somalia,Dengue Outbreak,Africa,2026,Biological (Non-Climate),Non-Climate
Rwanda,Flash Floods,Africa,2026,Hydrological (Climate),Climate-Driven
Algeria,Floods,Africa,2026,Hydrological (Climate),Climate-Driven
Argentina,Landslides,South America,2026,Hydrological (Climate),Climate-Driven
South Africa,Floods,Africa,2026,Hydrological (Climate),Climate-Driven
North Macedonia,Floods,Europe,2026,Hydrological (Climate),Climate-Driven
Malawi,Floods,Africa,2026,Hydrological (Climate),Climate-Driven
Serbia,Cold Wave,Europe,2026,Meteorological (Climate),Climate-Driven
Guatemala,Measles Outbreak,North America,2026,Biological (Non-Climate),Non-Climate
Ecuador,Floods,South America,2026,Hydrological (Climate),Climate-Driven
Zimbabwe,Floods,Africa,2026,Hydrological (Climate),Climate-Driven
Mozambique,Floods,Africa,2025,Hydrological (Climate),Climate-Driven
Chile,Wild Fires,South America,2025,Climatological (Climate),Climate-Driven
Gabon,Windstorms,Africa,2025,Meteorological (Climate),Climate-Driven
Morocco,Floods,Africa,2025,Hydrological (Climate),Climate-Driven
Bolivia,Floods,South America,2025,Hydrological (Climate),Climate-Driven
Congo,Floods,Africa,2025,Hydrological (Climate),Climate-Driven
Cuba,Arboviral Outbreak,North America,2025,Biological (Non-Climate),Non-Climate
Egypt,Floods,Africa,2025,Hydrological (Climate),Climate-Driven
Cabo Verde,Flash Floods,Africa,2025,Hydrological (Climate),Climate-Driven
South Sudan,Floods,Africa,2025,Hydrological (Climate),Climate-Driven
Sudan,Floods,Africa,2025,Hydrological (Climate),Climate-Driven
Honduras,Floods,North America,2025,Hydrological (Climate),Climate-Driven
Panama,River Pollution,North America,2025,Technological (Non-Climate),Non-Climate
Côte d'Ivoire,Cholera Outbreak,Africa,2025,Biological (Non-Climate),Non-Climate
Ghana,Cholera Outbreak,Africa,2024,Biological (Non-Climate),Non-Climate
Namibia,Drought,Africa,2024,Climatological (Climate),Climate-Driven
Niger,Diphtheria Outbreak,Africa,2023,Biological (Non-Climate),Non-Climate
Nigeria,Lassa Fever Outbreak,Africa,2023,Biological (Non-Climate),Non-Climate
Burundi,Cholera Outbreak,Africa,2023,Biological (Non-Climate),Non-Climate
Yemen,Floods,Asia,2026,Hydrological (Climate),Climate-Driven
Tanzania,Floods and Landslides,Africa,2026,Hydrological (Climate),Climate-Driven
Afghanistan,Floods,Asia,2026,Hydrological (Climate),Climate-Driven
Guinea-Bissau,Fire,Africa,2026,Technological (Non-Climate),Non-Climate
Liberia,Windstorms,Africa,2026,Meteorological (Climate),Climate-Driven
Liberia,Fires,Africa,2026,Technological (Non-Climate),Non-Climate
Bangladesh,Measles Outbreak,Asia,2026,Biological (Non-Climate),Non-Climate
Botswana,Floods,Africa,2026,Hydrological (Climate),Climate-Driven
Ethiopia,Floods and Landslides,Africa,2026,Hydrological (Climate),Climate-Driven
Kenya,Floods,Africa,2026,Hydrological (Climate),Climate-Driven
Suriname,Chikungunya Virus Outbreak,South America,2026,Biological (Non-Climate),Non-Climate
Brazil,Floods,South America,2026,Hydrological (Climate),Climate-Driven
Peru,Floods and Landslides,South America,2026,Hydrological (Climate),Climate-Driven
Angola,Floods,Africa,2026,Hydrological (Climate),Climate-Driven
Mongolia,Snowstorm,Asia,2026,Meteorological (Climate),Climate-Driven
Zambia,Cholera Outbreak,Africa,2026,Biological (Non-Climate),Non-Climate
Cameroon,Fires,Africa,2026,Technological (Non-Climate),Non-Climate
Indonesia,Earthquake,Asia,2026,Geophysical (Non-Climate),Non-Climate
Colombia,Earthquake,South America,2026,Geophysical (Non-Climate),Non-Climate
Myanmar,Floods,Asia,2026,Hydrological (Climate),Climate-Driven
Afghanistan,Flash Floods,Asia,2026,Hydrological (Climate),Climate-Driven
India,Flash Floods,Asia,2026,Hydrological (Climate),Climate-Driven
Kyrgyzstan,Flash Floods,Asia,2026,Hydrological (Climate),Climate-Driven
Tajikistan,Floods,Asia,2026,Hydrological (Climate),Climate-Driven
Bangladesh,Flash Floods,Asia,2026,Hydrological (Climate),Climate-Driven
Georgia,Floods,Asia,2026,Hydrological (Climate),Climate-Driven
Central African Republic,Cholera Outbreak,Africa,2026,Biological (Non-Climate),Non-Climate
Venezuela,Earthquakes,South America,2026,Geophysical (Non-Climate),Non-Climate
Chad,Cholera Outbreak,Africa,2026,Biological (Non-Climate),Non-Climate
Philippines,Earthquake and Tsunami,Asia,2026,Geophysical (Non-Climate),Non-Climate
Armenia,Hailstorm,Asia,2026,Meteorological (Climate),Climate-Driven
Syria,Floods,Asia,2026,Hydrological (Climate),Climate-Driven
Central/Eastern Africa,Ebola Outbreak,Africa,2026,Biological (Non-Climate),Non-Climate
Sri Lanka,Dengue Outbreak,Asia,2026,Biological (Non-Climate),Non-Climate
Dominican Republic,Floods,North America,2026,Hydrological (Climate),Climate-Driven
Yemen,Floods,Asia,2026,Hydrological (Climate),Climate-Driven
Tanzania,Floods and Landslides,Africa,2026,Hydrological (Climate),Climate-Driven
Liberia,Windstorms,Africa,2026,Meteorological (Climate),Climate-Driven
Botswana,Floods,Africa,2026,Hydrological (Climate),Climate-Driven
Ethiopia,Floods and Landslides,Africa,2026,Hydrological (Climate),Climate-Driven
Kenya,Floods,Africa,2026,Hydrological (Climate),Climate-Driven
Suriname,Chikungunya Virus Outbreak,South America,2026,Biological (Non-Climate),Non-Climate
Brazil,Floods,South America,2026,Hydrological (Climate),Climate-Driven
Peru,Floods and Landslides,South America,2026,Hydrological (Climate),Climate-Driven
Angola,Floods,Africa,2026,Hydrological (Climate),Climate-Driven
Zambia,Cholera Outbreak,Africa,2026,Biological (Non-Climate),Non-Climate
Cameroon,Fires,Africa,2026,Technological (Non-Climate),Non-Climate
Somalia,Dengue Outbreak,Africa,2026,Biological (Non-Climate),Non-Climate
Rwanda,Flash Floods,Africa,2026,Hydrological (Climate),Climate-Driven
Algeria,Floods,Africa,2026,Hydrological (Climate),Climate-Driven
Argentina,Landslides,South America,2026,Hydrological (Climate),Climate-Driven
South Africa,Floods,Africa,2026,Hydrological (Climate),Climate-Driven
North Macedonia,Floods,Europe,2026,Hydrological (Climate),Climate-Driven
Malawi,Floods,Africa,2026,Hydrological (Climate),Climate-Driven
Serbia,Cold Wave,Europe,2026,Meteorological (Climate),Climate-Driven
Guatemala,Measles Outbreak,North America,2026,Biological (Non-Climate),Non-Climate
Ecuador,Floods,South America,2026,Hydrological (Climate),Climate-Driven
Zimbabwe,Floods,Africa,2026,Hydrological (Climate),Climate-Driven
Mozambique,Floods,Africa,2025,Hydrological (Climate),Climate-Driven
Chile,Wild Fires,South America,2025,Climatological (Climate),Climate-Driven
Gabon,Windstorms,Africa,2025,Meteorological (Climate),Climate-Driven
Morocco,Floods,Africa,2025,Hydrological (Climate),Climate-Driven
Bolivia,Floods,South America,2025,Hydrological (Climate),Climate-Driven
Congo,Floods,Africa,2025,Hydrological (Climate),Climate-Driven
Cuba,Arboviral Outbreak,North America,2025,Biological (Non-Climate),Non-Climate
Egypt,Floods,Africa,2025,Hydrological (Climate),Climate-Driven
Cabo Verde,Flash Floods,Africa,2025,Hydrological (Climate),Climate-Driven
South Sudan,Floods,Africa,2025,Hydrological (Climate),Climate-Driven
Sudan,Floods,Africa,2025,Hydrological (Climate),Climate-Driven
Honduras,Floods,North America,2025,Hydrological (Climate),Climate-Driven
Panama,River Pollution,North America,2025,Technological (Non-Climate),Non-Climate
Côte d'Ivoire,Cholera Outbreak,Africa,2025,Biological (Non-Climate),Non-Climate
Ghana,Cholera Outbreak,Africa,2024,Biological (Non-Climate),Non-Climate
Namibia,Drought,Africa,2024,Climatological (Climate),Climate-Driven
Niger,Diphtheria Outbreak,Africa,2023,Biological (Non-Climate),Non-Climate
Nigeria,Lassa Fever Outbreak,Africa,2023,Biological (Non-Climate),Non-Climate
Burundi,Cholera Outbreak,Africa,2023,Biological (Non-Climate),Non-Climate
Somalia,Dengue Outbreak,Africa,2026,Biological (Non-Climate),Non-Climate
Rwanda,Flash Floods,Africa,2026,Hydrological (Climate),Climate-Driven
Colombia,Floods,South America,2026,Hydrological (Climate),Climate-Driven
Algeria,Floods,Africa,2026,Hydrological (Climate),Climate-Driven
Argentina,Landslides,South America,2026,Hydrological (Climate),Climate-Driven
South Africa,Floods,Africa,2026,Hydrological (Climate),Climate-Driven
DR Congo,Floods and Landslides,Africa,2025,Hydrological (Climate),Climate-Driven
North Macedonia,Floods,Europe,2026,Hydrological (Climate),Climate-Driven
Zambia,Floods,Africa,2026,Hydrological (Climate),Climate-Driven
Malawi,Floods,Africa,2026,Hydrological (Climate),Climate-Driven
Serbia,Cold Wave,Europe,2026,Meteorological (Climate),Climate-Driven
Guatemala,Measles Outbreak,North America,2026,Biological (Non-Climate),Non-Climate
Ecuador,Floods,South America,2026,Hydrological (Climate),Climate-Driven
Zimbabwe,Floods,Africa,2026,Hydrological (Climate),Climate-Driven
Madagascar,Mpox Outbreak,Africa,2025,Biological (Non-Climate),Non-Climate
Syria,Severe Weather,Asia,2025,Meteorological (Climate),Climate-Driven
Mozambique,Floods,Africa,2025,Hydrological (Climate),Climate-Driven
Chile,Wild Fires,South America,2025,Climatological (Climate),Climate-Driven
Gabon,Windstorms,Africa,2025,Meteorological (Climate),Climate-Driven
Iran,Floods,Asia,2025,Hydrological (Climate),Climate-Driven
Indonesia,Earthquake,Asia,2026,Geophysical (Non-Climate),Non-Climate
Colombia,Earthquake,South America,2026,Geophysical (Non-Climate),Non-Climate
Myanmar,Floods,Asia,2026,Hydrological (Climate),Climate-Driven
Afghanistan,Flash Floods,Asia,2026,Hydrological (Climate),Climate-Driven
India,Flash Floods,Asia,2026,Hydrological (Climate),Climate-Driven
Kyrgyzstan,Flash Floods,Asia,2026,Hydrological (Climate),Climate-Driven
Tajikistan,Floods,Asia,2026,Hydrological (Climate),Climate-Driven
Bangladesh,Flash Floods,Asia,2026,Hydrological (Climate),Climate-Driven
Georgia,Floods,Asia,2026,Hydrological (Climate),Climate-Driven
Central African Republic,Cholera Outbreak,Africa,2026,Biological (Non-Climate),Non-Climate
Venezuela,Earthquakes,South America,2026,Geophysical (Non-Climate),Non-Climate
Chad,Cholera Outbreak,Africa,2026,Biological (Non-Climate),Non-Climate
Philippines,Earthquake and Tsunami,Asia,2026,Geophysical (Non-Climate),Non-Climate
Armenia,Hailstorm,Asia,2026,Meteorological (Climate),Climate-Driven
Syria,Floods,Asia,2026,Hydrological (Climate),Climate-Driven
Central/Eastern Africa,Ebola Outbreak,Africa,2026,Biological (Non-Climate),Non-Climate
Sri Lanka,Dengue Outbreak,Asia,2026,Biological (Non-Climate),Non-Climate
Dominican Republic,Floods,North America,2026,Hydrological (Climate),Climate-Driven
Yemen,Floods,Asia,2026,Hydrological (Climate),Climate-Driven
Tanzania,Floods and Landslides,Africa,2026,Hydrological (Climate),Climate-Driven
Liberia,Windstorms,Africa,2026,Meteorological (Climate),Climate-Driven
Botswana,Floods,Africa,2026,Hydrological (Climate),Climate-Driven
Ethiopia,Floods and Landslides,Africa,2026,Hydrological (Climate),Climate-Driven
Kenya,Floods,Africa,2026,Hydrological (Climate),Climate-Driven
Suriname,Chikungunya Virus Outbreak,South America,2026,Biological (Non-Climate),Non-Climate
Brazil,Floods,South America,2026,Hydrological (Climate),Climate-Driven
Peru,Floods and Landslides,South America,2026,Hydrological (Climate),Climate-Driven
Angola,Floods,Africa,2026,Hydrological (Climate),Climate-Driven
Zambia,Cholera Outbreak,Africa,2026,Biological (Non-Climate),Non-Climate
Cameroon,Fires,Africa,2026,Technological (Non-Climate),Non-Climate
Somalia,Dengue Outbreak,Africa,2026,Biological (Non-Climate),Non-Climate
Rwanda,Flash Floods,Africa,2026,Hydrological (Climate),Climate-Driven
Algeria,Floods,Africa,2026,Hydrological (Climate),Climate-Driven
Argentina,Landslides,South America,2026,Hydrological (Climate),Climate-Driven
South Africa,Floods,Africa,2026,Hydrological (Climate),Climate-Driven
North Macedonia,Floods,Europe,2026,Hydrological (Climate),Climate-Driven
Malawi,Floods,Africa,2026,Hydrological (Climate),Climate-Driven
Serbia,Cold Wave,Europe,2026,Meteorological (Climate),Climate-Driven
Guatemala,Measles Outbreak,North America,2026,Biological (Non-Climate),Non-Climate
Ecuador,Floods,South America,2026,Hydrological (Climate),Climate-Driven
Zimbabwe,Floods,Africa,2026,Hydrological (Climate),Climate-Driven
Mozambique,Floods,Africa,2025,Hydrological (Climate),Climate-Driven
Chile,Wild Fires,South America,2025,Climatological (Climate),Climate-Driven
Gabon,Windstorms,Africa,2025,Meteorological (Climate),Climate-Driven
Morocco,Floods,Africa,2025,Hydrological (Climate),Climate-Driven
Bolivia,Floods,South America,2025,Hydrological (Climate),Climate-Driven
Congo,Floods,Africa,2025,Hydrological (Climate),Climate-Driven
Cuba,Arboviral Outbreak,North America,2025,Biological (Non-Climate),Non-Climate
Egypt,Floods,Africa,2025,Hydrological (Climate),Climate-Driven
Cabo Verde,Flash Floods,Africa,2025,Hydrological (Climate),Climate-Driven
South Sudan,Floods,Africa,2025,Hydrological (Climate),Climate-Driven
Sudan,Floods,Africa,2025,Hydrological (Climate),Climate-Driven
Honduras,Floods,North America,2025,Hydrological (Climate),Climate-Driven
Panama,River Pollution,North America,2025,Technological (Non-Climate),Non-Climate
Côte d'Ivoire,Cholera Outbreak,Africa,2025,Biological (Non-Climate),Non-Climate
Ghana,Cholera Outbreak,Africa,2024,Biological (Non-Climate),Non-Climate
Namibia,Drought,Africa,2024,Climatological (Climate),Climate-Driven
Niger,Diphtheria Outbreak,Africa,2023,Biological (Non-Climate),Non-Climate
Nigeria,Lassa Fever Outbreak,Africa,2023,Biological (Non-Climate),Non-Climate
Burundi,Cholera Outbreak,Africa,2023,Biological (Non-Climate),Non-Climate
occupied Palestinian territory,Floods,Asia,2025,Hydrological (Climate),Climate-Driven
Morocco,Floods,Africa,2025,Hydrological (Climate),Climate-Driven
Bolivia,Floods,South America,2025,Hydrological (Climate),Climate-Driven
Iraq,Floods,Asia,2025,Hydrological (Climate),Climate-Driven
Sri Lanka,Floods and Landslides,Asia,2025,Hydrological (Climate),Climate-Driven
Iran,Wild Fires,Asia,2025,Climatological (Climate),Climate-Driven
Malaysia,Floods,Asia,2025,Hydrological (Climate),Climate-Driven
Congo,Floods,Africa,2025,Hydrological (Climate),Climate-Driven
Ethiopia,Marburg Disease Outbreak,Africa,2025,Biological (Non-Climate),Non-Climate
Indonesia,Floods and Landslides,Asia,2025,Hydrological (Climate),Climate-Driven
Thailand,Floods,Asia,2025,Hydrological (Climate),Climate-Driven
Afghanistan,Earthquake,Asia,2025,Geophysical (Non-Climate),Non-Climate
Cuba,Arboviral Outbreak,North America,2025,Biological (Non-Climate),Non-Climate
Philippines,Earthquakes,Asia,2025,Geophysical (Non-Climate),Non-Climate
Egypt,Floods,Africa,2025,Hydrological (Climate),Climate-Driven
Philippines,Earthquake,Asia,2025,Geophysical (Non-Climate),Non-Climate
Indonesia,Earthquake,Asia,2026,Geophysical (Non-Climate),Non-Climate
Colombia,Earthquake,South America,2026,Geophysical (Non-Climate),Non-Climate
Myanmar,Floods,Asia,2026,Hydrological (Climate),Climate-Driven
Afghanistan,Flash Floods,Asia,2026,Hydrological (Climate),Climate-Driven
India,Flash Floods,Asia,2026,Hydrological (Climate),Climate-Driven
Kyrgyzstan,Flash Floods,Asia,2026,Hydrological (Climate),Climate-Driven
Tajikistan,Floods,Asia,2026,Hydrological (Climate),Climate-Driven
Bangladesh,Flash Floods,Asia,2026,Hydrological (Climate),Climate-Driven
Georgia,Floods,Asia,2026,Hydrological (Climate),Climate-Driven
Central African Republic,Cholera Outbreak,Africa,2026,Biological (Non-Climate),Non-Climate
Venezuela,Earthquakes,South America,2026,Geophysical (Non-Climate),Non-Climate
Chad,Cholera Outbreak,Africa,2026,Biological (Non-Climate),Non-Climate
Philippines,Earthquake and Tsunami,Asia,2026,Geophysical (Non-Climate),Non-Climate
Armenia,Hailstorm,Asia,2026,Meteorological (Climate),Climate-Driven
Syria,Floods,Asia,2026,Hydrological (Climate),Climate-Driven
Central/Eastern Africa,Ebola Outbreak,Africa,2026,Biological (Non-Climate),Non-Climate
Sri Lanka,Dengue Outbreak,Asia,2026,Biological (Non-Climate),Non-Climate
Dominican Republic,Floods,North America,2026,Hydrological (Climate),Climate-Driven
Yemen,Floods,Asia,2026,Hydrological (Climate),Climate-Driven
Tanzania,Floods and Landslides,Africa,2026,Hydrological (Climate),Climate-Driven
Liberia,Windstorms,Africa,2026,Meteorological (Climate),Climate-Driven
Botswana,Floods,Africa,2026,Hydrological (Climate),Climate-Driven
Ethiopia,Floods and Landslides,Africa,2026,Hydrological (Climate),Climate-Driven
Kenya,Floods,Africa,2026,Hydrological (Climate),Climate-Driven
Suriname,Chikungunya Virus Outbreak,South America,2026,Biological (Non-Climate),Non-Climate
Brazil,Floods,South America,2026,Hydrological (Climate),Climate-Driven
Peru,Floods and Landslides,South America,2026,Hydrological (Climate),Climate-Driven
Angola,Floods,Africa,2026,Hydrological (Climate),Climate-Driven
Zambia,Cholera Outbreak,Africa,2026,Biological (Non-Climate),Non-Climate
Cameroon,Fires,Africa,2026,Technological (Non-Climate),Non-Climate
Somalia,Dengue Outbreak,Africa,2026,Biological (Non-Climate),Non-Climate
Rwanda,Flash Floods,Africa,2026,Hydrological (Climate),Climate-Driven
Algeria,Floods,Africa,2026,Hydrological (Climate),Climate-Driven
Argentina,Landslides,South America,2026,Hydrological (Climate),Climate-Driven
South Africa,Floods,Africa,2026,Hydrological (Climate),Climate-Driven
North Macedonia,Floods,Europe,2026,Hydrological (Climate),Climate-Driven
Malawi,Floods,Africa,2026,Hydrological (Climate),Climate-Driven
Serbia,Cold Wave,Europe,2026,Meteorological (Climate),Climate-Driven
Guatemala,Measles Outbreak,North America,2026,Biological (Non-Climate),Non-Climate
Ecuador,Floods,South America,2026,Hydrological (Climate),Climate-Driven
Zimbabwe,Floods,Africa,2026,Hydrological (Climate),Climate-Driven
Mozambique,Floods,Africa,2025,Hydrological (Climate),Climate-Driven
Chile,Wild Fires,South America,2025,Climatological (Climate),Climate-Driven
Gabon,Windstorms,Africa,2025,Meteorological (Climate),Climate-Driven
Morocco,Floods,Africa,2025,Hydrological (Climate),Climate-Driven
Bolivia,Floods,South America,2025,Hydrological (Climate),Climate-Driven
Congo,Floods,Africa,2025,Hydrological (Climate),Climate-Driven
Cuba,Arboviral Outbreak,North America,2025,Biological (Non-Climate),Non-Climate
Egypt,Floods,Africa,2025,Hydrological (Climate),Climate-Driven
Cabo Verde,Flash Floods,Africa,2025,Hydrological (Climate),Climate-Driven
South Sudan,Floods,Africa,2025,Hydrological (Climate),Climate-Driven
Sudan,Floods,Africa,2025,Hydrological (Climate),Climate-Driven
Honduras,Floods,North America,2025,Hydrological (Climate),Climate-Driven
Panama,River Pollution,North America,2025,Technological (Non-Climate),Non-Climate
Côte d'Ivoire,Cholera Outbreak,Africa,2025,Biological (Non-Climate),Non-Climate
Ghana,Cholera Outbreak,Africa,2024,Biological (Non-Climate),Non-Climate
Namibia,Drought,Africa,2024,Climatological (Climate),Climate-Driven
Niger,Diphtheria Outbreak,Africa,2023,Biological (Non-Climate),Non-Climate
Nigeria,Lassa Fever Outbreak,Africa,2023,Biological (Non-Climate),Non-Climate
Burundi,Cholera Outbreak,Africa,2023,Biological (Non-Climate),Non-Climate
Georgia,Flash Floods,Asia,2025,Hydrological (Climate),Climate-Driven
Nigeria,Floods,Africa,2025,Hydrological (Climate),Climate-Driven
DR Congo,Ebola Outbreak,Africa,2025,Biological (Non-Climate),Non-Climate
Sierra Leone,Floods,Africa,2025,Hydrological (Climate),Climate-Driven
Afghanistan,Earthquakes,Asia,2025,Geophysical (Non-Climate),Non-Climate
Yemen,Floods,Asia,2025,Hydrological (Climate),Climate-Driven
Bolivia,Wild Fires,South America,2025,Climatological (Climate),Climate-Driven
Cabo Verde,Flash Floods,Africa,2025,Hydrological (Climate),Climate-Driven
Syria,Heat Wave,Asia,2025,Meteorological (Climate),Climate-Driven
Equatorial Guinea,Floods,Africa,2025,Hydrological (Climate),Climate-Driven
Somalia,Diphtheria Outbreak,Africa,2025,Biological (Non-Climate),Non-Climate
Lao PDR,Floods,Asia,2025,Hydrological (Climate),Climate-Driven
South Sudan,Floods,Africa,2025,Hydrological (Climate),Climate-Driven
Congo,Cholera Outbreak,Africa,2025,Biological (Non-Climate),Non-Climate
Nepal,Drought,Asia,2025,Climatological (Climate),Climate-Driven
Guinea,Floods,Africa,2025,Hydrological (Climate),Climate-Driven
Viet Nam,Floods and Landslides,Asia,2025,Hydrological (Climate),Climate-Driven
Sudan,Floods,Africa,2025,Hydrological (Climate),Climate-Driven
Chad,Cholera Outbreak,Africa,2025,Biological (Non-Climate),Non-Climate
Indonesia,Earthquake,Asia,2026,Geophysical (Non-Climate),Non-Climate
Colombia,Earthquake,South America,2026,Geophysical (Non-Climate),Non-Climate
Myanmar,Floods,Asia,2026,Hydrological (Climate),Climate-Driven
Afghanistan,Flash Floods,Asia,2026,Hydrological (Climate),Climate-Driven
India,Flash Floods,Asia,2026,Hydrological (Climate),Climate-Driven
Kyrgyzstan,Flash Floods,Asia,2026,Hydrological (Climate),Climate-Driven
Tajikistan,Floods,Asia,2026,Hydrological (Climate),Climate-Driven
Bangladesh,Flash Floods,Asia,2026,Hydrological (Climate),Climate-Driven
Georgia,Floods,Asia,2026,Hydrological (Climate),Climate-Driven
Central African Republic,Cholera Outbreak,Africa,2026,Biological (Non-Climate),Non-Climate
Venezuela,Earthquakes,South America,2026,Geophysical (Non-Climate),Non-Climate
Chad,Cholera Outbreak,Africa,2026,Biological (Non-Climate),Non-Climate
Philippines,Earthquake and Tsunami,Asia,2026,Geophysical (Non-Climate),Non-Climate
Armenia,Hailstorm,Asia,2026,Meteorological (Climate),Climate-Driven
Syria,Floods,Asia,2026,Hydrological (Climate),Climate-Driven
Central/Eastern Africa,Ebola Outbreak,Africa,2026,Biological (Non-Climate),Non-Climate
Sri Lanka,Dengue Outbreak,Asia,2026,Biological (Non-Climate),Non-Climate
Dominican Republic,Floods,North America,2026,Hydrological (Climate),Climate-Driven
Yemen,Floods,Asia,2026,Hydrological (Climate),Climate-Driven
Tanzania,Floods and Landslides,Africa,2026,Hydrological (Climate),Climate-Driven
Liberia,Windstorms,Africa,2026,Meteorological (Climate),Climate-Driven
Botswana,Floods,Africa,2026,Hydrological (Climate),Climate-Driven
Ethiopia,Floods and Landslides,Africa,2026,Hydrological (Climate),Climate-Driven
Kenya,Floods,Africa,2026,Hydrological (Climate),Climate-Driven
Suriname,Chikungunya Virus Outbreak,South America,2026,Biological (Non-Climate),Non-Climate
Brazil,Floods,South America,2026,Hydrological (Climate),Climate-Driven
Peru,Floods and Landslides,South America,2026,Hydrological (Climate),Climate-Driven
Angola,Floods,Africa,2026,Hydrological (Climate),Climate-Driven
Zambia,Cholera Outbreak,Africa,2026,Biological (Non-Climate),Non-Climate
Cameroon,Fires,Africa,2026,Technological (Non-Climate),Non-Climate
Somalia,Dengue Outbreak,Africa,2026,Biological (Non-Climate),Non-Climate
Rwanda,Flash Floods,Africa,2026,Hydrological (Climate),Climate-Driven
Algeria,Floods,Africa,2026,Hydrological (Climate),Climate-Driven
Argentina,Landslides,South America,2026,Hydrological (Climate),Climate-Driven
South Africa,Floods,Africa,2026,Hydrological (Climate),Climate-Driven
North Macedonia,Floods,Europe,2026,Hydrological (Climate),Climate-Driven
Malawi,Floods,Africa,2026,Hydrological (Climate),Climate-Driven
Serbia,Cold Wave,Europe,2026,Meteorological (Climate),Climate-Driven
Guatemala,Measles Outbreak,North America,2026,Biological (Non-Climate),Non-Climate
Ecuador,Floods,South America,2026,Hydrological (Climate),Climate-Driven
Zimbabwe,Floods,Africa,2026,Hydrological (Climate),Climate-Driven
Mozambique,Floods,Africa,2025,Hydrological (Climate),Climate-Driven
Chile,Wild Fires,South America,2025,Climatological (Climate),Climate-Driven
Gabon,Windstorms,Africa,2025,Meteorological (Climate),Climate-Driven
Morocco,Floods,Africa,2025,Hydrological (Climate),Climate-Driven
Bolivia,Floods,South America,2025,Hydrological (Climate),Climate-Driven
Congo,Floods,Africa,2025,Hydrological (Climate),Climate-Driven
Cuba,Arboviral Outbreak,North America,2025,Biological (Non-Climate),Non-Climate
Egypt,Floods,Africa,2025,Hydrological (Climate),Climate-Driven
Cabo Verde,Flash Floods,Africa,2025,Hydrological (Climate),Climate-Driven
South Sudan,Floods,Africa,2025,Hydrological (Climate),Climate-Driven
Sudan,Floods,Africa,2025,Hydrological (Climate),Climate-Driven
Honduras,Floods,North America,2025,Hydrological (Climate),Climate-Driven
Panama,River Pollution,North America,2025,Technological (Non-Climate),Non-Climate
Côte d'Ivoire,Cholera Outbreak,Africa,2025,Biological (Non-Climate),Non-Climate
Ghana,Cholera Outbreak,Africa,2024,Biological (Non-Climate),Non-Climate
Namibia,Drought,Africa,2024,Climatological (Climate),Climate-Driven
Niger,Diphtheria Outbreak,Africa,2023,Biological (Non-Climate),Non-Climate
Nigeria,Lassa Fever Outbreak,Africa,2023,Biological (Non-Climate),Non-Climate
Burundi,Cholera Outbreak,Africa,2023,Biological (Non-Climate),Non-Climate
Guatemala,Earthquake,North America,2025,Geophysical (Non-Climate),Non-Climate
Syria,Wild Fires,Asia,2025,Climatological (Climate),Climate-Driven
Pakistan,Flash Floods,Asia,2025,Hydrological (Climate),Climate-Driven
Honduras,Floods,North America,2025,Hydrological (Climate),Climate-Driven
Panama,River Pollution,North America,2025,Technological (Non-Climate),Non-Climate
Guinea-Bissau,Severe Local Storm,Africa,2025,Meteorological (Climate),Climate-Driven
Venezuela,Floods and Landslides,South America,2025,Hydrological (Climate),Climate-Driven
Côte d'Ivoire,Cholera Outbreak,Africa,2025,Biological (Non-Climate),Non-Climate
Bangladesh,Floods and Landslides,Asia,2025,Hydrological (Climate),Climate-Driven
Nigeria,Floods,Africa,2025,Hydrological (Climate),Climate-Driven
Papua New Guinea,Polio Outbreak,Oceania,2025,Biological (Non-Climate),Non-Climate
Ecuador,Yellow Fever Outbreak,South America,2025,Biological (Non-Climate),Non-Climate
Algeria,Floods,Africa,2025,Hydrological (Climate),Climate-Driven
Zimbabwe,Malaria Outbreak,Africa,2025,Biological (Non-Climate),Non-Climate
Tajikistan,Earthquake,Asia,2025,Geophysical (Non-Climate),Non-Climate
DR Congo,Floods,Africa,2025,Hydrological (Climate),Climate-Driven
Myanmar,Earthquake,Asia,2025,Geophysical (Non-Climate),Non-Climate
Tanzania,Floods,Africa,2025,Hydrological (Climate),Climate-Driven
Kyrgyzstan,Measles and Rubella Outbreak,Asia,2025,Biological (Non-Climate),Non-Climate
Indonesia,Earthquake,Asia,2026,Geophysical (Non-Climate),Non-Climate
Colombia,Earthquake,South America,2026,Geophysical (Non-Climate),Non-Climate
Myanmar,Floods,Asia,2026,Hydrological (Climate),Climate-Driven
Afghanistan,Flash Floods,Asia,2026,Hydrological (Climate),Climate-Driven
India,Flash Floods,Asia,2026,Hydrological (Climate),Climate-Driven
Kyrgyzstan,Flash Floods,Asia,2026,Hydrological (Climate),Climate-Driven
Tajikistan,Floods,Asia,2026,Hydrological (Climate),Climate-Driven
Bangladesh,Flash Floods,Asia,2026,Hydrological (Climate),Climate-Driven
Georgia,Floods,Asia,2026,Hydrological (Climate),Climate-Driven
Central African Republic,Cholera Outbreak,Africa,2026,Biological (Non-Climate),Non-Climate
Venezuela,Earthquakes,South America,2026,Geophysical (Non-Climate),Non-Climate
Chad,Cholera Outbreak,Africa,2026,Biological (Non-Climate),Non-Climate
Philippines,Earthquake and Tsunami,Asia,2026,Geophysical (Non-Climate),Non-Climate
Armenia,Hailstorm,Asia,2026,Meteorological (Climate),Climate-Driven
Syria,Floods,Asia,2026,Hydrological (Climate),Climate-Driven
Central/Eastern Africa,Ebola Outbreak,Africa,2026,Biological (Non-Climate),Non-Climate
Sri Lanka,Dengue Outbreak,Asia,2026,Biological (Non-Climate),Non-Climate
Dominican Republic,Floods,North America,2026,Hydrological (Climate),Climate-Driven
Yemen,Floods,Asia,2026,Hydrological (Climate),Climate-Driven
Tanzania,Floods and Landslides,Africa,2026,Hydrological (Climate),Climate-Driven
Liberia,Windstorms,Africa,2026,Meteorological (Climate),Climate-Driven
Botswana,Floods,Africa,2026,Hydrological (Climate),Climate-Driven
Ethiopia,Floods and Landslides,Africa,2026,Hydrological (Climate),Climate-Driven
Kenya,Floods,Africa,2026,Hydrological (Climate),Climate-Driven
Suriname,Chikungunya Virus Outbreak,South America,2026,Biological (Non-Climate),Non-Climate
Brazil,Floods,South America,2026,Hydrological (Climate),Climate-Driven
Peru,Floods and Landslides,South America,2026,Hydrological (Climate),Climate-Driven
Angola,Floods,Africa,2026,Hydrological (Climate),Climate-Driven
Zambia,Cholera Outbreak,Africa,2026,Biological (Non-Climate),Non-Climate
Cameroon,Fires,Africa,2026,Technological (Non-Climate),Non-Climate
Somalia,Dengue Outbreak,Africa,2026,Biological (Non-Climate),Non-Climate
Rwanda,Flash Floods,Africa,2026,Hydrological (Climate),Climate-Driven
Algeria,Floods,Africa,2026,Hydrological (Climate),Climate-Driven
Argentina,Landslides,South America,2026,Hydrological (Climate),Climate-Driven
South Africa,Floods,Africa,2026,Hydrological (Climate),Climate-Driven
North Macedonia,Floods,Europe,2026,Hydrological (Climate),Climate-Driven
Malawi,Floods,Africa,2026,Hydrological (Climate),Climate-Driven
Serbia,Cold Wave,Europe,2026,Meteorological (Climate),Climate-Driven
Guatemala,Measles Outbreak,North America,2026,Biological (Non-Climate),Non-Climate
Ecuador,Floods,South America,2026,Hydrological (Climate),Climate-Driven
Zimbabwe,Floods,Africa,2026,Hydrological (Climate),Climate-Driven
Mozambique,Floods,Africa,2025,Hydrological (Climate),Climate-Driven
Chile,Wild Fires,South America,2025,Climatological (Climate),Climate-Driven
Gabon,Windstorms,Africa,2025,Meteorological (Climate),Climate-Driven
Morocco,Floods,Africa,2025,Hydrological (Climate),Climate-Driven
Bolivia,Floods,South America,2025,Hydrological (Climate),Climate-Driven
Congo,Floods,Africa,2025,Hydrological (Climate),Climate-Driven
Cuba,Arboviral Outbreak,North America,2025,Biological (Non-Climate),Non-Climate
Egypt,Floods,Africa,2025,Hydrological (Climate),Climate-Driven
Cabo Verde,Flash Floods,Africa,2025,Hydrological (Climate),Climate-Driven
South Sudan,Floods,Africa,2025,Hydrological (Climate),Climate-Driven
Sudan,Floods,Africa,2025,Hydrological (Climate),Climate-Driven
Honduras,Floods,North America,2025,Hydrological (Climate),Climate-Driven
Panama,River Pollution,North America,2025,Technological (Non-Climate),Non-Climate
Côte d'Ivoire,Cholera Outbreak,Africa,2025,Biological (Non-Climate),Non-Climate
Ghana,Cholera Outbreak,Africa,2024,Biological (Non-Climate),Non-Climate
Namibia,Drought,Africa,2024,Climatological (Climate),Climate-Driven
Niger,Diphtheria Outbreak,Africa,2023,Biological (Non-Climate),Non-Climate
Nigeria,Lassa Fever Outbreak,Africa,2023,Biological (Non-Climate),Non-Climate
Burundi,Cholera Outbreak,Africa,2023,Biological (Non-Climate),Non-Climate
Bolivia,Heavy Rains and Floods,South America,2025,Hydrological (Climate),Climate-Driven
Ecuador,Oil Spill,South America,2025,Technological (Non-Climate),Non-Climate
Iraq,Floods,Asia,2025,Hydrological (Climate),Climate-Driven
Argentina,Floods,South America,2025,Hydrological (Climate),Climate-Driven
Somalia,Leishmaniasis Outbreak,Africa,2025,Biological (Non-Climate),Non-Climate
Georgia,Heavy Snowfall and Cold Wave,Asia,2025,Meteorological (Climate),Climate-Driven
Botswana,Floods,Africa,2025,Hydrological (Climate),Climate-Driven
Uganda,Ebola Outbreak,Africa,2025,Biological (Non-Climate),Non-Climate
Peru,Floods and Landslides,South America,2025,Hydrological (Climate),Climate-Driven
Tanzania,Marburg Virus Disease Outbreak,Africa,2025,Biological (Non-Climate),Non-Climate
Angola,Cholera Outbreak,Africa,2025,Biological (Non-Climate),Non-Climate
Ethiopia,Earthquakes,Africa,2025,Geophysical (Non-Climate),Non-Climate
Afghanistan,Measles Outbreak,Asia,2025,Biological (Non-Climate),Non-Climate
Ecuador,Floods and Landslides,South America,2025,Hydrological (Climate),Climate-Driven
Vanuatu,Earthquake,Oceania,2024,Geophysical (Non-Climate),Non-Climate
Indonesia,Earthquake,Asia,2026,Geophysical (Non-Climate),Non-Climate
Colombia,Earthquake,South America,2026,Geophysical (Non-Climate),Non-Climate
Myanmar,Floods,Asia,2026,Hydrological (Climate),Climate-Driven
Afghanistan,Flash Floods,Asia,2026,Hydrological (Climate),Climate-Driven
India,Flash Floods,Asia,2026,Hydrological (Climate),Climate-Driven
Kyrgyzstan,Flash Floods,Asia,2026,Hydrological (Climate),Climate-Driven
Tajikistan,Floods,Asia,2026,Hydrological (Climate),Climate-Driven
Bangladesh,Flash Floods,Asia,2026,Hydrological (Climate),Climate-Driven
Georgia,Floods,Asia,2026,Hydrological (Climate),Climate-Driven
Central African Republic,Cholera Outbreak,Africa,2026,Biological (Non-Climate),Non-Climate
Venezuela,Earthquakes,South America,2026,Geophysical (Non-Climate),Non-Climate
Chad,Cholera Outbreak,Africa,2026,Biological (Non-Climate),Non-Climate
Philippines,Earthquake and Tsunami,Asia,2026,Geophysical (Non-Climate),Non-Climate
Armenia,Hailstorm,Asia,2026,Meteorological (Climate),Climate-Driven
Syria,Floods,Asia,2026,Hydrological (Climate),Climate-Driven
Central/Eastern Africa,Ebola Outbreak,Africa,2026,Biological (Non-Climate),Non-Climate
Sri Lanka,Dengue Outbreak,Asia,2026,Biological (Non-Climate),Non-Climate
Dominican Republic,Floods,North America,2026,Hydrological (Climate),Climate-Driven
Yemen,Floods,Asia,2026,Hydrological (Climate),Climate-Driven
Tanzania,Floods and Landslides,Africa,2026,Hydrological (Climate),Climate-Driven
Liberia,Windstorms,Africa,2026,Meteorological (Climate),Climate-Driven
Botswana,Floods,Africa,2026,Hydrological (Climate),Climate-Driven
Ethiopia,Floods and Landslides,Africa,2026,Hydrological (Climate),Climate-Driven
Kenya,Floods,Africa,2026,Hydrological (Climate),Climate-Driven
Suriname,Chikungunya Virus Outbreak,South America,2026,Biological (Non-Climate),Non-Climate
Brazil,Floods,South America,2026,Hydrological (Climate),Climate-Driven
Peru,Floods and Landslides,South America,2026,Hydrological (Climate),Climate-Driven
Angola,Floods,Africa,2026,Hydrological (Climate),Climate-Driven
Zambia,Cholera Outbreak,Africa,2026,Biological (Non-Climate),Non-Climate
Cameroon,Fires,Africa,2026,Technological (Non-Climate),Non-Climate
Somalia,Dengue Outbreak,Africa,2026,Biological (Non-Climate),Non-Climate
Rwanda,Flash Floods,Africa,2026,Hydrological (Climate),Climate-Driven
Algeria,Floods,Africa,2026,Hydrological (Climate),Climate-Driven
Argentina,Landslides,South America,2026,Hydrological (Climate),Climate-Driven
South Africa,Floods,Africa,2026,Hydrological (Climate),Climate-Driven
North Macedonia,Floods,Europe,2026,Hydrological (Climate),Climate-Driven
Malawi,Floods,Africa,2026,Hydrological (Climate),Climate-Driven
Serbia,Cold Wave,Europe,2026,Meteorological (Climate),Climate-Driven
Guatemala,Measles Outbreak,North America,2026,Biological (Non-Climate),Non-Climate
Ecuador,Floods,South America,2026,Hydrological (Climate),Climate-Driven
Zimbabwe,Floods,Africa,2026,Hydrological (Climate),Climate-Driven
Mozambique,Floods,Africa,2025,Hydrological (Climate),Climate-Driven
Chile,Wild Fires,South America,2025,Climatological (Climate),Climate-Driven
Gabon,Windstorms,Africa,2025,Meteorological (Climate),Climate-Driven
Morocco,Floods,Africa,2025,Hydrological (Climate),Climate-Driven
Bolivia,Floods,South America,2025,Hydrological (Climate),Climate-Driven
Congo,Floods,Africa,2025,Hydrological (Climate),Climate-Driven
Cuba,Arboviral Outbreak,North America,2025,Biological (Non-Climate),Non-Climate
Egypt,Floods,Africa,2025,Hydrological (Climate),Climate-Driven
Cabo Verde,Flash Floods,Africa,2025,Hydrological (Climate),Climate-Driven
South Sudan,Floods,Africa,2025,Hydrological (Climate),Climate-Driven
Sudan,Floods,Africa,2025,Hydrological (Climate),Climate-Driven
Honduras,Floods,North America,2025,Hydrological (Climate),Climate-Driven
Panama,River Pollution,North America,2025,Technological (Non-Climate),Non-Climate
Côte d'Ivoire,Cholera Outbreak,Africa,2025,Biological (Non-Climate),Non-Climate
Ghana,Cholera Outbreak,Africa,2024,Biological (Non-Climate),Non-Climate
Namibia,Drought,Africa,2024,Climatological (Climate),Climate-Driven
Niger,Diphtheria Outbreak,Africa,2023,Biological (Non-Climate),Non-Climate
Nigeria,Lassa Fever Outbreak,Africa,2023,Biological (Non-Climate),Non-Climate
Burundi,Cholera Outbreak,Africa,2023,Biological (Non-Climate),Non-Climate
Zimbabwe,Cholera Outbreak,Africa,2024,Biological (Non-Climate),Non-Climate
Libya,Floods,Africa,2024,Hydrological (Climate),Climate-Driven
Malaysia,Floods,Asia,2024,Hydrological (Climate),Climate-Driven
Gabon,Floods,Africa,2024,Hydrological (Climate),Climate-Driven
Dominican Republic,Floods,North America,2024,Hydrological (Climate),Climate-Driven
Cuba,Earthquakes,North America,2024,Geophysical (Non-Climate),Non-Climate
Haiti,Floods,North America,2024,Hydrological (Climate),Climate-Driven
Colombia,Floods,South America,2024,Hydrological (Climate),Climate-Driven
Costa Rica,Floods,North America,2024,Hydrological (Climate),Climate-Driven
Panama,Floods,North America,2024,Hydrological (Climate),Climate-Driven
Papua New Guinea,Drought,Oceania,2024,Climatological (Climate),Climate-Driven
Syria,Wild Fires,Asia,2024,Climatological (Climate),Climate-Driven
South Sudan,Cholera Outbreak,Africa,2024,Biological (Non-Climate),Non-Climate
Senegal,Floods,Africa,2024,Hydrological (Climate),Climate-Driven
Indonesia,Earthquake,Asia,2026,Geophysical (Non-Climate),Non-Climate
Colombia,Earthquake,South America,2026,Geophysical (Non-Climate),Non-Climate
Myanmar,Floods,Asia,2026,Hydrological (Climate),Climate-Driven
Afghanistan,Flash Floods,Asia,2026,Hydrological (Climate),Climate-Driven
India,Flash Floods,Asia,2026,Hydrological (Climate),Climate-Driven
Kyrgyzstan,Flash Floods,Asia,2026,Hydrological (Climate),Climate-Driven
Tajikistan,Floods,Asia,2026,Hydrological (Climate),Climate-Driven
Bangladesh,Flash Floods,Asia,2026,Hydrological (Climate),Climate-Driven
Georgia,Floods,Asia,2026,Hydrological (Climate),Climate-Driven
Central African Republic,Cholera Outbreak,Africa,2026,Biological (Non-Climate),Non-Climate
Venezuela,Earthquakes,South America,2026,Geophysical (Non-Climate),Non-Climate
Chad,Cholera Outbreak,Africa,2026,Biological (Non-Climate),Non-Climate
Philippines,Earthquake and Tsunami,Asia,2026,Geophysical (Non-Climate),Non-Climate
Armenia,Hailstorm,Asia,2026,Meteorological (Climate),Climate-Driven
Syria,Floods,Asia,2026,Hydrological (Climate),Climate-Driven
Central/Eastern Africa,Ebola Outbreak,Africa,2026,Biological (Non-Climate),Non-Climate
Sri Lanka,Dengue Outbreak,Asia,2026,Biological (Non-Climate),Non-Climate
Dominican Republic,Floods,North America,2026,Hydrological (Climate),Climate-Driven
Yemen,Floods,Asia,2026,Hydrological (Climate),Climate-Driven
Tanzania,Floods and Landslides,Africa,2026,Hydrological (Climate),Climate-Driven
Liberia,Windstorms,Africa,2026,Meteorological (Climate),Climate-Driven
Botswana,Floods,Africa,2026,Hydrological (Climate),Climate-Driven
Ethiopia,Floods and Landslides,Africa,2026,Hydrological (Climate),Climate-Driven
Kenya,Floods,Africa,2026,Hydrological (Climate),Climate-Driven
Suriname,Chikungunya Virus Outbreak,South America,2026,Biological (Non-Climate),Non-Climate
Brazil,Floods,South America,2026,Hydrological (Climate),Climate-Driven
Peru,Floods and Landslides,South America,2026,Hydrological (Climate),Climate-Driven
Angola,Floods,Africa,2026,Hydrological (Climate),Climate-Driven
Zambia,Cholera Outbreak,Africa,2026,Biological (Non-Climate),Non-Climate
Cameroon,Fires,Africa,2026,Technological (Non-Climate),Non-Climate
Somalia,Dengue Outbreak,Africa,2026,Biological (Non-Climate),Non-Climate
Rwanda,Flash Floods,Africa,2026,Hydrological (Climate),Climate-Driven
Algeria,Floods,Africa,2026,Hydrological (Climate),Climate-Driven
Argentina,Landslides,South America,2026,Hydrological (Climate),Climate-Driven
South Africa,Floods,Africa,2026,Hydrological (Climate),Climate-Driven
North Macedonia,Floods,Europe,2026,Hydrological (Climate),Climate-Driven
Malawi,Floods,Africa,2026,Hydrological (Climate),Climate-Driven
Serbia,Cold Wave,Europe,2026,Meteorological (Climate),Climate-Driven
Guatemala,Measles Outbreak,North America,2026,Biological (Non-Climate),Non-Climate
Ecuador,Floods,South America,2026,Hydrological (Climate),Climate-Driven
Zimbabwe,Floods,Africa,2026,Hydrological (Climate),Climate-Driven
Mozambique,Floods,Africa,2025,Hydrological (Climate),Climate-Driven
Chile,Wild Fires,South America,2025,Climatological (Climate),Climate-Driven
Gabon,Windstorms,Africa,2025,Meteorological (Climate),Climate-Driven
Morocco,Floods,Africa,2025,Hydrological (Climate),Climate-Driven
Bolivia,Floods,South America,2025,Hydrological (Climate),Climate-Driven
Congo,Floods,Africa,2025,Hydrological (Climate),Climate-Driven
Cuba,Arboviral Outbreak,North America,2025,Biological (Non-Climate),Non-Climate
Egypt,Floods,Africa,2025,Hydrological (Climate),Climate-Driven
Cabo Verde,Flash Floods,Africa,2025,Hydrological (Climate),Climate-Driven
South Sudan,Floods,Africa,2025,Hydrological (Climate),Climate-Driven
Sudan,Floods,Africa,2025,Hydrological (Climate),Climate-Driven
Honduras,Floods,North America,2025,Hydrological (Climate),Climate-Driven
Panama,River Pollution,North America,2025,Technological (Non-Climate),Non-Climate
Côte d'Ivoire,Cholera Outbreak,Africa,2025,Biological (Non-Climate),Non-Climate
Ghana,Cholera Outbreak,Africa,2024,Biological (Non-Climate),Non-Climate
Namibia,Drought,Africa,2024,Climatological (Climate),Climate-Driven
Niger,Diphtheria Outbreak,Africa,2023,Biological (Non-Climate),Non-Climate
Nigeria,Lassa Fever Outbreak,Africa,2023,Biological (Non-Climate),Non-Climate
Burundi,Cholera Outbreak,Africa,2023,Biological (Non-Climate),Non-Climate
Sri Lanka,Floods,Asia,2024,Hydrological (Climate),Climate-Driven
Ghana,Cholera Outbreak,Africa,2024,Biological (Non-Climate),Non-Climate
Algeria,Malaria and Diphtheria Outbreaks,Africa,2024,Biological (Non-Climate),Non-Climate
Nepal,Floods and Landslides,Asia,2024,Hydrological (Climate),Climate-Driven
Sierra Leone,Floods,Africa,2024,Hydrological (Climate),Climate-Driven
Central Europe,Floods,Europe,2024,Hydrological (Climate),Climate-Driven
Kenya,Polio Outbreak,Africa,2024,Biological (Non-Climate),Non-Climate
Algeria,Floods,Africa,2024,Hydrological (Climate),Climate-Driven
Cameroon,Floods,Africa,2024,Hydrological (Climate),Climate-Driven
Nigeria,Floods,Africa,2024,Hydrological (Climate),Climate-Driven
Panama,Dengue Outbreak,North America,2024,Biological (Non-Climate),Non-Climate
Burundi,Mpox Outbreak,Africa,2024,Biological (Non-Climate),Non-Climate
Central African Republic,Floods,Africa,2024,Hydrological (Climate),Climate-Driven
Thailand,Floods and Landslides,Asia,2024,Hydrological (Climate),Climate-Driven
Chad,Floods,Africa,2024,Hydrological (Climate),Climate-Driven
Guinea,Floods,Africa,2024,Hydrological (Climate),Climate-Driven
South Sudan,Floods,Africa,2024,Hydrological (Climate),Climate-Driven
Sudan,Floods,Africa,2024,Hydrological (Climate),Climate-Driven
Indonesia,Earthquake,Asia,2026,Geophysical (Non-Climate),Non-Climate
Colombia,Earthquake,South America,2026,Geophysical (Non-Climate),Non-Climate
Myanmar,Floods,Asia,2026,Hydrological (Climate),Climate-Driven
Afghanistan,Flash Floods,Asia,2026,Hydrological (Climate),Climate-Driven
India,Flash Floods,Asia,2026,Hydrological (Climate),Climate-Driven
Kyrgyzstan,Flash Floods,Asia,2026,Hydrological (Climate),Climate-Driven
Tajikistan,Floods,Asia,2026,Hydrological (Climate),Climate-Driven
Bangladesh,Flash Floods,Asia,2026,Hydrological (Climate),Climate-Driven
Georgia,Floods,Asia,2026,Hydrological (Climate),Climate-Driven
Central African Republic,Cholera Outbreak,Africa,2026,Biological (Non-Climate),Non-Climate
Venezuela,Earthquakes,South America,2026,Geophysical (Non-Climate),Non-Climate
Chad,Cholera Outbreak,Africa,2026,Biological (Non-Climate),Non-Climate
Philippines,Earthquake and Tsunami,Asia,2026,Geophysical (Non-Climate),Non-Climate
Armenia,Hailstorm,Asia,2026,Meteorological (Climate),Climate-Driven
Syria,Floods,Asia,2026,Hydrological (Climate),Climate-Driven
Central/Eastern Africa,Ebola Outbreak,Africa,2026,Biological (Non-Climate),Non-Climate
Sri Lanka,Dengue Outbreak,Asia,2026,Biological (Non-Climate),Non-Climate
Dominican Republic,Floods,North America,2026,Hydrological (Climate),Climate-Driven
Yemen,Floods,Asia,2026,Hydrological (Climate),Climate-Driven
Tanzania,Floods and Landslides,Africa,2026,Hydrological (Climate),Climate-Driven
Liberia,Windstorms,Africa,2026,Meteorological (Climate),Climate-Driven
Botswana,Floods,Africa,2026,Hydrological (Climate),Climate-Driven
Ethiopia,Floods and Landslides,Africa,2026,Hydrological (Climate),Climate-Driven
Kenya,Floods,Africa,2026,Hydrological (Climate),Climate-Driven
Suriname,Chikungunya Virus Outbreak,South America,2026,Biological (Non-Climate),Non-Climate
Brazil,Floods,South America,2026,Hydrological (Climate),Climate-Driven
Peru,Floods and Landslides,South America,2026,Hydrological (Climate),Climate-Driven
Angola,Floods,Africa,2026,Hydrological (Climate),Climate-Driven
Zambia,Cholera Outbreak,Africa,2026,Biological (Non-Climate),Non-Climate
Cameroon,Fires,Africa,2026,Technological (Non-Climate),Non-Climate
Somalia,Dengue Outbreak,Africa,2026,Biological (Non-Climate),Non-Climate
Rwanda,Flash Floods,Africa,2026,Hydrological (Climate),Climate-Driven
Algeria,Floods,Africa,2026,Hydrological (Climate),Climate-Driven
Argentina,Landslides,South America,2026,Hydrological (Climate),Climate-Driven
South Africa,Floods,Africa,2026,Hydrological (Climate),Climate-Driven
North Macedonia,Floods,Europe,2026,Hydrological (Climate),Climate-Driven
Malawi,Floods,Africa,2026,Hydrological (Climate),Climate-Driven
Serbia,Cold Wave,Europe,2026,Meteorological (Climate),Climate-Driven
Guatemala,Measles Outbreak,North America,2026,Biological (Non-Climate),Non-Climate
Ecuador,Floods,South America,2026,Hydrological (Climate),Climate-Driven
Zimbabwe,Floods,Africa,2026,Hydrological (Climate),Climate-Driven
Mozambique,Floods,Africa,2025,Hydrological (Climate),Climate-Driven
Chile,Wild Fires,South America,2025,Climatological (Climate),Climate-Driven
Gabon,Windstorms,Africa,2025,Meteorological (Climate),Climate-Driven
Morocco,Floods,Africa,2025,Hydrological (Climate),Climate-Driven
Bolivia,Floods,South America,2025,Hydrological (Climate),Climate-Driven
Congo,Floods,Africa,2025,Hydrological (Climate),Climate-Driven
Cuba,Arboviral Outbreak,North America,2025,Biological (Non-Climate),Non-Climate
Egypt,Floods,Africa,2025,Hydrological (Climate),Climate-Driven
Cabo Verde,Flash Floods,Africa,2025,Hydrological (Climate),Climate-Driven
South Sudan,Floods,Africa,2025,Hydrological (Climate),Climate-Driven
Sudan,Floods,Africa,2025,Hydrological (Climate),Climate-Driven
Honduras,Floods,North America,2025,Hydrological (Climate),Climate-Driven
Panama,River Pollution,North America,2025,Technological (Non-Climate),Non-Climate
Côte d'Ivoire,Cholera Outbreak,Africa,2025,Biological (Non-Climate),Non-Climate
Ghana,Cholera Outbreak,Africa,2024,Biological (Non-Climate),Non-Climate
Namibia,Drought,Africa,2024,Climatological (Climate),Climate-Driven
Niger,Diphtheria Outbreak,Africa,2023,Biological (Non-Climate),Non-Climate
Nigeria,Lassa Fever Outbreak,Africa,2023,Biological (Non-Climate),Non-Climate
Burundi,Cholera Outbreak,Africa,2023,Biological (Non-Climate),Non-Climate
Bolivia,Wild Fires,South America,2024,Climatological (Climate),Climate-Driven
Lao PDR,Floods,Asia,2024,Hydrological (Climate),Climate-Driven
Mali,Floods,Africa,2024,Hydrological (Climate),Climate-Driven
Ethiopia,Landslides,Africa,2024,Hydrological (Climate),Climate-Driven
India,Floods and Landslides,Asia,2024,Hydrological (Climate),Climate-Driven
Myanmar,Floods,Asia,2024,Hydrological (Climate),Climate-Driven
Benin,Floods,Africa,2024,Hydrological (Climate),Climate-Driven
Bangladesh,Floods and Landslides,Asia,2024,Hydrological (Climate),Climate-Driven
El Salvador,Floods and Landslides,North America,2024,Hydrological (Climate),Climate-Driven
Liberia,Floods,Africa,2024,Hydrological (Climate),Climate-Driven
Nepal,Floods and Landslides,Asia,2024,Hydrological (Climate),Climate-Driven
Niger,Floods,Africa,2024,Hydrological (Climate),Climate-Driven
Pakistan,Floods and Landslides,Asia,2024,Hydrological (Climate),Climate-Driven
Cabo Verde,Dengue Outbreak,Africa,2024,Biological (Non-Climate),Non-Climate
Honduras,Dengue Outbreak,North America,2024,Biological (Non-Climate),Non-Climate
Burkina Faso,Floods,Africa,2024,Hydrological (Climate),Climate-Driven
Myanmar,Acute Watery Diarrhoea (AWD) Outbreak,Asia,2024,Biological (Non-Climate),Non-Climate
Armenia,Floods,Asia,2024,Hydrological (Climate),Climate-Driven
Indonesia,Earthquake,Asia,2026,Geophysical (Non-Climate),Non-Climate
Colombia,Earthquake,South America,2026,Geophysical (Non-Climate),Non-Climate
Myanmar,Floods,Asia,2026,Hydrological (Climate),Climate-Driven
Afghanistan,Flash Floods,Asia,2026,Hydrological (Climate),Climate-Driven
India,Flash Floods,Asia,2026,Hydrological (Climate),Climate-Driven
Kyrgyzstan,Flash Floods,Asia,2026,Hydrological (Climate),Climate-Driven
Tajikistan,Floods,Asia,2026,Hydrological (Climate),Climate-Driven
Bangladesh,Flash Floods,Asia,2026,Hydrological (Climate),Climate-Driven
Georgia,Floods,Asia,2026,Hydrological (Climate),Climate-Driven
Central African Republic,Cholera Outbreak,Africa,2026,Biological (Non-Climate),Non-Climate
Venezuela,Earthquakes,South America,2026,Geophysical (Non-Climate),Non-Climate
Chad,Cholera Outbreak,Africa,2026,Biological (Non-Climate),Non-Climate
Philippines,Earthquake and Tsunami,Asia,2026,Geophysical (Non-Climate),Non-Climate
Armenia,Hailstorm,Asia,2026,Meteorological (Climate),Climate-Driven
Syria,Floods,Asia,2026,Hydrological (Climate),Climate-Driven
Central/Eastern Africa,Ebola Outbreak,Africa,2026,Biological (Non-Climate),Non-Climate
Sri Lanka,Dengue Outbreak,Asia,2026,Biological (Non-Climate),Non-Climate
Dominican Republic,Floods,North America,2026,Hydrological (Climate),Climate-Driven
Yemen,Floods,Asia,2026,Hydrological (Climate),Climate-Driven
Tanzania,Floods and Landslides,Africa,2026,Hydrological (Climate),Climate-Driven
Liberia,Windstorms,Africa,2026,Meteorological (Climate),Climate-Driven
Botswana,Floods,Africa,2026,Hydrological (Climate),Climate-Driven
Ethiopia,Floods and Landslides,Africa,2026,Hydrological (Climate),Climate-Driven
Kenya,Floods,Africa,2026,Hydrological (Climate),Climate-Driven
Suriname,Chikungunya Virus Outbreak,South America,2026,Biological (Non-Climate),Non-Climate
Brazil,Floods,South America,2026,Hydrological (Climate),Climate-Driven
Peru,Floods and Landslides,South America,2026,Hydrological (Climate),Climate-Driven
Angola,Floods,Africa,2026,Hydrological (Climate),Climate-Driven
Zambia,Cholera Outbreak,Africa,2026,Biological (Non-Climate),Non-Climate
Cameroon,Fires,Africa,2026,Technological (Non-Climate),Non-Climate
Somalia,Dengue Outbreak,Africa,2026,Biological (Non-Climate),Non-Climate
Rwanda,Flash Floods,Africa,2026,Hydrological (Climate),Climate-Driven
Algeria,Floods,Africa,2026,Hydrological (Climate),Climate-Driven
Argentina,Landslides,South America,2026,Hydrological (Climate),Climate-Driven
South Africa,Floods,Africa,2026,Hydrological (Climate),Climate-Driven
North Macedonia,Floods,Europe,2026,Hydrological (Climate),Climate-Driven
Malawi,Floods,Africa,2026,Hydrological (Climate),Climate-Driven
Serbia,Cold Wave,Europe,2026,Meteorological (Climate),Climate-Driven
Guatemala,Measles Outbreak,North America,2026,Biological (Non-Climate),Non-Climate
Ecuador,Floods,South America,2026,Hydrological (Climate),Climate-Driven
Zimbabwe,Floods,Africa,2026,Hydrological (Climate),Climate-Driven
Mozambique,Floods,Africa,2025,Hydrological (Climate),Climate-Driven
Chile,Wild Fires,South America,2025,Climatological (Climate),Climate-Driven
Gabon,Windstorms,Africa,2025,Meteorological (Climate),Climate-Driven
Morocco,Floods,Africa,2025,Hydrological (Climate),Climate-Driven
Bolivia,Floods,South America,2025,Hydrological (Climate),Climate-Driven
Congo,Floods,Africa,2025,Hydrological (Climate),Climate-Driven
Cuba,Arboviral Outbreak,North America,2025,Biological (Non-Climate),Non-Climate
Egypt,Floods,Africa,2025,Hydrological (Climate),Climate-Driven
Cabo Verde,Flash Floods,Africa,2025,Hydrological (Climate),Climate-Driven
South Sudan,Floods,Africa,2025,Hydrological (Climate),Climate-Driven
Sudan,Floods,Africa,2025,Hydrological (Climate),Climate-Driven
Honduras,Floods,North America,2025,Hydrological (Climate),Climate-Driven
Panama,River Pollution,North America,2025,Technological (Non-Climate),Non-Climate
Côte d'Ivoire,Cholera Outbreak,Africa,2025,Biological (Non-Climate),Non-Climate
Ghana,Cholera Outbreak,Africa,2024,Biological (Non-Climate),Non-Climate
Namibia,Drought,Africa,2024,Climatological (Climate),Climate-Driven
Niger,Diphtheria Outbreak,Africa,2023,Biological (Non-Climate),Non-Climate
Nigeria,Lassa Fever Outbreak,Africa,2023,Biological (Non-Climate),Non-Climate
Burundi,Cholera Outbreak,Africa,2023,Biological (Non-Climate),Non-Climate
Botswana,Drought,Africa,2024,Climatological (Climate),Climate-Driven
Mozambique,Drought,Africa,2024,Climatological (Climate),Climate-Driven
Papua New Guinea,Landslide,Oceania,2024,Hydrological (Climate),Climate-Driven
Namibia,Drought,Africa,2024,Climatological (Climate),Climate-Driven
Belize,Wild Fires,North America,2024,Climatological (Climate),Climate-Driven
Guatemala,Dengue Outbreak,North America,2024,Biological (Non-Climate),Non-Climate
Sri Lanka,Floods and Landslides,Asia,2024,Hydrological (Climate),Climate-Driven
Grenada,Drought,North America,2024,Climatological (Climate),Climate-Driven
Ethiopia,Floods,Africa,2024,Hydrological (Climate),Climate-Driven
Angola,Polio Outbreak,Africa,2024,Biological (Non-Climate),Non-Climate
Uganda,Floods,Africa,2024,Hydrological (Climate),Climate-Driven
Lesotho,Drought,Africa,2024,Climatological (Climate),Climate-Driven
Colombia,Floods,South America,2024,Hydrological (Climate),Climate-Driven
Bangladesh,Heat Wave,Asia,2024,Meteorological (Climate),Climate-Driven
Rwanda,Floods,Africa,2024,Hydrological (Climate),Climate-Driven
Kyrgyzstan,Floods and Landslides,Asia,2024,Hydrological (Climate),Climate-Driven
Somalia,Floods,Africa,2024,Hydrological (Climate),Climate-Driven
Yemen,Floods,Asia,2024,Hydrological (Climate),Climate-Driven
Indonesia,Earthquake,Asia,2026,Geophysical (Non-Climate),Non-Climate
Colombia,Earthquake,South America,2026,Geophysical (Non-Climate),Non-Climate
Myanmar,Floods,Asia,2026,Hydrological (Climate),Climate-Driven
Afghanistan,Flash Floods,Asia,2026,Hydrological (Climate),Climate-Driven
India,Flash Floods,Asia,2026,Hydrological (Climate),Climate-Driven
Kyrgyzstan,Flash Floods,Asia,2026,Hydrological (Climate),Climate-Driven
Tajikistan,Floods,Asia,2026,Hydrological (Climate),Climate-Driven
Bangladesh,Flash Floods,Asia,2026,Hydrological (Climate),Climate-Driven
Georgia,Floods,Asia,2026,Hydrological (Climate),Climate-Driven
Central African Republic,Cholera Outbreak,Africa,2026,Biological (Non-Climate),Non-Climate
Venezuela,Earthquakes,South America,2026,Geophysical (Non-Climate),Non-Climate
Chad,Cholera Outbreak,Africa,2026,Biological (Non-Climate),Non-Climate
Philippines,Earthquake and Tsunami,Asia,2026,Geophysical (Non-Climate),Non-Climate
Armenia,Hailstorm,Asia,2026,Meteorological (Climate),Climate-Driven
Syria,Floods,Asia,2026,Hydrological (Climate),Climate-Driven
Central/Eastern Africa,Ebola Outbreak,Africa,2026,Biological (Non-Climate),Non-Climate
Sri Lanka,Dengue Outbreak,Asia,2026,Biological (Non-Climate),Non-Climate
Dominican Republic,Floods,North America,2026,Hydrological (Climate),Climate-Driven
Yemen,Floods,Asia,2026,Hydrological (Climate),Climate-Driven
Tanzania,Floods and Landslides,Africa,2026,Hydrological (Climate),Climate-Driven
Liberia,Windstorms,Africa,2026,Meteorological (Climate),Climate-Driven
Botswana,Floods,Africa,2026,Hydrological (Climate),Climate-Driven
Ethiopia,Floods and Landslides,Africa,2026,Hydrological (Climate),Climate-Driven
Kenya,Floods,Africa,2026,Hydrological (Climate),Climate-Driven
Suriname,Chikungunya Virus Outbreak,South America,2026,Biological (Non-Climate),Non-Climate
Brazil,Floods,South America,2026,Hydrological (Climate),Climate-Driven
Peru,Floods and Landslides,South America,2026,Hydrological (Climate),Climate-Driven
Angola,Floods,Africa,2026,Hydrological (Climate),Climate-Driven
Zambia,Cholera Outbreak,Africa,2026,Biological (Non-Climate),Non-Climate
Cameroon,Fires,Africa,2026,Technological (Non-Climate),Non-Climate
Somalia,Dengue Outbreak,Africa,2026,Biological (Non-Climate),Non-Climate
Rwanda,Flash Floods,Africa,2026,Hydrological (Climate),Climate-Driven
Algeria,Floods,Africa,2026,Hydrological (Climate),Climate-Driven
Argentina,Landslides,South America,2026,Hydrological (Climate),Climate-Driven
South Africa,Floods,Africa,2026,Hydrological (Climate),Climate-Driven
North Macedonia,Floods,Europe,2026,Hydrological (Climate),Climate-Driven
Malawi,Floods,Africa,2026,Hydrological (Climate),Climate-Driven
Serbia,Cold Wave,Europe,2026,Meteorological (Climate),Climate-Driven
Guatemala,Measles Outbreak,North America,2026,Biological (Non-Climate),Non-Climate
Ecuador,Floods,South America,2026,Hydrological (Climate),Climate-Driven
Zimbabwe,Floods,Africa,2026,Hydrological (Climate),Climate-Driven
Mozambique,Floods,Africa,2025,Hydrological (Climate),Climate-Driven
Chile,Wild Fires,South America,2025,Climatological (Climate),Climate-Driven
Gabon,Windstorms,Africa,2025,Meteorological (Climate),Climate-Driven
Morocco,Floods,Africa,2025,Hydrological (Climate),Climate-Driven
Bolivia,Floods,South America,2025,Hydrological (Climate),Climate-Driven
Congo,Floods,Africa,2025,Hydrological (Climate),Climate-Driven
Cuba,Arboviral Outbreak,North America,2025,Biological (Non-Climate),Non-Climate
Egypt,Floods,Africa,2025,Hydrological (Climate),Climate-Driven
Cabo Verde,Flash Floods,Africa,2025,Hydrological (Climate),Climate-Driven
South Sudan,Floods,Africa,2025,Hydrological (Climate),Climate-Driven
Sudan,Floods,Africa,2025,Hydrological (Climate),Climate-Driven
Honduras,Floods,North America,2025,Hydrological (Climate),Climate-Driven
Panama,River Pollution,North America,2025,Technological (Non-Climate),Non-Climate
Côte d'Ivoire,Cholera Outbreak,Africa,2025,Biological (Non-Climate),Non-Climate
Ghana,Cholera Outbreak,Africa,2024,Biological (Non-Climate),Non-Climate
Namibia,Drought,Africa,2024,Climatological (Climate),Climate-Driven
Niger,Diphtheria Outbreak,Africa,2023,Biological (Non-Climate),Non-Climate
Nigeria,Lassa Fever Outbreak,Africa,2023,Biological (Non-Climate),Non-Climate
Burundi,Cholera Outbreak,Africa,2023,Biological (Non-Climate),Non-Climate
Bosnia and Herzegovina,Measles Outbreak,Europe,2024,Biological (Non-Climate),Non-Climate
Kenya,Floods,Africa,2024,Hydrological (Climate),Climate-Driven
Tanzania,Floods,Africa,2024,Hydrological (Climate),Climate-Driven
Zimbabwe,Drought,Africa,2024,Climatological (Climate),Climate-Driven
Kazakhstan,Floods,Asia,2024,Hydrological (Climate),Climate-Driven
Uruguay,Floods,South America,2024,Hydrological (Climate),Climate-Driven
Malawi,Drought,Africa,2024,Climatological (Climate),Climate-Driven
Cuba,Floods,North America,2024,Hydrological (Climate),Climate-Driven
Afghanistan,Cold Wave,Asia,2024,Meteorological (Climate),Climate-Driven
Afghanistan,Floods,Asia,2024,Hydrological (Climate),Climate-Driven
Iraq,Floods,Asia,2024,Hydrological (Climate),Climate-Driven
Yemen,Cholera Outbreak,Asia,2024,Biological (Non-Climate),Non-Climate
Argentina,Floods,South America,2024,Hydrological (Climate),Climate-Driven
Algeria,Floods,Africa,2024,Hydrological (Climate),Climate-Driven
Peru,Dengue Outbreak,South America,2024,Biological (Non-Climate),Non-Climate
Malawi,Floods,Africa,2024,Hydrological (Climate),Climate-Driven
Pakistan,Floods,Asia,2024,Hydrological (Climate),Climate-Driven
Iran,Floods,Asia,2024,Hydrological (Climate),Climate-Driven
Indonesia,Earthquake,Asia,2026,Geophysical (Non-Climate),Non-Climate
Colombia,Earthquake,South America,2026,Geophysical (Non-Climate),Non-Climate
Myanmar,Floods,Asia,2026,Hydrological (Climate),Climate-Driven
Afghanistan,Flash Floods,Asia,2026,Hydrological (Climate),Climate-Driven
India,Flash Floods,Asia,2026,Hydrological (Climate),Climate-Driven
Kyrgyzstan,Flash Floods,Asia,2026,Hydrological (Climate),Climate-Driven
Tajikistan,Floods,Asia,2026,Hydrological (Climate),Climate-Driven
Bangladesh,Flash Floods,Asia,2026,Hydrological (Climate),Climate-Driven
Georgia,Floods,Asia,2026,Hydrological (Climate),Climate-Driven
Central African Republic,Cholera Outbreak,Africa,2026,Biological (Non-Climate),Non-Climate
Venezuela,Earthquakes,South America,2026,Geophysical (Non-Climate),Non-Climate
Chad,Cholera Outbreak,Africa,2026,Biological (Non-Climate),Non-Climate
Philippines,Earthquake and Tsunami,Asia,2026,Geophysical (Non-Climate),Non-Climate
Armenia,Hailstorm,Asia,2026,Meteorological (Climate),Climate-Driven
Syria,Floods,Asia,2026,Hydrological (Climate),Climate-Driven
Central/Eastern Africa,Ebola Outbreak,Africa,2026,Biological (Non-Climate),Non-Climate
Sri Lanka,Dengue Outbreak,Asia,2026,Biological (Non-Climate),Non-Climate
Dominican Republic,Floods,North America,2026,Hydrological (Climate),Climate-Driven
Yemen,Floods,Asia,2026,Hydrological (Climate),Climate-Driven
Tanzania,Floods and Landslides,Africa,2026,Hydrological (Climate),Climate-Driven
Liberia,Windstorms,Africa,2026,Meteorological (Climate),Climate-Driven
Botswana,Floods,Africa,2026,Hydrological (Climate),Climate-Driven
Ethiopia,Floods and Landslides,Africa,2026,Hydrological (Climate),Climate-Driven
Kenya,Floods,Africa,2026,Hydrological (Climate),Climate-Driven
Suriname,Chikungunya Virus Outbreak,South America,2026,Biological (Non-Climate),Non-Climate
Brazil,Floods,South America,2026,Hydrological (Climate),Climate-Driven
Peru,Floods and Landslides,South America,2026,Hydrological (Climate),Climate-Driven
Angola,Floods,Africa,2026,Hydrological (Climate),Climate-Driven
Zambia,Cholera Outbreak,Africa,2026,Biological (Non-Climate),Non-Climate
Cameroon,Fires,Africa,2026,Technological (Non-Climate),Non-Climate
Somalia,Dengue Outbreak,Africa,2026,Biological (Non-Climate),Non-Climate
Rwanda,Flash Floods,Africa,2026,Hydrological (Climate),Climate-Driven
Algeria,Floods,Africa,2026,Hydrological (Climate),Climate-Driven
Argentina,Landslides,South America,2026,Hydrological (Climate),Climate-Driven
South Africa,Floods,Africa,2026,Hydrological (Climate),Climate-Driven
North Macedonia,Floods,Europe,2026,Hydrological (Climate),Climate-Driven
Malawi,Floods,Africa,2026,Hydrological (Climate),Climate-Driven
Serbia,Cold Wave,Europe,2026,Meteorological (Climate),Climate-Driven
Guatemala,Measles Outbreak,North America,2026,Biological (Non-Climate),Non-Climate
Ecuador,Floods,South America,2026,Hydrological (Climate),Climate-Driven
Zimbabwe,Floods,Africa,2026,Hydrological (Climate),Climate-Driven
Mozambique,Floods,Africa,2025,Hydrological (Climate),Climate-Driven
Chile,Wild Fires,South America,2025,Climatological (Climate),Climate-Driven
Gabon,Windstorms,Africa,2025,Meteorological (Climate),Climate-Driven
Morocco,Floods,Africa,2025,Hydrological (Climate),Climate-Driven
Bolivia,Floods,South America,2025,Hydrological (Climate),Climate-Driven
Congo,Floods,Africa,2025,Hydrological (Climate),Climate-Driven
Cuba,Arboviral Outbreak,North America,2025,Biological (Non-Climate),Non-Climate
Egypt,Floods,Africa,2025,Hydrological (Climate),Climate-Driven
Cabo Verde,Flash Floods,Africa,2025,Hydrological (Climate),Climate-Driven
South Sudan,Floods,Africa,2025,Hydrological (Climate),Climate-Driven
Sudan,Floods,Africa,2025,Hydrological (Climate),Climate-Driven
Honduras,Floods,North America,2025,Hydrological (Climate),Climate-Driven
Panama,River Pollution,North America,2025,Technological (Non-Climate),Non-Climate
Côte d'Ivoire,Cholera Outbreak,Africa,2025,Biological (Non-Climate),Non-Climate
Ghana,Cholera Outbreak,Africa,2024,Biological (Non-Climate),Non-Climate
Namibia,Drought,Africa,2024,Climatological (Climate),Climate-Driven
Niger,Diphtheria Outbreak,Africa,2023,Biological (Non-Climate),Non-Climate
Nigeria,Lassa Fever Outbreak,Africa,2023,Biological (Non-Climate),Non-Climate
Burundi,Cholera Outbreak,Africa,2023,Biological (Non-Climate),Non-Climate
Peru,Floods,South America,2024,Hydrological (Climate),Climate-Driven
Bolivia,Floods and Landslides,South America,2024,Hydrological (Climate),Climate-Driven
Comoros,Cholera Outbreak,Africa,2024,Biological (Non-Climate),Non-Climate
Ecuador,Floods,South America,2024,Hydrological (Climate),Climate-Driven
Colombia,Drought and Wild Fires,South America,2024,Climatological (Climate),Climate-Driven
Burkina Faso,Measles Outbreak,Africa,2024,Biological (Non-Climate),Non-Climate
Chile,Wild Fires,South America,2024,Climatological (Climate),Climate-Driven
Lebanon,Cold Wave,Asia,2024,Meteorological (Climate),Climate-Driven
Marshall Islands,Storm Surge,Oceania,2024,Meteorological (Climate),Climate-Driven
Philippines,Floods and Landslides,Asia,2024,Hydrological (Climate),Climate-Driven
Brazil,Floods,South America,2024,Hydrological (Climate),Climate-Driven
South Africa,Floods,Africa,2024,Hydrological (Climate),Climate-Driven
DR Congo,Floods,Africa,2024,Hydrological (Climate),Climate-Driven
Mongolia,Dzud,Asia,2023,Climatological (Climate),Climate-Driven
Congo,Floods,Africa,2023,Hydrological (Climate),Climate-Driven
Lesotho,Severe Local Storm,Africa,2023,Meteorological (Climate),Climate-Driven
Argentina,Severe Local Storm,South America,2023,Meteorological (Climate),Climate-Driven
Philippines,Earthquake,Asia,2023,Geophysical (Non-Climate),Non-Climate
Angola,Floods,Africa,2023,Hydrological (Climate),Climate-Driven
Indonesia,Earthquake,Asia,2026,Geophysical (Non-Climate),Non-Climate
Colombia,Earthquake,South America,2026,Geophysical (Non-Climate),Non-Climate
Myanmar,Floods,Asia,2026,Hydrological (Climate),Climate-Driven
Afghanistan,Flash Floods,Asia,2026,Hydrological (Climate),Climate-Driven
India,Flash Floods,Asia,2026,Hydrological (Climate),Climate-Driven
Kyrgyzstan,Flash Floods,Asia,2026,Hydrological (Climate),Climate-Driven
Tajikistan,Floods,Asia,2026,Hydrological (Climate),Climate-Driven
Bangladesh,Flash Floods,Asia,2026,Hydrological (Climate),Climate-Driven
Georgia,Floods,Asia,2026,Hydrological (Climate),Climate-Driven
Central African Republic,Cholera Outbreak,Africa,2026,Biological (Non-Climate),Non-Climate
Venezuela,Earthquakes,South America,2026,Geophysical (Non-Climate),Non-Climate
Chad,Cholera Outbreak,Africa,2026,Biological (Non-Climate),Non-Climate
Philippines,Earthquake and Tsunami,Asia,2026,Geophysical (Non-Climate),Non-Climate
Armenia,Hailstorm,Asia,2026,Meteorological (Climate),Climate-Driven
Syria,Floods,Asia,2026,Hydrological (Climate),Climate-Driven
Central/Eastern Africa,Ebola Outbreak,Africa,2026,Biological (Non-Climate),Non-Climate
Sri Lanka,Dengue Outbreak,Asia,2026,Biological (Non-Climate),Non-Climate
Dominican Republic,Floods,North America,2026,Hydrological (Climate),Climate-Driven
Yemen,Floods,Asia,2026,Hydrological (Climate),Climate-Driven
Tanzania,Floods and Landslides,Africa,2026,Hydrological (Climate),Climate-Driven
Liberia,Windstorms,Africa,2026,Meteorological (Climate),Climate-Driven
Botswana,Floods,Africa,2026,Hydrological (Climate),Climate-Driven
Ethiopia,Floods and Landslides,Africa,2026,Hydrological (Climate),Climate-Driven
Kenya,Floods,Africa,2026,Hydrological (Climate),Climate-Driven
Suriname,Chikungunya Virus Outbreak,South America,2026,Biological (Non-Climate),Non-Climate
Brazil,Floods,South America,2026,Hydrological (Climate),Climate-Driven
Peru,Floods and Landslides,South America,2026,Hydrological (Climate),Climate-Driven
Angola,Floods,Africa,2026,Hydrological (Climate),Climate-Driven
Zambia,Cholera Outbreak,Africa,2026,Biological (Non-Climate),Non-Climate
Cameroon,Fires,Africa,2026,Technological (Non-Climate),Non-Climate
Somalia,Dengue Outbreak,Africa,2026,Biological (Non-Climate),Non-Climate
Rwanda,Flash Floods,Africa,2026,Hydrological (Climate),Climate-Driven
Algeria,Floods,Africa,2026,Hydrological (Climate),Climate-Driven
Argentina,Landslides,South America,2026,Hydrological (Climate),Climate-Driven
South Africa,Floods,Africa,2026,Hydrological (Climate),Climate-Driven
North Macedonia,Floods,Europe,2026,Hydrological (Climate),Climate-Driven
Malawi,Floods,Africa,2026,Hydrological (Climate),Climate-Driven
Serbia,Cold Wave,Europe,2026,Meteorological (Climate),Climate-Driven
Guatemala,Measles Outbreak,North America,2026,Biological (Non-Climate),Non-Climate
Ecuador,Floods,South America,2026,Hydrological (Climate),Climate-Driven
Zimbabwe,Floods,Africa,2026,Hydrological (Climate),Climate-Driven
Mozambique,Floods,Africa,2025,Hydrological (Climate),Climate-Driven
Chile,Wild Fires,South America,2025,Climatological (Climate),Climate-Driven
Gabon,Windstorms,Africa,2025,Meteorological (Climate),Climate-Driven
Morocco,Floods,Africa,2025,Hydrological (Climate),Climate-Driven
Bolivia,Floods,South America,2025,Hydrological (Climate),Climate-Driven
Congo,Floods,Africa,2025,Hydrological (Climate),Climate-Driven
Cuba,Arboviral Outbreak,North America,2025,Biological (Non-Climate),Non-Climate
Egypt,Floods,Africa,2025,Hydrological (Climate),Climate-Driven
Cabo Verde,Flash Floods,Africa,2025,Hydrological (Climate),Climate-Driven
South Sudan,Floods,Africa,2025,Hydrological (Climate),Climate-Driven
Sudan,Floods,Africa,2025,Hydrological (Climate),Climate-Driven
Honduras,Floods,North America,2025,Hydrological (Climate),Climate-Driven
Panama,River Pollution,North America,2025,Technological (Non-Climate),Non-Climate
Côte d'Ivoire,Cholera Outbreak,Africa,2025,Biological (Non-Climate),Non-Climate
Ghana,Cholera Outbreak,Africa,2024,Biological (Non-Climate),Non-Climate
Namibia,Drought,Africa,2024,Climatological (Climate),Climate-Driven
Niger,Diphtheria Outbreak,Africa,2023,Biological (Non-Climate),Non-Climate
Nigeria,Lassa Fever Outbreak,Africa,2023,Biological (Non-Climate),Non-Climate
Burundi,Cholera Outbreak,Africa,2023,Biological (Non-Climate),Non-Climate
Uganda,Anthrax Outbreak,Africa,2023,Biological (Non-Climate),Non-Climate
Jordan,Cold Wave,Asia,2023,Meteorological (Climate),Climate-Driven
Dominican Republic,Floods and Landslides,North America,2023,Hydrological (Climate),Climate-Driven
Malaysia,Dengue Outbreak,Asia,2023,Biological (Non-Climate),Non-Climate
Tanzania,Floods,Africa,2023,Hydrological (Climate),Climate-Driven
Nepal,Earthquake,Asia,2023,Geophysical (Non-Climate),Non-Climate
Ethiopia,Floods,Africa,2023,Hydrological (Climate),Climate-Driven
Zimbabwe,Polio Outbreak,Africa,2023,Biological (Non-Climate),Non-Climate
Colombia,Floods,South America,2023,Hydrological (Climate),Climate-Driven
Paraguay,Floods,South America,2023,Hydrological (Climate),Climate-Driven
Burundi,Floods and Landslides,Africa,2023,Hydrological (Climate),Climate-Driven
Niger,Diphtheria Outbreak,Africa,2023,Biological (Non-Climate),Non-Climate
Zambia,Cholera Outbreak,Africa,2023,Biological (Non-Climate),Non-Climate
Kenya,Floods,Africa,2023,Hydrological (Climate),Climate-Driven
Ghana,Floods,Africa,2023,Hydrological (Climate),Climate-Driven
Indonesia,Earthquake,Asia,2026,Geophysical (Non-Climate),Non-Climate
Colombia,Earthquake,South America,2026,Geophysical (Non-Climate),Non-Climate
Myanmar,Floods,Asia,2026,Hydrological (Climate),Climate-Driven
Afghanistan,Flash Floods,Asia,2026,Hydrological (Climate),Climate-Driven
India,Flash Floods,Asia,2026,Hydrological (Climate),Climate-Driven
Kyrgyzstan,Flash Floods,Asia,2026,Hydrological (Climate),Climate-Driven
Tajikistan,Floods,Asia,2026,Hydrological (Climate),Climate-Driven
Bangladesh,Flash Floods,Asia,2026,Hydrological (Climate),Climate-Driven
Georgia,Floods,Asia,2026,Hydrological (Climate),Climate-Driven
Central African Republic,Cholera Outbreak,Africa,2026,Biological (Non-Climate),Non-Climate
Venezuela,Earthquakes,South America,2026,Geophysical (Non-Climate),Non-Climate
Chad,Cholera Outbreak,Africa,2026,Biological (Non-Climate),Non-Climate
Philippines,Earthquake and Tsunami,Asia,2026,Geophysical (Non-Climate),Non-Climate
Armenia,Hailstorm,Asia,2026,Meteorological (Climate),Climate-Driven
Syria,Floods,Asia,2026,Hydrological (Climate),Climate-Driven
Central/Eastern Africa,Ebola Outbreak,Africa,2026,Biological (Non-Climate),Non-Climate
Sri Lanka,Dengue Outbreak,Asia,2026,Biological (Non-Climate),Non-Climate
Dominican Republic,Floods,North America,2026,Hydrological (Climate),Climate-Driven
Yemen,Floods,Asia,2026,Hydrological (Climate),Climate-Driven
Tanzania,Floods and Landslides,Africa,2026,Hydrological (Climate),Climate-Driven
Liberia,Windstorms,Africa,2026,Meteorological (Climate),Climate-Driven
Botswana,Floods,Africa,2026,Hydrological (Climate),Climate-Driven
Ethiopia,Floods and Landslides,Africa,2026,Hydrological (Climate),Climate-Driven
Kenya,Floods,Africa,2026,Hydrological (Climate),Climate-Driven
Suriname,Chikungunya Virus Outbreak,South America,2026,Biological (Non-Climate),Non-Climate
Brazil,Floods,South America,2026,Hydrological (Climate),Climate-Driven
Peru,Floods and Landslides,South America,2026,Hydrological (Climate),Climate-Driven
Angola,Floods,Africa,2026,Hydrological (Climate),Climate-Driven
Zambia,Cholera Outbreak,Africa,2026,Biological (Non-Climate),Non-Climate
Cameroon,Fires,Africa,2026,Technological (Non-Climate),Non-Climate
Somalia,Dengue Outbreak,Africa,2026,Biological (Non-Climate),Non-Climate
Rwanda,Flash Floods,Africa,2026,Hydrological (Climate),Climate-Driven
Algeria,Floods,Africa,2026,Hydrological (Climate),Climate-Driven
Argentina,Landslides,South America,2026,Hydrological (Climate),Climate-Driven
South Africa,Floods,Africa,2026,Hydrological (Climate),Climate-Driven
North Macedonia,Floods,Europe,2026,Hydrological (Climate),Climate-Driven
Malawi,Floods,Africa,2026,Hydrological (Climate),Climate-Driven
Serbia,Cold Wave,Europe,2026,Meteorological (Climate),Climate-Driven
Guatemala,Measles Outbreak,North America,2026,Biological (Non-Climate),Non-Climate
Ecuador,Floods,South America,2026,Hydrological (Climate),Climate-Driven
Zimbabwe,Floods,Africa,2026,Hydrological (Climate),Climate-Driven
Mozambique,Floods,Africa,2025,Hydrological (Climate),Climate-Driven
Chile,Wild Fires,South America,2025,Climatological (Climate),Climate-Driven
Gabon,Windstorms,Africa,2025,Meteorological (Climate),Climate-Driven
Morocco,Floods,Africa,2025,Hydrological (Climate),Climate-Driven
Bolivia,Floods,South America,2025,Hydrological (Climate),Climate-Driven
Congo,Floods,Africa,2025,Hydrological (Climate),Climate-Driven
Cuba,Arboviral Outbreak,North America,2025,Biological (Non-Climate),Non-Climate
Egypt,Floods,Africa,2025,Hydrological (Climate),Climate-Driven
Cabo Verde,Flash Floods,Africa,2025,Hydrological (Climate),Climate-Driven
South Sudan,Floods,Africa,2025,Hydrological (Climate),Climate-Driven
Sudan,Floods,Africa,2025,Hydrological (Climate),Climate-Driven
Honduras,Floods,North America,2025,Hydrological (Climate),Climate-Driven
Panama,River Pollution,North America,2025,Technological (Non-Climate),Non-Climate
Côte d'Ivoire,Cholera Outbreak,Africa,2025,Biological (Non-Climate),Non-Climate
Ghana,Cholera Outbreak,Africa,2024,Biological (Non-Climate),Non-Climate
Namibia,Drought,Africa,2024,Climatological (Climate),Climate-Driven
Niger,Diphtheria Outbreak,Africa,2023,Biological (Non-Climate),Non-Climate
Nigeria,Lassa Fever Outbreak,Africa,2023,Biological (Non-Climate),Non-Climate
Burundi,Cholera Outbreak,Africa,2023,Biological (Non-Climate),Non-Climate
Costa Rica,Dengue Outbreak,North America,2023,Biological (Non-Climate),Non-Climate
Afghanistan,Earthquakes,Asia,2023,Geophysical (Non-Climate),Non-Climate
Sri Lanka,Floods and Landslides,Asia,2023,Hydrological (Climate),Climate-Driven
Somalia,Floods,Africa,2023,Hydrological (Climate),Climate-Driven
Nepal,Earthquake,Asia,2023,Geophysical (Non-Climate),Non-Climate
Tonga,Drought,Oceania,2023,Climatological (Climate),Climate-Driven
Bolivia,Drought,South America,2023,Climatological (Climate),Climate-Driven
South Sudan,Hepatitis E Outbreak,Africa,2023,Biological (Non-Climate),Non-Climate
Sudan,Cholera Outbreak,Africa,2023,Biological (Non-Climate),Non-Climate
South Africa,Floods,Africa,2023,Hydrological (Climate),Climate-Driven
Sudan,Floods,Africa,2023,Hydrological (Climate),Climate-Driven
Mali,Dengue Outbreak,Africa,2023,Biological (Non-Climate),Non-Climate
Myanmar,Floods and Landslides,Asia,2023,Hydrological (Climate),Climate-Driven
Morocco,Earthquake,Africa,2023,Geophysical (Non-Climate),Non-Climate
Guinea,Diphtheria Outbreak,Africa,2023,Biological (Non-Climate),Non-Climate
Brazil,Floods,South America,2023,Hydrological (Climate),Climate-Driven
Liberia,Floods,Africa,2023,Hydrological (Climate),Climate-Driven
Guatemala,Dengue Outbreak,North America,2023,Biological (Non-Climate),Non-Climate
Indonesia,Earthquake,Asia,2026,Geophysical (Non-Climate),Non-Climate
Colombia,Earthquake,South America,2026,Geophysical (Non-Climate),Non-Climate
Myanmar,Floods,Asia,2026,Hydrological (Climate),Climate-Driven
Afghanistan,Flash Floods,Asia,2026,Hydrological (Climate),Climate-Driven
India,Flash Floods,Asia,2026,Hydrological (Climate),Climate-Driven
Kyrgyzstan,Flash Floods,Asia,2026,Hydrological (Climate),Climate-Driven
Tajikistan,Floods,Asia,2026,Hydrological (Climate),Climate-Driven
Bangladesh,Flash Floods,Asia,2026,Hydrological (Climate),Climate-Driven
Georgia,Floods,Asia,2026,Hydrological (Climate),Climate-Driven
Central African Republic,Cholera Outbreak,Africa,2026,Biological (Non-Climate),Non-Climate
Venezuela,Earthquakes,South America,2026,Geophysical (Non-Climate),Non-Climate
Chad,Cholera Outbreak,Africa,2026,Biological (Non-Climate),Non-Climate
Philippines,Earthquake and Tsunami,Asia,2026,Geophysical (Non-Climate),Non-Climate
Armenia,Hailstorm,Asia,2026,Meteorological (Climate),Climate-Driven
Syria,Floods,Asia,2026,Hydrological (Climate),Climate-Driven
Central/Eastern Africa,Ebola Outbreak,Africa,2026,Biological (Non-Climate),Non-Climate
Sri Lanka,Dengue Outbreak,Asia,2026,Biological (Non-Climate),Non-Climate
Dominican Republic,Floods,North America,2026,Hydrological (Climate),Climate-Driven
Yemen,Floods,Asia,2026,Hydrological (Climate),Climate-Driven
Tanzania,Floods and Landslides,Africa,2026,Hydrological (Climate),Climate-Driven
Liberia,Windstorms,Africa,2026,Meteorological (Climate),Climate-Driven
Botswana,Floods,Africa,2026,Hydrological (Climate),Climate-Driven
Ethiopia,Floods and Landslides,Africa,2026,Hydrological (Climate),Climate-Driven
Kenya,Floods,Africa,2026,Hydrological (Climate),Climate-Driven
Suriname,Chikungunya Virus Outbreak,South America,2026,Biological (Non-Climate),Non-Climate
Brazil,Floods,South America,2026,Hydrological (Climate),Climate-Driven
Peru,Floods and Landslides,South America,2026,Hydrological (Climate),Climate-Driven
Angola,Floods,Africa,2026,Hydrological (Climate),Climate-Driven
Zambia,Cholera Outbreak,Africa,2026,Biological (Non-Climate),Non-Climate
Cameroon,Fires,Africa,2026,Technological (Non-Climate),Non-Climate
Somalia,Dengue Outbreak,Africa,2026,Biological (Non-Climate),Non-Climate
Rwanda,Flash Floods,Africa,2026,Hydrological (Climate),Climate-Driven
Algeria,Floods,Africa,2026,Hydrological (Climate),Climate-Driven
Argentina,Landslides,South America,2026,Hydrological (Climate),Climate-Driven
South Africa,Floods,Africa,2026,Hydrological (Climate),Climate-Driven
North Macedonia,Floods,Europe,2026,Hydrological (Climate),Climate-Driven
Malawi,Floods,Africa,2026,Hydrological (Climate),Climate-Driven
Serbia,Cold Wave,Europe,2026,Meteorological (Climate),Climate-Driven
Guatemala,Measles Outbreak,North America,2026,Biological (Non-Climate),Non-Climate
Ecuador,Floods,South America,2026,Hydrological (Climate),Climate-Driven
Zimbabwe,Floods,Africa,2026,Hydrological (Climate),Climate-Driven
Mozambique,Floods,Africa,2025,Hydrological (Climate),Climate-Driven
Chile,Wild Fires,South America,2025,Climatological (Climate),Climate-Driven
Gabon,Windstorms,Africa,2025,Meteorological (Climate),Climate-Driven
Morocco,Floods,Africa,2025,Hydrological (Climate),Climate-Driven
Bolivia,Floods,South America,2025,Hydrological (Climate),Climate-Driven
Congo,Floods,Africa,2025,Hydrological (Climate),Climate-Driven
Cuba,Arboviral Outbreak,North America,2025,Biological (Non-Climate),Non-Climate
Egypt,Floods,Africa,2025,Hydrological (Climate),Climate-Driven
Cabo Verde,Flash Floods,Africa,2025,Hydrological (Climate),Climate-Driven
South Sudan,Floods,Africa,2025,Hydrological (Climate),Climate-Driven
Sudan,Floods,Africa,2025,Hydrological (Climate),Climate-Driven
Honduras,Floods,North America,2025,Hydrological (Climate),Climate-Driven
Panama,River Pollution,North America,2025,Technological (Non-Climate),Non-Climate
Côte d'Ivoire,Cholera Outbreak,Africa,2025,Biological (Non-Climate),Non-Climate
Ghana,Cholera Outbreak,Africa,2024,Biological (Non-Climate),Non-Climate
Namibia,Drought,Africa,2024,Climatological (Climate),Climate-Driven
Niger,Diphtheria Outbreak,Africa,2023,Biological (Non-Climate),Non-Climate
Nigeria,Lassa Fever Outbreak,Africa,2023,Biological (Non-Climate),Non-Climate
Burundi,Cholera Outbreak,Africa,2023,Biological (Non-Climate),Non-Climate
Nigeria,Floods,Africa,2023,Hydrological (Climate),Climate-Driven
Kyrgyzstan,Measles and Rubella Outbreak,Asia,2023,Biological (Non-Climate),Non-Climate
Kyrgyzstan,Floods and Mudslides,Asia,2023,Hydrological (Climate),Climate-Driven
Bangladesh,Floods and Landslides,Asia,2023,Hydrological (Climate),Climate-Driven
Guinea,Floods,Africa,2023,Hydrological (Climate),Climate-Driven
Lao PDR,Floods and Landslides,Asia,2023,Hydrological (Climate),Climate-Driven
Slovenia,Floods,Europe,2023,Hydrological (Climate),Climate-Driven
Sri Lanka,Drought,Asia,2023,Climatological (Climate),Climate-Driven
Viet Nam,Floods and Landslides,Asia,2023,Hydrological (Climate),Climate-Driven
Chad,Floods,Africa,2023,Hydrological (Climate),Climate-Driven
Indonesia,Floods and Landslides,Asia,2023,Hydrological (Climate),Climate-Driven
Mauritania,Floods,Africa,2023,Hydrological (Climate),Climate-Driven
Guatemala,Floods,North America,2023,Hydrological (Climate),Climate-Driven
Syria,Wild Fires,Asia,2023,Climatological (Climate),Climate-Driven
Algeria,Wild Fires,Africa,2023,Climatological (Climate),Climate-Driven
Afghanistan,Floods,Asia,2023,Hydrological (Climate),Climate-Driven
Cameroon,Floods,Africa,2023,Hydrological (Climate),Climate-Driven
Bangladesh,Dengue Outbreak,Asia,2023,Biological (Non-Climate),Non-Climate
Honduras,Dengue Outbreak,North America,2023,Biological (Non-Climate),Non-Climate
Indonesia,Earthquake,Asia,2026,Geophysical (Non-Climate),Non-Climate
Colombia,Earthquake,South America,2026,Geophysical (Non-Climate),Non-Climate
Myanmar,Floods,Asia,2026,Hydrological (Climate),Climate-Driven
Afghanistan,Flash Floods,Asia,2026,Hydrological (Climate),Climate-Driven
India,Flash Floods,Asia,2026,Hydrological (Climate),Climate-Driven
Kyrgyzstan,Flash Floods,Asia,2026,Hydrological (Climate),Climate-Driven
Tajikistan,Floods,Asia,2026,Hydrological (Climate),Climate-Driven
Bangladesh,Flash Floods,Asia,2026,Hydrological (Climate),Climate-Driven
Georgia,Floods,Asia,2026,Hydrological (Climate),Climate-Driven
Central African Republic,Cholera Outbreak,Africa,2026,Biological (Non-Climate),Non-Climate
Venezuela,Earthquakes,South America,2026,Geophysical (Non-Climate),Non-Climate
Chad,Cholera Outbreak,Africa,2026,Biological (Non-Climate),Non-Climate
Philippines,Earthquake and Tsunami,Asia,2026,Geophysical (Non-Climate),Non-Climate
Armenia,Hailstorm,Asia,2026,Meteorological (Climate),Climate-Driven
Syria,Floods,Asia,2026,Hydrological (Climate),Climate-Driven
Central/Eastern Africa,Ebola Outbreak,Africa,2026,Biological (Non-Climate),Non-Climate
Sri Lanka,Dengue Outbreak,Asia,2026,Biological (Non-Climate),Non-Climate
Dominican Republic,Floods,North America,2026,Hydrological (Climate),Climate-Driven
Yemen,Floods,Asia,2026,Hydrological (Climate),Climate-Driven
Tanzania,Floods and Landslides,Africa,2026,Hydrological (Climate),Climate-Driven
Liberia,Windstorms,Africa,2026,Meteorological (Climate),Climate-Driven
Botswana,Floods,Africa,2026,Hydrological (Climate),Climate-Driven
Ethiopia,Floods and Landslides,Africa,2026,Hydrological (Climate),Climate-Driven
Kenya,Floods,Africa,2026,Hydrological (Climate),Climate-Driven
Suriname,Chikungunya Virus Outbreak,South America,2026,Biological (Non-Climate),Non-Climate
Brazil,Floods,South America,2026,Hydrological (Climate),Climate-Driven
Peru,Floods and Landslides,South America,2026,Hydrological (Climate),Climate-Driven
Angola,Floods,Africa,2026,Hydrological (Climate),Climate-Driven
Zambia,Cholera Outbreak,Africa,2026,Biological (Non-Climate),Non-Climate
Cameroon,Fires,Africa,2026,Technological (Non-Climate),Non-Climate
Somalia,Dengue Outbreak,Africa,2026,Biological (Non-Climate),Non-Climate
Rwanda,Flash Floods,Africa,2026,Hydrological (Climate),Climate-Driven
Algeria,Floods,Africa,2026,Hydrological (Climate),Climate-Driven
Argentina,Landslides,South America,2026,Hydrological (Climate),Climate-Driven
South Africa,Floods,Africa,2026,Hydrological (Climate),Climate-Driven
North Macedonia,Floods,Europe,2026,Hydrological (Climate),Climate-Driven
Malawi,Floods,Africa,2026,Hydrological (Climate),Climate-Driven
Serbia,Cold Wave,Europe,2026,Meteorological (Climate),Climate-Driven
Guatemala,Measles Outbreak,North America,2026,Biological (Non-Climate),Non-Climate
Ecuador,Floods,South America,2026,Hydrological (Climate),Climate-Driven
Zimbabwe,Floods,Africa,2026,Hydrological (Climate),Climate-Driven
Mozambique,Floods,Africa,2025,Hydrological (Climate),Climate-Driven
Chile,Wild Fires,South America,2025,Climatological (Climate),Climate-Driven
Gabon,Windstorms,Africa,2025,Meteorological (Climate),Climate-Driven
Morocco,Floods,Africa,2025,Hydrological (Climate),Climate-Driven
Bolivia,Floods,South America,2025,Hydrological (Climate),Climate-Driven
Congo,Floods,Africa,2025,Hydrological (Climate),Climate-Driven
Cuba,Arboviral Outbreak,North America,2025,Biological (Non-Climate),Non-Climate
Egypt,Floods,Africa,2025,Hydrological (Climate),Climate-Driven
Cabo Verde,Flash Floods,Africa,2025,Hydrological (Climate),Climate-Driven
South Sudan,Floods,Africa,2025,Hydrological (Climate),Climate-Driven
Sudan,Floods,Africa,2025,Hydrological (Climate),Climate-Driven
Honduras,Floods,North America,2025,Hydrological (Climate),Climate-Driven
Panama,River Pollution,North America,2025,Technological (Non-Climate),Non-Climate
Côte d'Ivoire,Cholera Outbreak,Africa,2025,Biological (Non-Climate),Non-Climate
Ghana,Cholera Outbreak,Africa,2024,Biological (Non-Climate),Non-Climate
Namibia,Drought,Africa,2024,Climatological (Climate),Climate-Driven
Niger,Diphtheria Outbreak,Africa,2023,Biological (Non-Climate),Non-Climate
Nigeria,Lassa Fever Outbreak,Africa,2023,Biological (Non-Climate),Non-Climate
Burundi,Cholera Outbreak,Africa,2023,Biological (Non-Climate),Non-Climate
Republic of Congo,Cholera Outbreak,Africa,2023,Biological (Non-Climate),Non-Climate
Niger,Floods,Africa,2023,Hydrological (Climate),Climate-Driven
Mongolia,Floods,Asia,2023,Hydrological (Climate),Climate-Driven
Tanzania,Cholera Outbreak,Africa,2023,Biological (Non-Climate),Non-Climate
Chile,Floods,South America,2023,Hydrological (Climate),Climate-Driven
India,Floods and Landslides,Asia,2023,Hydrological (Climate),Climate-Driven
Serbia,Floods,Europe,2023,Hydrological (Climate),Climate-Driven
Armenia,Hailstorms,Asia,2023,Meteorological (Climate),Climate-Driven
Georgia,Flash Floods,Asia,2023,Hydrological (Climate),Climate-Driven
Philippines,Mayon Volcano,Asia,2023,Geophysical (Non-Climate),Non-Climate
Nepal,Dengue Outbreak,Asia,2023,Biological (Non-Climate),Non-Climate
Ecuador,Floods,South America,2023,Hydrological (Climate),Climate-Driven
Haiti,Floods and Landslides,North America,2023,Hydrological (Climate),Climate-Driven
Dominican Republic,Floods,North America,2023,Hydrological (Climate),Climate-Driven
Eswatini,Drought,Africa,2023,Climatological (Climate),Climate-Driven
Peru,Dengue Outbreak,South America,2023,Biological (Non-Climate),Non-Climate
Pakistan,Floods,Asia,2023,Hydrological (Climate),Climate-Driven
Argentina,Floods,South America,2023,Hydrological (Climate),Climate-Driven
Italy,Floods,Europe,2023,Hydrological (Climate),Climate-Driven
Indonesia,Earthquake,Asia,2026,Geophysical (Non-Climate),Non-Climate
Colombia,Earthquake,South America,2026,Geophysical (Non-Climate),Non-Climate
Myanmar,Floods,Asia,2026,Hydrological (Climate),Climate-Driven
Afghanistan,Flash Floods,Asia,2026,Hydrological (Climate),Climate-Driven
India,Flash Floods,Asia,2026,Hydrological (Climate),Climate-Driven
Kyrgyzstan,Flash Floods,Asia,2026,Hydrological (Climate),Climate-Driven
Tajikistan,Floods,Asia,2026,Hydrological (Climate),Climate-Driven
Bangladesh,Flash Floods,Asia,2026,Hydrological (Climate),Climate-Driven
Georgia,Floods,Asia,2026,Hydrological (Climate),Climate-Driven
Central African Republic,Cholera Outbreak,Africa,2026,Biological (Non-Climate),Non-Climate
Venezuela,Earthquakes,South America,2026,Geophysical (Non-Climate),Non-Climate
Chad,Cholera Outbreak,Africa,2026,Biological (Non-Climate),Non-Climate
Philippines,Earthquake and Tsunami,Asia,2026,Geophysical (Non-Climate),Non-Climate
Armenia,Hailstorm,Asia,2026,Meteorological (Climate),Climate-Driven
Syria,Floods,Asia,2026,Hydrological (Climate),Climate-Driven
Central/Eastern Africa,Ebola Outbreak,Africa,2026,Biological (Non-Climate),Non-Climate
Sri Lanka,Dengue Outbreak,Asia,2026,Biological (Non-Climate),Non-Climate
Dominican Republic,Floods,North America,2026,Hydrological (Climate),Climate-Driven
Yemen,Floods,Asia,2026,Hydrological (Climate),Climate-Driven
Tanzania,Floods and Landslides,Africa,2026,Hydrological (Climate),Climate-Driven
Liberia,Windstorms,Africa,2026,Meteorological (Climate),Climate-Driven
Botswana,Floods,Africa,2026,Hydrological (Climate),Climate-Driven
Ethiopia,Floods and Landslides,Africa,2026,Hydrological (Climate),Climate-Driven
Kenya,Floods,Africa,2026,Hydrological (Climate),Climate-Driven
Suriname,Chikungunya Virus Outbreak,South America,2026,Biological (Non-Climate),Non-Climate
Brazil,Floods,South America,2026,Hydrological (Climate),Climate-Driven
Peru,Floods and Landslides,South America,2026,Hydrological (Climate),Climate-Driven
Angola,Floods,Africa,2026,Hydrological (Climate),Climate-Driven
Zambia,Cholera Outbreak,Africa,2026,Biological (Non-Climate),Non-Climate
Cameroon,Fires,Africa,2026,Technological (Non-Climate),Non-Climate
Somalia,Dengue Outbreak,Africa,2026,Biological (Non-Climate),Non-Climate
Rwanda,Flash Floods,Africa,2026,Hydrological (Climate),Climate-Driven
Algeria,Floods,Africa,2026,Hydrological (Climate),Climate-Driven
Argentina,Landslides,South America,2026,Hydrological (Climate),Climate-Driven
South Africa,Floods,Africa,2026,Hydrological (Climate),Climate-Driven
North Macedonia,Floods,Europe,2026,Hydrological (Climate),Climate-Driven
Malawi,Floods,Africa,2026,Hydrological (Climate),Climate-Driven
Serbia,Cold Wave,Europe,2026,Meteorological (Climate),Climate-Driven
Guatemala,Measles Outbreak,North America,2026,Biological (Non-Climate),Non-Climate
Ecuador,Floods,South America,2026,Hydrological (Climate),Climate-Driven
Zimbabwe,Floods,Africa,2026,Hydrological (Climate),Climate-Driven
Mozambique,Floods,Africa,2025,Hydrological (Climate),Climate-Driven
Chile,Wild Fires,South America,2025,Climatological (Climate),Climate-Driven
Gabon,Windstorms,Africa,2025,Meteorological (Climate),Climate-Driven
Morocco,Floods,Africa,2025,Hydrological (Climate),Climate-Driven
Bolivia,Floods,South America,2025,Hydrological (Climate),Climate-Driven
Congo,Floods,Africa,2025,Hydrological (Climate),Climate-Driven
Cuba,Arboviral Outbreak,North America,2025,Biological (Non-Climate),Non-Climate
Egypt,Floods,Africa,2025,Hydrological (Climate),Climate-Driven
Cabo Verde,Flash Floods,Africa,2025,Hydrological (Climate),Climate-Driven
South Sudan,Floods,Africa,2025,Hydrological (Climate),Climate-Driven
Sudan,Floods,Africa,2025,Hydrological (Climate),Climate-Driven
Honduras,Floods,North America,2025,Hydrological (Climate),Climate-Driven
Panama,River Pollution,North America,2025,Technological (Non-Climate),Non-Climate
Côte d'Ivoire,Cholera Outbreak,Africa,2025,Biological (Non-Climate),Non-Climate
Ghana,Cholera Outbreak,Africa,2024,Biological (Non-Climate),Non-Climate
Namibia,Drought,Africa,2024,Climatological (Climate),Climate-Driven
Niger,Diphtheria Outbreak,Africa,2023,Biological (Non-Climate),Non-Climate
Nigeria,Lassa Fever Outbreak,Africa,2023,Biological (Non-Climate),Non-Climate
Burundi,Cholera Outbreak,Africa,2023,Biological (Non-Climate),Non-Climate
Mongolia,Cold Wave,Asia,2023,Meteorological (Climate),Climate-Driven
Gabon,Severe Local Storm,Africa,2023,Meteorological (Climate),Climate-Driven
Bosnia and Herzegovina,Floods,Europe,2023,Hydrological (Climate),Climate-Driven
Sri Lanka,Dengue Outbreak,Asia,2023,Biological (Non-Climate),Non-Climate
DR Congo,Floods and Landslides,Africa,2023,Hydrological (Climate),Climate-Driven
Rwanda,Floods and Landslides,Africa,2023,Hydrological (Climate),Climate-Driven
Yemen,Floods,Asia,2023,Hydrological (Climate),Climate-Driven
Tanzania,Floods,Africa,2023,Hydrological (Climate),Climate-Driven
Kenya,Floods,Africa,2023,Hydrological (Climate),Climate-Driven
Tajikistan,Earthquake,Asia,2023,Geophysical (Non-Climate),Non-Climate
Cameroon,Floods,Africa,2023,Hydrological (Climate),Climate-Driven
Ecuador/Peru,Earthquake,South America,2023,Geophysical (Non-Climate),Non-Climate
Tanzania,Marburg Virus Disease Outbreak,Africa,2023,Biological (Non-Climate),Non-Climate
Türkiye,Floods,Asia,2023,Hydrological (Climate),Climate-Driven
Somalia,Floods,Africa,2023,Hydrological (Climate),Climate-Driven
Peru,Floods and Landslides,South America,2023,Hydrological (Climate),Climate-Driven
Bangladesh,Cox’s Bazar Camp Settlement Fire,Asia,2023,Technological (Non-Climate),Non-Climate
Vanuatu,Earthquake,Oceania,2023,Geophysical (Non-Climate),Non-Climate
Indonesia,Earthquake,Asia,2026,Geophysical (Non-Climate),Non-Climate
Colombia,Earthquake,South America,2026,Geophysical (Non-Climate),Non-Climate
Myanmar,Floods,Asia,2026,Hydrological (Climate),Climate-Driven
Afghanistan,Flash Floods,Asia,2026,Hydrological (Climate),Climate-Driven
India,Flash Floods,Asia,2026,Hydrological (Climate),Climate-Driven
Kyrgyzstan,Flash Floods,Asia,2026,Hydrological (Climate),Climate-Driven
Tajikistan,Floods,Asia,2026,Hydrological (Climate),Climate-Driven
Bangladesh,Flash Floods,Asia,2026,Hydrological (Climate),Climate-Driven
Georgia,Floods,Asia,2026,Hydrological (Climate),Climate-Driven
Central African Republic,Cholera Outbreak,Africa,2026,Biological (Non-Climate),Non-Climate
Venezuela,Earthquakes,South America,2026,Geophysical (Non-Climate),Non-Climate
Chad,Cholera Outbreak,Africa,2026,Biological (Non-Climate),Non-Climate
Philippines,Earthquake and Tsunami,Asia,2026,Geophysical (Non-Climate),Non-Climate
Armenia,Hailstorm,Asia,2026,Meteorological (Climate),Climate-Driven
Syria,Floods,Asia,2026,Hydrological (Climate),Climate-Driven
Central/Eastern Africa,Ebola Outbreak,Africa,2026,Biological (Non-Climate),Non-Climate
Sri Lanka,Dengue Outbreak,Asia,2026,Biological (Non-Climate),Non-Climate
Dominican Republic,Floods,North America,2026,Hydrological (Climate),Climate-Driven
Yemen,Floods,Asia,2026,Hydrological (Climate),Climate-Driven
Tanzania,Floods and Landslides,Africa,2026,Hydrological (Climate),Climate-Driven
Liberia,Windstorms,Africa,2026,Meteorological (Climate),Climate-Driven
Botswana,Floods,Africa,2026,Hydrological (Climate),Climate-Driven
Ethiopia,Floods and Landslides,Africa,2026,Hydrological (Climate),Climate-Driven
Kenya,Floods,Africa,2026,Hydrological (Climate),Climate-Driven
Suriname,Chikungunya Virus Outbreak,South America,2026,Biological (Non-Climate),Non-Climate
Brazil,Floods,South America,2026,Hydrological (Climate),Climate-Driven
Peru,Floods and Landslides,South America,2026,Hydrological (Climate),Climate-Driven
Angola,Floods,Africa,2026,Hydrological (Climate),Climate-Driven
Zambia,Cholera Outbreak,Africa,2026,Biological (Non-Climate),Non-Climate
Cameroon,Fires,Africa,2026,Technological (Non-Climate),Non-Climate
Somalia,Dengue Outbreak,Africa,2026,Biological (Non-Climate),Non-Climate
Rwanda,Flash Floods,Africa,2026,Hydrological (Climate),Climate-Driven
Algeria,Floods,Africa,2026,Hydrological (Climate),Climate-Driven
Argentina,Landslides,South America,2026,Hydrological (Climate),Climate-Driven
South Africa,Floods,Africa,2026,Hydrological (Climate),Climate-Driven
North Macedonia,Floods,Europe,2026,Hydrological (Climate),Climate-Driven
Malawi,Floods,Africa,2026,Hydrological (Climate),Climate-Driven
Serbia,Cold Wave,Europe,2026,Meteorological (Climate),Climate-Driven
Guatemala,Measles Outbreak,North America,2026,Biological (Non-Climate),Non-Climate
Ecuador,Floods,South America,2026,Hydrological (Climate),Climate-Driven
Zimbabwe,Floods,Africa,2026,Hydrological (Climate),Climate-Driven
Mozambique,Floods,Africa,2025,Hydrological (Climate),Climate-Driven
Chile,Wild Fires,South America,2025,Climatological (Climate),Climate-Driven
Gabon,Windstorms,Africa,2025,Meteorological (Climate),Climate-Driven
Morocco,Floods,Africa,2025,Hydrological (Climate),Climate-Driven
Bolivia,Floods,South America,2025,Hydrological (Climate),Climate-Driven
Congo,Floods,Africa,2025,Hydrological (Climate),Climate-Driven
Cuba,Arboviral Outbreak,North America,2025,Biological (Non-Climate),Non-Climate
Egypt,Floods,Africa,2025,Hydrological (Climate),Climate-Driven
Cabo Verde,Flash Floods,Africa,2025,Hydrological (Climate),Climate-Driven
South Sudan,Floods,Africa,2025,Hydrological (Climate),Climate-Driven
Sudan,Floods,Africa,2025,Hydrological (Climate),Climate-Driven
Honduras,Floods,North America,2025,Hydrological (Climate),Climate-Driven
Panama,River Pollution,North America,2025,Technological (Non-Climate),Non-Climate
Côte d'Ivoire,Cholera Outbreak,Africa,2025,Biological (Non-Climate),Non-Climate
Ghana,Cholera Outbreak,Africa,2024,Biological (Non-Climate),Non-Climate
Namibia,Drought,Africa,2024,Climatological (Climate),Climate-Driven
Niger,Diphtheria Outbreak,Africa,2023,Biological (Non-Climate),Non-Climate
Nigeria,Lassa Fever Outbreak,Africa,2023,Biological (Non-Climate),Non-Climate
Burundi,Cholera Outbreak,Africa,2023,Biological (Non-Climate),Non-Climate
Ethiopia,Floods,Africa,2023,Hydrological (Climate),Climate-Driven
Ecuador,Floods and Landslides,South America,2023,Hydrological (Climate),Climate-Driven
Paraguay,Floods,South America,2023,Hydrological (Climate),Climate-Driven
Zimbabwe,Cholera Outbreak,Africa,2023,Biological (Non-Climate),Non-Climate
Syria,Floods,Asia,2023,Hydrological (Climate),Climate-Driven
Mozambique,Floods,Africa,2023,Hydrological (Climate),Climate-Driven
Türkiye/Syria,Earthquakes,Asia,2023,Geophysical (Non-Climate),Non-Climate
Lebanon,Cold Wave,Asia,2023,Meteorological (Climate),Climate-Driven
Zambia,Cholera Outbreak,Africa,2023,Biological (Non-Climate),Non-Climate
Nigeria,Diphtheria Outbreak,Africa,2023,Biological (Non-Climate),Non-Climate
Nigeria,Lassa Fever Outbreak,Africa,2023,Biological (Non-Climate),Non-Climate
Uruguay,Drought,South America,2023,Climatological (Climate),Climate-Driven
Iran,Earthquake,Asia,2023,Geophysical (Non-Climate),Non-Climate
Guinea-Bissau,Fire,Africa,2023,Technological (Non-Climate),Non-Climate
Namibia,Floods,Africa,2023,Hydrological (Climate),Climate-Driven
Zambia,Floods,Africa,2023,Hydrological (Climate),Climate-Driven
Equatorial Guinea,Marburg Virus Disease Outbreak,Africa,2023,Biological (Non-Climate),Non-Climate
Indonesia,Earthquake,Asia,2026,Geophysical (Non-Climate),Non-Climate
Colombia,Earthquake,South America,2026,Geophysical (Non-Climate),Non-Climate
Myanmar,Floods,Asia,2026,Hydrological (Climate),Climate-Driven
Afghanistan,Flash Floods,Asia,2026,Hydrological (Climate),Climate-Driven
India,Flash Floods,Asia,2026,Hydrological (Climate),Climate-Driven
Kyrgyzstan,Flash Floods,Asia,2026,Hydrological (Climate),Climate-Driven
Tajikistan,Floods,Asia,2026,Hydrological (Climate),Climate-Driven
Bangladesh,Flash Floods,Asia,2026,Hydrological (Climate),Climate-Driven
Georgia,Floods,Asia,2026,Hydrological (Climate),Climate-Driven
Central African Republic,Cholera Outbreak,Africa,2026,Biological (Non-Climate),Non-Climate
Venezuela,Earthquakes,South America,2026,Geophysical (Non-Climate),Non-Climate
Chad,Cholera Outbreak,Africa,2026,Biological (Non-Climate),Non-Climate
Philippines,Earthquake and Tsunami,Asia,2026,Geophysical (Non-Climate),Non-Climate
Armenia,Hailstorm,Asia,2026,Meteorological (Climate),Climate-Driven
Syria,Floods,Asia,2026,Hydrological (Climate),Climate-Driven
Central/Eastern Africa,Ebola Outbreak,Africa,2026,Biological (Non-Climate),Non-Climate
Sri Lanka,Dengue Outbreak,Asia,2026,Biological (Non-Climate),Non-Climate
Dominican Republic,Floods,North America,2026,Hydrological (Climate),Climate-Driven
Yemen,Floods,Asia,2026,Hydrological (Climate),Climate-Driven
Tanzania,Floods and Landslides,Africa,2026,Hydrological (Climate),Climate-Driven
Liberia,Windstorms,Africa,2026,Meteorological (Climate),Climate-Driven
Botswana,Floods,Africa,2026,Hydrological (Climate),Climate-Driven
Ethiopia,Floods and Landslides,Africa,2026,Hydrological (Climate),Climate-Driven
Kenya,Floods,Africa,2026,Hydrological (Climate),Climate-Driven
Suriname,Chikungunya Virus Outbreak,South America,2026,Biological (Non-Climate),Non-Climate
Brazil,Floods,South America,2026,Hydrological (Climate),Climate-Driven
Peru,Floods and Landslides,South America,2026,Hydrological (Climate),Climate-Driven
Angola,Floods,Africa,2026,Hydrological (Climate),Climate-Driven
Zambia,Cholera Outbreak,Africa,2026,Biological (Non-Climate),Non-Climate
Cameroon,Fires,Africa,2026,Technological (Non-Climate),Non-Climate
Somalia,Dengue Outbreak,Africa,2026,Biological (Non-Climate),Non-Climate
Rwanda,Flash Floods,Africa,2026,Hydrological (Climate),Climate-Driven
Algeria,Floods,Africa,2026,Hydrological (Climate),Climate-Driven
Argentina,Landslides,South America,2026,Hydrological (Climate),Climate-Driven
South Africa,Floods,Africa,2026,Hydrological (Climate),Climate-Driven
North Macedonia,Floods,Europe,2026,Hydrological (Climate),Climate-Driven
Malawi,Floods,Africa,2026,Hydrological (Climate),Climate-Driven
Serbia,Cold Wave,Europe,2026,Meteorological (Climate),Climate-Driven
Guatemala,Measles Outbreak,North America,2026,Biological (Non-Climate),Non-Climate
Ecuador,Floods,South America,2026,Hydrological (Climate),Climate-Driven
Zimbabwe,Floods,Africa,2026,Hydrological (Climate),Climate-Driven
Mozambique,Floods,Africa,2025,Hydrological (Climate),Climate-Driven
Chile,Wild Fires,South America,2025,Climatological (Climate),Climate-Driven
Gabon,Windstorms,Africa,2025,Meteorological (Climate),Climate-Driven
Morocco,Floods,Africa,2025,Hydrological (Climate),Climate-Driven
Bolivia,Floods,South America,2025,Hydrological (Climate),Climate-Driven
Congo,Floods,Africa,2025,Hydrological (Climate),Climate-Driven
Cuba,Arboviral Outbreak,North America,2025,Biological (Non-Climate),Non-Climate
Egypt,Floods,Africa,2025,Hydrological (Climate),Climate-Driven
Cabo Verde,Flash Floods,Africa,2025,Hydrological (Climate),Climate-Driven
South Sudan,Floods,Africa,2025,Hydrological (Climate),Climate-Driven
Sudan,Floods,Africa,2025,Hydrological (Climate),Climate-Driven
Honduras,Floods,North America,2025,Hydrological (Climate),Climate-Driven
Panama,River Pollution,North America,2025,Technological (Non-Climate),Non-Climate
Côte d'Ivoire,Cholera Outbreak,Africa,2025,Biological (Non-Climate),Non-Climate
Ghana,Cholera Outbreak,Africa,2024,Biological (Non-Climate),Non-Climate
Namibia,Drought,Africa,2024,Climatological (Climate),Climate-Driven
Niger,Diphtheria Outbreak,Africa,2023,Biological (Non-Climate),Non-Climate
Nigeria,Lassa Fever Outbreak,Africa,2023,Biological (Non-Climate),Non-Climate
Burundi,Cholera Outbreak,Africa,2023,Biological (Non-Climate),Non-Climate
Burundi,Cholera Outbreak,Africa,2023,Biological (Non-Climate),Non-Climate
Republic of Congo,Floods,Africa,2022,Hydrological (Climate),Climate-Driven
Chile,Wild Fires,South America,2022,Climatological (Climate),Climate-Driven
Mozambique,Cholera Outbreak,Africa,2022,Biological (Non-Climate),Non-Climate
DR Congo,Floods and Landslides,Africa,2022,Hydrological (Climate),Climate-Driven
Bosnia and Herzegovina,Floods,Europe,2022,Hydrological (Climate),Climate-Driven
Malaysia,Floods and Landslides,Asia,2022,Hydrological (Climate),Climate-Driven
South Sudan,Measles,Africa,2022,Biological (Non-Climate),Non-Climate
South Africa,Floods,Africa,2022,Hydrological (Climate),Climate-Driven
Mongolia,Dzud,Asia,2022,Climatological (Climate),Climate-Driven
Trinidad and Tobago,Floods,North America,2022,Hydrological (Climate),Climate-Driven
Indonesia,Earthquake,Asia,2022,Geophysical (Non-Climate),Non-Climate
Panama,Floods,North America,2022,Hydrological (Climate),Climate-Driven
Nepal,Earthquake,Asia,2022,Geophysical (Non-Climate),Non-Climate
Saint Lucia,Flash Floods,North America,2022,Hydrological (Climate),Climate-Driven
Eswatini,Hailstorms,Africa,2022,Meteorological (Climate),Climate-Driven
Viet Nam,Floods and Landslides,Asia,2022,Hydrological (Climate),Climate-Driven
Kenya,Cholera Outbreak,Africa,2022,Biological (Non-Climate),Non-Climate
Indonesia,Earthquake,Asia,2026,Geophysical (Non-Climate),Non-Climate
Colombia,Earthquake,South America,2026,Geophysical (Non-Climate),Non-Climate
Myanmar,Floods,Asia,2026,Hydrological (Climate),Climate-Driven
Afghanistan,Flash Floods,Asia,2026,Hydrological (Climate),Climate-Driven
India,Flash Floods,Asia,2026,Hydrological (Climate),Climate-Driven
Kyrgyzstan,Flash Floods,Asia,2026,Hydrological (Climate),Climate-Driven
Tajikistan,Floods,Asia,2026,Hydrological (Climate),Climate-Driven
Bangladesh,Flash Floods,Asia,2026,Hydrological (Climate),Climate-Driven
Georgia,Floods,Asia,2026,Hydrological (Climate),Climate-Driven
Central African Republic,Cholera Outbreak,Africa,2026,Biological (Non-Climate),Non-Climate
Venezuela,Earthquakes,South America,2026,Geophysical (Non-Climate),Non-Climate
Chad,Cholera Outbreak,Africa,2026,Biological (Non-Climate),Non-Climate
Philippines,Earthquake and Tsunami,Asia,2026,Geophysical (Non-Climate),Non-Climate
Armenia,Hailstorm,Asia,2026,Meteorological (Climate),Climate-Driven
Syria,Floods,Asia,2026,Hydrological (Climate),Climate-Driven
Central/Eastern Africa,Ebola Outbreak,Africa,2026,Biological (Non-Climate),Non-Climate
Sri Lanka,Dengue Outbreak,Asia,2026,Biological (Non-Climate),Non-Climate
Dominican Republic,Floods,North America,2026,Hydrological (Climate),Climate-Driven
Yemen,Floods,Asia,2026,Hydrological (Climate),Climate-Driven
Tanzania,Floods and Landslides,Africa,2026,Hydrological (Climate),Climate-Driven
Liberia,Windstorms,Africa,2026,Meteorological (Climate),Climate-Driven
Botswana,Floods,Africa,2026,Hydrological (Climate),Climate-Driven
Ethiopia,Floods and Landslides,Africa,2026,Hydrological (Climate),Climate-Driven
Kenya,Floods,Africa,2026,Hydrological (Climate),Climate-Driven
Suriname,Chikungunya Virus Outbreak,South America,2026,Biological (Non-Climate),Non-Climate
Brazil,Floods,South America,2026,Hydrological (Climate),Climate-Driven
Peru,Floods and Landslides,South America,2026,Hydrological (Climate),Climate-Driven
Angola,Floods,Africa,2026,Hydrological (Climate),Climate-Driven
Zambia,Cholera Outbreak,Africa,2026,Biological (Non-Climate),Non-Climate
Cameroon,Fires,Africa,2026,Technological (Non-Climate),Non-Climate
Somalia,Dengue Outbreak,Africa,2026,Biological (Non-Climate),Non-Climate
Rwanda,Flash Floods,Africa,2026,Hydrological (Climate),Climate-Driven
Algeria,Floods,Africa,2026,Hydrological (Climate),Climate-Driven
Argentina,Landslides,South America,2026,Hydrological (Climate),Climate-Driven
South Africa,Floods,Africa,2026,Hydrological (Climate),Climate-Driven
North Macedonia,Floods,Europe,2026,Hydrological (Climate),Climate-Driven
Malawi,Floods,Africa,2026,Hydrological (Climate),Climate-Driven
Serbia,Cold Wave,Europe,2026,Meteorological (Climate),Climate-Driven
Guatemala,Measles Outbreak,North America,2026,Biological (Non-Climate),Non-Climate
Ecuador,Floods,South America,2026,Hydrological (Climate),Climate-Driven
Zimbabwe,Floods,Africa,2026,Hydrological (Climate),Climate-Driven
Mozambique,Floods,Africa,2025,Hydrological (Climate),Climate-Driven
Chile,Wild Fires,South America,2025,Climatological (Climate),Climate-Driven
Gabon,Windstorms,Africa,2025,Meteorological (Climate),Climate-Driven
Morocco,Floods,Africa,2025,Hydrological (Climate),Climate-Driven
Bolivia,Floods,South America,2025,Hydrological (Climate),Climate-Driven
Congo,Floods,Africa,2025,Hydrological (Climate),Climate-Driven
Cuba,Arboviral Outbreak,North America,2025,Biological (Non-Climate),Non-Climate
Egypt,Floods,Africa,2025,Hydrological (Climate),Climate-Driven
Cabo Verde,Flash Floods,Africa,2025,Hydrological (Climate),Climate-Driven
South Sudan,Floods,Africa,2025,Hydrological (Climate),Climate-Driven
Sudan,Floods,Africa,2025,Hydrological (Climate),Climate-Driven
Honduras,Floods,North America,2025,Hydrological (Climate),Climate-Driven
Panama,River Pollution,North America,2025,Technological (Non-Climate),Non-Climate
Côte d'Ivoire,Cholera Outbreak,Africa,2025,Biological (Non-Climate),Non-Climate
Ghana,Cholera Outbreak,Africa,2024,Biological (Non-Climate),Non-Climate
Namibia,Drought,Africa,2024,Climatological (Climate),Climate-Driven
Niger,Diphtheria Outbreak,Africa,2023,Biological (Non-Climate),Non-Climate
Nigeria,Lassa Fever Outbreak,Africa,2023,Biological (Non-Climate),Non-Climate
Burundi,Cholera Outbreak,Africa,2023,Biological (Non-Climate),Non-Climate
Costa Rica,Floods,North America,2022,Hydrological (Climate),Climate-Driven
Thailand,Floods,Asia,2022,Hydrological (Climate),Climate-Driven
Lebanon,Cholera Outbreak,Asia,2022,Biological (Non-Climate),Non-Climate
Iran,Earthquake,Asia,2022,Geophysical (Non-Climate),Non-Climate
Haiti,Cholera Outbreak,North America,2022,Biological (Non-Climate),Non-Climate
Benin,Floods,Africa,2022,Hydrological (Climate),Climate-Driven
Honduras,Floods,North America,2022,Hydrological (Climate),Climate-Driven
Uganda,Ebola Outbreak,Africa,2022,Biological (Non-Climate),Non-Climate
Ethiopia,Cholera Outbreak,Africa,2022,Biological (Non-Climate),Non-Climate
Papua New Guinea,Earthquake,Oceania,2022,Geophysical (Non-Climate),Non-Climate
Niger,Floods,Africa,2022,Hydrological (Climate),Climate-Driven
El Salvador,Floods and Landslides,North America,2022,Hydrological (Climate),Climate-Driven
Bulgaria,Floods,Europe,2022,Hydrological (Climate),Climate-Driven
Sierra Leone,Flash Floods,Africa,2022,Hydrological (Climate),Climate-Driven
Guinea,Floods,Africa,2022,Hydrological (Climate),Climate-Driven
Syria,Cholera Outbreak,Asia,2022,Biological (Non-Climate),Non-Climate
Cameroon,Floods,Africa,2022,Hydrological (Climate),Climate-Driven
Indonesia,Earthquake,Asia,2026,Geophysical (Non-Climate),Non-Climate
Colombia,Earthquake,South America,2026,Geophysical (Non-Climate),Non-Climate
Myanmar,Floods,Asia,2026,Hydrological (Climate),Climate-Driven
Afghanistan,Flash Floods,Asia,2026,Hydrological (Climate),Climate-Driven
India,Flash Floods,Asia,2026,Hydrological (Climate),Climate-Driven
Kyrgyzstan,Flash Floods,Asia,2026,Hydrological (Climate),Climate-Driven
Tajikistan,Floods,Asia,2026,Hydrological (Climate),Climate-Driven
Bangladesh,Flash Floods,Asia,2026,Hydrological (Climate),Climate-Driven
Georgia,Floods,Asia,2026,Hydrological (Climate),Climate-Driven
Central African Republic,Cholera Outbreak,Africa,2026,Biological (Non-Climate),Non-Climate
Venezuela,Earthquakes,South America,2026,Geophysical (Non-Climate),Non-Climate
Chad,Cholera Outbreak,Africa,2026,Biological (Non-Climate),Non-Climate
Philippines,Earthquake and Tsunami,Asia,2026,Geophysical (Non-Climate),Non-Climate
Armenia,Hailstorm,Asia,2026,Meteorological (Climate),Climate-Driven
Syria,Floods,Asia,2026,Hydrological (Climate),Climate-Driven
Central/Eastern Africa,Ebola Outbreak,Africa,2026,Biological (Non-Climate),Non-Climate
Sri Lanka,Dengue Outbreak,Asia,2026,Biological (Non-Climate),Non-Climate
Dominican Republic,Floods,North America,2026,Hydrological (Climate),Climate-Driven
Yemen,Floods,Asia,2026,Hydrological (Climate),Climate-Driven
Tanzania,Floods and Landslides,Africa,2026,Hydrological (Climate),Climate-Driven
Liberia,Windstorms,Africa,2026,Meteorological (Climate),Climate-Driven
Botswana,Floods,Africa,2026,Hydrological (Climate),Climate-Driven
Ethiopia,Floods and Landslides,Africa,2026,Hydrological (Climate),Climate-Driven
Kenya,Floods,Africa,2026,Hydrological (Climate),Climate-Driven
Suriname,Chikungunya Virus Outbreak,South America,2026,Biological (Non-Climate),Non-Climate
Brazil,Floods,South America,2026,Hydrological (Climate),Climate-Driven
Peru,Floods and Landslides,South America,2026,Hydrological (Climate),Climate-Driven
Angola,Floods,Africa,2026,Hydrological (Climate),Climate-Driven
Zambia,Cholera Outbreak,Africa,2026,Biological (Non-Climate),Non-Climate
Cameroon,Fires,Africa,2026,Technological (Non-Climate),Non-Climate
Somalia,Dengue Outbreak,Africa,2026,Biological (Non-Climate),Non-Climate
Rwanda,Flash Floods,Africa,2026,Hydrological (Climate),Climate-Driven
Algeria,Floods,Africa,2026,Hydrological (Climate),Climate-Driven
Argentina,Landslides,South America,2026,Hydrological (Climate),Climate-Driven
South Africa,Floods,Africa,2026,Hydrological (Climate),Climate-Driven
North Macedonia,Floods,Europe,2026,Hydrological (Climate),Climate-Driven
Malawi,Floods,Africa,2026,Hydrological (Climate),Climate-Driven
Serbia,Cold Wave,Europe,2026,Meteorological (Climate),Climate-Driven
Guatemala,Measles Outbreak,North America,2026,Biological (Non-Climate),Non-Climate
Ecuador,Floods,South America,2026,Hydrological (Climate),Climate-Driven
Zimbabwe,Floods,Africa,2026,Hydrological (Climate),Climate-Driven
Mozambique,Floods,Africa,2025,Hydrological (Climate),Climate-Driven
Chile,Wild Fires,South America,2025,Climatological (Climate),Climate-Driven
Gabon,Windstorms,Africa,2025,Meteorological (Climate),Climate-Driven
Morocco,Floods,Africa,2025,Hydrological (Climate),Climate-Driven
Bolivia,Floods,South America,2025,Hydrological (Climate),Climate-Driven
Congo,Floods,Africa,2025,Hydrological (Climate),Climate-Driven
Cuba,Arboviral Outbreak,North America,2025,Biological (Non-Climate),Non-Climate
Egypt,Floods,Africa,2025,Hydrological (Climate),Climate-Driven
Cabo Verde,Flash Floods,Africa,2025,Hydrological (Climate),Climate-Driven
South Sudan,Floods,Africa,2025,Hydrological (Climate),Climate-Driven
Sudan,Floods,Africa,2025,Hydrological (Climate),Climate-Driven
Honduras,Floods,North America,2025,Hydrological (Climate),Climate-Driven
Panama,River Pollution,North America,2025,Technological (Non-Climate),Non-Climate
Côte d'Ivoire,Cholera Outbreak,Africa,2025,Biological (Non-Climate),Non-Climate
Ghana,Cholera Outbreak,Africa,2024,Biological (Non-Climate),Non-Climate
Namibia,Drought,Africa,2024,Climatological (Climate),Climate-Driven
Niger,Diphtheria Outbreak,Africa,2023,Biological (Non-Climate),Non-Climate
Nigeria,Lassa Fever Outbreak,Africa,2023,Biological (Non-Climate),Non-Climate
Burundi,Cholera Outbreak,Africa,2023,Biological (Non-Climate),Non-Climate
DR Congo,Ebola Outbreak,Africa,2022,Biological (Non-Climate),Non-Climate
Algeria,Wild Fires,Africa,2022,Climatological (Climate),Climate-Driven
Nepal,Dengue Outbreak,Asia,2022,Biological (Non-Climate),Non-Climate
Lao PDR,Floods and Landslides,Asia,2022,Hydrological (Climate),Climate-Driven
Senegal,Floods,Africa,2022,Hydrological (Climate),Climate-Driven
Sri Lanka,Floods and Landslides,Asia,2022,Hydrological (Climate),Climate-Driven
Gambia,Floods,Africa,2022,Hydrological (Climate),Climate-Driven
Uganda,Floods,Africa,2022,Hydrological (Climate),Climate-Driven
Central African Republic,Floods,Africa,2022,Hydrological (Climate),Climate-Driven
Philippines,Earthquake,Asia,2022,Geophysical (Non-Climate),Non-Climate
Chad,Floods,Africa,2022,Hydrological (Climate),Climate-Driven
Mauritania,Floods,Africa,2022,Hydrological (Climate),Climate-Driven
Iran,Flash Floods,Asia,2022,Hydrological (Climate),Climate-Driven
Mongolia,Flash Floods,Asia,2022,Hydrological (Climate),Climate-Driven
Nigeria,Floods,Africa,2022,Hydrological (Climate),Climate-Driven
Ethiopia,Floods,Africa,2022,Hydrological (Climate),Climate-Driven
Iran,Earthquake,Asia,2022,Geophysical (Non-Climate),Non-Climate
Pakistan,Floods,Asia,2022,Hydrological (Climate),Climate-Driven
Mauritania,Drought,Africa,2022,Climatological (Climate),Climate-Driven
Georgia,Floods,Asia,2022,Hydrological (Climate),Climate-Driven
Indonesia,Earthquake,Asia,2026,Geophysical (Non-Climate),Non-Climate
Colombia,Earthquake,South America,2026,Geophysical (Non-Climate),Non-Climate
Myanmar,Floods,Asia,2026,Hydrological (Climate),Climate-Driven
Afghanistan,Flash Floods,Asia,2026,Hydrological (Climate),Climate-Driven
India,Flash Floods,Asia,2026,Hydrological (Climate),Climate-Driven
Kyrgyzstan,Flash Floods,Asia,2026,Hydrological (Climate),Climate-Driven
Tajikistan,Floods,Asia,2026,Hydrological (Climate),Climate-Driven
Bangladesh,Flash Floods,Asia,2026,Hydrological (Climate),Climate-Driven
Georgia,Floods,Asia,2026,Hydrological (Climate),Climate-Driven
Central African Republic,Cholera Outbreak,Africa,2026,Biological (Non-Climate),Non-Climate
Venezuela,Earthquakes,South America,2026,Geophysical (Non-Climate),Non-Climate
Chad,Cholera Outbreak,Africa,2026,Biological (Non-Climate),Non-Climate
Philippines,Earthquake and Tsunami,Asia,2026,Geophysical (Non-Climate),Non-Climate
Armenia,Hailstorm,Asia,2026,Meteorological (Climate),Climate-Driven
Syria,Floods,Asia,2026,Hydrological (Climate),Climate-Driven
Central/Eastern Africa,Ebola Outbreak,Africa,2026,Biological (Non-Climate),Non-Climate
Sri Lanka,Dengue Outbreak,Asia,2026,Biological (Non-Climate),Non-Climate
Dominican Republic,Floods,North America,2026,Hydrological (Climate),Climate-Driven
Yemen,Floods,Asia,2026,Hydrological (Climate),Climate-Driven
Tanzania,Floods and Landslides,Africa,2026,Hydrological (Climate),Climate-Driven
Liberia,Windstorms,Africa,2026,Meteorological (Climate),Climate-Driven
Botswana,Floods,Africa,2026,Hydrological (Climate),Climate-Driven
Ethiopia,Floods and Landslides,Africa,2026,Hydrological (Climate),Climate-Driven
Kenya,Floods,Africa,2026,Hydrological (Climate),Climate-Driven
Suriname,Chikungunya Virus Outbreak,South America,2026,Biological (Non-Climate),Non-Climate
Brazil,Floods,South America,2026,Hydrological (Climate),Climate-Driven
Peru,Floods and Landslides,South America,2026,Hydrological (Climate),Climate-Driven
Angola,Floods,Africa,2026,Hydrological (Climate),Climate-Driven
Zambia,Cholera Outbreak,Africa,2026,Biological (Non-Climate),Non-Climate
Cameroon,Fires,Africa,2026,Technological (Non-Climate),Non-Climate
Somalia,Dengue Outbreak,Africa,2026,Biological (Non-Climate),Non-Climate
Rwanda,Flash Floods,Africa,2026,Hydrological (Climate),Climate-Driven
Algeria,Floods,Africa,2026,Hydrological (Climate),Climate-Driven
Argentina,Landslides,South America,2026,Hydrological (Climate),Climate-Driven
South Africa,Floods,Africa,2026,Hydrological (Climate),Climate-Driven
North Macedonia,Floods,Europe,2026,Hydrological (Climate),Climate-Driven
Malawi,Floods,Africa,2026,Hydrological (Climate),Climate-Driven
Serbia,Cold Wave,Europe,2026,Meteorological (Climate),Climate-Driven
Guatemala,Measles Outbreak,North America,2026,Biological (Non-Climate),Non-Climate
Ecuador,Floods,South America,2026,Hydrological (Climate),Climate-Driven
Zimbabwe,Floods,Africa,2026,Hydrological (Climate),Climate-Driven
Mozambique,Floods,Africa,2025,Hydrological (Climate),Climate-Driven
Chile,Wild Fires,South America,2025,Climatological (Climate),Climate-Driven
Gabon,Windstorms,Africa,2025,Meteorological (Climate),Climate-Driven
Morocco,Floods,Africa,2025,Hydrological (Climate),Climate-Driven
Bolivia,Floods,South America,2025,Hydrological (Climate),Climate-Driven
Congo,Floods,Africa,2025,Hydrological (Climate),Climate-Driven
Cuba,Arboviral Outbreak,North America,2025,Biological (Non-Climate),Non-Climate
Egypt,Floods,Africa,2025,Hydrological (Climate),Climate-Driven
Cabo Verde,Flash Floods,Africa,2025,Hydrological (Climate),Climate-Driven
South Sudan,Floods,Africa,2025,Hydrological (Climate),Climate-Driven
Sudan,Floods,Africa,2025,Hydrological (Climate),Climate-Driven
Honduras,Floods,North America,2025,Hydrological (Climate),Climate-Driven
Panama,River Pollution,North America,2025,Technological (Non-Climate),Non-Climate
Côte d'Ivoire,Cholera Outbreak,Africa,2025,Biological (Non-Climate),Non-Climate
Ghana,Cholera Outbreak,Africa,2024,Biological (Non-Climate),Non-Climate
Namibia,Drought,Africa,2024,Climatological (Climate),Climate-Driven
Niger,Diphtheria Outbreak,Africa,2023,Biological (Non-Climate),Non-Climate
Nigeria,Lassa Fever Outbreak,Africa,2023,Biological (Non-Climate),Non-Climate
Burundi,Cholera Outbreak,Africa,2023,Biological (Non-Climate),Non-Climate
Afghanistan,Earthquake,Asia,2022,Geophysical (Non-Climate),Non-Climate
Iraq,Cholera Outbreak,Asia,2022,Biological (Non-Climate),Non-Climate
Nepal,Cholera Outbreak,Asia,2022,Biological (Non-Climate),Non-Climate
Sudan,Floods,Africa,2022,Hydrological (Climate),Climate-Driven
Cote d'Ivoire,Floods,Africa,2022,Hydrological (Climate),Climate-Driven
Yemen,Floods,Asia,2022,Hydrological (Climate),Climate-Driven
Guatemala,Floods and Landslides,North America,2022,Hydrological (Climate),Climate-Driven
Bangladesh,Floods and Landslides,Asia,2022,Hydrological (Climate),Climate-Driven
Sao Tome and Principe,Dengue Fever Outbreak,Africa,2022,Biological (Non-Climate),Non-Climate
India,Floods and Landslides,Asia,2022,Hydrological (Climate),Climate-Driven
Somalia,Rain and Windstorms,Africa,2022,Meteorological (Climate),Climate-Driven
Niger,Drought,Africa,2022,Climatological (Climate),Climate-Driven
South Sudan,Cholera Outbreak,Africa,2022,Biological (Non-Climate),Non-Climate
Afghanistan,Flash Floods,Asia,2022,Hydrological (Climate),Climate-Driven
Pacific,Drought,Oceania,2022,Climatological (Climate),Climate-Driven
Venezuela,Floods,South America,2022,Hydrological (Climate),Climate-Driven
Tanzania,Cholera Outbreak,Africa,2022,Biological (Non-Climate),Non-Climate
DR Congo,Ebola Outbreak,Africa,2022,Biological (Non-Climate),Non-Climate
Liberia,Measles Outbreak,Africa,2022,Biological (Non-Climate),Non-Climate
Zambia,Cholera Outbreak,Africa,2022,Biological (Non-Climate),Non-Climate
Indonesia,Earthquake,Asia,2026,Geophysical (Non-Climate),Non-Climate
Colombia,Earthquake,South America,2026,Geophysical (Non-Climate),Non-Climate
Myanmar,Floods,Asia,2026,Hydrological (Climate),Climate-Driven
Afghanistan,Flash Floods,Asia,2026,Hydrological (Climate),Climate-Driven
India,Flash Floods,Asia,2026,Hydrological (Climate),Climate-Driven
Kyrgyzstan,Flash Floods,Asia,2026,Hydrological (Climate),Climate-Driven
Tajikistan,Floods,Asia,2026,Hydrological (Climate),Climate-Driven
Bangladesh,Flash Floods,Asia,2026,Hydrological (Climate),Climate-Driven
Georgia,Floods,Asia,2026,Hydrological (Climate),Climate-Driven
Central African Republic,Cholera Outbreak,Africa,2026,Biological (Non-Climate),Non-Climate
Venezuela,Earthquakes,South America,2026,Geophysical (Non-Climate),Non-Climate
Chad,Cholera Outbreak,Africa,2026,Biological (Non-Climate),Non-Climate
Philippines,Earthquake and Tsunami,Asia,2026,Geophysical (Non-Climate),Non-Climate
Armenia,Hailstorm,Asia,2026,Meteorological (Climate),Climate-Driven
Syria,Floods,Asia,2026,Hydrological (Climate),Climate-Driven
Central/Eastern Africa,Ebola Outbreak,Africa,2026,Biological (Non-Climate),Non-Climate
Sri Lanka,Dengue Outbreak,Asia,2026,Biological (Non-Climate),Non-Climate
Dominican Republic,Floods,North America,2026,Hydrological (Climate),Climate-Driven
Yemen,Floods,Asia,2026,Hydrological (Climate),Climate-Driven
Tanzania,Floods and Landslides,Africa,2026,Hydrological (Climate),Climate-Driven
Liberia,Windstorms,Africa,2026,Meteorological (Climate),Climate-Driven
Botswana,Floods,Africa,2026,Hydrological (Climate),Climate-Driven
Ethiopia,Floods and Landslides,Africa,2026,Hydrological (Climate),Climate-Driven
Kenya,Floods,Africa,2026,Hydrological (Climate),Climate-Driven
Suriname,Chikungunya Virus Outbreak,South America,2026,Biological (Non-Climate),Non-Climate
Brazil,Floods,South America,2026,Hydrological (Climate),Climate-Driven
Peru,Floods and Landslides,South America,2026,Hydrological (Climate),Climate-Driven
Angola,Floods,Africa,2026,Hydrological (Climate),Climate-Driven
Zambia,Cholera Outbreak,Africa,2026,Biological (Non-Climate),Non-Climate
Cameroon,Fires,Africa,2026,Technological (Non-Climate),Non-Climate
Somalia,Dengue Outbreak,Africa,2026,Biological (Non-Climate),Non-Climate
Rwanda,Flash Floods,Africa,2026,Hydrological (Climate),Climate-Driven
Algeria,Floods,Africa,2026,Hydrological (Climate),Climate-Driven
Argentina,Landslides,South America,2026,Hydrological (Climate),Climate-Driven
South Africa,Floods,Africa,2026,Hydrological (Climate),Climate-Driven
North Macedonia,Floods,Europe,2026,Hydrological (Climate),Climate-Driven
Malawi,Floods,Africa,2026,Hydrological (Climate),Climate-Driven
Serbia,Cold Wave,Europe,2026,Meteorological (Climate),Climate-Driven
Guatemala,Measles Outbreak,North America,2026,Biological (Non-Climate),Non-Climate
Ecuador,Floods,South America,2026,Hydrological (Climate),Climate-Driven
Zimbabwe,Floods,Africa,2026,Hydrological (Climate),Climate-Driven
Mozambique,Floods,Africa,2025,Hydrological (Climate),Climate-Driven
Chile,Wild Fires,South America,2025,Climatological (Climate),Climate-Driven
Gabon,Windstorms,Africa,2025,Meteorological (Climate),Climate-Driven
Morocco,Floods,Africa,2025,Hydrological (Climate),Climate-Driven
Bolivia,Floods,South America,2025,Hydrological (Climate),Climate-Driven
Congo,Floods,Africa,2025,Hydrological (Climate),Climate-Driven
Cuba,Arboviral Outbreak,North America,2025,Biological (Non-Climate),Non-Climate
Egypt,Floods,Africa,2025,Hydrological (Climate),Climate-Driven
Cabo Verde,Flash Floods,Africa,2025,Hydrological (Climate),Climate-Driven
South Sudan,Floods,Africa,2025,Hydrological (Climate),Climate-Driven
Sudan,Floods,Africa,2025,Hydrological (Climate),Climate-Driven
Honduras,Floods,North America,2025,Hydrological (Climate),Climate-Driven
Panama,River Pollution,North America,2025,Technological (Non-Climate),Non-Climate
Côte d'Ivoire,Cholera Outbreak,Africa,2025,Biological (Non-Climate),Non-Climate
Ghana,Cholera Outbreak,Africa,2024,Biological (Non-Climate),Non-Climate
Namibia,Drought,Africa,2024,Climatological (Climate),Climate-Driven
Niger,Diphtheria Outbreak,Africa,2023,Biological (Non-Climate),Non-Climate
Nigeria,Lassa Fever Outbreak,Africa,2023,Biological (Non-Climate),Non-Climate
Burundi,Cholera Outbreak,Africa,2023,Biological (Non-Climate),Non-Climate
South Africa,Floods and Landslides,Africa,2022,Hydrological (Climate),Climate-Driven
Zimbabwe,Measles Outbreak,Africa,2022,Biological (Non-Climate),Non-Climate
DR Congo,Plague Outbreak,Africa,2022,Biological (Non-Climate),Non-Climate
Somalia,Urban Fire Incident,Africa,2022,Technological (Non-Climate),Non-Climate
Ecuador,Earthquake,South America,2022,Geophysical (Non-Climate),Non-Climate
Tunisia,Flash Floods,Africa,2022,Hydrological (Climate),Climate-Driven
Colombia,Floods and Landslides,South America,2022,Hydrological (Climate),Climate-Driven
Djibouti,Drought,Africa,2022,Climatological (Climate),Climate-Driven
Malawi,Cholera Outbreak,Africa,2022,Biological (Non-Climate),Non-Climate
Central African Republic,Fires,Africa,2022,Technological (Non-Climate),Non-Climate
Malawi,Polio Outbreak,Africa,2022,Biological (Non-Climate),Non-Climate
Cabo Verde,Drought,Africa,2022,Climatological (Climate),Climate-Driven
Haiti,Floods,North America,2022,Hydrological (Climate),Climate-Driven
Ecuador,Floods and Landslides,South America,2022,Hydrological (Climate),Climate-Driven
Indonesia,Earthquake,Asia,2026,Geophysical (Non-Climate),Non-Climate
Colombia,Earthquake,South America,2026,Geophysical (Non-Climate),Non-Climate
Myanmar,Floods,Asia,2026,Hydrological (Climate),Climate-Driven
Afghanistan,Flash Floods,Asia,2026,Hydrological (Climate),Climate-Driven
India,Flash Floods,Asia,2026,Hydrological (Climate),Climate-Driven
Kyrgyzstan,Flash Floods,Asia,2026,Hydrological (Climate),Climate-Driven
Tajikistan,Floods,Asia,2026,Hydrological (Climate),Climate-Driven
Bangladesh,Flash Floods,Asia,2026,Hydrological (Climate),Climate-Driven
Georgia,Floods,Asia,2026,Hydrological (Climate),Climate-Driven
Central African Republic,Cholera Outbreak,Africa,2026,Biological (Non-Climate),Non-Climate
Venezuela,Earthquakes,South America,2026,Geophysical (Non-Climate),Non-Climate
Chad,Cholera Outbreak,Africa,2026,Biological (Non-Climate),Non-Climate
Philippines,Earthquake and Tsunami,Asia,2026,Geophysical (Non-Climate),Non-Climate
Armenia,Hailstorm,Asia,2026,Meteorological (Climate),Climate-Driven
Syria,Floods,Asia,2026,Hydrological (Climate),Climate-Driven
Central/Eastern Africa,Ebola Outbreak,Africa,2026,Biological (Non-Climate),Non-Climate
Sri Lanka,Dengue Outbreak,Asia,2026,Biological (Non-Climate),Non-Climate
Dominican Republic,Floods,North America,2026,Hydrological (Climate),Climate-Driven
Yemen,Floods,Asia,2026,Hydrological (Climate),Climate-Driven
Tanzania,Floods and Landslides,Africa,2026,Hydrological (Climate),Climate-Driven
Liberia,Windstorms,Africa,2026,Meteorological (Climate),Climate-Driven
Botswana,Floods,Africa,2026,Hydrological (Climate),Climate-Driven
Ethiopia,Floods and Landslides,Africa,2026,Hydrological (Climate),Climate-Driven
Kenya,Floods,Africa,2026,Hydrological (Climate),Climate-Driven
Suriname,Chikungunya Virus Outbreak,South America,2026,Biological (Non-Climate),Non-Climate
Brazil,Floods,South America,2026,Hydrological (Climate),Climate-Driven
Peru,Floods and Landslides,South America,2026,Hydrological (Climate),Climate-Driven
Angola,Floods,Africa,2026,Hydrological (Climate),Climate-Driven
Zambia,Cholera Outbreak,Africa,2026,Biological (Non-Climate),Non-Climate
Cameroon,Fires,Africa,2026,Technological (Non-Climate),Non-Climate
Somalia,Dengue Outbreak,Africa,2026,Biological (Non-Climate),Non-Climate
Rwanda,Flash Floods,Africa,2026,Hydrological (Climate),Climate-Driven
Algeria,Floods,Africa,2026,Hydrological (Climate),Climate-Driven
Argentina,Landslides,South America,2026,Hydrological (Climate),Climate-Driven
South Africa,Floods,Africa,2026,Hydrological (Climate),Climate-Driven
North Macedonia,Floods,Europe,2026,Hydrological (Climate),Climate-Driven
Malawi,Floods,Africa,2026,Hydrological (Climate),Climate-Driven
Serbia,Cold Wave,Europe,2026,Meteorological (Climate),Climate-Driven
Guatemala,Measles Outbreak,North America,2026,Biological (Non-Climate),Non-Climate
Ecuador,Floods,South America,2026,Hydrological (Climate),Climate-Driven
Zimbabwe,Floods,Africa,2026,Hydrological (Climate),Climate-Driven
Mozambique,Floods,Africa,2025,Hydrological (Climate),Climate-Driven
Chile,Wild Fires,South America,2025,Climatological (Climate),Climate-Driven
Gabon,Windstorms,Africa,2025,Meteorological (Climate),Climate-Driven
Morocco,Floods,Africa,2025,Hydrological (Climate),Climate-Driven
Bolivia,Floods,South America,2025,Hydrological (Climate),Climate-Driven
Congo,Floods,Africa,2025,Hydrological (Climate),Climate-Driven
Cuba,Arboviral Outbreak,North America,2025,Biological (Non-Climate),Non-Climate
Egypt,Floods,Africa,2025,Hydrological (Climate),Climate-Driven
Cabo Verde,Flash Floods,Africa,2025,Hydrological (Climate),Climate-Driven
South Sudan,Floods,Africa,2025,Hydrological (Climate),Climate-Driven
Sudan,Floods,Africa,2025,Hydrological (Climate),Climate-Driven
Honduras,Floods,North America,2025,Hydrological (Climate),Climate-Driven
Panama,River Pollution,North America,2025,Technological (Non-Climate),Non-Climate
Côte d'Ivoire,Cholera Outbreak,Africa,2025,Biological (Non-Climate),Non-Climate
Ghana,Cholera Outbreak,Africa,2024,Biological (Non-Climate),Non-Climate
Namibia,Drought,Africa,2024,Climatological (Climate),Climate-Driven
Niger,Diphtheria Outbreak,Africa,2023,Biological (Non-Climate),Non-Climate
Nigeria,Lassa Fever Outbreak,Africa,2023,Biological (Non-Climate),Non-Climate
Burundi,Cholera Outbreak,Africa,2023,Biological (Non-Climate),Non-Climate
Peru,Oil Spill,South America,2022,Technological (Non-Climate),Non-Climate
occupied Palestinian territory,Cold Wave,Asia,2022,Meteorological (Climate),Climate-Driven
Ghana,Explosion in Apeate,Africa,2022,Technological (Non-Climate),Non-Climate
Syria,Cold Wave,Asia,2022,Meteorological (Climate),Climate-Driven
Madagascar,Floods and Landslides,Africa,2022,Hydrological (Climate),Climate-Driven
Afghanistan,Earthquake,Asia,2022,Geophysical (Non-Climate),Non-Climate
Zambia,Flash Floods,Africa,2022,Hydrological (Climate),Climate-Driven
Timor-Leste,Dengue Outbreak,Asia,2022,Biological (Non-Climate),Non-Climate
Tonga,Volcanic Eruption and Tsunami,Oceania,2022,Geophysical (Non-Climate),Non-Climate
Kenya,Yellow Fever and Chikungunya Outbreaks,Africa,2022,Biological (Non-Climate),Non-Climate
Marshall Islands,Drought,Oceania,2022,Climatological (Climate),Climate-Driven
Iran,Floods,Asia,2022,Hydrological (Climate),Climate-Driven
Sao Tome and Principe,Floods and Landslides,Africa,2021,Hydrological (Climate),Climate-Driven
Afghanistan,Measles Outbreak,Asia,2021,Biological (Non-Climate),Non-Climate
Malaysia,Flash Floods,Asia,2021,Hydrological (Climate),Climate-Driven
Iraq,Flash Floods,Asia,2021,Hydrological (Climate),Climate-Driven
Haiti,Fuel Truck Explosion,North America,2021,Technological (Non-Climate),Non-Climate
Indonesia,Earthquake,Asia,2026,Geophysical (Non-Climate),Non-Climate
Colombia,Earthquake,South America,2026,Geophysical (Non-Climate),Non-Climate
Myanmar,Floods,Asia,2026,Hydrological (Climate),Climate-Driven
Afghanistan,Flash Floods,Asia,2026,Hydrological (Climate),Climate-Driven
India,Flash Floods,Asia,2026,Hydrological (Climate),Climate-Driven
Kyrgyzstan,Flash Floods,Asia,2026,Hydrological (Climate),Climate-Driven
Tajikistan,Floods,Asia,2026,Hydrological (Climate),Climate-Driven
Bangladesh,Flash Floods,Asia,2026,Hydrological (Climate),Climate-Driven
Georgia,Floods,Asia,2026,Hydrological (Climate),Climate-Driven
Central African Republic,Cholera Outbreak,Africa,2026,Biological (Non-Climate),Non-Climate
Venezuela,Earthquakes,South America,2026,Geophysical (Non-Climate),Non-Climate
Chad,Cholera Outbreak,Africa,2026,Biological (Non-Climate),Non-Climate
Philippines,Earthquake and Tsunami,Asia,2026,Geophysical (Non-Climate),Non-Climate
Armenia,Hailstorm,Asia,2026,Meteorological (Climate),Climate-Driven
Syria,Floods,Asia,2026,Hydrological (Climate),Climate-Driven
Central/Eastern Africa,Ebola Outbreak,Africa,2026,Biological (Non-Climate),Non-Climate
Sri Lanka,Dengue Outbreak,Asia,2026,Biological (Non-Climate),Non-Climate
Dominican Republic,Floods,North America,2026,Hydrological (Climate),Climate-Driven
Yemen,Floods,Asia,2026,Hydrological (Climate),Climate-Driven
Tanzania,Floods and Landslides,Africa,2026,Hydrological (Climate),Climate-Driven
Liberia,Windstorms,Africa,2026,Meteorological (Climate),Climate-Driven
Botswana,Floods,Africa,2026,Hydrological (Climate),Climate-Driven
Ethiopia,Floods and Landslides,Africa,2026,Hydrological (Climate),Climate-Driven
Kenya,Floods,Africa,2026,Hydrological (Climate),Climate-Driven
Suriname,Chikungunya Virus Outbreak,South America,2026,Biological (Non-Climate),Non-Climate
Brazil,Floods,South America,2026,Hydrological (Climate),Climate-Driven
Peru,Floods and Landslides,South America,2026,Hydrological (Climate),Climate-Driven
Angola,Floods,Africa,2026,Hydrological (Climate),Climate-Driven
Zambia,Cholera Outbreak,Africa,2026,Biological (Non-Climate),Non-Climate
Cameroon,Fires,Africa,2026,Technological (Non-Climate),Non-Climate
Somalia,Dengue Outbreak,Africa,2026,Biological (Non-Climate),Non-Climate
Rwanda,Flash Floods,Africa,2026,Hydrological (Climate),Climate-Driven
Algeria,Floods,Africa,2026,Hydrological (Climate),Climate-Driven
Argentina,Landslides,South America,2026,Hydrological (Climate),Climate-Driven
South Africa,Floods,Africa,2026,Hydrological (Climate),Climate-Driven
North Macedonia,Floods,Europe,2026,Hydrological (Climate),Climate-Driven
Malawi,Floods,Africa,2026,Hydrological (Climate),Climate-Driven
Serbia,Cold Wave,Europe,2026,Meteorological (Climate),Climate-Driven
Guatemala,Measles Outbreak,North America,2026,Biological (Non-Climate),Non-Climate
Ecuador,Floods,South America,2026,Hydrological (Climate),Climate-Driven
Zimbabwe,Floods,Africa,2026,Hydrological (Climate),Climate-Driven
Mozambique,Floods,Africa,2025,Hydrological (Climate),Climate-Driven
Chile,Wild Fires,South America,2025,Climatological (Climate),Climate-Driven
Gabon,Windstorms,Africa,2025,Meteorological (Climate),Climate-Driven
Morocco,Floods,Africa,2025,Hydrological (Climate),Climate-Driven
Bolivia,Floods,South America,2025,Hydrological (Climate),Climate-Driven
Congo,Floods,Africa,2025,Hydrological (Climate),Climate-Driven
Cuba,Arboviral Outbreak,North America,2025,Biological (Non-Climate),Non-Climate
Egypt,Floods,Africa,2025,Hydrological (Climate),Climate-Driven
Cabo Verde,Flash Floods,Africa,2025,Hydrological (Climate),Climate-Driven
South Sudan,Floods,Africa,2025,Hydrological (Climate),Climate-Driven
Sudan,Floods,Africa,2025,Hydrological (Climate),Climate-Driven
Honduras,Floods,North America,2025,Hydrological (Climate),Climate-Driven
Panama,River Pollution,North America,2025,Technological (Non-Climate),Non-Climate
Côte d'Ivoire,Cholera Outbreak,Africa,2025,Biological (Non-Climate),Non-Climate
Ghana,Cholera Outbreak,Africa,2024,Biological (Non-Climate),Non-Climate
Namibia,Drought,Africa,2024,Climatological (Climate),Climate-Driven
Niger,Diphtheria Outbreak,Africa,2023,Biological (Non-Climate),Non-Climate
Nigeria,Lassa Fever Outbreak,Africa,2023,Biological (Non-Climate),Non-Climate
Burundi,Cholera Outbreak,Africa,2023,Biological (Non-Climate),Non-Climate
South Africa,Severe Thunderstorms,Africa,2021,Meteorological (Climate),Climate-Driven
Brazil,Floods,South America,2021,Hydrological (Climate),Climate-Driven
Indonesia,Semeru Volcano,Asia,2021,Geophysical (Non-Climate),Non-Climate
Republic of Congo,Floods,Africa,2021,Hydrological (Climate),Climate-Driven
Peru,Earthquake,South America,2021,Geophysical (Non-Climate),Non-Climate
Malawi,Strong Winds and Heavy Rains,Africa,2021,Meteorological (Climate),Climate-Driven
Iran,Earthquake,Asia,2021,Geophysical (Non-Climate),Non-Climate
Egypt,Floods,Africa,2021,Hydrological (Climate),Climate-Driven
Bosnia and Herzegovina,Floods,Europe,2021,Hydrological (Climate),Climate-Driven
Sierra Leone,Oil Tanker Explosion,Africa,2021,Technological (Non-Climate),Non-Climate
Vanuatu,Yasur Volcano,Oceania,2021,Geophysical (Non-Climate),Non-Climate
Pakistan,Dengue Outbreak,Asia,2021,Biological (Non-Climate),Non-Climate
DR Congo,Ebola Outbreak,Africa,2021,Biological (Non-Climate),Non-Climate
Pakistan,Earthquake,Asia,2021,Geophysical (Non-Climate),Non-Climate
Honduras,Wildfires,North America,2021,Climatological (Climate),Climate-Driven
India,Floods and Landslides,Asia,2021,Hydrological (Climate),Climate-Driven
Georgia,Floods,Asia,2021,Hydrological (Climate),Climate-Driven
Uganda,Floods and Landslides,Africa,2021,Hydrological (Climate),Climate-Driven
DR Congo,Meningitis Outbreak,Africa,2021,Biological (Non-Climate),Non-Climate
Indonesia,Earthquake,Asia,2026,Geophysical (Non-Climate),Non-Climate
Colombia,Earthquake,South America,2026,Geophysical (Non-Climate),Non-Climate
Myanmar,Floods,Asia,2026,Hydrological (Climate),Climate-Driven
Afghanistan,Flash Floods,Asia,2026,Hydrological (Climate),Climate-Driven
India,Flash Floods,Asia,2026,Hydrological (Climate),Climate-Driven
Kyrgyzstan,Flash Floods,Asia,2026,Hydrological (Climate),Climate-Driven
Tajikistan,Floods,Asia,2026,Hydrological (Climate),Climate-Driven
Bangladesh,Flash Floods,Asia,2026,Hydrological (Climate),Climate-Driven
Georgia,Floods,Asia,2026,Hydrological (Climate),Climate-Driven
Central African Republic,Cholera Outbreak,Africa,2026,Biological (Non-Climate),Non-Climate
Venezuela,Earthquakes,South America,2026,Geophysical (Non-Climate),Non-Climate
Chad,Cholera Outbreak,Africa,2026,Biological (Non-Climate),Non-Climate
Philippines,Earthquake and Tsunami,Asia,2026,Geophysical (Non-Climate),Non-Climate
Armenia,Hailstorm,Asia,2026,Meteorological (Climate),Climate-Driven
Syria,Floods,Asia,2026,Hydrological (Climate),Climate-Driven
Central/Eastern Africa,Ebola Outbreak,Africa,2026,Biological (Non-Climate),Non-Climate
Sri Lanka,Dengue Outbreak,Asia,2026,Biological (Non-Climate),Non-Climate
Dominican Republic,Floods,North America,2026,Hydrological (Climate),Climate-Driven
Yemen,Floods,Asia,2026,Hydrological (Climate),Climate-Driven
Tanzania,Floods and Landslides,Africa,2026,Hydrological (Climate),Climate-Driven
Liberia,Windstorms,Africa,2026,Meteorological (Climate),Climate-Driven
Botswana,Floods,Africa,2026,Hydrological (Climate),Climate-Driven
Ethiopia,Floods and Landslides,Africa,2026,Hydrological (Climate),Climate-Driven
Kenya,Floods,Africa,2026,Hydrological (Climate),Climate-Driven
Suriname,Chikungunya Virus Outbreak,South America,2026,Biological (Non-Climate),Non-Climate
Brazil,Floods,South America,2026,Hydrological (Climate),Climate-Driven
Peru,Floods and Landslides,South America,2026,Hydrological (Climate),Climate-Driven
Angola,Floods,Africa,2026,Hydrological (Climate),Climate-Driven
Zambia,Cholera Outbreak,Africa,2026,Biological (Non-Climate),Non-Climate
Cameroon,Fires,Africa,2026,Technological (Non-Climate),Non-Climate
Somalia,Dengue Outbreak,Africa,2026,Biological (Non-Climate),Non-Climate
Rwanda,Flash Floods,Africa,2026,Hydrological (Climate),Climate-Driven
Algeria,Floods,Africa,2026,Hydrological (Climate),Climate-Driven
Argentina,Landslides,South America,2026,Hydrological (Climate),Climate-Driven
South Africa,Floods,Africa,2026,Hydrological (Climate),Climate-Driven
North Macedonia,Floods,Europe,2026,Hydrological (Climate),Climate-Driven
Malawi,Floods,Africa,2026,Hydrological (Climate),Climate-Driven
Serbia,Cold Wave,Europe,2026,Meteorological (Climate),Climate-Driven
Guatemala,Measles Outbreak,North America,2026,Biological (Non-Climate),Non-Climate
Ecuador,Floods,South America,2026,Hydrological (Climate),Climate-Driven
Zimbabwe,Floods,Africa,2026,Hydrological (Climate),Climate-Driven
Mozambique,Floods,Africa,2025,Hydrological (Climate),Climate-Driven
Chile,Wild Fires,South America,2025,Climatological (Climate),Climate-Driven
Gabon,Windstorms,Africa,2025,Meteorological (Climate),Climate-Driven
Morocco,Floods,Africa,2025,Hydrological (Climate),Climate-Driven
Bolivia,Floods,South America,2025,Hydrological (Climate),Climate-Driven
Congo,Floods,Africa,2025,Hydrological (Climate),Climate-Driven
Cuba,Arboviral Outbreak,North America,2025,Biological (Non-Climate),Non-Climate
Egypt,Floods,Africa,2025,Hydrological (Climate),Climate-Driven
Cabo Verde,Flash Floods,Africa,2025,Hydrological (Climate),Climate-Driven
South Sudan,Floods,Africa,2025,Hydrological (Climate),Climate-Driven
Sudan,Floods,Africa,2025,Hydrological (Climate),Climate-Driven
Honduras,Floods,North America,2025,Hydrological (Climate),Climate-Driven
Panama,River Pollution,North America,2025,Technological (Non-Climate),Non-Climate
Côte d'Ivoire,Cholera Outbreak,Africa,2025,Biological (Non-Climate),Non-Climate
Ghana,Cholera Outbreak,Africa,2024,Biological (Non-Climate),Non-Climate
Namibia,Drought,Africa,2024,Climatological (Climate),Climate-Driven
Niger,Diphtheria Outbreak,Africa,2023,Biological (Non-Climate),Non-Climate
Nigeria,Lassa Fever Outbreak,Africa,2023,Biological (Non-Climate),Non-Climate
Burundi,Cholera Outbreak,Africa,2023,Biological (Non-Climate),Non-Climate
Benin,Floods,Africa,2021,Hydrological (Climate),Climate-Driven
Guinea,Floods,Africa,2021,Hydrological (Climate),Climate-Driven
Lesotho,Windstorms,Africa,2021,Meteorological (Climate),Climate-Driven
Thailand,Floods and Landslides,Asia,2021,Hydrological (Climate),Climate-Driven
Venezuela,Floods,South America,2021,Hydrological (Climate),Climate-Driven
Iraq,Drought,Asia,2021,Climatological (Climate),Climate-Driven
Malaysia,Floods,Asia,2021,Hydrological (Climate),Climate-Driven
Niger,Cholera Outbreak,Africa,2021,Biological (Non-Climate),Non-Climate
Haiti,Earthquake,North America,2021,Geophysical (Non-Climate),Non-Climate
Algeria,Wild Fires,Africa,2021,Climatological (Climate),Climate-Driven
Central African Republic,Floods,Africa,2021,Hydrological (Climate),Climate-Driven
Tuvalu,Drought,Oceania,2021,Climatological (Climate),Climate-Driven
Indonesia,Floods and Landslides,Asia,2021,Hydrological (Climate),Climate-Driven
North Macedonia,Wild Fires,Europe,2021,Climatological (Climate),Climate-Driven
Yemen,Floods,Asia,2021,Hydrological (Climate),Climate-Driven
Bangladesh,Floods and Landslides,Asia,2021,Hydrological (Climate),Climate-Driven
Kazakhstan,Drought,Asia,2021,Climatological (Climate),Climate-Driven
Myanmar,Floods and Landslides,Asia,2021,Hydrological (Climate),Climate-Driven
Tunisia,Wild Fires,Africa,2021,Climatological (Climate),Climate-Driven
Mongolia,Flash Floods,Asia,2021,Hydrological (Climate),Climate-Driven
Indonesia,Earthquake,Asia,2026,Geophysical (Non-Climate),Non-Climate
Colombia,Earthquake,South America,2026,Geophysical (Non-Climate),Non-Climate
Myanmar,Floods,Asia,2026,Hydrological (Climate),Climate-Driven
Afghanistan,Flash Floods,Asia,2026,Hydrological (Climate),Climate-Driven
India,Flash Floods,Asia,2026,Hydrological (Climate),Climate-Driven
Kyrgyzstan,Flash Floods,Asia,2026,Hydrological (Climate),Climate-Driven
Tajikistan,Floods,Asia,2026,Hydrological (Climate),Climate-Driven
Bangladesh,Flash Floods,Asia,2026,Hydrological (Climate),Climate-Driven
Georgia,Floods,Asia,2026,Hydrological (Climate),Climate-Driven
Central African Republic,Cholera Outbreak,Africa,2026,Biological (Non-Climate),Non-Climate
Venezuela,Earthquakes,South America,2026,Geophysical (Non-Climate),Non-Climate
Chad,Cholera Outbreak,Africa,2026,Biological (Non-Climate),Non-Climate
Philippines,Earthquake and Tsunami,Asia,2026,Geophysical (Non-Climate),Non-Climate
Armenia,Hailstorm,Asia,2026,Meteorological (Climate),Climate-Driven
Syria,Floods,Asia,2026,Hydrological (Climate),Climate-Driven
Central/Eastern Africa,Ebola Outbreak,Africa,2026,Biological (Non-Climate),Non-Climate
Sri Lanka,Dengue Outbreak,Asia,2026,Biological (Non-Climate),Non-Climate
Dominican Republic,Floods,North America,2026,Hydrological (Climate),Climate-Driven
Yemen,Floods,Asia,2026,Hydrological (Climate),Climate-Driven
Tanzania,Floods and Landslides,Africa,2026,Hydrological (Climate),Climate-Driven
Liberia,Windstorms,Africa,2026,Meteorological (Climate),Climate-Driven
Botswana,Floods,Africa,2026,Hydrological (Climate),Climate-Driven
Ethiopia,Floods and Landslides,Africa,2026,Hydrological (Climate),Climate-Driven
Kenya,Floods,Africa,2026,Hydrological (Climate),Climate-Driven
Suriname,Chikungunya Virus Outbreak,South America,2026,Biological (Non-Climate),Non-Climate
Brazil,Floods,South America,2026,Hydrological (Climate),Climate-Driven
Peru,Floods and Landslides,South America,2026,Hydrological (Climate),Climate-Driven
Angola,Floods,Africa,2026,Hydrological (Climate),Climate-Driven
Zambia,Cholera Outbreak,Africa,2026,Biological (Non-Climate),Non-Climate
Cameroon,Fires,Africa,2026,Technological (Non-Climate),Non-Climate
Somalia,Dengue Outbreak,Africa,2026,Biological (Non-Climate),Non-Climate
Rwanda,Flash Floods,Africa,2026,Hydrological (Climate),Climate-Driven
Algeria,Floods,Africa,2026,Hydrological (Climate),Climate-Driven
Argentina,Landslides,South America,2026,Hydrological (Climate),Climate-Driven
South Africa,Floods,Africa,2026,Hydrological (Climate),Climate-Driven
North Macedonia,Floods,Europe,2026,Hydrological (Climate),Climate-Driven
Malawi,Floods,Africa,2026,Hydrological (Climate),Climate-Driven
Serbia,Cold Wave,Europe,2026,Meteorological (Climate),Climate-Driven
Guatemala,Measles Outbreak,North America,2026,Biological (Non-Climate),Non-Climate
Ecuador,Floods,South America,2026,Hydrological (Climate),Climate-Driven
Zimbabwe,Floods,Africa,2026,Hydrological (Climate),Climate-Driven
Mozambique,Floods,Africa,2025,Hydrological (Climate),Climate-Driven
Chile,Wild Fires,South America,2025,Climatological (Climate),Climate-Driven
Gabon,Windstorms,Africa,2025,Meteorological (Climate),Climate-Driven
Morocco,Floods,Africa,2025,Hydrological (Climate),Climate-Driven
Bolivia,Floods,South America,2025,Hydrological (Climate),Climate-Driven
Congo,Floods,Africa,2025,Hydrological (Climate),Climate-Driven
Cuba,Arboviral Outbreak,North America,2025,Biological (Non-Climate),Non-Climate
Egypt,Floods,Africa,2025,Hydrological (Climate),Climate-Driven
Cabo Verde,Flash Floods,Africa,2025,Hydrological (Climate),Climate-Driven
South Sudan,Floods,Africa,2025,Hydrological (Climate),Climate-Driven
Sudan,Floods,Africa,2025,Hydrological (Climate),Climate-Driven
Honduras,Floods,North America,2025,Hydrological (Climate),Climate-Driven
Panama,River Pollution,North America,2025,Technological (Non-Climate),Non-Climate
Côte d'Ivoire,Cholera Outbreak,Africa,2025,Biological (Non-Climate),Non-Climate
Ghana,Cholera Outbreak,Africa,2024,Biological (Non-Climate),Non-Climate
Namibia,Drought,Africa,2024,Climatological (Climate),Climate-Driven
Niger,Diphtheria Outbreak,Africa,2023,Biological (Non-Climate),Non-Climate
Nigeria,Lassa Fever Outbreak,Africa,2023,Biological (Non-Climate),Non-Climate
Burundi,Cholera Outbreak,Africa,2023,Biological (Non-Climate),Non-Climate
Panama,Floods and Landslides,North America,2021,Hydrological (Climate),Climate-Driven
Sudan,Floods,Africa,2021,Hydrological (Climate),Climate-Driven
Costa Rica,Floods,North America,2021,Hydrological (Climate),Climate-Driven
Philippines,Floods and Landslides,Asia,2021,Hydrological (Climate),Climate-Driven
Gambia,Windstorm,Africa,2021,Meteorological (Climate),Climate-Driven
Iran,Drought,Asia,2021,Climatological (Climate),Climate-Driven
Philippines,Taal Volcano,Asia,2021,Geophysical (Non-Climate),Non-Climate
Chad,Floods,Africa,2021,Hydrological (Climate),Climate-Driven
Nepal,Floods and Landslides,Asia,2021,Hydrological (Climate),Climate-Driven
Niger,Floods,Africa,2021,Hydrological (Climate),Climate-Driven
DR Congo,Volcano Nyiragongo,Africa,2021,Geophysical (Non-Climate),Non-Climate
Guyana,Floods,South America,2021,Hydrological (Climate),Climate-Driven
Malaysia,Floods,Asia,2021,Hydrological (Climate),Climate-Driven
Sri Lanka,Floods and Landslides,Asia,2021,Hydrological (Climate),Climate-Driven
Tajikistan,Floods and Mudslides,Asia,2021,Hydrological (Climate),Climate-Driven
Somalia,Floods,Africa,2021,Hydrological (Climate),Climate-Driven
Indonesia,Earthquake,Asia,2026,Geophysical (Non-Climate),Non-Climate
Colombia,Earthquake,South America,2026,Geophysical (Non-Climate),Non-Climate
Myanmar,Floods,Asia,2026,Hydrological (Climate),Climate-Driven
Afghanistan,Flash Floods,Asia,2026,Hydrological (Climate),Climate-Driven
India,Flash Floods,Asia,2026,Hydrological (Climate),Climate-Driven
Kyrgyzstan,Flash Floods,Asia,2026,Hydrological (Climate),Climate-Driven
Tajikistan,Floods,Asia,2026,Hydrological (Climate),Climate-Driven
Bangladesh,Flash Floods,Asia,2026,Hydrological (Climate),Climate-Driven
Georgia,Floods,Asia,2026,Hydrological (Climate),Climate-Driven
Central African Republic,Cholera Outbreak,Africa,2026,Biological (Non-Climate),Non-Climate
Venezuela,Earthquakes,South America,2026,Geophysical (Non-Climate),Non-Climate
Chad,Cholera Outbreak,Africa,2026,Biological (Non-Climate),Non-Climate
Philippines,Earthquake and Tsunami,Asia,2026,Geophysical (Non-Climate),Non-Climate
Armenia,Hailstorm,Asia,2026,Meteorological (Climate),Climate-Driven
Syria,Floods,Asia,2026,Hydrological (Climate),Climate-Driven
Central/Eastern Africa,Ebola Outbreak,Africa,2026,Biological (Non-Climate),Non-Climate
Sri Lanka,Dengue Outbreak,Asia,2026,Biological (Non-Climate),Non-Climate
Dominican Republic,Floods,North America,2026,Hydrological (Climate),Climate-Driven
Yemen,Floods,Asia,2026,Hydrological (Climate),Climate-Driven
Tanzania,Floods and Landslides,Africa,2026,Hydrological (Climate),Climate-Driven
Liberia,Windstorms,Africa,2026,Meteorological (Climate),Climate-Driven
Botswana,Floods,Africa,2026,Hydrological (Climate),Climate-Driven
Ethiopia,Floods and Landslides,Africa,2026,Hydrological (Climate),Climate-Driven
Kenya,Floods,Africa,2026,Hydrological (Climate),Climate-Driven
Suriname,Chikungunya Virus Outbreak,South America,2026,Biological (Non-Climate),Non-Climate
Brazil,Floods,South America,2026,Hydrological (Climate),Climate-Driven
Peru,Floods and Landslides,South America,2026,Hydrological (Climate),Climate-Driven
Angola,Floods,Africa,2026,Hydrological (Climate),Climate-Driven
Zambia,Cholera Outbreak,Africa,2026,Biological (Non-Climate),Non-Climate
Cameroon,Fires,Africa,2026,Technological (Non-Climate),Non-Climate
Somalia,Dengue Outbreak,Africa,2026,Biological (Non-Climate),Non-Climate
Rwanda,Flash Floods,Africa,2026,Hydrological (Climate),Climate-Driven
Algeria,Floods,Africa,2026,Hydrological (Climate),Climate-Driven
Argentina,Landslides,South America,2026,Hydrological (Climate),Climate-Driven
South Africa,Floods,Africa,2026,Hydrological (Climate),Climate-Driven
North Macedonia,Floods,Europe,2026,Hydrological (Climate),Climate-Driven
Malawi,Floods,Africa,2026,Hydrological (Climate),Climate-Driven
Serbia,Cold Wave,Europe,2026,Meteorological (Climate),Climate-Driven
Guatemala,Measles Outbreak,North America,2026,Biological (Non-Climate),Non-Climate
Ecuador,Floods,South America,2026,Hydrological (Climate),Climate-Driven
Zimbabwe,Floods,Africa,2026,Hydrological (Climate),Climate-Driven
Mozambique,Floods,Africa,2025,Hydrological (Climate),Climate-Driven
Chile,Wild Fires,South America,2025,Climatological (Climate),Climate-Driven
Gabon,Windstorms,Africa,2025,Meteorological (Climate),Climate-Driven
Morocco,Floods,Africa,2025,Hydrological (Climate),Climate-Driven
Bolivia,Floods,South America,2025,Hydrological (Climate),Climate-Driven
Congo,Floods,Africa,2025,Hydrological (Climate),Climate-Driven
Cuba,Arboviral Outbreak,North America,2025,Biological (Non-Climate),Non-Climate
Egypt,Floods,Africa,2025,Hydrological (Climate),Climate-Driven
Cabo Verde,Flash Floods,Africa,2025,Hydrological (Climate),Climate-Driven
South Sudan,Floods,Africa,2025,Hydrological (Climate),Climate-Driven
Sudan,Floods,Africa,2025,Hydrological (Climate),Climate-Driven
Honduras,Floods,North America,2025,Hydrological (Climate),Climate-Driven
Panama,River Pollution,North America,2025,Technological (Non-Climate),Non-Climate
Côte d'Ivoire,Cholera Outbreak,Africa,2025,Biological (Non-Climate),Non-Climate
Ghana,Cholera Outbreak,Africa,2024,Biological (Non-Climate),Non-Climate
Namibia,Drought,Africa,2024,Climatological (Climate),Climate-Driven
Niger,Diphtheria Outbreak,Africa,2023,Biological (Non-Climate),Non-Climate
Nigeria,Lassa Fever Outbreak,Africa,2023,Biological (Non-Climate),Non-Climate
Burundi,Cholera Outbreak,Africa,2023,Biological (Non-Climate),Non-Climate
Afghanistan,Floods,Asia,2021,Hydrological (Climate),Climate-Driven
Rwanda,Floods and Windstorm,Africa,2021,Hydrological (Climate),Climate-Driven
Suriname,Floods,South America,2021,Hydrological (Climate),Climate-Driven
Burundi,Floods,Africa,2021,Hydrological (Climate),Climate-Driven
Guatemala,Floods and Landslides,North America,2021,Hydrological (Climate),Climate-Driven
Yemen,Floods,Asia,2021,Hydrological (Climate),Climate-Driven
Kenya,Floods,Africa,2021,Hydrological (Climate),Climate-Driven
Timor-Leste,Flash Floods,Asia,2021,Hydrological (Climate),Climate-Driven
Bangladesh,Cox’s Bazar Camp Settlement Fire,Asia,2021,Technological (Non-Climate),Non-Climate
Mongolia,Sandstorm,Asia,2021,Meteorological (Climate),Climate-Driven
Equatorial Guinea,Bata Explosions,Africa,2021,Technological (Non-Climate),Non-Climate
Algeria,Floods,Africa,2021,Hydrological (Climate),Climate-Driven
Kenya,Dengue Outbreak,Africa,2021,Biological (Non-Climate),Non-Climate
Iran,Earthquake,Asia,2021,Geophysical (Non-Climate),Non-Climate
Peru,Floods,South America,2021,Hydrological (Climate),Climate-Driven
DR Congo,Ebola Outbreak,Africa,2021,Biological (Non-Climate),Non-Climate
Indonesia,Earthquake,Asia,2026,Geophysical (Non-Climate),Non-Climate
Colombia,Earthquake,South America,2026,Geophysical (Non-Climate),Non-Climate
Myanmar,Floods,Asia,2026,Hydrological (Climate),Climate-Driven
Afghanistan,Flash Floods,Asia,2026,Hydrological (Climate),Climate-Driven
India,Flash Floods,Asia,2026,Hydrological (Climate),Climate-Driven
Kyrgyzstan,Flash Floods,Asia,2026,Hydrological (Climate),Climate-Driven
Tajikistan,Floods,Asia,2026,Hydrological (Climate),Climate-Driven
Bangladesh,Flash Floods,Asia,2026,Hydrological (Climate),Climate-Driven
Georgia,Floods,Asia,2026,Hydrological (Climate),Climate-Driven
Central African Republic,Cholera Outbreak,Africa,2026,Biological (Non-Climate),Non-Climate
Venezuela,Earthquakes,South America,2026,Geophysical (Non-Climate),Non-Climate
Chad,Cholera Outbreak,Africa,2026,Biological (Non-Climate),Non-Climate
Philippines,Earthquake and Tsunami,Asia,2026,Geophysical (Non-Climate),Non-Climate
Armenia,Hailstorm,Asia,2026,Meteorological (Climate),Climate-Driven
Syria,Floods,Asia,2026,Hydrological (Climate),Climate-Driven
Central/Eastern Africa,Ebola Outbreak,Africa,2026,Biological (Non-Climate),Non-Climate
Sri Lanka,Dengue Outbreak,Asia,2026,Biological (Non-Climate),Non-Climate
Dominican Republic,Floods,North America,2026,Hydrological (Climate),Climate-Driven
Yemen,Floods,Asia,2026,Hydrological (Climate),Climate-Driven
Tanzania,Floods and Landslides,Africa,2026,Hydrological (Climate),Climate-Driven
Liberia,Windstorms,Africa,2026,Meteorological (Climate),Climate-Driven
Botswana,Floods,Africa,2026,Hydrological (Climate),Climate-Driven
Ethiopia,Floods and Landslides,Africa,2026,Hydrological (Climate),Climate-Driven
Kenya,Floods,Africa,2026,Hydrological (Climate),Climate-Driven
Suriname,Chikungunya Virus Outbreak,South America,2026,Biological (Non-Climate),Non-Climate
Brazil,Floods,South America,2026,Hydrological (Climate),Climate-Driven
Peru,Floods and Landslides,South America,2026,Hydrological (Climate),Climate-Driven
Angola,Floods,Africa,2026,Hydrological (Climate),Climate-Driven
Zambia,Cholera Outbreak,Africa,2026,Biological (Non-Climate),Non-Climate
Cameroon,Fires,Africa,2026,Technological (Non-Climate),Non-Climate
Somalia,Dengue Outbreak,Africa,2026,Biological (Non-Climate),Non-Climate
Rwanda,Flash Floods,Africa,2026,Hydrological (Climate),Climate-Driven
Algeria,Floods,Africa,2026,Hydrological (Climate),Climate-Driven
Argentina,Landslides,South America,2026,Hydrological (Climate),Climate-Driven
South Africa,Floods,Africa,2026,Hydrological (Climate),Climate-Driven
North Macedonia,Floods,Europe,2026,Hydrological (Climate),Climate-Driven
Malawi,Floods,Africa,2026,Hydrological (Climate),Climate-Driven
Serbia,Cold Wave,Europe,2026,Meteorological (Climate),Climate-Driven
Guatemala,Measles Outbreak,North America,2026,Biological (Non-Climate),Non-Climate
Ecuador,Floods,South America,2026,Hydrological (Climate),Climate-Driven
Zimbabwe,Floods,Africa,2026,Hydrological (Climate),Climate-Driven
Mozambique,Floods,Africa,2025,Hydrological (Climate),Climate-Driven
Chile,Wild Fires,South America,2025,Climatological (Climate),Climate-Driven
Gabon,Windstorms,Africa,2025,Meteorological (Climate),Climate-Driven
Morocco,Floods,Africa,2025,Hydrological (Climate),Climate-Driven
Bolivia,Floods,South America,2025,Hydrological (Climate),Climate-Driven
Congo,Floods,Africa,2025,Hydrological (Climate),Climate-Driven
Cuba,Arboviral Outbreak,North America,2025,Biological (Non-Climate),Non-Climate
Egypt,Floods,Africa,2025,Hydrological (Climate),Climate-Driven
Cabo Verde,Flash Floods,Africa,2025,Hydrological (Climate),Climate-Driven
South Sudan,Floods,Africa,2025,Hydrological (Climate),Climate-Driven
Sudan,Floods,Africa,2025,Hydrological (Climate),Climate-Driven
Honduras,Floods,North America,2025,Hydrological (Climate),Climate-Driven
Panama,River Pollution,North America,2025,Technological (Non-Climate),Non-Climate
Côte d'Ivoire,Cholera Outbreak,Africa,2025,Biological (Non-Climate),Non-Climate
Ghana,Cholera Outbreak,Africa,2024,Biological (Non-Climate),Non-Climate
Namibia,Drought,Africa,2024,Climatological (Climate),Climate-Driven
Niger,Diphtheria Outbreak,Africa,2023,Biological (Non-Climate),Non-Climate
Nigeria,Lassa Fever Outbreak,Africa,2023,Biological (Non-Climate),Non-Climate
Burundi,Cholera Outbreak,Africa,2023,Biological (Non-Climate),Non-Climate
Guinea,Ebola Outbreak,Africa,2021,Biological (Non-Climate),Non-Climate
Syria,Floods,Asia,2021,Hydrological (Climate),Climate-Driven
Indonesia,Earthquake,Asia,2021,Geophysical (Non-Climate),Non-Climate
Indonesia,Floods and Landslides,Asia,2021,Hydrological (Climate),Climate-Driven
Malaysia,Floods,Asia,2021,Hydrological (Climate),Climate-Driven
St Vincent & the Grenadines,La Soufrière Volcano,North America,2020,Geophysical (Non-Climate),Non-Climate
Zambia,Floods,Africa,2020,Hydrological (Climate),Climate-Driven
Sri Lanka,Floods,Asia,2020,Hydrological (Climate),Climate-Driven
Indonesia,Ili Lewotolok Volcano,Asia,2020,Geophysical (Non-Climate),Non-Climate
Colombia,Floods and Landslides,South America,2020,Hydrological (Climate),Climate-Driven
Somalia,Flash Floods,Africa,2020,Hydrological (Climate),Climate-Driven
Indonesia,Earthquake,Asia,2026,Geophysical (Non-Climate),Non-Climate
Colombia,Earthquake,South America,2026,Geophysical (Non-Climate),Non-Climate
Myanmar,Floods,Asia,2026,Hydrological (Climate),Climate-Driven
Afghanistan,Flash Floods,Asia,2026,Hydrological (Climate),Climate-Driven
India,Flash Floods,Asia,2026,Hydrological (Climate),Climate-Driven
Kyrgyzstan,Flash Floods,Asia,2026,Hydrological (Climate),Climate-Driven
Tajikistan,Floods,Asia,2026,Hydrological (Climate),Climate-Driven
Bangladesh,Flash Floods,Asia,2026,Hydrological (Climate),Climate-Driven
Georgia,Floods,Asia,2026,Hydrological (Climate),Climate-Driven
Central African Republic,Cholera Outbreak,Africa,2026,Biological (Non-Climate),Non-Climate
Venezuela,Earthquakes,South America,2026,Geophysical (Non-Climate),Non-Climate
Chad,Cholera Outbreak,Africa,2026,Biological (Non-Climate),Non-Climate
Philippines,Earthquake and Tsunami,Asia,2026,Geophysical (Non-Climate),Non-Climate
Armenia,Hailstorm,Asia,2026,Meteorological (Climate),Climate-Driven
Syria,Floods,Asia,2026,Hydrological (Climate),Climate-Driven
Central/Eastern Africa,Ebola Outbreak,Africa,2026,Biological (Non-Climate),Non-Climate
Sri Lanka,Dengue Outbreak,Asia,2026,Biological (Non-Climate),Non-Climate
Dominican Republic,Floods,North America,2026,Hydrological (Climate),Climate-Driven
Yemen,Floods,Asia,2026,Hydrological (Climate),Climate-Driven
Tanzania,Floods and Landslides,Africa,2026,Hydrological (Climate),Climate-Driven
Liberia,Windstorms,Africa,2026,Meteorological (Climate),Climate-Driven
Botswana,Floods,Africa,2026,Hydrological (Climate),Climate-Driven
Ethiopia,Floods and Landslides,Africa,2026,Hydrological (Climate),Climate-Driven
Kenya,Floods,Africa,2026,Hydrological (Climate),Climate-Driven
Suriname,Chikungunya Virus Outbreak,South America,2026,Biological (Non-Climate),Non-Climate
Brazil,Floods,South America,2026,Hydrological (Climate),Climate-Driven
Peru,Floods and Landslides,South America,2026,Hydrological (Climate),Climate-Driven
Angola,Floods,Africa,2026,Hydrological (Climate),Climate-Driven
Zambia,Cholera Outbreak,Africa,2026,Biological (Non-Climate),Non-Climate
Cameroon,Fires,Africa,2026,Technological (Non-Climate),Non-Climate
Somalia,Dengue Outbreak,Africa,2026,Biological (Non-Climate),Non-Climate
Rwanda,Flash Floods,Africa,2026,Hydrological (Climate),Climate-Driven
Algeria,Floods,Africa,2026,Hydrological (Climate),Climate-Driven
Argentina,Landslides,South America,2026,Hydrological (Climate),Climate-Driven
South Africa,Floods,Africa,2026,Hydrological (Climate),Climate-Driven
North Macedonia,Floods,Europe,2026,Hydrological (Climate),Climate-Driven
Malawi,Floods,Africa,2026,Hydrological (Climate),Climate-Driven
Serbia,Cold Wave,Europe,2026,Meteorological (Climate),Climate-Driven
Guatemala,Measles Outbreak,North America,2026,Biological (Non-Climate),Non-Climate
Ecuador,Floods,South America,2026,Hydrological (Climate),Climate-Driven
Zimbabwe,Floods,Africa,2026,Hydrological (Climate),Climate-Driven
Mozambique,Floods,Africa,2025,Hydrological (Climate),Climate-Driven
Chile,Wild Fires,South America,2025,Climatological (Climate),Climate-Driven
Gabon,Windstorms,Africa,2025,Meteorological (Climate),Climate-Driven
Morocco,Floods,Africa,2025,Hydrological (Climate),Climate-Driven
Bolivia,Floods,South America,2025,Hydrological (Climate),Climate-Driven
Congo,Floods,Africa,2025,Hydrological (Climate),Climate-Driven
Cuba,Arboviral Outbreak,North America,2025,Biological (Non-Climate),Non-Climate
Egypt,Floods,Africa,2025,Hydrological (Climate),Climate-Driven
Cabo Verde,Flash Floods,Africa,2025,Hydrological (Climate),Climate-Driven
South Sudan,Floods,Africa,2025,Hydrological (Climate),Climate-Driven
Sudan,Floods,Africa,2025,Hydrological (Climate),Climate-Driven
Honduras,Floods,North America,2025,Hydrological (Climate),Climate-Driven
Panama,River Pollution,North America,2025,Technological (Non-Climate),Non-Climate
Côte d'Ivoire,Cholera Outbreak,Africa,2025,Biological (Non-Climate),Non-Climate
Ghana,Cholera Outbreak,Africa,2024,Biological (Non-Climate),Non-Climate
Namibia,Drought,Africa,2024,Climatological (Climate),Climate-Driven
Niger,Diphtheria Outbreak,Africa,2023,Biological (Non-Climate),Non-Climate
Nigeria,Lassa Fever Outbreak,Africa,2023,Biological (Non-Climate),Non-Climate
Burundi,Cholera Outbreak,Africa,2023,Biological (Non-Climate),Non-Climate
Saint Vincent and the Grenadines,Dengue Outbreak,North America,2020,Biological (Non-Climate),Non-Climate
Syria,Wild Fires,Asia,2020,Climatological (Climate),Climate-Driven
Lao PDR,Floods and Landslides,Asia,2020,Hydrological (Climate),Climate-Driven
DR Congo,Floods,Africa,2020,Hydrological (Climate),Climate-Driven
Cambodia,Floods,Asia,2020,Hydrological (Climate),Climate-Driven
Ecuador,Sangay Volcano,South America,2020,Geophysical (Non-Climate),Non-Climate
Viet Nam,Floods and Landslides,Asia,2020,Hydrological (Climate),Climate-Driven
Tunisia,Flash Floods,Africa,2020,Hydrological (Climate),Climate-Driven
Senegal,Floods,Africa,2020,Hydrological (Climate),Climate-Driven
Guinea,Floods,Africa,2020,Hydrological (Climate),Climate-Driven
Burkina Faso,Floods,Africa,2020,Hydrological (Climate),Climate-Driven
Mauritania,Floods,Africa,2020,Hydrological (Climate),Climate-Driven
Saint Lucia,Dengue Outbreak,North America,2020,Biological (Non-Climate),Non-Climate
Afghanistan,Flash Floods,Asia,2020,Hydrological (Climate),Climate-Driven
Chad,Floods,Africa,2020,Hydrological (Climate),Climate-Driven
Yemen,Polio Outbreak,Asia,2020,Biological (Non-Climate),Non-Climate
Sudan,Polio Outbreak,Africa,2020,Biological (Non-Climate),Non-Climate
Algeria,Earthquake,Africa,2020,Geophysical (Non-Climate),Non-Climate
South Sudan,Floods,Africa,2020,Hydrological (Climate),Climate-Driven
Mauritius,MV Wakashio Oil Spill,Africa,2020,Technological (Non-Climate),Non-Climate
Indonesia,Earthquake,Asia,2026,Geophysical (Non-Climate),Non-Climate
Colombia,Earthquake,South America,2026,Geophysical (Non-Climate),Non-Climate
Myanmar,Floods,Asia,2026,Hydrological (Climate),Climate-Driven
Afghanistan,Flash Floods,Asia,2026,Hydrological (Climate),Climate-Driven
India,Flash Floods,Asia,2026,Hydrological (Climate),Climate-Driven
Kyrgyzstan,Flash Floods,Asia,2026,Hydrological (Climate),Climate-Driven
Tajikistan,Floods,Asia,2026,Hydrological (Climate),Climate-Driven
Bangladesh,Flash Floods,Asia,2026,Hydrological (Climate),Climate-Driven
Georgia,Floods,Asia,2026,Hydrological (Climate),Climate-Driven
Central African Republic,Cholera Outbreak,Africa,2026,Biological (Non-Climate),Non-Climate
Venezuela,Earthquakes,South America,2026,Geophysical (Non-Climate),Non-Climate
Chad,Cholera Outbreak,Africa,2026,Biological (Non-Climate),Non-Climate
Philippines,Earthquake and Tsunami,Asia,2026,Geophysical (Non-Climate),Non-Climate
Armenia,Hailstorm,Asia,2026,Meteorological (Climate),Climate-Driven
Syria,Floods,Asia,2026,Hydrological (Climate),Climate-Driven
Central/Eastern Africa,Ebola Outbreak,Africa,2026,Biological (Non-Climate),Non-Climate
Sri Lanka,Dengue Outbreak,Asia,2026,Biological (Non-Climate),Non-Climate
Dominican Republic,Floods,North America,2026,Hydrological (Climate),Climate-Driven
Yemen,Floods,Asia,2026,Hydrological (Climate),Climate-Driven
Tanzania,Floods and Landslides,Africa,2026,Hydrological (Climate),Climate-Driven
Liberia,Windstorms,Africa,2026,Meteorological (Climate),Climate-Driven
Botswana,Floods,Africa,2026,Hydrological (Climate),Climate-Driven
Ethiopia,Floods and Landslides,Africa,2026,Hydrological (Climate),Climate-Driven
Kenya,Floods,Africa,2026,Hydrological (Climate),Climate-Driven
Suriname,Chikungunya Virus Outbreak,South America,2026,Biological (Non-Climate),Non-Climate
Brazil,Floods,South America,2026,Hydrological (Climate),Climate-Driven
Peru,Floods and Landslides,South America,2026,Hydrological (Climate),Climate-Driven
Angola,Floods,Africa,2026,Hydrological (Climate),Climate-Driven
Zambia,Cholera Outbreak,Africa,2026,Biological (Non-Climate),Non-Climate
Cameroon,Fires,Africa,2026,Technological (Non-Climate),Non-Climate
Somalia,Dengue Outbreak,Africa,2026,Biological (Non-Climate),Non-Climate
Rwanda,Flash Floods,Africa,2026,Hydrological (Climate),Climate-Driven
Algeria,Floods,Africa,2026,Hydrological (Climate),Climate-Driven
Argentina,Landslides,South America,2026,Hydrological (Climate),Climate-Driven
South Africa,Floods,Africa,2026,Hydrological (Climate),Climate-Driven
North Macedonia,Floods,Europe,2026,Hydrological (Climate),Climate-Driven
Malawi,Floods,Africa,2026,Hydrological (Climate),Climate-Driven
Serbia,Cold Wave,Europe,2026,Meteorological (Climate),Climate-Driven
Guatemala,Measles Outbreak,North America,2026,Biological (Non-Climate),Non-Climate
Ecuador,Floods,South America,2026,Hydrological (Climate),Climate-Driven
Zimbabwe,Floods,Africa,2026,Hydrological (Climate),Climate-Driven
Mozambique,Floods,Africa,2025,Hydrological (Climate),Climate-Driven
Chile,Wild Fires,South America,2025,Climatological (Climate),Climate-Driven
Gabon,Windstorms,Africa,2025,Meteorological (Climate),Climate-Driven
Morocco,Floods,Africa,2025,Hydrological (Climate),Climate-Driven
Bolivia,Floods,South America,2025,Hydrological (Climate),Climate-Driven
Congo,Floods,Africa,2025,Hydrological (Climate),Climate-Driven
Cuba,Arboviral Outbreak,North America,2025,Biological (Non-Climate),Non-Climate
Egypt,Floods,Africa,2025,Hydrological (Climate),Climate-Driven
Cabo Verde,Flash Floods,Africa,2025,Hydrological (Climate),Climate-Driven
South Sudan,Floods,Africa,2025,Hydrological (Climate),Climate-Driven
Sudan,Floods,Africa,2025,Hydrological (Climate),Climate-Driven
Honduras,Floods,North America,2025,Hydrological (Climate),Climate-Driven
Panama,River Pollution,North America,2025,Technological (Non-Climate),Non-Climate
Côte d'Ivoire,Cholera Outbreak,Africa,2025,Biological (Non-Climate),Non-Climate
Ghana,Cholera Outbreak,Africa,2024,Biological (Non-Climate),Non-Climate
Namibia,Drought,Africa,2024,Climatological (Climate),Climate-Driven
Niger,Diphtheria Outbreak,Africa,2023,Biological (Non-Climate),Non-Climate
Nigeria,Lassa Fever Outbreak,Africa,2023,Biological (Non-Climate),Non-Climate
Burundi,Cholera Outbreak,Africa,2023,Biological (Non-Climate),Non-Climate
Pakistan,Floods and Landslides,Asia,2020,Hydrological (Climate),Climate-Driven
Lebanon,Beirut Port Explosions,Asia,2020,Technological (Non-Climate),Non-Climate
Cameroon,Floods,Africa,2020,Hydrological (Climate),Climate-Driven
Georgia,Floods,Asia,2020,Hydrological (Climate),Climate-Driven
Sudan,Floods,Africa,2020,Hydrological (Climate),Climate-Driven
Nigeria,Floods,Africa,2020,Hydrological (Climate),Climate-Driven
Myanmar,Floods and Landslides,Asia,2020,Hydrological (Climate),Climate-Driven
Niger,Floods,Africa,2020,Hydrological (Climate),Climate-Driven
Armenia,Hail Storm,Asia,2020,Meteorological (Climate),Climate-Driven
Nepal,Floods and Landslides,Asia,2020,Hydrological (Climate),Climate-Driven
Bangladesh,Floods and Landslides,Asia,2020,Hydrological (Climate),Climate-Driven
India,Floods and Landslides,Asia,2020,Hydrological (Climate),Climate-Driven
Serbia,Floods,Europe,2020,Hydrological (Climate),Climate-Driven
Bosnia and Herzegovina,Floods and Landslides,Europe,2020,Hydrological (Climate),Climate-Driven
Ukraine,Floods,Europe,2020,Hydrological (Climate),Climate-Driven
Mongolia,Flash Floods,Asia,2020,Hydrological (Climate),Climate-Driven
Cote d'Ivoire,Floods and Landslides,Africa,2020,Hydrological (Climate),Climate-Driven
DR Congo,Ebola Outbreak,Africa,2020,Biological (Non-Climate),Non-Climate
Indonesia,Earthquake,Asia,2026,Geophysical (Non-Climate),Non-Climate
Colombia,Earthquake,South America,2026,Geophysical (Non-Climate),Non-Climate
Myanmar,Floods,Asia,2026,Hydrological (Climate),Climate-Driven
Afghanistan,Flash Floods,Asia,2026,Hydrological (Climate),Climate-Driven
India,Flash Floods,Asia,2026,Hydrological (Climate),Climate-Driven
Kyrgyzstan,Flash Floods,Asia,2026,Hydrological (Climate),Climate-Driven
Tajikistan,Floods,Asia,2026,Hydrological (Climate),Climate-Driven
Bangladesh,Flash Floods,Asia,2026,Hydrological (Climate),Climate-Driven
Georgia,Floods,Asia,2026,Hydrological (Climate),Climate-Driven
Central African Republic,Cholera Outbreak,Africa,2026,Biological (Non-Climate),Non-Climate
Venezuela,Earthquakes,South America,2026,Geophysical (Non-Climate),Non-Climate
Chad,Cholera Outbreak,Africa,2026,Biological (Non-Climate),Non-Climate
Philippines,Earthquake and Tsunami,Asia,2026,Geophysical (Non-Climate),Non-Climate
Armenia,Hailstorm,Asia,2026,Meteorological (Climate),Climate-Driven
Syria,Floods,Asia,2026,Hydrological (Climate),Climate-Driven
Central/Eastern Africa,Ebola Outbreak,Africa,2026,Biological (Non-Climate),Non-Climate
Sri Lanka,Dengue Outbreak,Asia,2026,Biological (Non-Climate),Non-Climate
Dominican Republic,Floods,North America,2026,Hydrological (Climate),Climate-Driven
Yemen,Floods,Asia,2026,Hydrological (Climate),Climate-Driven
Tanzania,Floods and Landslides,Africa,2026,Hydrological (Climate),Climate-Driven
Liberia,Windstorms,Africa,2026,Meteorological (Climate),Climate-Driven
Botswana,Floods,Africa,2026,Hydrological (Climate),Climate-Driven
Ethiopia,Floods and Landslides,Africa,2026,Hydrological (Climate),Climate-Driven
Kenya,Floods,Africa,2026,Hydrological (Climate),Climate-Driven
Suriname,Chikungunya Virus Outbreak,South America,2026,Biological (Non-Climate),Non-Climate
Brazil,Floods,South America,2026,Hydrological (Climate),Climate-Driven
Peru,Floods and Landslides,South America,2026,Hydrological (Climate),Climate-Driven
Angola,Floods,Africa,2026,Hydrological (Climate),Climate-Driven
Zambia,Cholera Outbreak,Africa,2026,Biological (Non-Climate),Non-Climate
Cameroon,Fires,Africa,2026,Technological (Non-Climate),Non-Climate
Somalia,Dengue Outbreak,Africa,2026,Biological (Non-Climate),Non-Climate
Rwanda,Flash Floods,Africa,2026,Hydrological (Climate),Climate-Driven
Algeria,Floods,Africa,2026,Hydrological (Climate),Climate-Driven
Argentina,Landslides,South America,2026,Hydrological (Climate),Climate-Driven
South Africa,Floods,Africa,2026,Hydrological (Climate),Climate-Driven
North Macedonia,Floods,Europe,2026,Hydrological (Climate),Climate-Driven
Malawi,Floods,Africa,2026,Hydrological (Climate),Climate-Driven
Serbia,Cold Wave,Europe,2026,Meteorological (Climate),Climate-Driven
Guatemala,Measles Outbreak,North America,2026,Biological (Non-Climate),Non-Climate
Ecuador,Floods,South America,2026,Hydrological (Climate),Climate-Driven
Zimbabwe,Floods,Africa,2026,Hydrological (Climate),Climate-Driven
Mozambique,Floods,Africa,2025,Hydrological (Climate),Climate-Driven
Chile,Wild Fires,South America,2025,Climatological (Climate),Climate-Driven
Gabon,Windstorms,Africa,2025,Meteorological (Climate),Climate-Driven
Morocco,Floods,Africa,2025,Hydrological (Climate),Climate-Driven
Bolivia,Floods,South America,2025,Hydrological (Climate),Climate-Driven
Congo,Floods,Africa,2025,Hydrological (Climate),Climate-Driven
Cuba,Arboviral Outbreak,North America,2025,Biological (Non-Climate),Non-Climate
Egypt,Floods,Africa,2025,Hydrological (Climate),Climate-Driven
Cabo Verde,Flash Floods,Africa,2025,Hydrological (Climate),Climate-Driven
South Sudan,Floods,Africa,2025,Hydrological (Climate),Climate-Driven
Sudan,Floods,Africa,2025,Hydrological (Climate),Climate-Driven
Honduras,Floods,North America,2025,Hydrological (Climate),Climate-Driven
Panama,River Pollution,North America,2025,Technological (Non-Climate),Non-Climate
Côte d'Ivoire,Cholera Outbreak,Africa,2025,Biological (Non-Climate),Non-Climate
Ghana,Cholera Outbreak,Africa,2024,Biological (Non-Climate),Non-Climate
Namibia,Drought,Africa,2024,Climatological (Climate),Climate-Driven
Niger,Diphtheria Outbreak,Africa,2023,Biological (Non-Climate),Non-Climate
Nigeria,Lassa Fever Outbreak,Africa,2023,Biological (Non-Climate),Non-Climate
Burundi,Cholera Outbreak,Africa,2023,Biological (Non-Climate),Non-Climate
Cuba,Severe Local Storm,North America,2020,Meteorological (Climate),Climate-Driven
Indonesia,Floods and Landslides,Asia,2020,Hydrological (Climate),Climate-Driven
Tajikistan,Floods and Mudslides,Asia,2020,Hydrological (Climate),Climate-Driven
Uganda,Floods and Landslides,Africa,2020,Hydrological (Climate),Climate-Driven
Tanzania,Floods,Africa,2020,Hydrological (Climate),Climate-Driven
Ethiopia,Floods,Africa,2020,Hydrological (Climate),Climate-Driven
Somalia,Flash Floods,Africa,2020,Hydrological (Climate),Climate-Driven
Kenya,Floods and Landslides,Africa,2020,Hydrological (Climate),Climate-Driven
DR Congo,Floods,Africa,2020,Hydrological (Climate),Climate-Driven
Burundi,Floods and Landslides,Africa,2020,Hydrological (Climate),Climate-Driven
Afghanistan,Floods,Asia,2020,Hydrological (Climate),Climate-Driven
Yemen,Floods,Asia,2020,Hydrological (Climate),Climate-Driven
Egypt,Floods,Africa,2020,Hydrological (Climate),Climate-Driven
Iran,Locust Infestation,Asia,2020,Biological (Non-Climate),Non-Climate
Zimbabwe,Malaria Outbreak,Africa,2020,Biological (Non-Climate),Non-Climate
Sri Lanka,Drought,Asia,2020,Climatological (Climate),Climate-Driven
Bolivia,Floods,South America,2020,Hydrological (Climate),Climate-Driven
Indonesia,Earthquake,Asia,2026,Geophysical (Non-Climate),Non-Climate
Colombia,Earthquake,South America,2026,Geophysical (Non-Climate),Non-Climate
Myanmar,Floods,Asia,2026,Hydrological (Climate),Climate-Driven
Afghanistan,Flash Floods,Asia,2026,Hydrological (Climate),Climate-Driven
India,Flash Floods,Asia,2026,Hydrological (Climate),Climate-Driven
Kyrgyzstan,Flash Floods,Asia,2026,Hydrological (Climate),Climate-Driven
Tajikistan,Floods,Asia,2026,Hydrological (Climate),Climate-Driven
Bangladesh,Flash Floods,Asia,2026,Hydrological (Climate),Climate-Driven
Georgia,Floods,Asia,2026,Hydrological (Climate),Climate-Driven
Central African Republic,Cholera Outbreak,Africa,2026,Biological (Non-Climate),Non-Climate
Venezuela,Earthquakes,South America,2026,Geophysical (Non-Climate),Non-Climate
Chad,Cholera Outbreak,Africa,2026,Biological (Non-Climate),Non-Climate
Philippines,Earthquake and Tsunami,Asia,2026,Geophysical (Non-Climate),Non-Climate
Armenia,Hailstorm,Asia,2026,Meteorological (Climate),Climate-Driven
Syria,Floods,Asia,2026,Hydrological (Climate),Climate-Driven
Central/Eastern Africa,Ebola Outbreak,Africa,2026,Biological (Non-Climate),Non-Climate
Sri Lanka,Dengue Outbreak,Asia,2026,Biological (Non-Climate),Non-Climate
Dominican Republic,Floods,North America,2026,Hydrological (Climate),Climate-Driven
Yemen,Floods,Asia,2026,Hydrological (Climate),Climate-Driven
Tanzania,Floods and Landslides,Africa,2026,Hydrological (Climate),Climate-Driven
Liberia,Windstorms,Africa,2026,Meteorological (Climate),Climate-Driven
Botswana,Floods,Africa,2026,Hydrological (Climate),Climate-Driven
Ethiopia,Floods and Landslides,Africa,2026,Hydrological (Climate),Climate-Driven
Kenya,Floods,Africa,2026,Hydrological (Climate),Climate-Driven
Suriname,Chikungunya Virus Outbreak,South America,2026,Biological (Non-Climate),Non-Climate
Brazil,Floods,South America,2026,Hydrological (Climate),Climate-Driven
Peru,Floods and Landslides,South America,2026,Hydrological (Climate),Climate-Driven
Angola,Floods,Africa,2026,Hydrological (Climate),Climate-Driven
Zambia,Cholera Outbreak,Africa,2026,Biological (Non-Climate),Non-Climate
Cameroon,Fires,Africa,2026,Technological (Non-Climate),Non-Climate
Somalia,Dengue Outbreak,Africa,2026,Biological (Non-Climate),Non-Climate
Rwanda,Flash Floods,Africa,2026,Hydrological (Climate),Climate-Driven
Algeria,Floods,Africa,2026,Hydrological (Climate),Climate-Driven
Argentina,Landslides,South America,2026,Hydrological (Climate),Climate-Driven
South Africa,Floods,Africa,2026,Hydrological (Climate),Climate-Driven
North Macedonia,Floods,Europe,2026,Hydrological (Climate),Climate-Driven
Malawi,Floods,Africa,2026,Hydrological (Climate),Climate-Driven
Serbia,Cold Wave,Europe,2026,Meteorological (Climate),Climate-Driven
Guatemala,Measles Outbreak,North America,2026,Biological (Non-Climate),Non-Climate
Ecuador,Floods,South America,2026,Hydrological (Climate),Climate-Driven
Zimbabwe,Floods,Africa,2026,Hydrological (Climate),Climate-Driven
Mozambique,Floods,Africa,2025,Hydrological (Climate),Climate-Driven
Chile,Wild Fires,South America,2025,Climatological (Climate),Climate-Driven
Gabon,Windstorms,Africa,2025,Meteorological (Climate),Climate-Driven
Morocco,Floods,Africa,2025,Hydrological (Climate),Climate-Driven
Bolivia,Floods,South America,2025,Hydrological (Climate),Climate-Driven
Congo,Floods,Africa,2025,Hydrological (Climate),Climate-Driven
Cuba,Arboviral Outbreak,North America,2025,Biological (Non-Climate),Non-Climate
Egypt,Floods,Africa,2025,Hydrological (Climate),Climate-Driven
Cabo Verde,Flash Floods,Africa,2025,Hydrological (Climate),Climate-Driven
South Sudan,Floods,Africa,2025,Hydrological (Climate),Climate-Driven
Sudan,Floods,Africa,2025,Hydrological (Climate),Climate-Driven
Honduras,Floods,North America,2025,Hydrological (Climate),Climate-Driven
Panama,River Pollution,North America,2025,Technological (Non-Climate),Non-Climate
Côte d'Ivoire,Cholera Outbreak,Africa,2025,Biological (Non-Climate),Non-Climate
Ghana,Cholera Outbreak,Africa,2024,Biological (Non-Climate),Non-Climate
Namibia,Drought,Africa,2024,Climatological (Climate),Climate-Driven
Niger,Diphtheria Outbreak,Africa,2023,Biological (Non-Climate),Non-Climate
Nigeria,Lassa Fever Outbreak,Africa,2023,Biological (Non-Climate),Non-Climate
Burundi,Cholera Outbreak,Africa,2023,Biological (Non-Climate),Non-Climate
South Asia,Locust Infestation,Asia,2020,Biological (Non-Climate),Non-Climate
Tanzania,Floods,Africa,2020,Hydrological (Climate),Climate-Driven
Central African Republic,Measles Outbreak,Africa,2020,Biological (Non-Climate),Non-Climate
Madagascar,Floods,Africa,2020,Hydrological (Climate),Climate-Driven
occupied Palestinian territory,Cold Wave,Asia,2020,Meteorological (Climate),Climate-Driven
Afghanistan,Cold Wave,Asia,2020,Meteorological (Climate),Climate-Driven
Pakistan,Cold Wave,Asia,2020,Meteorological (Climate),Climate-Driven
Philippines,Taal Volcano,Asia,2020,Geophysical (Non-Climate),Non-Climate
Iran,Floods,Asia,2020,Hydrological (Climate),Climate-Driven
Mozambique,Floods,Africa,2019,Hydrological (Climate),Climate-Driven
Yemen,Dengue Outbreak,Asia,2019,Biological (Non-Climate),Non-Climate
Indonesia,Floods and Landslides,Asia,2019,Hydrological (Climate),Climate-Driven
Philippines,Earthquake,Asia,2019,Geophysical (Non-Climate),Non-Climate
Rwanda,Floods,Africa,2019,Hydrological (Climate),Climate-Driven
Burundi,Floods and Landslides,Africa,2019,Hydrological (Climate),Climate-Driven
Sri Lanka,Floods and Landslides,Asia,2019,Hydrological (Climate),Climate-Driven
Indonesia,Earthquake,Asia,2026,Geophysical (Non-Climate),Non-Climate
Colombia,Earthquake,South America,2026,Geophysical (Non-Climate),Non-Climate
Myanmar,Floods,Asia,2026,Hydrological (Climate),Climate-Driven
Afghanistan,Flash Floods,Asia,2026,Hydrological (Climate),Climate-Driven
India,Flash Floods,Asia,2026,Hydrological (Climate),Climate-Driven
Kyrgyzstan,Flash Floods,Asia,2026,Hydrological (Climate),Climate-Driven
Tajikistan,Floods,Asia,2026,Hydrological (Climate),Climate-Driven
Bangladesh,Flash Floods,Asia,2026,Hydrological (Climate),Climate-Driven
Georgia,Floods,Asia,2026,Hydrological (Climate),Climate-Driven
Central African Republic,Cholera Outbreak,Africa,2026,Biological (Non-Climate),Non-Climate
Venezuela,Earthquakes,South America,2026,Geophysical (Non-Climate),Non-Climate
Chad,Cholera Outbreak,Africa,2026,Biological (Non-Climate),Non-Climate
Philippines,Earthquake and Tsunami,Asia,2026,Geophysical (Non-Climate),Non-Climate
Armenia,Hailstorm,Asia,2026,Meteorological (Climate),Climate-Driven
Syria,Floods,Asia,2026,Hydrological (Climate),Climate-Driven
Central/Eastern Africa,Ebola Outbreak,Africa,2026,Biological (Non-Climate),Non-Climate
Sri Lanka,Dengue Outbreak,Asia,2026,Biological (Non-Climate),Non-Climate
Dominican Republic,Floods,North America,2026,Hydrological (Climate),Climate-Driven
Yemen,Floods,Asia,2026,Hydrological (Climate),Climate-Driven
Tanzania,Floods and Landslides,Africa,2026,Hydrological (Climate),Climate-Driven
Liberia,Windstorms,Africa,2026,Meteorological (Climate),Climate-Driven
Botswana,Floods,Africa,2026,Hydrological (Climate),Climate-Driven
Ethiopia,Floods and Landslides,Africa,2026,Hydrological (Climate),Climate-Driven
Kenya,Floods,Africa,2026,Hydrological (Climate),Climate-Driven
Suriname,Chikungunya Virus Outbreak,South America,2026,Biological (Non-Climate),Non-Climate
Brazil,Floods,South America,2026,Hydrological (Climate),Climate-Driven
Peru,Floods and Landslides,South America,2026,Hydrological (Climate),Climate-Driven
Angola,Floods,Africa,2026,Hydrological (Climate),Climate-Driven
Zambia,Cholera Outbreak,Africa,2026,Biological (Non-Climate),Non-Climate
Cameroon,Fires,Africa,2026,Technological (Non-Climate),Non-Climate
Somalia,Dengue Outbreak,Africa,2026,Biological (Non-Climate),Non-Climate
Rwanda,Flash Floods,Africa,2026,Hydrological (Climate),Climate-Driven
Algeria,Floods,Africa,2026,Hydrological (Climate),Climate-Driven
Argentina,Landslides,South America,2026,Hydrological (Climate),Climate-Driven
South Africa,Floods,Africa,2026,Hydrological (Climate),Climate-Driven
North Macedonia,Floods,Europe,2026,Hydrological (Climate),Climate-Driven
Malawi,Floods,Africa,2026,Hydrological (Climate),Climate-Driven
Serbia,Cold Wave,Europe,2026,Meteorological (Climate),Climate-Driven
Guatemala,Measles Outbreak,North America,2026,Biological (Non-Climate),Non-Climate
Ecuador,Floods,South America,2026,Hydrological (Climate),Climate-Driven
Zimbabwe,Floods,Africa,2026,Hydrological (Climate),Climate-Driven
Mozambique,Floods,Africa,2025,Hydrological (Climate),Climate-Driven
Chile,Wild Fires,South America,2025,Climatological (Climate),Climate-Driven
Gabon,Windstorms,Africa,2025,Meteorological (Climate),Climate-Driven
Morocco,Floods,Africa,2025,Hydrological (Climate),Climate-Driven
Bolivia,Floods,South America,2025,Hydrological (Climate),Climate-Driven
Congo,Floods,Africa,2025,Hydrological (Climate),Climate-Driven
Cuba,Arboviral Outbreak,North America,2025,Biological (Non-Climate),Non-Climate
Egypt,Floods,Africa,2025,Hydrological (Climate),Climate-Driven
Cabo Verde,Flash Floods,Africa,2025,Hydrological (Climate),Climate-Driven
South Sudan,Floods,Africa,2025,Hydrological (Climate),Climate-Driven
Sudan,Floods,Africa,2025,Hydrological (Climate),Climate-Driven
Honduras,Floods,North America,2025,Hydrological (Climate),Climate-Driven
Panama,River Pollution,North America,2025,Technological (Non-Climate),Non-Climate
Côte d'Ivoire,Cholera Outbreak,Africa,2025,Biological (Non-Climate),Non-Climate
Ghana,Cholera Outbreak,Africa,2024,Biological (Non-Climate),Non-Climate
Namibia,Drought,Africa,2024,Climatological (Climate),Climate-Driven
Niger,Diphtheria Outbreak,Africa,2023,Biological (Non-Climate),Non-Climate
Nigeria,Lassa Fever Outbreak,Africa,2023,Biological (Non-Climate),Non-Climate
Burundi,Cholera Outbreak,Africa,2023,Biological (Non-Climate),Non-Climate
Malaysia,Floods and Landslides,Asia,2019,Hydrological (Climate),Climate-Driven
Albania,Earthquake,Europe,2019,Geophysical (Non-Climate),Non-Climate
Djibouti,Floods,Africa,2019,Hydrological (Climate),Climate-Driven
Mongolia,Dzud,Asia,2020,Climatological (Climate),Climate-Driven
El Salvador,Floods,North America,2019,Hydrological (Climate),Climate-Driven
Kenya,Floods and Landslides,Africa,2019,Hydrological (Climate),Climate-Driven
Somalia,Floods,Africa,2019,Hydrological (Climate),Climate-Driven
Uganda,Floods and Landslides,Africa,2019,Hydrological (Climate),Climate-Driven
Philippines,Earthquakes,Asia,2019,Geophysical (Non-Climate),Non-Climate
Tanzania,Floods,Africa,2019,Hydrological (Climate),Climate-Driven
Pacific,Measles Outbreak,Oceania,2019,Biological (Non-Climate),Non-Climate
DR Congo,Floods,Africa,2019,Hydrological (Climate),Climate-Driven
Cote d'Ivoire,Floods,Africa,2019,Hydrological (Climate),Climate-Driven
Sudan,Rift Valley Fever Outbreak,Africa,2019,Biological (Non-Climate),Non-Climate
Ghana,Floods,Africa,2019,Hydrological (Climate),Climate-Driven
Republic of Congo,Floods,Africa,2019,Hydrological (Climate),Climate-Driven
Horn of Africa,Locust Infestation,Africa,2019,Biological (Non-Climate),Non-Climate
Cameroon/Chad,Floods,Africa,2019,Hydrological (Climate),Climate-Driven
Bangladesh,Measles Outbreak,Asia,2019,Biological (Non-Climate),Non-Climate
Indonesia,Earthquake,Asia,2026,Geophysical (Non-Climate),Non-Climate
Colombia,Earthquake,South America,2026,Geophysical (Non-Climate),Non-Climate
Myanmar,Floods,Asia,2026,Hydrological (Climate),Climate-Driven
Afghanistan,Flash Floods,Asia,2026,Hydrological (Climate),Climate-Driven
India,Flash Floods,Asia,2026,Hydrological (Climate),Climate-Driven
Kyrgyzstan,Flash Floods,Asia,2026,Hydrological (Climate),Climate-Driven
Tajikistan,Floods,Asia,2026,Hydrological (Climate),Climate-Driven
Bangladesh,Flash Floods,Asia,2026,Hydrological (Climate),Climate-Driven
Georgia,Floods,Asia,2026,Hydrological (Climate),Climate-Driven
Central African Republic,Cholera Outbreak,Africa,2026,Biological (Non-Climate),Non-Climate
Venezuela,Earthquakes,South America,2026,Geophysical (Non-Climate),Non-Climate
Chad,Cholera Outbreak,Africa,2026,Biological (Non-Climate),Non-Climate
Philippines,Earthquake and Tsunami,Asia,2026,Geophysical (Non-Climate),Non-Climate
Armenia,Hailstorm,Asia,2026,Meteorological (Climate),Climate-Driven
Syria,Floods,Asia,2026,Hydrological (Climate),Climate-Driven
Central/Eastern Africa,Ebola Outbreak,Africa,2026,Biological (Non-Climate),Non-Climate
Sri Lanka,Dengue Outbreak,Asia,2026,Biological (Non-Climate),Non-Climate
Dominican Republic,Floods,North America,2026,Hydrological (Climate),Climate-Driven
Yemen,Floods,Asia,2026,Hydrological (Climate),Climate-Driven
Tanzania,Floods and Landslides,Africa,2026,Hydrological (Climate),Climate-Driven
Liberia,Windstorms,Africa,2026,Meteorological (Climate),Climate-Driven
Botswana,Floods,Africa,2026,Hydrological (Climate),Climate-Driven
Ethiopia,Floods and Landslides,Africa,2026,Hydrological (Climate),Climate-Driven
Kenya,Floods,Africa,2026,Hydrological (Climate),Climate-Driven
Suriname,Chikungunya Virus Outbreak,South America,2026,Biological (Non-Climate),Non-Climate
Brazil,Floods,South America,2026,Hydrological (Climate),Climate-Driven
Peru,Floods and Landslides,South America,2026,Hydrological (Climate),Climate-Driven
Angola,Floods,Africa,2026,Hydrological (Climate),Climate-Driven
Zambia,Cholera Outbreak,Africa,2026,Biological (Non-Climate),Non-Climate
Cameroon,Fires,Africa,2026,Technological (Non-Climate),Non-Climate
Somalia,Dengue Outbreak,Africa,2026,Biological (Non-Climate),Non-Climate
Rwanda,Flash Floods,Africa,2026,Hydrological (Climate),Climate-Driven
Algeria,Floods,Africa,2026,Hydrological (Climate),Climate-Driven
Argentina,Landslides,South America,2026,Hydrological (Climate),Climate-Driven
South Africa,Floods,Africa,2026,Hydrological (Climate),Climate-Driven
North Macedonia,Floods,Europe,2026,Hydrological (Climate),Climate-Driven
Malawi,Floods,Africa,2026,Hydrological (Climate),Climate-Driven
Serbia,Cold Wave,Europe,2026,Meteorological (Climate),Climate-Driven
Guatemala,Measles Outbreak,North America,2026,Biological (Non-Climate),Non-Climate
Ecuador,Floods,South America,2026,Hydrological (Climate),Climate-Driven
Zimbabwe,Floods,Africa,2026,Hydrological (Climate),Climate-Driven
Mozambique,Floods,Africa,2025,Hydrological (Climate),Climate-Driven
Chile,Wild Fires,South America,2025,Climatological (Climate),Climate-Driven
Gabon,Windstorms,Africa,2025,Meteorological (Climate),Climate-Driven
Morocco,Floods,Africa,2025,Hydrological (Climate),Climate-Driven
Bolivia,Floods,South America,2025,Hydrological (Climate),Climate-Driven
Congo,Floods,Africa,2025,Hydrological (Climate),Climate-Driven
Cuba,Arboviral Outbreak,North America,2025,Biological (Non-Climate),Non-Climate
Egypt,Floods,Africa,2025,Hydrological (Climate),Climate-Driven
Cabo Verde,Flash Floods,Africa,2025,Hydrological (Climate),Climate-Driven
South Sudan,Floods,Africa,2025,Hydrological (Climate),Climate-Driven
Sudan,Floods,Africa,2025,Hydrological (Climate),Climate-Driven
Honduras,Floods,North America,2025,Hydrological (Climate),Climate-Driven
Panama,River Pollution,North America,2025,Technological (Non-Climate),Non-Climate
Côte d'Ivoire,Cholera Outbreak,Africa,2025,Biological (Non-Climate),Non-Climate
Ghana,Cholera Outbreak,Africa,2024,Biological (Non-Climate),Non-Climate
Namibia,Drought,Africa,2024,Climatological (Climate),Climate-Driven
Niger,Diphtheria Outbreak,Africa,2023,Biological (Non-Climate),Non-Climate
Nigeria,Lassa Fever Outbreak,Africa,2023,Biological (Non-Climate),Non-Climate
Burundi,Cholera Outbreak,Africa,2023,Biological (Non-Climate),Non-Climate
Pakistan,Earthquake,Asia,2019,Geophysical (Non-Climate),Non-Climate
Philippines/Malaysia,Polio Outbreak,Asia,2019,Biological (Non-Climate),Non-Climate
Senegal,Floods,Africa,2019,Hydrological (Climate),Climate-Driven
Sudan,Cholera Outbreak,Africa,2019,Biological (Non-Climate),Non-Climate
Pakistan,Dengue Outbreak,Asia,2019,Biological (Non-Climate),Non-Climate
Thailand,Floods and Landslides,Asia,2019,Hydrological (Climate),Climate-Driven
Niger,Floods,Africa,2019,Hydrological (Climate),Climate-Driven
Mauritania,Floods,Africa,2019,Hydrological (Climate),Climate-Driven
Bolivia,Wild Fires,South America,2019,Climatological (Climate),Climate-Driven
Mali,Floods,Africa,2019,Hydrological (Climate),Climate-Driven
Guatemala,Floods and Landslides,North America,2019,Hydrological (Climate),Climate-Driven
Lao PDR,Floods,Asia,2019,Hydrological (Climate),Climate-Driven
Central African Republic,Floods,Africa,2019,Hydrological (Climate),Climate-Driven
Ethiopia,Floods,Africa,2019,Hydrological (Climate),Climate-Driven
Sudan,Dengue Fever Outbreak,Africa,2019,Biological (Non-Climate),Non-Climate
Nigeria,Floods,Africa,2019,Hydrological (Climate),Climate-Driven
Sierra Leone,Floods,Africa,2019,Hydrological (Climate),Climate-Driven
Papua New Guinea,Mt. Manam Volcano,Oceania,2019,Geophysical (Non-Climate),Non-Climate
Philippines,Earthquakes,Asia,2019,Geophysical (Non-Climate),Non-Climate
Indonesia,Earthquake,Asia,2026,Geophysical (Non-Climate),Non-Climate
Colombia,Earthquake,South America,2026,Geophysical (Non-Climate),Non-Climate
Myanmar,Floods,Asia,2026,Hydrological (Climate),Climate-Driven
Afghanistan,Flash Floods,Asia,2026,Hydrological (Climate),Climate-Driven
India,Flash Floods,Asia,2026,Hydrological (Climate),Climate-Driven
Kyrgyzstan,Flash Floods,Asia,2026,Hydrological (Climate),Climate-Driven
Tajikistan,Floods,Asia,2026,Hydrological (Climate),Climate-Driven
Bangladesh,Flash Floods,Asia,2026,Hydrological (Climate),Climate-Driven
Georgia,Floods,Asia,2026,Hydrological (Climate),Climate-Driven
Central African Republic,Cholera Outbreak,Africa,2026,Biological (Non-Climate),Non-Climate
Venezuela,Earthquakes,South America,2026,Geophysical (Non-Climate),Non-Climate
Chad,Cholera Outbreak,Africa,2026,Biological (Non-Climate),Non-Climate
Philippines,Earthquake and Tsunami,Asia,2026,Geophysical (Non-Climate),Non-Climate
Armenia,Hailstorm,Asia,2026,Meteorological (Climate),Climate-Driven
Syria,Floods,Asia,2026,Hydrological (Climate),Climate-Driven
Central/Eastern Africa,Ebola Outbreak,Africa,2026,Biological (Non-Climate),Non-Climate
Sri Lanka,Dengue Outbreak,Asia,2026,Biological (Non-Climate),Non-Climate
Dominican Republic,Floods,North America,2026,Hydrological (Climate),Climate-Driven
Yemen,Floods,Asia,2026,Hydrological (Climate),Climate-Driven
Tanzania,Floods and Landslides,Africa,2026,Hydrological (Climate),Climate-Driven
Liberia,Windstorms,Africa,2026,Meteorological (Climate),Climate-Driven
Botswana,Floods,Africa,2026,Hydrological (Climate),Climate-Driven
Ethiopia,Floods and Landslides,Africa,2026,Hydrological (Climate),Climate-Driven
Kenya,Floods,Africa,2026,Hydrological (Climate),Climate-Driven
Suriname,Chikungunya Virus Outbreak,South America,2026,Biological (Non-Climate),Non-Climate
Brazil,Floods,South America,2026,Hydrological (Climate),Climate-Driven
Peru,Floods and Landslides,South America,2026,Hydrological (Climate),Climate-Driven
Angola,Floods,Africa,2026,Hydrological (Climate),Climate-Driven
Zambia,Cholera Outbreak,Africa,2026,Biological (Non-Climate),Non-Climate
Cameroon,Fires,Africa,2026,Technological (Non-Climate),Non-Climate
Somalia,Dengue Outbreak,Africa,2026,Biological (Non-Climate),Non-Climate
Rwanda,Flash Floods,Africa,2026,Hydrological (Climate),Climate-Driven
Algeria,Floods,Africa,2026,Hydrological (Climate),Climate-Driven
Argentina,Landslides,South America,2026,Hydrological (Climate),Climate-Driven
South Africa,Floods,Africa,2026,Hydrological (Climate),Climate-Driven
North Macedonia,Floods,Europe,2026,Hydrological (Climate),Climate-Driven
Malawi,Floods,Africa,2026,Hydrological (Climate),Climate-Driven
Serbia,Cold Wave,Europe,2026,Meteorological (Climate),Climate-Driven
Guatemala,Measles Outbreak,North America,2026,Biological (Non-Climate),Non-Climate
Ecuador,Floods,South America,2026,Hydrological (Climate),Climate-Driven
Zimbabwe,Floods,Africa,2026,Hydrological (Climate),Climate-Driven
Mozambique,Floods,Africa,2025,Hydrological (Climate),Climate-Driven
Chile,Wild Fires,South America,2025,Climatological (Climate),Climate-Driven
Gabon,Windstorms,Africa,2025,Meteorological (Climate),Climate-Driven
Morocco,Floods,Africa,2025,Hydrological (Climate),Climate-Driven
Bolivia,Floods,South America,2025,Hydrological (Climate),Climate-Driven
Congo,Floods,Africa,2025,Hydrological (Climate),Climate-Driven
Cuba,Arboviral Outbreak,North America,2025,Biological (Non-Climate),Non-Climate
Egypt,Floods,Africa,2025,Hydrological (Climate),Climate-Driven
Cabo Verde,Flash Floods,Africa,2025,Hydrological (Climate),Climate-Driven
South Sudan,Floods,Africa,2025,Hydrological (Climate),Climate-Driven
Sudan,Floods,Africa,2025,Hydrological (Climate),Climate-Driven
Honduras,Floods,North America,2025,Hydrological (Climate),Climate-Driven
Panama,River Pollution,North America,2025,Technological (Non-Climate),Non-Climate
Côte d'Ivoire,Cholera Outbreak,Africa,2025,Biological (Non-Climate),Non-Climate
Ghana,Cholera Outbreak,Africa,2024,Biological (Non-Climate),Non-Climate
Namibia,Drought,Africa,2024,Climatological (Climate),Climate-Driven
Niger,Diphtheria Outbreak,Africa,2023,Biological (Non-Climate),Non-Climate
Nigeria,Lassa Fever Outbreak,Africa,2023,Biological (Non-Climate),Non-Climate
Burundi,Cholera Outbreak,Africa,2023,Biological (Non-Climate),Non-Climate
Pakistan,Floods and Landslides,Asia,2019,Hydrological (Climate),Climate-Driven
Philippines,Dengue Outbreak,Asia,2019,Biological (Non-Climate),Non-Climate
Myanmar,Floods,Asia,2019,Hydrological (Climate),Climate-Driven
Nepal,Floods and Landslides,Asia,2019,Hydrological (Climate),Climate-Driven
Sri Lanka,Dengue Outbreak,Asia,2019,Biological (Non-Climate),Non-Climate
Hungary,Severe Local Storm,Europe,2019,Meteorological (Climate),Climate-Driven
Armenia,Hail Storm,Asia,2019,Meteorological (Climate),Climate-Driven
Viet Nam,Floods and Landslides,Asia,2019,Hydrological (Climate),Climate-Driven
India,Floods and Landslides,Asia,2019,Hydrological (Climate),Climate-Driven
Papua New Guinea,Mt. Ulawun Volcano,Oceania,2019,Geophysical (Non-Climate),Non-Climate
Bangladesh,Floods and Landslides,Asia,2019,Hydrological (Climate),Climate-Driven
Gambia,Windstorm Surge,Africa,2019,Meteorological (Climate),Climate-Driven
Central and Latin America,Dengue Outbreak,Americas,2019,Biological (Non-Climate),Non-Climate
Yemen,Floods,Asia,2019,Hydrological (Climate),Climate-Driven
South Sudan,Floods,Africa,2019,Hydrological (Climate),Climate-Driven
Philippines,Floods and Landslides,Asia,2019,Hydrological (Climate),Climate-Driven
Ethiopia,Cholera Outbreak,Africa,2019,Biological (Non-Climate),Non-Climate
Burundi,Cholera Outbreak,Africa,2019,Biological (Non-Climate),Non-Climate
Uganda,Floods and Landslides,Africa,2019,Hydrological (Climate),Climate-Driven
Indonesia,Earthquake,Asia,2026,Geophysical (Non-Climate),Non-Climate
Colombia,Earthquake,South America,2026,Geophysical (Non-Climate),Non-Climate
Myanmar,Floods,Asia,2026,Hydrological (Climate),Climate-Driven
Afghanistan,Flash Floods,Asia,2026,Hydrological (Climate),Climate-Driven
India,Flash Floods,Asia,2026,Hydrological (Climate),Climate-Driven
Kyrgyzstan,Flash Floods,Asia,2026,Hydrological (Climate),Climate-Driven
Tajikistan,Floods,Asia,2026,Hydrological (Climate),Climate-Driven
Bangladesh,Flash Floods,Asia,2026,Hydrological (Climate),Climate-Driven
Georgia,Floods,Asia,2026,Hydrological (Climate),Climate-Driven
Central African Republic,Cholera Outbreak,Africa,2026,Biological (Non-Climate),Non-Climate
Venezuela,Earthquakes,South America,2026,Geophysical (Non-Climate),Non-Climate
Chad,Cholera Outbreak,Africa,2026,Biological (Non-Climate),Non-Climate
Philippines,Earthquake and Tsunami,Asia,2026,Geophysical (Non-Climate),Non-Climate
Armenia,Hailstorm,Asia,2026,Meteorological (Climate),Climate-Driven
Syria,Floods,Asia,2026,Hydrological (Climate),Climate-Driven
Central/Eastern Africa,Ebola Outbreak,Africa,2026,Biological (Non-Climate),Non-Climate
Sri Lanka,Dengue Outbreak,Asia,2026,Biological (Non-Climate),Non-Climate
Dominican Republic,Floods,North America,2026,Hydrological (Climate),Climate-Driven
Yemen,Floods,Asia,2026,Hydrological (Climate),Climate-Driven
Tanzania,Floods and Landslides,Africa,2026,Hydrological (Climate),Climate-Driven
Liberia,Windstorms,Africa,2026,Meteorological (Climate),Climate-Driven
Botswana,Floods,Africa,2026,Hydrological (Climate),Climate-Driven
Ethiopia,Floods and Landslides,Africa,2026,Hydrological (Climate),Climate-Driven
Kenya,Floods,Africa,2026,Hydrological (Climate),Climate-Driven
Suriname,Chikungunya Virus Outbreak,South America,2026,Biological (Non-Climate),Non-Climate
Brazil,Floods,South America,2026,Hydrological (Climate),Climate-Driven
Peru,Floods and Landslides,South America,2026,Hydrological (Climate),Climate-Driven
Angola,Floods,Africa,2026,Hydrological (Climate),Climate-Driven
Zambia,Cholera Outbreak,Africa,2026,Biological (Non-Climate),Non-Climate
Cameroon,Fires,Africa,2026,Technological (Non-Climate),Non-Climate
Somalia,Dengue Outbreak,Africa,2026,Biological (Non-Climate),Non-Climate
Rwanda,Flash Floods,Africa,2026,Hydrological (Climate),Climate-Driven
Algeria,Floods,Africa,2026,Hydrological (Climate),Climate-Driven
Argentina,Landslides,South America,2026,Hydrological (Climate),Climate-Driven
South Africa,Floods,Africa,2026,Hydrological (Climate),Climate-Driven
North Macedonia,Floods,Europe,2026,Hydrological (Climate),Climate-Driven
Malawi,Floods,Africa,2026,Hydrological (Climate),Climate-Driven
Serbia,Cold Wave,Europe,2026,Meteorological (Climate),Climate-Driven
Guatemala,Measles Outbreak,North America,2026,Biological (Non-Climate),Non-Climate
Ecuador,Floods,South America,2026,Hydrological (Climate),Climate-Driven
Zimbabwe,Floods,Africa,2026,Hydrological (Climate),Climate-Driven
Mozambique,Floods,Africa,2025,Hydrological (Climate),Climate-Driven
Chile,Wild Fires,South America,2025,Climatological (Climate),Climate-Driven
Gabon,Windstorms,Africa,2025,Meteorological (Climate),Climate-Driven
Morocco,Floods,Africa,2025,Hydrological (Climate),Climate-Driven
Bolivia,Floods,South America,2025,Hydrological (Climate),Climate-Driven
Congo,Floods,Africa,2025,Hydrological (Climate),Climate-Driven
Cuba,Arboviral Outbreak,North America,2025,Biological (Non-Climate),Non-Climate
Egypt,Floods,Africa,2025,Hydrological (Climate),Climate-Driven
Cabo Verde,Flash Floods,Africa,2025,Hydrological (Climate),Climate-Driven
South Sudan,Floods,Africa,2025,Hydrological (Climate),Climate-Driven
Sudan,Floods,Africa,2025,Hydrological (Climate),Climate-Driven
Honduras,Floods,North America,2025,Hydrological (Climate),Climate-Driven
Panama,River Pollution,North America,2025,Technological (Non-Climate),Non-Climate
Côte d'Ivoire,Cholera Outbreak,Africa,2025,Biological (Non-Climate),Non-Climate
Ghana,Cholera Outbreak,Africa,2024,Biological (Non-Climate),Non-Climate
Namibia,Drought,Africa,2024,Climatological (Climate),Climate-Driven
Niger,Diphtheria Outbreak,Africa,2023,Biological (Non-Climate),Non-Climate
Nigeria,Lassa Fever Outbreak,Africa,2023,Biological (Non-Climate),Non-Climate
Burundi,Cholera Outbreak,Africa,2023,Biological (Non-Climate),Non-Climate
Sudan,Floods,Africa,2019,Hydrological (Climate),Climate-Driven
Serbia,Floods,Europe,2019,Hydrological (Climate),Climate-Driven
Tajikistan,Floods and Mudslides,Asia,2019,Hydrological (Climate),Climate-Driven
Libya,Floods,Africa,2019,Hydrological (Climate),Climate-Driven
Central African Republic,Polio Outbreak,Africa,2019,Biological (Non-Climate),Non-Climate
Pakistan,Polio Outbreak,Asia,2019,Biological (Non-Climate),Non-Climate
Georgia,Floods,Asia,2019,Hydrological (Climate),Climate-Driven
Tanzania,Floods,Africa,2019,Hydrological (Climate),Climate-Driven
Burundi,Malaria Outbreak,Africa,2019,Biological (Non-Climate),Non-Climate
DPR Korea,Drought,Asia,2019,Climatological (Climate),Climate-Driven
Syria,Floods,Asia,2019,Hydrological (Climate),Climate-Driven
Mozambique,Cholera Outbreak,Africa,2019,Biological (Non-Climate),Non-Climate
Colombia,Floods and Landslides,South America,2019,Hydrological (Climate),Climate-Driven
Iraq,Floods,Asia,2019,Hydrological (Climate),Climate-Driven
Iran,Floods,Asia,2019,Hydrological (Climate),Climate-Driven
Indonesia,Floods and Landslides in Papua Province,Asia,2019,Hydrological (Climate),Climate-Driven
Indonesia,Earthquake,Asia,2026,Geophysical (Non-Climate),Non-Climate
Colombia,Earthquake,South America,2026,Geophysical (Non-Climate),Non-Climate
Myanmar,Floods,Asia,2026,Hydrological (Climate),Climate-Driven
Afghanistan,Flash Floods,Asia,2026,Hydrological (Climate),Climate-Driven
India,Flash Floods,Asia,2026,Hydrological (Climate),Climate-Driven
Kyrgyzstan,Flash Floods,Asia,2026,Hydrological (Climate),Climate-Driven
Tajikistan,Floods,Asia,2026,Hydrological (Climate),Climate-Driven
Bangladesh,Flash Floods,Asia,2026,Hydrological (Climate),Climate-Driven
Georgia,Floods,Asia,2026,Hydrological (Climate),Climate-Driven
Central African Republic,Cholera Outbreak,Africa,2026,Biological (Non-Climate),Non-Climate
Venezuela,Earthquakes,South America,2026,Geophysical (Non-Climate),Non-Climate
Chad,Cholera Outbreak,Africa,2026,Biological (Non-Climate),Non-Climate
Philippines,Earthquake and Tsunami,Asia,2026,Geophysical (Non-Climate),Non-Climate
Armenia,Hailstorm,Asia,2026,Meteorological (Climate),Climate-Driven
Syria,Floods,Asia,2026,Hydrological (Climate),Climate-Driven
Central/Eastern Africa,Ebola Outbreak,Africa,2026,Biological (Non-Climate),Non-Climate
Sri Lanka,Dengue Outbreak,Asia,2026,Biological (Non-Climate),Non-Climate
Dominican Republic,Floods,North America,2026,Hydrological (Climate),Climate-Driven
Yemen,Floods,Asia,2026,Hydrological (Climate),Climate-Driven
Tanzania,Floods and Landslides,Africa,2026,Hydrological (Climate),Climate-Driven
Liberia,Windstorms,Africa,2026,Meteorological (Climate),Climate-Driven
Botswana,Floods,Africa,2026,Hydrological (Climate),Climate-Driven
Ethiopia,Floods and Landslides,Africa,2026,Hydrological (Climate),Climate-Driven
Kenya,Floods,Africa,2026,Hydrological (Climate),Climate-Driven
Suriname,Chikungunya Virus Outbreak,South America,2026,Biological (Non-Climate),Non-Climate
Brazil,Floods,South America,2026,Hydrological (Climate),Climate-Driven
Peru,Floods and Landslides,South America,2026,Hydrological (Climate),Climate-Driven
Angola,Floods,Africa,2026,Hydrological (Climate),Climate-Driven
Zambia,Cholera Outbreak,Africa,2026,Biological (Non-Climate),Non-Climate
Cameroon,Fires,Africa,2026,Technological (Non-Climate),Non-Climate
Somalia,Dengue Outbreak,Africa,2026,Biological (Non-Climate),Non-Climate
Rwanda,Flash Floods,Africa,2026,Hydrological (Climate),Climate-Driven
Algeria,Floods,Africa,2026,Hydrological (Climate),Climate-Driven
Argentina,Landslides,South America,2026,Hydrological (Climate),Climate-Driven
South Africa,Floods,Africa,2026,Hydrological (Climate),Climate-Driven
North Macedonia,Floods,Europe,2026,Hydrological (Climate),Climate-Driven
Malawi,Floods,Africa,2026,Hydrological (Climate),Climate-Driven
Serbia,Cold Wave,Europe,2026,Meteorological (Climate),Climate-Driven
Guatemala,Measles Outbreak,North America,2026,Biological (Non-Climate),Non-Climate
Ecuador,Floods,South America,2026,Hydrological (Climate),Climate-Driven
Zimbabwe,Floods,Africa,2026,Hydrological (Climate),Climate-Driven
Mozambique,Floods,Africa,2025,Hydrological (Climate),Climate-Driven
Chile,Wild Fires,South America,2025,Climatological (Climate),Climate-Driven
Gabon,Windstorms,Africa,2025,Meteorological (Climate),Climate-Driven
Morocco,Floods,Africa,2025,Hydrological (Climate),Climate-Driven
Bolivia,Floods,South America,2025,Hydrological (Climate),Climate-Driven
Congo,Floods,Africa,2025,Hydrological (Climate),Climate-Driven
Cuba,Arboviral Outbreak,North America,2025,Biological (Non-Climate),Non-Climate
Egypt,Floods,Africa,2025,Hydrological (Climate),Climate-Driven
Cabo Verde,Flash Floods,Africa,2025,Hydrological (Climate),Climate-Driven
South Sudan,Floods,Africa,2025,Hydrological (Climate),Climate-Driven
Sudan,Floods,Africa,2025,Hydrological (Climate),Climate-Driven
Honduras,Floods,North America,2025,Hydrological (Climate),Climate-Driven
Panama,River Pollution,North America,2025,Technological (Non-Climate),Non-Climate
Côte d'Ivoire,Cholera Outbreak,Africa,2025,Biological (Non-Climate),Non-Climate
Ghana,Cholera Outbreak,Africa,2024,Biological (Non-Climate),Non-Climate
Namibia,Drought,Africa,2024,Climatological (Climate),Climate-Driven
Niger,Diphtheria Outbreak,Africa,2023,Biological (Non-Climate),Non-Climate
Nigeria,Lassa Fever Outbreak,Africa,2023,Biological (Non-Climate),Non-Climate
Burundi,Cholera Outbreak,Africa,2023,Biological (Non-Climate),Non-Climate
Afghanistan,Flash Floods,Asia,2019,Hydrological (Climate),Climate-Driven
Bolivia,Floods,South America,2019,Hydrological (Climate),Climate-Driven
Paraguay,Floods,South America,2019,Hydrological (Climate),Climate-Driven
Peru,Floods and Landslides,South America,2019,Hydrological (Climate),Climate-Driven
Philippines,Measles Outbreak,Asia,2019,Biological (Non-Climate),Non-Climate
Moldova,Cold Wave,Europe,2019,Meteorological (Climate),Climate-Driven
Sri Lanka,Drought,Asia,2019,Climatological (Climate),Climate-Driven
Cuba,Severe Local Storm,North America,2019,Meteorological (Climate),Climate-Driven
Argentina,Floods,South America,2019,Hydrological (Climate),Climate-Driven
Kenya,Cholera Outbreak,Africa,2019,Biological (Non-Climate),Non-Climate
Malawi,Floods,Africa,2019,Hydrological (Climate),Climate-Driven
Nigeria,Lassa Fever Outbreak,Africa,2019,Biological (Non-Climate),Non-Climate
Algeria,Cold Wave,Africa,2019,Meteorological (Climate),Climate-Driven
Ukraine,Measles Outbreak,Europe,2019,Biological (Non-Climate),Non-Climate
Middle East,Floods and Cold Wave,Asia,2018,Hydrological (Climate),Climate-Driven
South Sudan,Measles Outbreak,Africa,2018,Biological (Non-Climate),Non-Climate
Sri Lanka,Floods,Asia,2018,Hydrological (Climate),Climate-Driven
Indonesia,Tsunami,Asia,2018,Geophysical (Non-Climate),Non-Climate
Indonesia,Earthquake,Asia,2026,Geophysical (Non-Climate),Non-Climate
Colombia,Earthquake,South America,2026,Geophysical (Non-Climate),Non-Climate
Myanmar,Floods,Asia,2026,Hydrological (Climate),Climate-Driven
Afghanistan,Flash Floods,Asia,2026,Hydrological (Climate),Climate-Driven
India,Flash Floods,Asia,2026,Hydrological (Climate),Climate-Driven
Kyrgyzstan,Flash Floods,Asia,2026,Hydrological (Climate),Climate-Driven
Tajikistan,Floods,Asia,2026,Hydrological (Climate),Climate-Driven
Bangladesh,Flash Floods,Asia,2026,Hydrological (Climate),Climate-Driven
Georgia,Floods,Asia,2026,Hydrological (Climate),Climate-Driven
Central African Republic,Cholera Outbreak,Africa,2026,Biological (Non-Climate),Non-Climate
Venezuela,Earthquakes,South America,2026,Geophysical (Non-Climate),Non-Climate
Chad,Cholera Outbreak,Africa,2026,Biological (Non-Climate),Non-Climate
Philippines,Earthquake and Tsunami,Asia,2026,Geophysical (Non-Climate),Non-Climate
Armenia,Hailstorm,Asia,2026,Meteorological (Climate),Climate-Driven
Syria,Floods,Asia,2026,Hydrological (Climate),Climate-Driven
Central/Eastern Africa,Ebola Outbreak,Africa,2026,Biological (Non-Climate),Non-Climate
Sri Lanka,Dengue Outbreak,Asia,2026,Biological (Non-Climate),Non-Climate
Dominican Republic,Floods,North America,2026,Hydrological (Climate),Climate-Driven
Yemen,Floods,Asia,2026,Hydrological (Climate),Climate-Driven
Tanzania,Floods and Landslides,Africa,2026,Hydrological (Climate),Climate-Driven
Liberia,Windstorms,Africa,2026,Meteorological (Climate),Climate-Driven
Botswana,Floods,Africa,2026,Hydrological (Climate),Climate-Driven
Ethiopia,Floods and Landslides,Africa,2026,Hydrological (Climate),Climate-Driven
Kenya,Floods,Africa,2026,Hydrological (Climate),Climate-Driven
Suriname,Chikungunya Virus Outbreak,South America,2026,Biological (Non-Climate),Non-Climate
Brazil,Floods,South America,2026,Hydrological (Climate),Climate-Driven
Peru,Floods and Landslides,South America,2026,Hydrological (Climate),Climate-Driven
Angola,Floods,Africa,2026,Hydrological (Climate),Climate-Driven
Zambia,Cholera Outbreak,Africa,2026,Biological (Non-Climate),Non-Climate
Cameroon,Fires,Africa,2026,Technological (Non-Climate),Non-Climate
Somalia,Dengue Outbreak,Africa,2026,Biological (Non-Climate),Non-Climate
Rwanda,Flash Floods,Africa,2026,Hydrological (Climate),Climate-Driven
Algeria,Floods,Africa,2026,Hydrological (Climate),Climate-Driven
Argentina,Landslides,South America,2026,Hydrological (Climate),Climate-Driven
South Africa,Floods,Africa,2026,Hydrological (Climate),Climate-Driven
North Macedonia,Floods,Europe,2026,Hydrological (Climate),Climate-Driven
Malawi,Floods,Africa,2026,Hydrological (Climate),Climate-Driven
Serbia,Cold Wave,Europe,2026,Meteorological (Climate),Climate-Driven
Guatemala,Measles Outbreak,North America,2026,Biological (Non-Climate),Non-Climate
Ecuador,Floods,South America,2026,Hydrological (Climate),Climate-Driven
Zimbabwe,Floods,Africa,2026,Hydrological (Climate),Climate-Driven
Mozambique,Floods,Africa,2025,Hydrological (Climate),Climate-Driven
Chile,Wild Fires,South America,2025,Climatological (Climate),Climate-Driven
Gabon,Windstorms,Africa,2025,Meteorological (Climate),Climate-Driven
Morocco,Floods,Africa,2025,Hydrological (Climate),Climate-Driven
Bolivia,Floods,South America,2025,Hydrological (Climate),Climate-Driven
Congo,Floods,Africa,2025,Hydrological (Climate),Climate-Driven
Cuba,Arboviral Outbreak,North America,2025,Biological (Non-Climate),Non-Climate
Egypt,Floods,Africa,2025,Hydrological (Climate),Climate-Driven
Cabo Verde,Flash Floods,Africa,2025,Hydrological (Climate),Climate-Driven
South Sudan,Floods,Africa,2025,Hydrological (Climate),Climate-Driven
Sudan,Floods,Africa,2025,Hydrological (Climate),Climate-Driven
Honduras,Floods,North America,2025,Hydrological (Climate),Climate-Driven
Panama,River Pollution,North America,2025,Technological (Non-Climate),Non-Climate
Côte d'Ivoire,Cholera Outbreak,Africa,2025,Biological (Non-Climate),Non-Climate
Ghana,Cholera Outbreak,Africa,2024,Biological (Non-Climate),Non-Climate
Namibia,Drought,Africa,2024,Climatological (Climate),Climate-Driven
Niger,Diphtheria Outbreak,Africa,2023,Biological (Non-Climate),Non-Climate
Nigeria,Lassa Fever Outbreak,Africa,2023,Biological (Non-Climate),Non-Climate
Burundi,Cholera Outbreak,Africa,2023,Biological (Non-Climate),Non-Climate
Iraq,Floods,Asia,2018,Hydrological (Climate),Climate-Driven
India,Floods,Asia,2018,Hydrological (Climate),Climate-Driven
Madagascar,Measles Outbreak,Africa,2018,Biological (Non-Climate),Non-Climate
Paraguay,Floods,South America,2018,Hydrological (Climate),Climate-Driven
Pacific,Dengue Outbreak,Oceania,2018,Biological (Non-Climate),Non-Climate
Russian Federation,Floods,Europe,2018,Hydrological (Climate),Climate-Driven
Trinidad and Tobago,Floods,North America,2018,Hydrological (Climate),Climate-Driven
Indonesia,Floods and Landslides,Asia,2018,Hydrological (Climate),Climate-Driven
Haiti,Earthquake,North America,2018,Geophysical (Non-Climate),Non-Climate
Costa Rica,Floods,North America,2018,Hydrological (Climate),Climate-Driven
El Salvador,Floods,North America,2018,Hydrological (Climate),Climate-Driven
Honduras,Floods,North America,2018,Hydrological (Climate),Climate-Driven
Indonesia,Tsunami/Earthquakes,Asia,2018,Geophysical (Non-Climate),Non-Climate
Tunisia,Flash Floods,Africa,2018,Hydrological (Climate),Climate-Driven
Madagascar,Plague Outbreak,Africa,2018,Biological (Non-Climate),Non-Climate
Zimbabwe,Cholera Outbreak,Africa,2018,Biological (Non-Climate),Non-Climate
Indonesia,Earthquake,Asia,2026,Geophysical (Non-Climate),Non-Climate
Colombia,Earthquake,South America,2026,Geophysical (Non-Climate),Non-Climate
Myanmar,Floods,Asia,2026,Hydrological (Climate),Climate-Driven
Afghanistan,Flash Floods,Asia,2026,Hydrological (Climate),Climate-Driven
India,Flash Floods,Asia,2026,Hydrological (Climate),Climate-Driven
Kyrgyzstan,Flash Floods,Asia,2026,Hydrological (Climate),Climate-Driven
Tajikistan,Floods,Asia,2026,Hydrological (Climate),Climate-Driven
Bangladesh,Flash Floods,Asia,2026,Hydrological (Climate),Climate-Driven
Georgia,Floods,Asia,2026,Hydrological (Climate),Climate-Driven
Central African Republic,Cholera Outbreak,Africa,2026,Biological (Non-Climate),Non-Climate
Venezuela,Earthquakes,South America,2026,Geophysical (Non-Climate),Non-Climate
Chad,Cholera Outbreak,Africa,2026,Biological (Non-Climate),Non-Climate
Philippines,Earthquake and Tsunami,Asia,2026,Geophysical (Non-Climate),Non-Climate
Armenia,Hailstorm,Asia,2026,Meteorological (Climate),Climate-Driven
Syria,Floods,Asia,2026,Hydrological (Climate),Climate-Driven
Central/Eastern Africa,Ebola Outbreak,Africa,2026,Biological (Non-Climate),Non-Climate
Sri Lanka,Dengue Outbreak,Asia,2026,Biological (Non-Climate),Non-Climate
Dominican Republic,Floods,North America,2026,Hydrological (Climate),Climate-Driven
Yemen,Floods,Asia,2026,Hydrological (Climate),Climate-Driven
Tanzania,Floods and Landslides,Africa,2026,Hydrological (Climate),Climate-Driven
Liberia,Windstorms,Africa,2026,Meteorological (Climate),Climate-Driven
Botswana,Floods,Africa,2026,Hydrological (Climate),Climate-Driven
Ethiopia,Floods and Landslides,Africa,2026,Hydrological (Climate),Climate-Driven
Kenya,Floods,Africa,2026,Hydrological (Climate),Climate-Driven
Suriname,Chikungunya Virus Outbreak,South America,2026,Biological (Non-Climate),Non-Climate
Brazil,Floods,South America,2026,Hydrological (Climate),Climate-Driven
Peru,Floods and Landslides,South America,2026,Hydrological (Climate),Climate-Driven
Angola,Floods,Africa,2026,Hydrological (Climate),Climate-Driven
Zambia,Cholera Outbreak,Africa,2026,Biological (Non-Climate),Non-Climate
Cameroon,Fires,Africa,2026,Technological (Non-Climate),Non-Climate
Somalia,Dengue Outbreak,Africa,2026,Biological (Non-Climate),Non-Climate
Rwanda,Flash Floods,Africa,2026,Hydrological (Climate),Climate-Driven
Algeria,Floods,Africa,2026,Hydrological (Climate),Climate-Driven
Argentina,Landslides,South America,2026,Hydrological (Climate),Climate-Driven
South Africa,Floods,Africa,2026,Hydrological (Climate),Climate-Driven
North Macedonia,Floods,Europe,2026,Hydrological (Climate),Climate-Driven
Malawi,Floods,Africa,2026,Hydrological (Climate),Climate-Driven
Serbia,Cold Wave,Europe,2026,Meteorological (Climate),Climate-Driven
Guatemala,Measles Outbreak,North America,2026,Biological (Non-Climate),Non-Climate
Ecuador,Floods,South America,2026,Hydrological (Climate),Climate-Driven
Zimbabwe,Floods,Africa,2026,Hydrological (Climate),Climate-Driven
Mozambique,Floods,Africa,2025,Hydrological (Climate),Climate-Driven
Chile,Wild Fires,South America,2025,Climatological (Climate),Climate-Driven
Gabon,Windstorms,Africa,2025,Meteorological (Climate),Climate-Driven
Morocco,Floods,Africa,2025,Hydrological (Climate),Climate-Driven
Bolivia,Floods,South America,2025,Hydrological (Climate),Climate-Driven
Congo,Floods,Africa,2025,Hydrological (Climate),Climate-Driven
Cuba,Arboviral Outbreak,North America,2025,Biological (Non-Climate),Non-Climate
Egypt,Floods,Africa,2025,Hydrological (Climate),Climate-Driven
Cabo Verde,Flash Floods,Africa,2025,Hydrological (Climate),Climate-Driven
South Sudan,Floods,Africa,2025,Hydrological (Climate),Climate-Driven
Sudan,Floods,Africa,2025,Hydrological (Climate),Climate-Driven
Honduras,Floods,North America,2025,Hydrological (Climate),Climate-Driven
Panama,River Pollution,North America,2025,Technological (Non-Climate),Non-Climate
Côte d'Ivoire,Cholera Outbreak,Africa,2025,Biological (Non-Climate),Non-Climate
Ghana,Cholera Outbreak,Africa,2024,Biological (Non-Climate),Non-Climate
Namibia,Drought,Africa,2024,Climatological (Climate),Climate-Driven
Niger,Diphtheria Outbreak,Africa,2023,Biological (Non-Climate),Non-Climate
Nigeria,Lassa Fever Outbreak,Africa,2023,Biological (Non-Climate),Non-Climate
Burundi,Cholera Outbreak,Africa,2023,Biological (Non-Climate),Non-Climate
Ghana,Floods,Africa,2018,Hydrological (Climate),Climate-Driven
Dominican Republic/Haiti,Cholera Outbreak,North America,2018,Biological (Non-Climate),Non-Climate
DPR Korea,Floods,Asia,2018,Hydrological (Climate),Climate-Driven
Armenia,Hail Storm,Asia,2018,Meteorological (Climate),Climate-Driven
Mali,Floods,Africa,2018,Hydrological (Climate),Climate-Driven
DPR Korea,Heat Wave,Asia,2018,Meteorological (Climate),Climate-Driven
Horn of Africa,Polio Outbreak,Africa,2018,Biological (Non-Climate),Non-Climate
DR Congo,Ebola Outbreak,Africa,2018,Biological (Non-Climate),Non-Climate
Indonesia,Earthquakes,Asia,2018,Geophysical (Non-Climate),Non-Climate
Central America and the Caribbean,Drought,North America,2018,Climatological (Climate),Climate-Driven
Sudan,Floods,Africa,2018,Hydrological (Climate),Climate-Driven
Lao PDR/Cambodia,Floods,Asia,2018,Hydrological (Climate),Climate-Driven
Asia,Armyworm Infestation,Asia,2018,Biological (Non-Climate),Non-Climate
Cameroon,Cholera Outbreak,Africa,2018,Biological (Non-Climate),Non-Climate
Nigeria,Floods,Africa,2018,Hydrological (Climate),Climate-Driven
Niger,Cholera Outbreak,Africa,2018,Biological (Non-Climate),Non-Climate
China,Floods,Asia,2018,Hydrological (Climate),Climate-Driven
Georgia,Floods,Asia,2018,Hydrological (Climate),Climate-Driven
Mongolia,Flash Floods,Asia,2018,Hydrological (Climate),Climate-Driven
Indonesia,Earthquake,Asia,2026,Geophysical (Non-Climate),Non-Climate
Colombia,Earthquake,South America,2026,Geophysical (Non-Climate),Non-Climate
Myanmar,Floods,Asia,2026,Hydrological (Climate),Climate-Driven
Afghanistan,Flash Floods,Asia,2026,Hydrological (Climate),Climate-Driven
India,Flash Floods,Asia,2026,Hydrological (Climate),Climate-Driven
Kyrgyzstan,Flash Floods,Asia,2026,Hydrological (Climate),Climate-Driven
Tajikistan,Floods,Asia,2026,Hydrological (Climate),Climate-Driven
Bangladesh,Flash Floods,Asia,2026,Hydrological (Climate),Climate-Driven
Georgia,Floods,Asia,2026,Hydrological (Climate),Climate-Driven
Central African Republic,Cholera Outbreak,Africa,2026,Biological (Non-Climate),Non-Climate
Venezuela,Earthquakes,South America,2026,Geophysical (Non-Climate),Non-Climate
Chad,Cholera Outbreak,Africa,2026,Biological (Non-Climate),Non-Climate
Philippines,Earthquake and Tsunami,Asia,2026,Geophysical (Non-Climate),Non-Climate
Armenia,Hailstorm,Asia,2026,Meteorological (Climate),Climate-Driven
Syria,Floods,Asia,2026,Hydrological (Climate),Climate-Driven
Central/Eastern Africa,Ebola Outbreak,Africa,2026,Biological (Non-Climate),Non-Climate
Sri Lanka,Dengue Outbreak,Asia,2026,Biological (Non-Climate),Non-Climate
Dominican Republic,Floods,North America,2026,Hydrological (Climate),Climate-Driven
Yemen,Floods,Asia,2026,Hydrological (Climate),Climate-Driven
Tanzania,Floods and Landslides,Africa,2026,Hydrological (Climate),Climate-Driven
Liberia,Windstorms,Africa,2026,Meteorological (Climate),Climate-Driven
Botswana,Floods,Africa,2026,Hydrological (Climate),Climate-Driven
Ethiopia,Floods and Landslides,Africa,2026,Hydrological (Climate),Climate-Driven
Kenya,Floods,Africa,2026,Hydrological (Climate),Climate-Driven
Suriname,Chikungunya Virus Outbreak,South America,2026,Biological (Non-Climate),Non-Climate
Brazil,Floods,South America,2026,Hydrological (Climate),Climate-Driven
Peru,Floods and Landslides,South America,2026,Hydrological (Climate),Climate-Driven
Angola,Floods,Africa,2026,Hydrological (Climate),Climate-Driven
Zambia,Cholera Outbreak,Africa,2026,Biological (Non-Climate),Non-Climate
Cameroon,Fires,Africa,2026,Technological (Non-Climate),Non-Climate
Somalia,Dengue Outbreak,Africa,2026,Biological (Non-Climate),Non-Climate
Rwanda,Flash Floods,Africa,2026,Hydrological (Climate),Climate-Driven
Algeria,Floods,Africa,2026,Hydrological (Climate),Climate-Driven
Argentina,Landslides,South America,2026,Hydrological (Climate),Climate-Driven
South Africa,Floods,Africa,2026,Hydrological (Climate),Climate-Driven
North Macedonia,Floods,Europe,2026,Hydrological (Climate),Climate-Driven
Malawi,Floods,Africa,2026,Hydrological (Climate),Climate-Driven
Serbia,Cold Wave,Europe,2026,Meteorological (Climate),Climate-Driven
Guatemala,Measles Outbreak,North America,2026,Biological (Non-Climate),Non-Climate
Ecuador,Floods,South America,2026,Hydrological (Climate),Climate-Driven
Zimbabwe,Floods,Africa,2026,Hydrological (Climate),Climate-Driven
Mozambique,Floods,Africa,2025,Hydrological (Climate),Climate-Driven
Chile,Wild Fires,South America,2025,Climatological (Climate),Climate-Driven
Gabon,Windstorms,Africa,2025,Meteorological (Climate),Climate-Driven
Morocco,Floods,Africa,2025,Hydrological (Climate),Climate-Driven
Bolivia,Floods,South America,2025,Hydrological (Climate),Climate-Driven
Congo,Floods,Africa,2025,Hydrological (Climate),Climate-Driven
Cuba,Arboviral Outbreak,North America,2025,Biological (Non-Climate),Non-Climate
Egypt,Floods,Africa,2025,Hydrological (Climate),Climate-Driven
Cabo Verde,Flash Floods,Africa,2025,Hydrological (Climate),Climate-Driven
South Sudan,Floods,Africa,2025,Hydrological (Climate),Climate-Driven
Sudan,Floods,Africa,2025,Hydrological (Climate),Climate-Driven
Honduras,Floods,North America,2025,Hydrological (Climate),Climate-Driven
Panama,River Pollution,North America,2025,Technological (Non-Climate),Non-Climate
Côte d'Ivoire,Cholera Outbreak,Africa,2025,Biological (Non-Climate),Non-Climate
Ghana,Cholera Outbreak,Africa,2024,Biological (Non-Climate),Non-Climate
Namibia,Drought,Africa,2024,Climatological (Climate),Climate-Driven
Niger,Diphtheria Outbreak,Africa,2023,Biological (Non-Climate),Non-Climate
Nigeria,Lassa Fever Outbreak,Africa,2023,Biological (Non-Climate),Non-Climate
Burundi,Cholera Outbreak,Africa,2023,Biological (Non-Climate),Non-Climate
Guinea-Bissau,Severe Local Storm,Africa,2018,Meteorological (Climate),Climate-Driven
Papua New Guinea,Polio Outbreak,Oceania,2018,Biological (Non-Climate),Non-Climate
Côte d'Ivoire,Floods,Africa,2018,Hydrological (Climate),Climate-Driven
Myanmar,Floods and Landslides,Asia,2018,Hydrological (Climate),Climate-Driven
Philippines,Floods and Landslides,Asia,2018,Hydrological (Climate),Climate-Driven
India,Floods and Landslides,Asia,2018,Hydrological (Climate),Climate-Driven
Guatemala,Fuego Volcano,North America,2018,Geophysical (Non-Climate),Non-Climate
Chad,Measles Outbreak,Africa,2018,Biological (Non-Climate),Non-Climate
Sri Lanka,Floods and Landslides,Asia,2018,Hydrological (Climate),Climate-Driven
Mauritania,Drought,Africa,2018,Climatological (Climate),Climate-Driven
DR Congo,Ebola Outbreak,Africa,2018,Biological (Non-Climate),Non-Climate
Tajikistan,Floods,Asia,2018,Hydrological (Climate),Climate-Driven
El Salvador,Earthquake,North America,2018,Geophysical (Non-Climate),Non-Climate
Burundi,Floods,Africa,2018,Hydrological (Climate),Climate-Driven
Tanzania,Floods,Africa,2018,Hydrological (Climate),Climate-Driven
Bangladesh,Floods and Landslides,Asia,2018,Hydrological (Climate),Climate-Driven
Ethiopia,Floods and Landslides,Africa,2018,Hydrological (Climate),Climate-Driven
Somalia,Flash Floods,Africa,2018,Hydrological (Climate),Climate-Driven
Indonesia,Earthquake,Asia,2026,Geophysical (Non-Climate),Non-Climate
Colombia,Earthquake,South America,2026,Geophysical (Non-Climate),Non-Climate
Myanmar,Floods,Asia,2026,Hydrological (Climate),Climate-Driven
Afghanistan,Flash Floods,Asia,2026,Hydrological (Climate),Climate-Driven
India,Flash Floods,Asia,2026,Hydrological (Climate),Climate-Driven
Kyrgyzstan,Flash Floods,Asia,2026,Hydrological (Climate),Climate-Driven
Tajikistan,Floods,Asia,2026,Hydrological (Climate),Climate-Driven
Bangladesh,Flash Floods,Asia,2026,Hydrological (Climate),Climate-Driven
Georgia,Floods,Asia,2026,Hydrological (Climate),Climate-Driven
Central African Republic,Cholera Outbreak,Africa,2026,Biological (Non-Climate),Non-Climate
Venezuela,Earthquakes,South America,2026,Geophysical (Non-Climate),Non-Climate
Chad,Cholera Outbreak,Africa,2026,Biological (Non-Climate),Non-Climate
Philippines,Earthquake and Tsunami,Asia,2026,Geophysical (Non-Climate),Non-Climate
Armenia,Hailstorm,Asia,2026,Meteorological (Climate),Climate-Driven
Syria,Floods,Asia,2026,Hydrological (Climate),Climate-Driven
Central/Eastern Africa,Ebola Outbreak,Africa,2026,Biological (Non-Climate),Non-Climate
Sri Lanka,Dengue Outbreak,Asia,2026,Biological (Non-Climate),Non-Climate
Dominican Republic,Floods,North America,2026,Hydrological (Climate),Climate-Driven
Yemen,Floods,Asia,2026,Hydrological (Climate),Climate-Driven
Tanzania,Floods and Landslides,Africa,2026,Hydrological (Climate),Climate-Driven
Liberia,Windstorms,Africa,2026,Meteorological (Climate),Climate-Driven
Botswana,Floods,Africa,2026,Hydrological (Climate),Climate-Driven
Ethiopia,Floods and Landslides,Africa,2026,Hydrological (Climate),Climate-Driven
Kenya,Floods,Africa,2026,Hydrological (Climate),Climate-Driven
Suriname,Chikungunya Virus Outbreak,South America,2026,Biological (Non-Climate),Non-Climate
Brazil,Floods,South America,2026,Hydrological (Climate),Climate-Driven
Peru,Floods and Landslides,South America,2026,Hydrological (Climate),Climate-Driven
Angola,Floods,Africa,2026,Hydrological (Climate),Climate-Driven
Zambia,Cholera Outbreak,Africa,2026,Biological (Non-Climate),Non-Climate
Cameroon,Fires,Africa,2026,Technological (Non-Climate),Non-Climate
Somalia,Dengue Outbreak,Africa,2026,Biological (Non-Climate),Non-Climate
Rwanda,Flash Floods,Africa,2026,Hydrological (Climate),Climate-Driven
Algeria,Floods,Africa,2026,Hydrological (Climate),Climate-Driven
Argentina,Landslides,South America,2026,Hydrological (Climate),Climate-Driven
South Africa,Floods,Africa,2026,Hydrological (Climate),Climate-Driven
North Macedonia,Floods,Europe,2026,Hydrological (Climate),Climate-Driven
Malawi,Floods,Africa,2026,Hydrological (Climate),Climate-Driven
Serbia,Cold Wave,Europe,2026,Meteorological (Climate),Climate-Driven
Guatemala,Measles Outbreak,North America,2026,Biological (Non-Climate),Non-Climate
Ecuador,Floods,South America,2026,Hydrological (Climate),Climate-Driven
Zimbabwe,Floods,Africa,2026,Hydrological (Climate),Climate-Driven
Mozambique,Floods,Africa,2025,Hydrological (Climate),Climate-Driven
Chile,Wild Fires,South America,2025,Climatological (Climate),Climate-Driven
Gabon,Windstorms,Africa,2025,Meteorological (Climate),Climate-Driven
Morocco,Floods,Africa,2025,Hydrological (Climate),Climate-Driven
Bolivia,Floods,South America,2025,Hydrological (Climate),Climate-Driven
Congo,Floods,Africa,2025,Hydrological (Climate),Climate-Driven
Cuba,Arboviral Outbreak,North America,2025,Biological (Non-Climate),Non-Climate
Egypt,Floods,Africa,2025,Hydrological (Climate),Climate-Driven
Cabo Verde,Flash Floods,Africa,2025,Hydrological (Climate),Climate-Driven
South Sudan,Floods,Africa,2025,Hydrological (Climate),Climate-Driven
Sudan,Floods,Africa,2025,Hydrological (Climate),Climate-Driven
Honduras,Floods,North America,2025,Hydrological (Climate),Climate-Driven
Panama,River Pollution,North America,2025,Technological (Non-Climate),Non-Climate
Côte d'Ivoire,Cholera Outbreak,Africa,2025,Biological (Non-Climate),Non-Climate
Ghana,Cholera Outbreak,Africa,2024,Biological (Non-Climate),Non-Climate
Namibia,Drought,Africa,2024,Climatological (Climate),Climate-Driven
Niger,Diphtheria Outbreak,Africa,2023,Biological (Non-Climate),Non-Climate
Nigeria,Lassa Fever Outbreak,Africa,2023,Biological (Non-Climate),Non-Climate
Burundi,Cholera Outbreak,Africa,2023,Biological (Non-Climate),Non-Climate
Colombia,Floods,South America,2018,Hydrological (Climate),Climate-Driven
Russian Federation,Floods,Europe,2018,Hydrological (Climate),Climate-Driven
Uruguay,Drought,South America,2018,Climatological (Climate),Climate-Driven
Fiji,Meningitis Outbreak,Oceania,2018,Biological (Non-Climate),Non-Climate
Belarus,Floods,Europe,2018,Hydrological (Climate),Climate-Driven
Vanuatu,Monaro Volcano,Oceania,2018,Geophysical (Non-Climate),Non-Climate
Rwanda,Floods,Africa,2018,Hydrological (Climate),Climate-Driven
Kenya,Floods,Africa,2018,Hydrological (Climate),Climate-Driven
Papua New Guinea,Earthquakes,Oceania,2018,Geophysical (Non-Climate),Non-Climate
Botswana,Floods,Africa,2018,Hydrological (Climate),Climate-Driven
Uganda,Cholera Outbreak,Africa,2018,Biological (Non-Climate),Non-Climate
DR Congo,Polio Outbreak,Africa,2018,Biological (Non-Climate),Non-Climate
Mongolia,Dzud,Asia,2018,Climatological (Climate),Climate-Driven
DR Congo,Floods,Africa,2018,Hydrological (Climate),Climate-Driven
Argentina,Floods,South America,2018,Hydrological (Climate),Climate-Driven
Philippines,Mayon Volcano,Asia,2018,Geophysical (Non-Climate),Non-Climate
Morocco,Cold Wave,Africa,2018,Meteorological (Climate),Climate-Driven
Indonesia,Earthquake,Asia,2026,Geophysical (Non-Climate),Non-Climate
Colombia,Earthquake,South America,2026,Geophysical (Non-Climate),Non-Climate
Myanmar,Floods,Asia,2026,Hydrological (Climate),Climate-Driven
Afghanistan,Flash Floods,Asia,2026,Hydrological (Climate),Climate-Driven
India,Flash Floods,Asia,2026,Hydrological (Climate),Climate-Driven
Kyrgyzstan,Flash Floods,Asia,2026,Hydrological (Climate),Climate-Driven
Tajikistan,Floods,Asia,2026,Hydrological (Climate),Climate-Driven
Bangladesh,Flash Floods,Asia,2026,Hydrological (Climate),Climate-Driven
Georgia,Floods,Asia,2026,Hydrological (Climate),Climate-Driven
Central African Republic,Cholera Outbreak,Africa,2026,Biological (Non-Climate),Non-Climate
Venezuela,Earthquakes,South America,2026,Geophysical (Non-Climate),Non-Climate
Chad,Cholera Outbreak,Africa,2026,Biological (Non-Climate),Non-Climate
Philippines,Earthquake and Tsunami,Asia,2026,Geophysical (Non-Climate),Non-Climate
Armenia,Hailstorm,Asia,2026,Meteorological (Climate),Climate-Driven
Syria,Floods,Asia,2026,Hydrological (Climate),Climate-Driven
Central/Eastern Africa,Ebola Outbreak,Africa,2026,Biological (Non-Climate),Non-Climate
Sri Lanka,Dengue Outbreak,Asia,2026,Biological (Non-Climate),Non-Climate
Dominican Republic,Floods,North America,2026,Hydrological (Climate),Climate-Driven
Yemen,Floods,Asia,2026,Hydrological (Climate),Climate-Driven
Tanzania,Floods and Landslides,Africa,2026,Hydrological (Climate),Climate-Driven
Liberia,Windstorms,Africa,2026,Meteorological (Climate),Climate-Driven
Botswana,Floods,Africa,2026,Hydrological (Climate),Climate-Driven
Ethiopia,Floods and Landslides,Africa,2026,Hydrological (Climate),Climate-Driven
Kenya,Floods,Africa,2026,Hydrological (Climate),Climate-Driven
Suriname,Chikungunya Virus Outbreak,South America,2026,Biological (Non-Climate),Non-Climate
Brazil,Floods,South America,2026,Hydrological (Climate),Climate-Driven
Peru,Floods and Landslides,South America,2026,Hydrological (Climate),Climate-Driven
Angola,Floods,Africa,2026,Hydrological (Climate),Climate-Driven
Zambia,Cholera Outbreak,Africa,2026,Biological (Non-Climate),Non-Climate
Cameroon,Fires,Africa,2026,Technological (Non-Climate),Non-Climate
Somalia,Dengue Outbreak,Africa,2026,Biological (Non-Climate),Non-Climate
Rwanda,Flash Floods,Africa,2026,Hydrological (Climate),Climate-Driven
Algeria,Floods,Africa,2026,Hydrological (Climate),Climate-Driven
Argentina,Landslides,South America,2026,Hydrological (Climate),Climate-Driven
South Africa,Floods,Africa,2026,Hydrological (Climate),Climate-Driven
North Macedonia,Floods,Europe,2026,Hydrological (Climate),Climate-Driven
Malawi,Floods,Africa,2026,Hydrological (Climate),Climate-Driven
Serbia,Cold Wave,Europe,2026,Meteorological (Climate),Climate-Driven
Guatemala,Measles Outbreak,North America,2026,Biological (Non-Climate),Non-Climate
Ecuador,Floods,South America,2026,Hydrological (Climate),Climate-Driven
Zimbabwe,Floods,Africa,2026,Hydrological (Climate),Climate-Driven
Mozambique,Floods,Africa,2025,Hydrological (Climate),Climate-Driven
Chile,Wild Fires,South America,2025,Climatological (Climate),Climate-Driven
Gabon,Windstorms,Africa,2025,Meteorological (Climate),Climate-Driven
Morocco,Floods,Africa,2025,Hydrological (Climate),Climate-Driven
Bolivia,Floods,South America,2025,Hydrological (Climate),Climate-Driven
Congo,Floods,Africa,2025,Hydrological (Climate),Climate-Driven
Cuba,Arboviral Outbreak,North America,2025,Biological (Non-Climate),Non-Climate
Egypt,Floods,Africa,2025,Hydrological (Climate),Climate-Driven
Cabo Verde,Flash Floods,Africa,2025,Hydrological (Climate),Climate-Driven
South Sudan,Floods,Africa,2025,Hydrological (Climate),Climate-Driven
Sudan,Floods,Africa,2025,Hydrological (Climate),Climate-Driven
Honduras,Floods,North America,2025,Hydrological (Climate),Climate-Driven
Panama,River Pollution,North America,2025,Technological (Non-Climate),Non-Climate
Côte d'Ivoire,Cholera Outbreak,Africa,2025,Biological (Non-Climate),Non-Climate
Ghana,Cholera Outbreak,Africa,2024,Biological (Non-Climate),Non-Climate
Namibia,Drought,Africa,2024,Climatological (Climate),Climate-Driven
Niger,Diphtheria Outbreak,Africa,2023,Biological (Non-Climate),Non-Climate
Nigeria,Lassa Fever Outbreak,Africa,2023,Biological (Non-Climate),Non-Climate
Burundi,Cholera Outbreak,Africa,2023,Biological (Non-Climate),Non-Climate
Papua New Guinea,Kadovar Volcano,Oceania,2018,Geophysical (Non-Climate),Non-Climate
Bolivia,Floods,South America,2018,Hydrological (Climate),Climate-Driven
Albania,Floods,Europe,2017,Hydrological (Climate),Climate-Driven
Yemen,Diphtheria Outbreak,Asia,2017,Biological (Non-Climate),Non-Climate
Iran/Iraq,Earthquake,Asia,2017,Geophysical (Non-Climate),Non-Climate
Honduras,Floods,North America,2017,Hydrological (Climate),Climate-Driven
Zambia,Cholera Outbreak,Africa,2017,Biological (Non-Climate),Non-Climate
Burkina Faso,Dengue Outbreak,Africa,2017,Biological (Non-Climate),Non-Climate
Togo,Floods,Africa,2017,Hydrological (Climate),Climate-Driven
Vanuatu,Monaro Volcano,Oceania,2017,Geophysical (Non-Climate),Non-Climate
Indonesia,Mt Agung Volcano,Asia,2017,Geophysical (Non-Climate),Non-Climate
Mexico,Earthquakes,North America,2017,Geophysical (Non-Climate),Non-Climate
South Sudan,Floods,Africa,2017,Hydrological (Climate),Climate-Driven
Indonesia,Earthquake,Asia,2026,Geophysical (Non-Climate),Non-Climate
Colombia,Earthquake,South America,2026,Geophysical (Non-Climate),Non-Climate
Myanmar,Floods,Asia,2026,Hydrological (Climate),Climate-Driven
Afghanistan,Flash Floods,Asia,2026,Hydrological (Climate),Climate-Driven
India,Flash Floods,Asia,2026,Hydrological (Climate),Climate-Driven
Kyrgyzstan,Flash Floods,Asia,2026,Hydrological (Climate),Climate-Driven
Tajikistan,Floods,Asia,2026,Hydrological (Climate),Climate-Driven
Bangladesh,Flash Floods,Asia,2026,Hydrological (Climate),Climate-Driven
Georgia,Floods,Asia,2026,Hydrological (Climate),Climate-Driven
Central African Republic,Cholera Outbreak,Africa,2026,Biological (Non-Climate),Non-Climate
Venezuela,Earthquakes,South America,2026,Geophysical (Non-Climate),Non-Climate
Chad,Cholera Outbreak,Africa,2026,Biological (Non-Climate),Non-Climate
Philippines,Earthquake and Tsunami,Asia,2026,Geophysical (Non-Climate),Non-Climate
Armenia,Hailstorm,Asia,2026,Meteorological (Climate),Climate-Driven
Syria,Floods,Asia,2026,Hydrological (Climate),Climate-Driven
Central/Eastern Africa,Ebola Outbreak,Africa,2026,Biological (Non-Climate),Non-Climate
Sri Lanka,Dengue Outbreak,Asia,2026,Biological (Non-Climate),Non-Climate
Dominican Republic,Floods,North America,2026,Hydrological (Climate),Climate-Driven
Yemen,Floods,Asia,2026,Hydrological (Climate),Climate-Driven
Tanzania,Floods and Landslides,Africa,2026,Hydrological (Climate),Climate-Driven
Liberia,Windstorms,Africa,2026,Meteorological (Climate),Climate-Driven
Botswana,Floods,Africa,2026,Hydrological (Climate),Climate-Driven
Ethiopia,Floods and Landslides,Africa,2026,Hydrological (Climate),Climate-Driven
Kenya,Floods,Africa,2026,Hydrological (Climate),Climate-Driven
Suriname,Chikungunya Virus Outbreak,South America,2026,Biological (Non-Climate),Non-Climate
Brazil,Floods,South America,2026,Hydrological (Climate),Climate-Driven
Peru,Floods and Landslides,South America,2026,Hydrological (Climate),Climate-Driven
Angola,Floods,Africa,2026,Hydrological (Climate),Climate-Driven
Zambia,Cholera Outbreak,Africa,2026,Biological (Non-Climate),Non-Climate
Cameroon,Fires,Africa,2026,Technological (Non-Climate),Non-Climate
Somalia,Dengue Outbreak,Africa,2026,Biological (Non-Climate),Non-Climate
Rwanda,Flash Floods,Africa,2026,Hydrological (Climate),Climate-Driven
Algeria,Floods,Africa,2026,Hydrological (Climate),Climate-Driven
Argentina,Landslides,South America,2026,Hydrological (Climate),Climate-Driven
South Africa,Floods,Africa,2026,Hydrological (Climate),Climate-Driven
North Macedonia,Floods,Europe,2026,Hydrological (Climate),Climate-Driven
Malawi,Floods,Africa,2026,Hydrological (Climate),Climate-Driven
Serbia,Cold Wave,Europe,2026,Meteorological (Climate),Climate-Driven
Guatemala,Measles Outbreak,North America,2026,Biological (Non-Climate),Non-Climate
Ecuador,Floods,South America,2026,Hydrological (Climate),Climate-Driven
Zimbabwe,Floods,Africa,2026,Hydrological (Climate),Climate-Driven
Mozambique,Floods,Africa,2025,Hydrological (Climate),Climate-Driven
Chile,Wild Fires,South America,2025,Climatological (Climate),Climate-Driven
Gabon,Windstorms,Africa,2025,Meteorological (Climate),Climate-Driven
Morocco,Floods,Africa,2025,Hydrological (Climate),Climate-Driven
Bolivia,Floods,South America,2025,Hydrological (Climate),Climate-Driven
Congo,Floods,Africa,2025,Hydrological (Climate),Climate-Driven
Cuba,Arboviral Outbreak,North America,2025,Biological (Non-Climate),Non-Climate
Egypt,Floods,Africa,2025,Hydrological (Climate),Climate-Driven
Cabo Verde,Flash Floods,Africa,2025,Hydrological (Climate),Climate-Driven
South Sudan,Floods,Africa,2025,Hydrological (Climate),Climate-Driven
Sudan,Floods,Africa,2025,Hydrological (Climate),Climate-Driven
Honduras,Floods,North America,2025,Hydrological (Climate),Climate-Driven
Panama,River Pollution,North America,2025,Technological (Non-Climate),Non-Climate
Côte d'Ivoire,Cholera Outbreak,Africa,2025,Biological (Non-Climate),Non-Climate
Ghana,Cholera Outbreak,Africa,2024,Biological (Non-Climate),Non-Climate
Namibia,Drought,Africa,2024,Climatological (Climate),Climate-Driven
Niger,Diphtheria Outbreak,Africa,2023,Biological (Non-Climate),Non-Climate
Nigeria,Lassa Fever Outbreak,Africa,2023,Biological (Non-Climate),Non-Climate
Burundi,Cholera Outbreak,Africa,2023,Biological (Non-Climate),Non-Climate
Rwanda,Severe Local Storms,Africa,2017,Meteorological (Climate),Climate-Driven
Nigeria,Yellow Fever Outbreak,Africa,2017,Biological (Non-Climate),Non-Climate
Madagascar,Plague Outbreak,Africa,2017,Biological (Non-Climate),Non-Climate
Pakistan,Dengue Outbreak,Asia,2017,Biological (Non-Climate),Non-Climate
Ethiopia,Floods,Africa,2017,Hydrological (Climate),Climate-Driven
Papua New Guinea,Measles Outbreak,Oceania,2017,Biological (Non-Climate),Non-Climate
Central African Republic,Floods,Africa,2017,Hydrological (Climate),Climate-Driven
Chad,Cholera Outbreak,Africa,2017,Biological (Non-Climate),Non-Climate
DR Congo,Landslide,Africa,2017,Hydrological (Climate),Climate-Driven
Sierra Leone,Mudslides,Africa,2017,Hydrological (Climate),Climate-Driven
Nigeria,Floods,Africa,2017,Hydrological (Climate),Climate-Driven
Cameroon,Flash Floods,Africa,2017,Hydrological (Climate),Climate-Driven
Tunisia,Forest Fires,Africa,2017,Climatological (Climate),Climate-Driven
Sri Lanka,Dengue Outbreak,Asia,2017,Biological (Non-Climate),Non-Climate
Sudan,Acute Watery Diarrhoea (AWD) Outbreak,Africa,2017,Biological (Non-Climate),Non-Climate
Ghana,Floods,Africa,2017,Hydrological (Climate),Climate-Driven
Indonesia,Earthquake,Asia,2026,Geophysical (Non-Climate),Non-Climate
Colombia,Earthquake,South America,2026,Geophysical (Non-Climate),Non-Climate
Myanmar,Floods,Asia,2026,Hydrological (Climate),Climate-Driven
Afghanistan,Flash Floods,Asia,2026,Hydrological (Climate),Climate-Driven
India,Flash Floods,Asia,2026,Hydrological (Climate),Climate-Driven
Kyrgyzstan,Flash Floods,Asia,2026,Hydrological (Climate),Climate-Driven
Tajikistan,Floods,Asia,2026,Hydrological (Climate),Climate-Driven
Bangladesh,Flash Floods,Asia,2026,Hydrological (Climate),Climate-Driven
Georgia,Floods,Asia,2026,Hydrological (Climate),Climate-Driven
Central African Republic,Cholera Outbreak,Africa,2026,Biological (Non-Climate),Non-Climate
Venezuela,Earthquakes,South America,2026,Geophysical (Non-Climate),Non-Climate
Chad,Cholera Outbreak,Africa,2026,Biological (Non-Climate),Non-Climate
Philippines,Earthquake and Tsunami,Asia,2026,Geophysical (Non-Climate),Non-Climate
Armenia,Hailstorm,Asia,2026,Meteorological (Climate),Climate-Driven
Syria,Floods,Asia,2026,Hydrological (Climate),Climate-Driven
Central/Eastern Africa,Ebola Outbreak,Africa,2026,Biological (Non-Climate),Non-Climate
Sri Lanka,Dengue Outbreak,Asia,2026,Biological (Non-Climate),Non-Climate
Dominican Republic,Floods,North America,2026,Hydrological (Climate),Climate-Driven
Yemen,Floods,Asia,2026,Hydrological (Climate),Climate-Driven
Tanzania,Floods and Landslides,Africa,2026,Hydrological (Climate),Climate-Driven
Liberia,Windstorms,Africa,2026,Meteorological (Climate),Climate-Driven
Botswana,Floods,Africa,2026,Hydrological (Climate),Climate-Driven
Ethiopia,Floods and Landslides,Africa,2026,Hydrological (Climate),Climate-Driven
Kenya,Floods,Africa,2026,Hydrological (Climate),Climate-Driven
Suriname,Chikungunya Virus Outbreak,South America,2026,Biological (Non-Climate),Non-Climate
Brazil,Floods,South America,2026,Hydrological (Climate),Climate-Driven
Peru,Floods and Landslides,South America,2026,Hydrological (Climate),Climate-Driven
Angola,Floods,Africa,2026,Hydrological (Climate),Climate-Driven
Zambia,Cholera Outbreak,Africa,2026,Biological (Non-Climate),Non-Climate
Cameroon,Fires,Africa,2026,Technological (Non-Climate),Non-Climate
Somalia,Dengue Outbreak,Africa,2026,Biological (Non-Climate),Non-Climate
Rwanda,Flash Floods,Africa,2026,Hydrological (Climate),Climate-Driven
Algeria,Floods,Africa,2026,Hydrological (Climate),Climate-Driven
Argentina,Landslides,South America,2026,Hydrological (Climate),Climate-Driven
South Africa,Floods,Africa,2026,Hydrological (Climate),Climate-Driven
North Macedonia,Floods,Europe,2026,Hydrological (Climate),Climate-Driven
Malawi,Floods,Africa,2026,Hydrological (Climate),Climate-Driven
Serbia,Cold Wave,Europe,2026,Meteorological (Climate),Climate-Driven
Guatemala,Measles Outbreak,North America,2026,Biological (Non-Climate),Non-Climate
Ecuador,Floods,South America,2026,Hydrological (Climate),Climate-Driven
Zimbabwe,Floods,Africa,2026,Hydrological (Climate),Climate-Driven
Mozambique,Floods,Africa,2025,Hydrological (Climate),Climate-Driven
Chile,Wild Fires,South America,2025,Climatological (Climate),Climate-Driven
Gabon,Windstorms,Africa,2025,Meteorological (Climate),Climate-Driven
Morocco,Floods,Africa,2025,Hydrological (Climate),Climate-Driven
Bolivia,Floods,South America,2025,Hydrological (Climate),Climate-Driven
Congo,Floods,Africa,2025,Hydrological (Climate),Climate-Driven
Cuba,Arboviral Outbreak,North America,2025,Biological (Non-Climate),Non-Climate
Egypt,Floods,Africa,2025,Hydrological (Climate),Climate-Driven
Cabo Verde,Flash Floods,Africa,2025,Hydrological (Climate),Climate-Driven
South Sudan,Floods,Africa,2025,Hydrological (Climate),Climate-Driven
Sudan,Floods,Africa,2025,Hydrological (Climate),Climate-Driven
Honduras,Floods,North America,2025,Hydrological (Climate),Climate-Driven
Panama,River Pollution,North America,2025,Technological (Non-Climate),Non-Climate
Côte d'Ivoire,Cholera Outbreak,Africa,2025,Biological (Non-Climate),Non-Climate
Ghana,Cholera Outbreak,Africa,2024,Biological (Non-Climate),Non-Climate
Namibia,Drought,Africa,2024,Climatological (Climate),Climate-Driven
Niger,Diphtheria Outbreak,Africa,2023,Biological (Non-Climate),Non-Climate
Nigeria,Lassa Fever Outbreak,Africa,2023,Biological (Non-Climate),Non-Climate
Burundi,Cholera Outbreak,Africa,2023,Biological (Non-Climate),Non-Climate
Philippines,Earthquakes,Asia,2017,Geophysical (Non-Climate),Non-Climate
Myanmar,Floods and Landslides,Asia,2017,Hydrological (Climate),Climate-Driven
Guinea,Floods,Africa,2017,Hydrological (Climate),Climate-Driven
DPR Korea,Drought,Asia,2017,Climatological (Climate),Climate-Driven
Tajikistan,Floods and Mudslides,Asia,2017,Hydrological (Climate),Climate-Driven
China,Floods and Landslides,Asia,2017,Hydrological (Climate),Climate-Driven
Hungary,Severe Local Storm,Europe,2017,Meteorological (Climate),Climate-Driven
Sudan,Floods,Africa,2017,Hydrological (Climate),Climate-Driven
Nigeria,Hepatitis E Outbreak,Africa,2017,Biological (Non-Climate),Non-Climate
Mali,Floods,Africa,2017,Hydrological (Climate),Climate-Driven
Niger,Floods,Africa,2017,Hydrological (Climate),Climate-Driven
Bangladesh,Floods and Landslides,Asia,2017,Hydrological (Climate),Climate-Driven
Syria,Polio Outbreak,Asia,2017,Biological (Non-Climate),Non-Climate
Nigeria,Cholera Outbreak,Africa,2017,Biological (Non-Climate),Non-Climate
Viet Nam,Floods and Landslides,Asia,2017,Hydrological (Climate),Climate-Driven
Nepal,Floods and Landslides,Asia,2017,Hydrological (Climate),Climate-Driven
Guatemala,Floods and Landslides,North America,2017,Hydrological (Climate),Climate-Driven
Sri Lanka,Floods and Landslides,Asia,2017,Hydrological (Climate),Climate-Driven
Thailand,Floods,Asia,2017,Hydrological (Climate),Climate-Driven
Indonesia,Earthquake,Asia,2026,Geophysical (Non-Climate),Non-Climate
Colombia,Earthquake,South America,2026,Geophysical (Non-Climate),Non-Climate
Myanmar,Floods,Asia,2026,Hydrological (Climate),Climate-Driven
Afghanistan,Flash Floods,Asia,2026,Hydrological (Climate),Climate-Driven
India,Flash Floods,Asia,2026,Hydrological (Climate),Climate-Driven
Kyrgyzstan,Flash Floods,Asia,2026,Hydrological (Climate),Climate-Driven
Tajikistan,Floods,Asia,2026,Hydrological (Climate),Climate-Driven
Bangladesh,Flash Floods,Asia,2026,Hydrological (Climate),Climate-Driven
Georgia,Floods,Asia,2026,Hydrological (Climate),Climate-Driven
Central African Republic,Cholera Outbreak,Africa,2026,Biological (Non-Climate),Non-Climate
Venezuela,Earthquakes,South America,2026,Geophysical (Non-Climate),Non-Climate
Chad,Cholera Outbreak,Africa,2026,Biological (Non-Climate),Non-Climate
Philippines,Earthquake and Tsunami,Asia,2026,Geophysical (Non-Climate),Non-Climate
Armenia,Hailstorm,Asia,2026,Meteorological (Climate),Climate-Driven
Syria,Floods,Asia,2026,Hydrological (Climate),Climate-Driven
Central/Eastern Africa,Ebola Outbreak,Africa,2026,Biological (Non-Climate),Non-Climate
Sri Lanka,Dengue Outbreak,Asia,2026,Biological (Non-Climate),Non-Climate
Dominican Republic,Floods,North America,2026,Hydrological (Climate),Climate-Driven
Yemen,Floods,Asia,2026,Hydrological (Climate),Climate-Driven
Tanzania,Floods and Landslides,Africa,2026,Hydrological (Climate),Climate-Driven
Liberia,Windstorms,Africa,2026,Meteorological (Climate),Climate-Driven
Botswana,Floods,Africa,2026,Hydrological (Climate),Climate-Driven
Ethiopia,Floods and Landslides,Africa,2026,Hydrological (Climate),Climate-Driven
Kenya,Floods,Africa,2026,Hydrological (Climate),Climate-Driven
Suriname,Chikungunya Virus Outbreak,South America,2026,Biological (Non-Climate),Non-Climate
Brazil,Floods,South America,2026,Hydrological (Climate),Climate-Driven
Peru,Floods and Landslides,South America,2026,Hydrological (Climate),Climate-Driven
Angola,Floods,Africa,2026,Hydrological (Climate),Climate-Driven
Zambia,Cholera Outbreak,Africa,2026,Biological (Non-Climate),Non-Climate
Cameroon,Fires,Africa,2026,Technological (Non-Climate),Non-Climate
Somalia,Dengue Outbreak,Africa,2026,Biological (Non-Climate),Non-Climate
Rwanda,Flash Floods,Africa,2026,Hydrological (Climate),Climate-Driven
Algeria,Floods,Africa,2026,Hydrological (Climate),Climate-Driven
Argentina,Landslides,South America,2026,Hydrological (Climate),Climate-Driven
South Africa,Floods,Africa,2026,Hydrological (Climate),Climate-Driven
North Macedonia,Floods,Europe,2026,Hydrological (Climate),Climate-Driven
Malawi,Floods,Africa,2026,Hydrological (Climate),Climate-Driven
Serbia,Cold Wave,Europe,2026,Meteorological (Climate),Climate-Driven
Guatemala,Measles Outbreak,North America,2026,Biological (Non-Climate),Non-Climate
Ecuador,Floods,South America,2026,Hydrological (Climate),Climate-Driven
Zimbabwe,Floods,Africa,2026,Hydrological (Climate),Climate-Driven
Mozambique,Floods,Africa,2025,Hydrological (Climate),Climate-Driven
Chile,Wild Fires,South America,2025,Climatological (Climate),Climate-Driven
Gabon,Windstorms,Africa,2025,Meteorological (Climate),Climate-Driven
Morocco,Floods,Africa,2025,Hydrological (Climate),Climate-Driven
Bolivia,Floods,South America,2025,Hydrological (Climate),Climate-Driven
Congo,Floods,Africa,2025,Hydrological (Climate),Climate-Driven
Cuba,Arboviral Outbreak,North America,2025,Biological (Non-Climate),Non-Climate
Egypt,Floods,Africa,2025,Hydrological (Climate),Climate-Driven
Cabo Verde,Flash Floods,Africa,2025,Hydrological (Climate),Climate-Driven
South Sudan,Floods,Africa,2025,Hydrological (Climate),Climate-Driven
Sudan,Floods,Africa,2025,Hydrological (Climate),Climate-Driven
Honduras,Floods,North America,2025,Hydrological (Climate),Climate-Driven
Panama,River Pollution,North America,2025,Technological (Non-Climate),Non-Climate
Côte d'Ivoire,Cholera Outbreak,Africa,2025,Biological (Non-Climate),Non-Climate
Ghana,Cholera Outbreak,Africa,2024,Biological (Non-Climate),Non-Climate
Namibia,Drought,Africa,2024,Climatological (Climate),Climate-Driven
Niger,Diphtheria Outbreak,Africa,2023,Biological (Non-Climate),Non-Climate
Nigeria,Lassa Fever Outbreak,Africa,2023,Biological (Non-Climate),Non-Climate
Burundi,Cholera Outbreak,Africa,2023,Biological (Non-Climate),Non-Climate
Burkina Faso,Floods,Africa,2017,Hydrological (Climate),Climate-Driven
Ethiopia,Measles Outbreak,Africa,2017,Biological (Non-Climate),Non-Climate
DR Congo,Ebola Outbreak,Africa,2017,Biological (Non-Climate),Non-Climate
Russian Federation,Floods,Europe,2017,Hydrological (Climate),Climate-Driven
India,Floods and Landslides,Asia,2017,Hydrological (Climate),Climate-Driven
Kyrgyzstan,Earthquake,Asia,2017,Geophysical (Non-Climate),Non-Climate
East Africa,Armyworm Infestation,Africa,2017,Biological (Non-Climate),Non-Climate
Haiti,Floods,North America,2017,Hydrological (Climate),Climate-Driven
Tajikistan,Measles Outbreak,Asia,2017,Biological (Non-Climate),Non-Climate
Niger,Hepatitis E Outbreak,Africa,2017,Biological (Non-Climate),Non-Climate
Rwanda,Severe Local Storm,Africa,2017,Meteorological (Climate),Climate-Driven
Colombia,Mudslides,South America,2017,Hydrological (Climate),Climate-Driven
Niger,Meningitis Outbreak,Africa,2017,Biological (Non-Climate),Non-Climate
Nigeria,Meningitis Outbreak,Africa,2017,Biological (Non-Climate),Non-Climate
Peru,Dengue Outbreak,South America,2017,Biological (Non-Climate),Non-Climate
Central African Republic,Severe Local Storm,Africa,2017,Meteorological (Climate),Climate-Driven
Burundi,Malaria Outbreak,Africa,2017,Biological (Non-Climate),Non-Climate
West Africa,Armyworm Infestation,Africa,2017,Biological (Non-Climate),Non-Climate
Indonesia,Earthquake,Asia,2026,Geophysical (Non-Climate),Non-Climate
Colombia,Earthquake,South America,2026,Geophysical (Non-Climate),Non-Climate
Myanmar,Floods,Asia,2026,Hydrological (Climate),Climate-Driven
Afghanistan,Flash Floods,Asia,2026,Hydrological (Climate),Climate-Driven
India,Flash Floods,Asia,2026,Hydrological (Climate),Climate-Driven
Kyrgyzstan,Flash Floods,Asia,2026,Hydrological (Climate),Climate-Driven
Tajikistan,Floods,Asia,2026,Hydrological (Climate),Climate-Driven
Bangladesh,Flash Floods,Asia,2026,Hydrological (Climate),Climate-Driven
Georgia,Floods,Asia,2026,Hydrological (Climate),Climate-Driven
Central African Republic,Cholera Outbreak,Africa,2026,Biological (Non-Climate),Non-Climate
Venezuela,Earthquakes,South America,2026,Geophysical (Non-Climate),Non-Climate
Chad,Cholera Outbreak,Africa,2026,Biological (Non-Climate),Non-Climate
Philippines,Earthquake and Tsunami,Asia,2026,Geophysical (Non-Climate),Non-Climate
Armenia,Hailstorm,Asia,2026,Meteorological (Climate),Climate-Driven
Syria,Floods,Asia,2026,Hydrological (Climate),Climate-Driven
Central/Eastern Africa,Ebola Outbreak,Africa,2026,Biological (Non-Climate),Non-Climate
Sri Lanka,Dengue Outbreak,Asia,2026,Biological (Non-Climate),Non-Climate
Dominican Republic,Floods,North America,2026,Hydrological (Climate),Climate-Driven
Yemen,Floods,Asia,2026,Hydrological (Climate),Climate-Driven
Tanzania,Floods and Landslides,Africa,2026,Hydrological (Climate),Climate-Driven
Liberia,Windstorms,Africa,2026,Meteorological (Climate),Climate-Driven
Botswana,Floods,Africa,2026,Hydrological (Climate),Climate-Driven
Ethiopia,Floods and Landslides,Africa,2026,Hydrological (Climate),Climate-Driven
Kenya,Floods,Africa,2026,Hydrological (Climate),Climate-Driven
Suriname,Chikungunya Virus Outbreak,South America,2026,Biological (Non-Climate),Non-Climate
Brazil,Floods,South America,2026,Hydrological (Climate),Climate-Driven
Peru,Floods and Landslides,South America,2026,Hydrological (Climate),Climate-Driven
Angola,Floods,Africa,2026,Hydrological (Climate),Climate-Driven
Zambia,Cholera Outbreak,Africa,2026,Biological (Non-Climate),Non-Climate
Cameroon,Fires,Africa,2026,Technological (Non-Climate),Non-Climate
Somalia,Dengue Outbreak,Africa,2026,Biological (Non-Climate),Non-Climate
Rwanda,Flash Floods,Africa,2026,Hydrological (Climate),Climate-Driven
Algeria,Floods,Africa,2026,Hydrological (Climate),Climate-Driven
Argentina,Landslides,South America,2026,Hydrological (Climate),Climate-Driven
South Africa,Floods,Africa,2026,Hydrological (Climate),Climate-Driven
North Macedonia,Floods,Europe,2026,Hydrological (Climate),Climate-Driven
Malawi,Floods,Africa,2026,Hydrological (Climate),Climate-Driven
Serbia,Cold Wave,Europe,2026,Meteorological (Climate),Climate-Driven
Guatemala,Measles Outbreak,North America,2026,Biological (Non-Climate),Non-Climate
Ecuador,Floods,South America,2026,Hydrological (Climate),Climate-Driven
Zimbabwe,Floods,Africa,2026,Hydrological (Climate),Climate-Driven
Mozambique,Floods,Africa,2025,Hydrological (Climate),Climate-Driven
Chile,Wild Fires,South America,2025,Climatological (Climate),Climate-Driven
Gabon,Windstorms,Africa,2025,Meteorological (Climate),Climate-Driven
Morocco,Floods,Africa,2025,Hydrological (Climate),Climate-Driven
Bolivia,Floods,South America,2025,Hydrological (Climate),Climate-Driven
Congo,Floods,Africa,2025,Hydrological (Climate),Climate-Driven
Cuba,Arboviral Outbreak,North America,2025,Biological (Non-Climate),Non-Climate
Egypt,Floods,Africa,2025,Hydrological (Climate),Climate-Driven
Cabo Verde,Flash Floods,Africa,2025,Hydrological (Climate),Climate-Driven
South Sudan,Floods,Africa,2025,Hydrological (Climate),Climate-Driven
Sudan,Floods,Africa,2025,Hydrological (Climate),Climate-Driven
Honduras,Floods,North America,2025,Hydrological (Climate),Climate-Driven
Panama,River Pollution,North America,2025,Technological (Non-Climate),Non-Climate
Côte d'Ivoire,Cholera Outbreak,Africa,2025,Biological (Non-Climate),Non-Climate
Ghana,Cholera Outbreak,Africa,2024,Biological (Non-Climate),Non-Climate
Namibia,Drought,Africa,2024,Climatological (Climate),Climate-Driven
Niger,Diphtheria Outbreak,Africa,2023,Biological (Non-Climate),Non-Climate
Nigeria,Lassa Fever Outbreak,Africa,2023,Biological (Non-Climate),Non-Climate
Burundi,Cholera Outbreak,Africa,2023,Biological (Non-Climate),Non-Climate
Philippines,Earthquakes,Asia,2017,Geophysical (Non-Climate),Non-Climate
Guinea,Measles Outbreak,Africa,2017,Biological (Non-Climate),Non-Climate
Peru,Floods and Landslides,South America,2017,Hydrological (Climate),Climate-Driven
Afghanistan,Avalanches and Floods,Asia,2017,Hydrological (Climate),Climate-Driven
Philippines,Floods and Landslides,Asia,2017,Hydrological (Climate),Climate-Driven
Algeria,Cold Wave,Africa,2017,Meteorological (Climate),Climate-Driven
Morocco,Cold Wave,Africa,2017,Meteorological (Climate),Climate-Driven
Pakistan,Floods and Heavy Snowfalls,Asia,2017,Hydrological (Climate),Climate-Driven
Brazil,Yellow Fever Outbreak,South America,2017,Biological (Non-Climate),Non-Climate
Southern Africa,Armyworm Infestation,Africa,2017,Biological (Non-Climate),Non-Climate
FYR Macedonia,Cold Wave,Europe,2017,Meteorological (Climate),Climate-Driven
Belarus,Cold Wave,Europe,2017,Meteorological (Climate),Climate-Driven
Southern Africa,Floods,Africa,2017,Hydrological (Climate),Climate-Driven
Thailand,Floods,Asia,2016,Hydrological (Climate),Climate-Driven
Malaysia,Floods,Asia,2016,Hydrological (Climate),Climate-Driven
Mongolia,Dzud,Asia,2016,Climatological (Climate),Climate-Driven
Nigeria,Lassa Fever Outbreak,Africa,2016,Biological (Non-Climate),Non-Climate
Indonesia,Earthquake,Asia,2026,Geophysical (Non-Climate),Non-Climate
Colombia,Earthquake,South America,2026,Geophysical (Non-Climate),Non-Climate
Myanmar,Floods,Asia,2026,Hydrological (Climate),Climate-Driven
Afghanistan,Flash Floods,Asia,2026,Hydrological (Climate),Climate-Driven
India,Flash Floods,Asia,2026,Hydrological (Climate),Climate-Driven
Kyrgyzstan,Flash Floods,Asia,2026,Hydrological (Climate),Climate-Driven
Tajikistan,Floods,Asia,2026,Hydrological (Climate),Climate-Driven
Bangladesh,Flash Floods,Asia,2026,Hydrological (Climate),Climate-Driven
Georgia,Floods,Asia,2026,Hydrological (Climate),Climate-Driven
Central African Republic,Cholera Outbreak,Africa,2026,Biological (Non-Climate),Non-Climate
Venezuela,Earthquakes,South America,2026,Geophysical (Non-Climate),Non-Climate
Chad,Cholera Outbreak,Africa,2026,Biological (Non-Climate),Non-Climate
Philippines,Earthquake and Tsunami,Asia,2026,Geophysical (Non-Climate),Non-Climate
Armenia,Hailstorm,Asia,2026,Meteorological (Climate),Climate-Driven
Syria,Floods,Asia,2026,Hydrological (Climate),Climate-Driven
Central/Eastern Africa,Ebola Outbreak,Africa,2026,Biological (Non-Climate),Non-Climate
Sri Lanka,Dengue Outbreak,Asia,2026,Biological (Non-Climate),Non-Climate
Dominican Republic,Floods,North America,2026,Hydrological (Climate),Climate-Driven
Yemen,Floods,Asia,2026,Hydrological (Climate),Climate-Driven
Tanzania,Floods and Landslides,Africa,2026,Hydrological (Climate),Climate-Driven
Liberia,Windstorms,Africa,2026,Meteorological (Climate),Climate-Driven
Botswana,Floods,Africa,2026,Hydrological (Climate),Climate-Driven
Ethiopia,Floods and Landslides,Africa,2026,Hydrological (Climate),Climate-Driven
Kenya,Floods,Africa,2026,Hydrological (Climate),Climate-Driven
Suriname,Chikungunya Virus Outbreak,South America,2026,Biological (Non-Climate),Non-Climate
Brazil,Floods,South America,2026,Hydrological (Climate),Climate-Driven
Peru,Floods and Landslides,South America,2026,Hydrological (Climate),Climate-Driven
Angola,Floods,Africa,2026,Hydrological (Climate),Climate-Driven
Zambia,Cholera Outbreak,Africa,2026,Biological (Non-Climate),Non-Climate
Cameroon,Fires,Africa,2026,Technological (Non-Climate),Non-Climate
Somalia,Dengue Outbreak,Africa,2026,Biological (Non-Climate),Non-Climate
Rwanda,Flash Floods,Africa,2026,Hydrological (Climate),Climate-Driven
Algeria,Floods,Africa,2026,Hydrological (Climate),Climate-Driven
Argentina,Landslides,South America,2026,Hydrological (Climate),Climate-Driven
South Africa,Floods,Africa,2026,Hydrological (Climate),Climate-Driven
North Macedonia,Floods,Europe,2026,Hydrological (Climate),Climate-Driven
Malawi,Floods,Africa,2026,Hydrological (Climate),Climate-Driven
Serbia,Cold Wave,Europe,2026,Meteorological (Climate),Climate-Driven
Guatemala,Measles Outbreak,North America,2026,Biological (Non-Climate),Non-Climate
Ecuador,Floods,South America,2026,Hydrological (Climate),Climate-Driven
Zimbabwe,Floods,Africa,2026,Hydrological (Climate),Climate-Driven
Mozambique,Floods,Africa,2025,Hydrological (Climate),Climate-Driven
Chile,Wild Fires,South America,2025,Climatological (Climate),Climate-Driven
Gabon,Windstorms,Africa,2025,Meteorological (Climate),Climate-Driven
Morocco,Floods,Africa,2025,Hydrological (Climate),Climate-Driven
Bolivia,Floods,South America,2025,Hydrological (Climate),Climate-Driven
Congo,Floods,Africa,2025,Hydrological (Climate),Climate-Driven
Cuba,Arboviral Outbreak,North America,2025,Biological (Non-Climate),Non-Climate
Egypt,Floods,Africa,2025,Hydrological (Climate),Climate-Driven
Cabo Verde,Flash Floods,Africa,2025,Hydrological (Climate),Climate-Driven
South Sudan,Floods,Africa,2025,Hydrological (Climate),Climate-Driven
Sudan,Floods,Africa,2025,Hydrological (Climate),Climate-Driven
Honduras,Floods,North America,2025,Hydrological (Climate),Climate-Driven
Panama,River Pollution,North America,2025,Technological (Non-Climate),Non-Climate
Côte d'Ivoire,Cholera Outbreak,Africa,2025,Biological (Non-Climate),Non-Climate
Ghana,Cholera Outbreak,Africa,2024,Biological (Non-Climate),Non-Climate
Namibia,Drought,Africa,2024,Climatological (Climate),Climate-Driven
Niger,Diphtheria Outbreak,Africa,2023,Biological (Non-Climate),Non-Climate
Nigeria,Lassa Fever Outbreak,Africa,2023,Biological (Non-Climate),Non-Climate
Burundi,Cholera Outbreak,Africa,2023,Biological (Non-Climate),Non-Climate
Solomon Islands,Earthquake,Oceania,2016,Geophysical (Non-Climate),Non-Climate
Indonesia,Earthquake,Asia,2016,Geophysical (Non-Climate),Non-Climate
South America,Floods and Landslides,South America,2016,Hydrological (Climate),Climate-Driven
Saint Vincent and the Grenadines,Floods,North America,2016,Hydrological (Climate),Climate-Driven
DR Congo,Floods,Africa,2016,Hydrological (Climate),Climate-Driven
Serbia,Floods,Europe,2016,Hydrological (Climate),Climate-Driven
Albania,Floods,Europe,2016,Hydrological (Climate),Climate-Driven
Chile,Wild Fires,South America,2016,Climatological (Climate),Climate-Driven
Dominican Republic,Floods and Landslides,North America,2016,Hydrological (Climate),Climate-Driven
Egypt,Floods,Africa,2016,Hydrological (Climate),Climate-Driven
Ghana,Cholera Outbreak,Africa,2016,Biological (Non-Climate),Non-Climate
Pacific,Dengue Outbreak,Oceania,2016,Biological (Non-Climate),Non-Climate
Yemen,Cholera Outbreak,Asia,2016,Biological (Non-Climate),Non-Climate
Nigeria,Measles Outbreak,Africa,2016,Biological (Non-Climate),Non-Climate
Niger,Rift Valley Fever Outbreak,Africa,2016,Biological (Non-Climate),Non-Climate
Indonesia,Earthquake,Asia,2026,Geophysical (Non-Climate),Non-Climate
Colombia,Earthquake,South America,2026,Geophysical (Non-Climate),Non-Climate
Myanmar,Floods,Asia,2026,Hydrological (Climate),Climate-Driven
Afghanistan,Flash Floods,Asia,2026,Hydrological (Climate),Climate-Driven
India,Flash Floods,Asia,2026,Hydrological (Climate),Climate-Driven
Kyrgyzstan,Flash Floods,Asia,2026,Hydrological (Climate),Climate-Driven
Tajikistan,Floods,Asia,2026,Hydrological (Climate),Climate-Driven
Bangladesh,Flash Floods,Asia,2026,Hydrological (Climate),Climate-Driven
Georgia,Floods,Asia,2026,Hydrological (Climate),Climate-Driven
Central African Republic,Cholera Outbreak,Africa,2026,Biological (Non-Climate),Non-Climate
Venezuela,Earthquakes,South America,2026,Geophysical (Non-Climate),Non-Climate
Chad,Cholera Outbreak,Africa,2026,Biological (Non-Climate),Non-Climate
Philippines,Earthquake and Tsunami,Asia,2026,Geophysical (Non-Climate),Non-Climate
Armenia,Hailstorm,Asia,2026,Meteorological (Climate),Climate-Driven
Syria,Floods,Asia,2026,Hydrological (Climate),Climate-Driven
Central/Eastern Africa,Ebola Outbreak,Africa,2026,Biological (Non-Climate),Non-Climate
Sri Lanka,Dengue Outbreak,Asia,2026,Biological (Non-Climate),Non-Climate
Dominican Republic,Floods,North America,2026,Hydrological (Climate),Climate-Driven
Yemen,Floods,Asia,2026,Hydrological (Climate),Climate-Driven
Tanzania,Floods and Landslides,Africa,2026,Hydrological (Climate),Climate-Driven
Liberia,Windstorms,Africa,2026,Meteorological (Climate),Climate-Driven
Botswana,Floods,Africa,2026,Hydrological (Climate),Climate-Driven
Ethiopia,Floods and Landslides,Africa,2026,Hydrological (Climate),Climate-Driven
Kenya,Floods,Africa,2026,Hydrological (Climate),Climate-Driven
Suriname,Chikungunya Virus Outbreak,South America,2026,Biological (Non-Climate),Non-Climate
Brazil,Floods,South America,2026,Hydrological (Climate),Climate-Driven
Peru,Floods and Landslides,South America,2026,Hydrological (Climate),Climate-Driven
Angola,Floods,Africa,2026,Hydrological (Climate),Climate-Driven
Zambia,Cholera Outbreak,Africa,2026,Biological (Non-Climate),Non-Climate
Cameroon,Fires,Africa,2026,Technological (Non-Climate),Non-Climate
Somalia,Dengue Outbreak,Africa,2026,Biological (Non-Climate),Non-Climate
Rwanda,Flash Floods,Africa,2026,Hydrological (Climate),Climate-Driven
Algeria,Floods,Africa,2026,Hydrological (Climate),Climate-Driven
Argentina,Landslides,South America,2026,Hydrological (Climate),Climate-Driven
South Africa,Floods,Africa,2026,Hydrological (Climate),Climate-Driven
North Macedonia,Floods,Europe,2026,Hydrological (Climate),Climate-Driven
Malawi,Floods,Africa,2026,Hydrological (Climate),Climate-Driven
Serbia,Cold Wave,Europe,2026,Meteorological (Climate),Climate-Driven
Guatemala,Measles Outbreak,North America,2026,Biological (Non-Climate),Non-Climate
Ecuador,Floods,South America,2026,Hydrological (Climate),Climate-Driven
Zimbabwe,Floods,Africa,2026,Hydrological (Climate),Climate-Driven
Mozambique,Floods,Africa,2025,Hydrological (Climate),Climate-Driven
Chile,Wild Fires,South America,2025,Climatological (Climate),Climate-Driven
Gabon,Windstorms,Africa,2025,Meteorological (Climate),Climate-Driven
Morocco,Floods,Africa,2025,Hydrological (Climate),Climate-Driven
Bolivia,Floods,South America,2025,Hydrological (Climate),Climate-Driven
Congo,Floods,Africa,2025,Hydrological (Climate),Climate-Driven
Cuba,Arboviral Outbreak,North America,2025,Biological (Non-Climate),Non-Climate
Egypt,Floods,Africa,2025,Hydrological (Climate),Climate-Driven
Cabo Verde,Flash Floods,Africa,2025,Hydrological (Climate),Climate-Driven
South Sudan,Floods,Africa,2025,Hydrological (Climate),Climate-Driven
Sudan,Floods,Africa,2025,Hydrological (Climate),Climate-Driven
Honduras,Floods,North America,2025,Hydrological (Climate),Climate-Driven
Panama,River Pollution,North America,2025,Technological (Non-Climate),Non-Climate
Côte d'Ivoire,Cholera Outbreak,Africa,2025,Biological (Non-Climate),Non-Climate
Ghana,Cholera Outbreak,Africa,2024,Biological (Non-Climate),Non-Climate
Namibia,Drought,Africa,2024,Climatological (Climate),Climate-Driven
Niger,Diphtheria Outbreak,Africa,2023,Biological (Non-Climate),Non-Climate
Nigeria,Lassa Fever Outbreak,Africa,2023,Biological (Non-Climate),Non-Climate
Burundi,Cholera Outbreak,Africa,2023,Biological (Non-Climate),Non-Climate
Benin,Cholera Outbreak,Africa,2016,Biological (Non-Climate),Non-Climate
Senegal,Floods,Africa,2016,Hydrological (Climate),Climate-Driven
Chad,Hepatitis E Outbreak,Africa,2016,Biological (Non-Climate),Non-Climate
DPR Korea,Floods,Asia,2016,Hydrological (Climate),Climate-Driven
Nigeria,Polio Outbreak,Africa,2016,Biological (Non-Climate),Non-Climate
Peru,Earthquake,South America,2016,Geophysical (Non-Climate),Non-Climate
Lao PDR,Floods,Asia,2016,Hydrological (Climate),Climate-Driven
Central African Republic,Cholera Outbreak,Africa,2016,Biological (Non-Climate),Non-Climate
Philippines,Floods and Landslides,Asia,2016,Hydrological (Climate),Climate-Driven
FYR Macedonia,Flash Floods,Europe,2016,Hydrological (Climate),Climate-Driven
Viet Nam,Floods and Landslides,Asia,2016,Hydrological (Climate),Climate-Driven
Burundi,Cholera Outbreak,Africa,2016,Biological (Non-Climate),Non-Climate
Niger,Floods,Africa,2016,Hydrological (Climate),Climate-Driven
Senegal,Floods,Africa,2016,Hydrological (Climate),Climate-Driven
Burkina Faso,Floods,Africa,2016,Hydrological (Climate),Climate-Driven
Mali,Floods,Africa,2016,Hydrological (Climate),Climate-Driven
South Sudan,Cholera Outbreak,Africa,2016,Biological (Non-Climate),Non-Climate
Nepal,Floods and Landslides,Asia,2016,Hydrological (Climate),Climate-Driven
Indonesia,Earthquake,Asia,2026,Geophysical (Non-Climate),Non-Climate
Colombia,Earthquake,South America,2026,Geophysical (Non-Climate),Non-Climate
Myanmar,Floods,Asia,2026,Hydrological (Climate),Climate-Driven
Afghanistan,Flash Floods,Asia,2026,Hydrological (Climate),Climate-Driven
India,Flash Floods,Asia,2026,Hydrological (Climate),Climate-Driven
Kyrgyzstan,Flash Floods,Asia,2026,Hydrological (Climate),Climate-Driven
Tajikistan,Floods,Asia,2026,Hydrological (Climate),Climate-Driven
Bangladesh,Flash Floods,Asia,2026,Hydrological (Climate),Climate-Driven
Georgia,Floods,Asia,2026,Hydrological (Climate),Climate-Driven
Central African Republic,Cholera Outbreak,Africa,2026,Biological (Non-Climate),Non-Climate
Venezuela,Earthquakes,South America,2026,Geophysical (Non-Climate),Non-Climate
Chad,Cholera Outbreak,Africa,2026,Biological (Non-Climate),Non-Climate
Philippines,Earthquake and Tsunami,Asia,2026,Geophysical (Non-Climate),Non-Climate
Armenia,Hailstorm,Asia,2026,Meteorological (Climate),Climate-Driven
Syria,Floods,Asia,2026,Hydrological (Climate),Climate-Driven
Central/Eastern Africa,Ebola Outbreak,Africa,2026,Biological (Non-Climate),Non-Climate
Sri Lanka,Dengue Outbreak,Asia,2026,Biological (Non-Climate),Non-Climate
Dominican Republic,Floods,North America,2026,Hydrological (Climate),Climate-Driven
Yemen,Floods,Asia,2026,Hydrological (Climate),Climate-Driven
Tanzania,Floods and Landslides,Africa,2026,Hydrological (Climate),Climate-Driven
Liberia,Windstorms,Africa,2026,Meteorological (Climate),Climate-Driven
Botswana,Floods,Africa,2026,Hydrological (Climate),Climate-Driven
Ethiopia,Floods and Landslides,Africa,2026,Hydrological (Climate),Climate-Driven
Kenya,Floods,Africa,2026,Hydrological (Climate),Climate-Driven
Suriname,Chikungunya Virus Outbreak,South America,2026,Biological (Non-Climate),Non-Climate
Brazil,Floods,South America,2026,Hydrological (Climate),Climate-Driven
Peru,Floods and Landslides,South America,2026,Hydrological (Climate),Climate-Driven
Angola,Floods,Africa,2026,Hydrological (Climate),Climate-Driven
Zambia,Cholera Outbreak,Africa,2026,Biological (Non-Climate),Non-Climate
Cameroon,Fires,Africa,2026,Technological (Non-Climate),Non-Climate
Somalia,Dengue Outbreak,Africa,2026,Biological (Non-Climate),Non-Climate
Rwanda,Flash Floods,Africa,2026,Hydrological (Climate),Climate-Driven
Algeria,Floods,Africa,2026,Hydrological (Climate),Climate-Driven
Argentina,Landslides,South America,2026,Hydrological (Climate),Climate-Driven
South Africa,Floods,Africa,2026,Hydrological (Climate),Climate-Driven
North Macedonia,Floods,Europe,2026,Hydrological (Climate),Climate-Driven
Malawi,Floods,Africa,2026,Hydrological (Climate),Climate-Driven
Serbia,Cold Wave,Europe,2026,Meteorological (Climate),Climate-Driven
Guatemala,Measles Outbreak,North America,2026,Biological (Non-Climate),Non-Climate
Ecuador,Floods,South America,2026,Hydrological (Climate),Climate-Driven
Zimbabwe,Floods,Africa,2026,Hydrological (Climate),Climate-Driven
Mozambique,Floods,Africa,2025,Hydrological (Climate),Climate-Driven
Chile,Wild Fires,South America,2025,Climatological (Climate),Climate-Driven
Gabon,Windstorms,Africa,2025,Meteorological (Climate),Climate-Driven
Morocco,Floods,Africa,2025,Hydrological (Climate),Climate-Driven
Bolivia,Floods,South America,2025,Hydrological (Climate),Climate-Driven
Congo,Floods,Africa,2025,Hydrological (Climate),Climate-Driven
Cuba,Arboviral Outbreak,North America,2025,Biological (Non-Climate),Non-Climate
Egypt,Floods,Africa,2025,Hydrological (Climate),Climate-Driven
Cabo Verde,Flash Floods,Africa,2025,Hydrological (Climate),Climate-Driven
South Sudan,Floods,Africa,2025,Hydrological (Climate),Climate-Driven
Sudan,Floods,Africa,2025,Hydrological (Climate),Climate-Driven
Honduras,Floods,North America,2025,Hydrological (Climate),Climate-Driven
Panama,River Pollution,North America,2025,Technological (Non-Climate),Non-Climate
Côte d'Ivoire,Cholera Outbreak,Africa,2025,Biological (Non-Climate),Non-Climate
Ghana,Cholera Outbreak,Africa,2024,Biological (Non-Climate),Non-Climate
Namibia,Drought,Africa,2024,Climatological (Climate),Climate-Driven
Niger,Diphtheria Outbreak,Africa,2023,Biological (Non-Climate),Non-Climate
Nigeria,Lassa Fever Outbreak,Africa,2023,Biological (Non-Climate),Non-Climate
Burundi,Cholera Outbreak,Africa,2023,Biological (Non-Climate),Non-Climate
Bangladesh,Floods and Landslides,Asia,2016,Hydrological (Climate),Climate-Driven
Liberia,Floods,Africa,2016,Hydrological (Climate),Climate-Driven
Ethiopia,Acute Watery Diarrhoea (AWD) Outbreak,Africa,2016,Biological (Non-Climate),Non-Climate
Sudan,Floods,Africa,2016,Hydrological (Climate),Climate-Driven
India,Floods,Asia,2016,Hydrological (Climate),Climate-Driven
Myanmar,Floods,Asia,2016,Hydrological (Climate),Climate-Driven
China,Floods and Landslides,Asia,2016,Hydrological (Climate),Climate-Driven
Russian Federation,Floods and Landslides,Europe,2016,Hydrological (Climate),Climate-Driven
Pakistan,Floods and Landslides,Asia,2016,Hydrological (Climate),Climate-Driven
Central America,Floods and Landslides,North America,2016,Hydrological (Climate),Climate-Driven
Sri Lanka,Floods and Landslides,Asia,2016,Hydrological (Climate),Climate-Driven
Indonesia,Floods and Landslides,Asia,2016,Hydrological (Climate),Climate-Driven
Tajikistan,Floods and Mudslides,Asia,2016,Hydrological (Climate),Climate-Driven
Haiti,Floods,North America,2016,Hydrological (Climate),Climate-Driven
Somalia,Floods,Africa,2016,Hydrological (Climate),Climate-Driven
Kenya,Floods,Africa,2016,Hydrological (Climate),Climate-Driven
Ecuador,Earthquake,South America,2016,Geophysical (Non-Climate),Non-Climate
Yemen,Flash Floods,Asia,2016,Hydrological (Climate),Climate-Driven
Indonesia,Earthquake,Asia,2026,Geophysical (Non-Climate),Non-Climate
Colombia,Earthquake,South America,2026,Geophysical (Non-Climate),Non-Climate
Myanmar,Floods,Asia,2026,Hydrological (Climate),Climate-Driven
Afghanistan,Flash Floods,Asia,2026,Hydrological (Climate),Climate-Driven
India,Flash Floods,Asia,2026,Hydrological (Climate),Climate-Driven
Kyrgyzstan,Flash Floods,Asia,2026,Hydrological (Climate),Climate-Driven
Tajikistan,Floods,Asia,2026,Hydrological (Climate),Climate-Driven
Bangladesh,Flash Floods,Asia,2026,Hydrological (Climate),Climate-Driven
Georgia,Floods,Asia,2026,Hydrological (Climate),Climate-Driven
Central African Republic,Cholera Outbreak,Africa,2026,Biological (Non-Climate),Non-Climate
Venezuela,Earthquakes,South America,2026,Geophysical (Non-Climate),Non-Climate
Chad,Cholera Outbreak,Africa,2026,Biological (Non-Climate),Non-Climate
Philippines,Earthquake and Tsunami,Asia,2026,Geophysical (Non-Climate),Non-Climate
Armenia,Hailstorm,Asia,2026,Meteorological (Climate),Climate-Driven
Syria,Floods,Asia,2026,Hydrological (Climate),Climate-Driven
Central/Eastern Africa,Ebola Outbreak,Africa,2026,Biological (Non-Climate),Non-Climate
Sri Lanka,Dengue Outbreak,Asia,2026,Biological (Non-Climate),Non-Climate
Dominican Republic,Floods,North America,2026,Hydrological (Climate),Climate-Driven
Yemen,Floods,Asia,2026,Hydrological (Climate),Climate-Driven
Tanzania,Floods and Landslides,Africa,2026,Hydrological (Climate),Climate-Driven
Liberia,Windstorms,Africa,2026,Meteorological (Climate),Climate-Driven
Botswana,Floods,Africa,2026,Hydrological (Climate),Climate-Driven
Ethiopia,Floods and Landslides,Africa,2026,Hydrological (Climate),Climate-Driven
Kenya,Floods,Africa,2026,Hydrological (Climate),Climate-Driven
Suriname,Chikungunya Virus Outbreak,South America,2026,Biological (Non-Climate),Non-Climate
Brazil,Floods,South America,2026,Hydrological (Climate),Climate-Driven
Peru,Floods and Landslides,South America,2026,Hydrological (Climate),Climate-Driven
Angola,Floods,Africa,2026,Hydrological (Climate),Climate-Driven
Zambia,Cholera Outbreak,Africa,2026,Biological (Non-Climate),Non-Climate
Cameroon,Fires,Africa,2026,Technological (Non-Climate),Non-Climate
Somalia,Dengue Outbreak,Africa,2026,Biological (Non-Climate),Non-Climate
Rwanda,Flash Floods,Africa,2026,Hydrological (Climate),Climate-Driven
Algeria,Floods,Africa,2026,Hydrological (Climate),Climate-Driven
Argentina,Landslides,South America,2026,Hydrological (Climate),Climate-Driven
South Africa,Floods,Africa,2026,Hydrological (Climate),Climate-Driven
North Macedonia,Floods,Europe,2026,Hydrological (Climate),Climate-Driven
Malawi,Floods,Africa,2026,Hydrological (Climate),Climate-Driven
Serbia,Cold Wave,Europe,2026,Meteorological (Climate),Climate-Driven
Guatemala,Measles Outbreak,North America,2026,Biological (Non-Climate),Non-Climate
Ecuador,Floods,South America,2026,Hydrological (Climate),Climate-Driven
Zimbabwe,Floods,Africa,2026,Hydrological (Climate),Climate-Driven
Mozambique,Floods,Africa,2025,Hydrological (Climate),Climate-Driven
Chile,Wild Fires,South America,2025,Climatological (Climate),Climate-Driven
Gabon,Windstorms,Africa,2025,Meteorological (Climate),Climate-Driven
Morocco,Floods,Africa,2025,Hydrological (Climate),Climate-Driven
Bolivia,Floods,South America,2025,Hydrological (Climate),Climate-Driven
Congo,Floods,Africa,2025,Hydrological (Climate),Climate-Driven
Cuba,Arboviral Outbreak,North America,2025,Biological (Non-Climate),Non-Climate
Egypt,Floods,Africa,2025,Hydrological (Climate),Climate-Driven
Cabo Verde,Flash Floods,Africa,2025,Hydrological (Climate),Climate-Driven
South Sudan,Floods,Africa,2025,Hydrological (Climate),Climate-Driven
Sudan,Floods,Africa,2025,Hydrological (Climate),Climate-Driven
Honduras,Floods,North America,2025,Hydrological (Climate),Climate-Driven
Panama,River Pollution,North America,2025,Technological (Non-Climate),Non-Climate
Côte d'Ivoire,Cholera Outbreak,Africa,2025,Biological (Non-Climate),Non-Climate
Ghana,Cholera Outbreak,Africa,2024,Biological (Non-Climate),Non-Climate
Namibia,Drought,Africa,2024,Climatological (Climate),Climate-Driven
Niger,Diphtheria Outbreak,Africa,2023,Biological (Non-Climate),Non-Climate
Nigeria,Lassa Fever Outbreak,Africa,2023,Biological (Non-Climate),Non-Climate
Burundi,Cholera Outbreak,Africa,2023,Biological (Non-Climate),Non-Climate
Uganda,Yellow Fever Outbreak,Africa,2016,Biological (Non-Climate),Non-Climate
Ethiopia,Floods,Africa,2016,Hydrological (Climate),Climate-Driven
Pakistan,Floods and Landslides,Asia,2016,Hydrological (Climate),Climate-Driven
Serbia,Floods,Europe,2016,Hydrological (Climate),Climate-Driven
Niger,Meningitis Outbreak,Africa,2016,Biological (Non-Climate),Non-Climate
Morocco,Cold Wave,Africa,2016,Meteorological (Climate),Climate-Driven
Papua New Guinea,Floods,Oceania,2016,Hydrological (Climate),Climate-Driven
Taiwan (China),Earthquake,Asia,2016,Geophysical (Non-Climate),Non-Climate
Zambia,Cholera Outbreak,Africa,2016,Biological (Non-Climate),Non-Climate
Togo,Meningitis Outbreak,Africa,2016,Biological (Non-Climate),Non-Climate
Haiti,Floods,North America,2016,Hydrological (Climate),Climate-Driven
Tanzania,Floods,Africa,2016,Hydrological (Climate),Climate-Driven
Angola/DR Congo,Yellow Fever Outbreak,Africa,2016,Biological (Non-Climate),Non-Climate
Benin/Nigeria/Togo,Lassa Fever Outbreak,Africa,2016,Biological (Non-Climate),Non-Climate
Mongolia,Dzud,Asia,2016,Climatological (Climate),Climate-Driven
Malawi,Cholera Outbreak,Africa,2015,Biological (Non-Climate),Non-Climate
Central African Republic,Monkey Pox Outbreak,Africa,2015,Biological (Non-Climate),Non-Climate
Indonesia,Earthquake,Asia,2026,Geophysical (Non-Climate),Non-Climate
Colombia,Earthquake,South America,2026,Geophysical (Non-Climate),Non-Climate
Myanmar,Floods,Asia,2026,Hydrological (Climate),Climate-Driven
Afghanistan,Flash Floods,Asia,2026,Hydrological (Climate),Climate-Driven
India,Flash Floods,Asia,2026,Hydrological (Climate),Climate-Driven
Kyrgyzstan,Flash Floods,Asia,2026,Hydrological (Climate),Climate-Driven
Tajikistan,Floods,Asia,2026,Hydrological (Climate),Climate-Driven
Bangladesh,Flash Floods,Asia,2026,Hydrological (Climate),Climate-Driven
Georgia,Floods,Asia,2026,Hydrological (Climate),Climate-Driven
Central African Republic,Cholera Outbreak,Africa,2026,Biological (Non-Climate),Non-Climate
Venezuela,Earthquakes,South America,2026,Geophysical (Non-Climate),Non-Climate
Chad,Cholera Outbreak,Africa,2026,Biological (Non-Climate),Non-Climate
Philippines,Earthquake and Tsunami,Asia,2026,Geophysical (Non-Climate),Non-Climate
Armenia,Hailstorm,Asia,2026,Meteorological (Climate),Climate-Driven
Syria,Floods,Asia,2026,Hydrological (Climate),Climate-Driven
Central/Eastern Africa,Ebola Outbreak,Africa,2026,Biological (Non-Climate),Non-Climate
Sri Lanka,Dengue Outbreak,Asia,2026,Biological (Non-Climate),Non-Climate
Dominican Republic,Floods,North America,2026,Hydrological (Climate),Climate-Driven
Yemen,Floods,Asia,2026,Hydrological (Climate),Climate-Driven
Tanzania,Floods and Landslides,Africa,2026,Hydrological (Climate),Climate-Driven
Liberia,Windstorms,Africa,2026,Meteorological (Climate),Climate-Driven
Botswana,Floods,Africa,2026,Hydrological (Climate),Climate-Driven
Ethiopia,Floods and Landslides,Africa,2026,Hydrological (Climate),Climate-Driven
Kenya,Floods,Africa,2026,Hydrological (Climate),Climate-Driven
Suriname,Chikungunya Virus Outbreak,South America,2026,Biological (Non-Climate),Non-Climate
Brazil,Floods,South America,2026,Hydrological (Climate),Climate-Driven
Peru,Floods and Landslides,South America,2026,Hydrological (Climate),Climate-Driven
Angola,Floods,Africa,2026,Hydrological (Climate),Climate-Driven
Zambia,Cholera Outbreak,Africa,2026,Biological (Non-Climate),Non-Climate
Cameroon,Fires,Africa,2026,Technological (Non-Climate),Non-Climate
Somalia,Dengue Outbreak,Africa,2026,Biological (Non-Climate),Non-Climate
Rwanda,Flash Floods,Africa,2026,Hydrological (Climate),Climate-Driven
Algeria,Floods,Africa,2026,Hydrological (Climate),Climate-Driven
Argentina,Landslides,South America,2026,Hydrological (Climate),Climate-Driven
South Africa,Floods,Africa,2026,Hydrological (Climate),Climate-Driven
North Macedonia,Floods,Europe,2026,Hydrological (Climate),Climate-Driven
Malawi,Floods,Africa,2026,Hydrological (Climate),Climate-Driven
Serbia,Cold Wave,Europe,2026,Meteorological (Climate),Climate-Driven
Guatemala,Measles Outbreak,North America,2026,Biological (Non-Climate),Non-Climate
Ecuador,Floods,South America,2026,Hydrological (Climate),Climate-Driven
Zimbabwe,Floods,Africa,2026,Hydrological (Climate),Climate-Driven
Mozambique,Floods,Africa,2025,Hydrological (Climate),Climate-Driven
Chile,Wild Fires,South America,2025,Climatological (Climate),Climate-Driven
Gabon,Windstorms,Africa,2025,Meteorological (Climate),Climate-Driven
Morocco,Floods,Africa,2025,Hydrological (Climate),Climate-Driven
Bolivia,Floods,South America,2025,Hydrological (Climate),Climate-Driven
Congo,Floods,Africa,2025,Hydrological (Climate),Climate-Driven
Cuba,Arboviral Outbreak,North America,2025,Biological (Non-Climate),Non-Climate
Egypt,Floods,Africa,2025,Hydrological (Climate),Climate-Driven
Cabo Verde,Flash Floods,Africa,2025,Hydrological (Climate),Climate-Driven
South Sudan,Floods,Africa,2025,Hydrological (Climate),Climate-Driven
Sudan,Floods,Africa,2025,Hydrological (Climate),Climate-Driven
Honduras,Floods,North America,2025,Hydrological (Climate),Climate-Driven
Panama,River Pollution,North America,2025,Technological (Non-Climate),Non-Climate
Côte d'Ivoire,Cholera Outbreak,Africa,2025,Biological (Non-Climate),Non-Climate
Ghana,Cholera Outbreak,Africa,2024,Biological (Non-Climate),Non-Climate
Namibia,Drought,Africa,2024,Climatological (Climate),Climate-Driven
Niger,Diphtheria Outbreak,Africa,2023,Biological (Non-Climate),Non-Climate
Nigeria,Lassa Fever Outbreak,Africa,2023,Biological (Non-Climate),Non-Climate
Burundi,Cholera Outbreak,Africa,2023,Biological (Non-Climate),Non-Climate
Tajikistan,Earthquake,Asia,2015,Geophysical (Non-Climate),Non-Climate
South America,Floods and Landslides,South America,2015,Hydrological (Climate),Climate-Driven
Kyrgyzstan,Earthquake,Asia,2015,Geophysical (Non-Climate),Non-Climate
Cameroon,Measles and Cholera Outbreaks,Africa,2015,Biological (Non-Climate),Non-Climate
Indonesia,Floods and Landslides,Asia,2015,Hydrological (Climate),Climate-Driven
Kenya,Floods,Africa,2015,Hydrological (Climate),Climate-Driven
DR Congo,Floods,Africa,2015,Hydrological (Climate),Climate-Driven
Burundi,Floods,Africa,2015,Hydrological (Climate),Climate-Driven
Iraq,Floods,Asia,2015,Hydrological (Climate),Climate-Driven
Ethiopia,Floods,Africa,2015,Hydrological (Climate),Climate-Driven
Afghanistan/Pakistan,Earthquake,Asia,2015,Geophysical (Non-Climate),Non-Climate
Algeria,Floods,Africa,2015,Hydrological (Climate),Climate-Driven
Somalia,Floods,Africa,2015,Hydrological (Climate),Climate-Driven
Belize,Floods,North America,2015,Hydrological (Climate),Climate-Driven
Guatemala,Floods and Landslides,North America,2015,Hydrological (Climate),Climate-Driven
Indonesia,Earthquake,Asia,2026,Geophysical (Non-Climate),Non-Climate
Colombia,Earthquake,South America,2026,Geophysical (Non-Climate),Non-Climate
Myanmar,Floods,Asia,2026,Hydrological (Climate),Climate-Driven
Afghanistan,Flash Floods,Asia,2026,Hydrological (Climate),Climate-Driven
India,Flash Floods,Asia,2026,Hydrological (Climate),Climate-Driven
Kyrgyzstan,Flash Floods,Asia,2026,Hydrological (Climate),Climate-Driven
Tajikistan,Floods,Asia,2026,Hydrological (Climate),Climate-Driven
Bangladesh,Flash Floods,Asia,2026,Hydrological (Climate),Climate-Driven
Georgia,Floods,Asia,2026,Hydrological (Climate),Climate-Driven
Central African Republic,Cholera Outbreak,Africa,2026,Biological (Non-Climate),Non-Climate
Venezuela,Earthquakes,South America,2026,Geophysical (Non-Climate),Non-Climate
Chad,Cholera Outbreak,Africa,2026,Biological (Non-Climate),Non-Climate
Philippines,Earthquake and Tsunami,Asia,2026,Geophysical (Non-Climate),Non-Climate
Armenia,Hailstorm,Asia,2026,Meteorological (Climate),Climate-Driven
Syria,Floods,Asia,2026,Hydrological (Climate),Climate-Driven
Central/Eastern Africa,Ebola Outbreak,Africa,2026,Biological (Non-Climate),Non-Climate
Sri Lanka,Dengue Outbreak,Asia,2026,Biological (Non-Climate),Non-Climate
Dominican Republic,Floods,North America,2026,Hydrological (Climate),Climate-Driven
Yemen,Floods,Asia,2026,Hydrological (Climate),Climate-Driven
Tanzania,Floods and Landslides,Africa,2026,Hydrological (Climate),Climate-Driven
Liberia,Windstorms,Africa,2026,Meteorological (Climate),Climate-Driven
Botswana,Floods,Africa,2026,Hydrological (Climate),Climate-Driven
Ethiopia,Floods and Landslides,Africa,2026,Hydrological (Climate),Climate-Driven
Kenya,Floods,Africa,2026,Hydrological (Climate),Climate-Driven
Suriname,Chikungunya Virus Outbreak,South America,2026,Biological (Non-Climate),Non-Climate
Brazil,Floods,South America,2026,Hydrological (Climate),Climate-Driven
Peru,Floods and Landslides,South America,2026,Hydrological (Climate),Climate-Driven
Angola,Floods,Africa,2026,Hydrological (Climate),Climate-Driven
Zambia,Cholera Outbreak,Africa,2026,Biological (Non-Climate),Non-Climate
Cameroon,Fires,Africa,2026,Technological (Non-Climate),Non-Climate
Somalia,Dengue Outbreak,Africa,2026,Biological (Non-Climate),Non-Climate
Rwanda,Flash Floods,Africa,2026,Hydrological (Climate),Climate-Driven
Algeria,Floods,Africa,2026,Hydrological (Climate),Climate-Driven
Argentina,Landslides,South America,2026,Hydrological (Climate),Climate-Driven
South Africa,Floods,Africa,2026,Hydrological (Climate),Climate-Driven
North Macedonia,Floods,Europe,2026,Hydrological (Climate),Climate-Driven
Malawi,Floods,Africa,2026,Hydrological (Climate),Climate-Driven
Serbia,Cold Wave,Europe,2026,Meteorological (Climate),Climate-Driven
Guatemala,Measles Outbreak,North America,2026,Biological (Non-Climate),Non-Climate
Ecuador,Floods,South America,2026,Hydrological (Climate),Climate-Driven
Zimbabwe,Floods,Africa,2026,Hydrological (Climate),Climate-Driven
Mozambique,Floods,Africa,2025,Hydrological (Climate),Climate-Driven
Chile,Wild Fires,South America,2025,Climatological (Climate),Climate-Driven
Gabon,Windstorms,Africa,2025,Meteorological (Climate),Climate-Driven
Morocco,Floods,Africa,2025,Hydrological (Climate),Climate-Driven
Bolivia,Floods,South America,2025,Hydrological (Climate),Climate-Driven
Congo,Floods,Africa,2025,Hydrological (Climate),Climate-Driven
Cuba,Arboviral Outbreak,North America,2025,Biological (Non-Climate),Non-Climate
Egypt,Floods,Africa,2025,Hydrological (Climate),Climate-Driven
Cabo Verde,Flash Floods,Africa,2025,Hydrological (Climate),Climate-Driven
South Sudan,Floods,Africa,2025,Hydrological (Climate),Climate-Driven
Sudan,Floods,Africa,2025,Hydrological (Climate),Climate-Driven
Honduras,Floods,North America,2025,Hydrological (Climate),Climate-Driven
Panama,River Pollution,North America,2025,Technological (Non-Climate),Non-Climate
Côte d'Ivoire,Cholera Outbreak,Africa,2025,Biological (Non-Climate),Non-Climate
Ghana,Cholera Outbreak,Africa,2024,Biological (Non-Climate),Non-Climate
Namibia,Drought,Africa,2024,Climatological (Climate),Climate-Driven
Niger,Diphtheria Outbreak,Africa,2023,Biological (Non-Climate),Non-Climate
Nigeria,Lassa Fever Outbreak,Africa,2023,Biological (Non-Climate),Non-Climate
Burundi,Cholera Outbreak,Africa,2023,Biological (Non-Climate),Non-Climate
Sri Lanka,Floods and Landslides,Asia,2015,Hydrological (Climate),Climate-Driven
Chile,Earthquake,South America,2015,Geophysical (Non-Climate),Non-Climate
Iraq,Cholera Outbreak,Asia,2015,Biological (Non-Climate),Non-Climate
Sierra Leone,Floods,Africa,2015,Hydrological (Climate),Climate-Driven
Nigeria,Floods,Africa,2015,Hydrological (Climate),Climate-Driven
Niger,Floods,Africa,2015,Hydrological (Climate),Climate-Driven
Peru,Cold Wave,South America,2015,Meteorological (Climate),Climate-Driven
Papua New Guinea,Drought and Frost,Oceania,2015,Climatological (Climate),Climate-Driven
Burkina Faso,Floods,Africa,2015,Hydrological (Climate),Climate-Driven
Argentina,Floods,South America,2015,Hydrological (Climate),Climate-Driven
FYR Macedonia,Flash Floods and Mudslides,Europe,2015,Hydrological (Climate),Climate-Driven
DPR Korea,Floods,Asia,2015,Hydrological (Climate),Climate-Driven
Guinea,Floods and Landslides,Africa,2015,Hydrological (Climate),Climate-Driven
Brazil,Floods,South America,2015,Hydrological (Climate),Climate-Driven
Iran,Flash Floods,Asia,2015,Hydrological (Climate),Climate-Driven
Indonesia,Earthquake,Asia,2026,Geophysical (Non-Climate),Non-Climate
Colombia,Earthquake,South America,2026,Geophysical (Non-Climate),Non-Climate
Myanmar,Floods,Asia,2026,Hydrological (Climate),Climate-Driven
Afghanistan,Flash Floods,Asia,2026,Hydrological (Climate),Climate-Driven
India,Flash Floods,Asia,2026,Hydrological (Climate),Climate-Driven
Kyrgyzstan,Flash Floods,Asia,2026,Hydrological (Climate),Climate-Driven
Tajikistan,Floods,Asia,2026,Hydrological (Climate),Climate-Driven
Bangladesh,Flash Floods,Asia,2026,Hydrological (Climate),Climate-Driven
Georgia,Floods,Asia,2026,Hydrological (Climate),Climate-Driven
Central African Republic,Cholera Outbreak,Africa,2026,Biological (Non-Climate),Non-Climate
Venezuela,Earthquakes,South America,2026,Geophysical (Non-Climate),Non-Climate
Chad,Cholera Outbreak,Africa,2026,Biological (Non-Climate),Non-Climate
Philippines,Earthquake and Tsunami,Asia,2026,Geophysical (Non-Climate),Non-Climate
Armenia,Hailstorm,Asia,2026,Meteorological (Climate),Climate-Driven
Syria,Floods,Asia,2026,Hydrological (Climate),Climate-Driven
Central/Eastern Africa,Ebola Outbreak,Africa,2026,Biological (Non-Climate),Non-Climate
Sri Lanka,Dengue Outbreak,Asia,2026,Biological (Non-Climate),Non-Climate
Dominican Republic,Floods,North America,2026,Hydrological (Climate),Climate-Driven
Yemen,Floods,Asia,2026,Hydrological (Climate),Climate-Driven
Tanzania,Floods and Landslides,Africa,2026,Hydrological (Climate),Climate-Driven
Liberia,Windstorms,Africa,2026,Meteorological (Climate),Climate-Driven
Botswana,Floods,Africa,2026,Hydrological (Climate),Climate-Driven
Ethiopia,Floods and Landslides,Africa,2026,Hydrological (Climate),Climate-Driven
Kenya,Floods,Africa,2026,Hydrological (Climate),Climate-Driven
Suriname,Chikungunya Virus Outbreak,South America,2026,Biological (Non-Climate),Non-Climate
Brazil,Floods,South America,2026,Hydrological (Climate),Climate-Driven
Peru,Floods and Landslides,South America,2026,Hydrological (Climate),Climate-Driven
Angola,Floods,Africa,2026,Hydrological (Climate),Climate-Driven
Zambia,Cholera Outbreak,Africa,2026,Biological (Non-Climate),Non-Climate
Cameroon,Fires,Africa,2026,Technological (Non-Climate),Non-Climate
Somalia,Dengue Outbreak,Africa,2026,Biological (Non-Climate),Non-Climate
Rwanda,Flash Floods,Africa,2026,Hydrological (Climate),Climate-Driven
Algeria,Floods,Africa,2026,Hydrological (Climate),Climate-Driven
Argentina,Landslides,South America,2026,Hydrological (Climate),Climate-Driven
South Africa,Floods,Africa,2026,Hydrological (Climate),Climate-Driven
North Macedonia,Floods,Europe,2026,Hydrological (Climate),Climate-Driven
Malawi,Floods,Africa,2026,Hydrological (Climate),Climate-Driven
Serbia,Cold Wave,Europe,2026,Meteorological (Climate),Climate-Driven
Guatemala,Measles Outbreak,North America,2026,Biological (Non-Climate),Non-Climate
Ecuador,Floods,South America,2026,Hydrological (Climate),Climate-Driven
Zimbabwe,Floods,Africa,2026,Hydrological (Climate),Climate-Driven
Mozambique,Floods,Africa,2025,Hydrological (Climate),Climate-Driven
Chile,Wild Fires,South America,2025,Climatological (Climate),Climate-Driven
Gabon,Windstorms,Africa,2025,Meteorological (Climate),Climate-Driven
Morocco,Floods,Africa,2025,Hydrological (Climate),Climate-Driven
Bolivia,Floods,South America,2025,Hydrological (Climate),Climate-Driven
Congo,Floods,Africa,2025,Hydrological (Climate),Climate-Driven
Cuba,Arboviral Outbreak,North America,2025,Biological (Non-Climate),Non-Climate
Egypt,Floods,Africa,2025,Hydrological (Climate),Climate-Driven
Cabo Verde,Flash Floods,Africa,2025,Hydrological (Climate),Climate-Driven
South Sudan,Floods,Africa,2025,Hydrological (Climate),Climate-Driven
Sudan,Floods,Africa,2025,Hydrological (Climate),Climate-Driven
Honduras,Floods,North America,2025,Hydrological (Climate),Climate-Driven
Panama,River Pollution,North America,2025,Technological (Non-Climate),Non-Climate
Côte d'Ivoire,Cholera Outbreak,Africa,2025,Biological (Non-Climate),Non-Climate
Ghana,Cholera Outbreak,Africa,2024,Biological (Non-Climate),Non-Climate
Namibia,Drought,Africa,2024,Climatological (Climate),Climate-Driven
Niger,Diphtheria Outbreak,Africa,2023,Biological (Non-Climate),Non-Climate
Nigeria,Lassa Fever Outbreak,Africa,2023,Biological (Non-Climate),Non-Climate
Burundi,Cholera Outbreak,Africa,2023,Biological (Non-Climate),Non-Climate
Guyana,Floods,South America,2015,Hydrological (Climate),Climate-Driven
Myanmar,Floods and Landslides,Asia,2015,Hydrological (Climate),Climate-Driven
Venezuela,Floods,South America,2015,Hydrological (Climate),Climate-Driven
Philippines,Floods and Landslides,Asia,2015,Hydrological (Climate),Climate-Driven
Costa Rica,Floods,North America,2015,Hydrological (Climate),Climate-Driven
South Sudan,Cholera Outbreak,Africa,2015,Biological (Non-Climate),Non-Climate
Georgia,Floods,Asia,2015,Hydrological (Climate),Climate-Driven
Yemen,Dengue Outbreak,Asia,2015,Biological (Non-Climate),Non-Climate
Bangladesh,Floods and Landslides,Asia,2015,Hydrological (Climate),Climate-Driven
India,Floods and Landslides,Asia,2015,Hydrological (Climate),Climate-Driven
Pakistan,Floods,Asia,2015,Hydrological (Climate),Climate-Driven
Ghana,Floods,Africa,2015,Hydrological (Climate),Climate-Driven
DPR Korea,Drought,Asia,2015,Climatological (Climate),Climate-Driven
Burundi/Tanzania,Cholera Outbreak,Africa,2015,Biological (Non-Climate),Non-Climate
Latin America,Storm Surge,South America,2015,Meteorological (Climate),Climate-Driven
Tajikistan,Floods and Mudslides,Asia,2015,Hydrological (Climate),Climate-Driven
Indonesia,Earthquake,Asia,2026,Geophysical (Non-Climate),Non-Climate
Colombia,Earthquake,South America,2026,Geophysical (Non-Climate),Non-Climate
Myanmar,Floods,Asia,2026,Hydrological (Climate),Climate-Driven
Afghanistan,Flash Floods,Asia,2026,Hydrological (Climate),Climate-Driven
India,Flash Floods,Asia,2026,Hydrological (Climate),Climate-Driven
Kyrgyzstan,Flash Floods,Asia,2026,Hydrological (Climate),Climate-Driven
Tajikistan,Floods,Asia,2026,Hydrological (Climate),Climate-Driven
Bangladesh,Flash Floods,Asia,2026,Hydrological (Climate),Climate-Driven
Georgia,Floods,Asia,2026,Hydrological (Climate),Climate-Driven
Central African Republic,Cholera Outbreak,Africa,2026,Biological (Non-Climate),Non-Climate
Venezuela,Earthquakes,South America,2026,Geophysical (Non-Climate),Non-Climate
Chad,Cholera Outbreak,Africa,2026,Biological (Non-Climate),Non-Climate
Philippines,Earthquake and Tsunami,Asia,2026,Geophysical (Non-Climate),Non-Climate
Armenia,Hailstorm,Asia,2026,Meteorological (Climate),Climate-Driven
Syria,Floods,Asia,2026,Hydrological (Climate),Climate-Driven
Central/Eastern Africa,Ebola Outbreak,Africa,2026,Biological (Non-Climate),Non-Climate
Sri Lanka,Dengue Outbreak,Asia,2026,Biological (Non-Climate),Non-Climate
Dominican Republic,Floods,North America,2026,Hydrological (Climate),Climate-Driven
Yemen,Floods,Asia,2026,Hydrological (Climate),Climate-Driven
Tanzania,Floods and Landslides,Africa,2026,Hydrological (Climate),Climate-Driven
Liberia,Windstorms,Africa,2026,Meteorological (Climate),Climate-Driven
Botswana,Floods,Africa,2026,Hydrological (Climate),Climate-Driven
Ethiopia,Floods and Landslides,Africa,2026,Hydrological (Climate),Climate-Driven
Kenya,Floods,Africa,2026,Hydrological (Climate),Climate-Driven
Suriname,Chikungunya Virus Outbreak,South America,2026,Biological (Non-Climate),Non-Climate
Brazil,Floods,South America,2026,Hydrological (Climate),Climate-Driven
Peru,Floods and Landslides,South America,2026,Hydrological (Climate),Climate-Driven
Angola,Floods,Africa,2026,Hydrological (Climate),Climate-Driven
Zambia,Cholera Outbreak,Africa,2026,Biological (Non-Climate),Non-Climate
Cameroon,Fires,Africa,2026,Technological (Non-Climate),Non-Climate
Somalia,Dengue Outbreak,Africa,2026,Biological (Non-Climate),Non-Climate
Rwanda,Flash Floods,Africa,2026,Hydrological (Climate),Climate-Driven
Algeria,Floods,Africa,2026,Hydrological (Climate),Climate-Driven
Argentina,Landslides,South America,2026,Hydrological (Climate),Climate-Driven
South Africa,Floods,Africa,2026,Hydrological (Climate),Climate-Driven
North Macedonia,Floods,Europe,2026,Hydrological (Climate),Climate-Driven
Malawi,Floods,Africa,2026,Hydrological (Climate),Climate-Driven
Serbia,Cold Wave,Europe,2026,Meteorological (Climate),Climate-Driven
Guatemala,Measles Outbreak,North America,2026,Biological (Non-Climate),Non-Climate
Ecuador,Floods,South America,2026,Hydrological (Climate),Climate-Driven
Zimbabwe,Floods,Africa,2026,Hydrological (Climate),Climate-Driven
Mozambique,Floods,Africa,2025,Hydrological (Climate),Climate-Driven
Chile,Wild Fires,South America,2025,Climatological (Climate),Climate-Driven
Gabon,Windstorms,Africa,2025,Meteorological (Climate),Climate-Driven
Morocco,Floods,Africa,2025,Hydrological (Climate),Climate-Driven
Bolivia,Floods,South America,2025,Hydrological (Climate),Climate-Driven
Congo,Floods,Africa,2025,Hydrological (Climate),Climate-Driven
Cuba,Arboviral Outbreak,North America,2025,Biological (Non-Climate),Non-Climate
Egypt,Floods,Africa,2025,Hydrological (Climate),Climate-Driven
Cabo Verde,Flash Floods,Africa,2025,Hydrological (Climate),Climate-Driven
South Sudan,Floods,Africa,2025,Hydrological (Climate),Climate-Driven
Sudan,Floods,Africa,2025,Hydrological (Climate),Climate-Driven
Honduras,Floods,North America,2025,Hydrological (Climate),Climate-Driven
Panama,River Pollution,North America,2025,Technological (Non-Climate),Non-Climate
Côte d'Ivoire,Cholera Outbreak,Africa,2025,Biological (Non-Climate),Non-Climate
Ghana,Cholera Outbreak,Africa,2024,Biological (Non-Climate),Non-Climate
Namibia,Drought,Africa,2024,Climatological (Climate),Climate-Driven
Niger,Diphtheria Outbreak,Africa,2023,Biological (Non-Climate),Non-Climate
Nigeria,Lassa Fever Outbreak,Africa,2023,Biological (Non-Climate),Non-Climate
Burundi,Cholera Outbreak,Africa,2023,Biological (Non-Climate),Non-Climate
Central African Republic,Floods,Africa,2015,Hydrological (Climate),Climate-Driven
Colombia,Floods and Landslides,South America,2015,Hydrological (Climate),Climate-Driven
Nepal,Earthquakes,Asia,2015,Geophysical (Non-Climate),Non-Climate
Russian Federation,Forest Fires,Europe,2015,Climatological (Climate),Climate-Driven
Rwanda,Floods and Landslides,Africa,2015,Hydrological (Climate),Climate-Driven
Kazakhstan,Flash Floods,Asia,2015,Hydrological (Climate),Climate-Driven
Somalia,Floods,Africa,2015,Hydrological (Climate),Climate-Driven
Haiti,Floods,North America,2015,Hydrological (Climate),Climate-Driven
Paraguay,Floods,South America,2015,Hydrological (Climate),Climate-Driven
Niger,Meningitis and Measles Outbreaks,Africa,2015,Biological (Non-Climate),Non-Climate
Burundi,Landslides and Floods,Africa,2015,Hydrological (Climate),Climate-Driven
Chile,Floods,South America,2015,Hydrological (Climate),Climate-Driven
Argentina,Floods,South America,2015,Hydrological (Climate),Climate-Driven
Sudan/South Sudan,Measles Outbreak,Africa,2015,Biological (Non-Climate),Non-Climate
Papua New Guinea,Floods,Oceania,2015,Hydrological (Climate),Climate-Driven
Tanzania,Hail Storms,Africa,2015,Meteorological (Climate),Climate-Driven
Afghanistan,"Avalanches, Floods and Landslides",Asia,2015,Hydrological (Climate),Climate-Driven
Mozambique/Malawi,Cholera Outbreak,Africa,2015,Biological (Non-Climate),Non-Climate
Indonesia,Earthquake,Asia,2026,Geophysical (Non-Climate),Non-Climate
Colombia,Earthquake,South America,2026,Geophysical (Non-Climate),Non-Climate
Myanmar,Floods,Asia,2026,Hydrological (Climate),Climate-Driven
Afghanistan,Flash Floods,Asia,2026,Hydrological (Climate),Climate-Driven
India,Flash Floods,Asia,2026,Hydrological (Climate),Climate-Driven
Kyrgyzstan,Flash Floods,Asia,2026,Hydrological (Climate),Climate-Driven
Tajikistan,Floods,Asia,2026,Hydrological (Climate),Climate-Driven
Bangladesh,Flash Floods,Asia,2026,Hydrological (Climate),Climate-Driven
Georgia,Floods,Asia,2026,Hydrological (Climate),Climate-Driven
Central African Republic,Cholera Outbreak,Africa,2026,Biological (Non-Climate),Non-Climate
Venezuela,Earthquakes,South America,2026,Geophysical (Non-Climate),Non-Climate
Chad,Cholera Outbreak,Africa,2026,Biological (Non-Climate),Non-Climate
Philippines,Earthquake and Tsunami,Asia,2026,Geophysical (Non-Climate),Non-Climate
Armenia,Hailstorm,Asia,2026,Meteorological (Climate),Climate-Driven
Syria,Floods,Asia,2026,Hydrological (Climate),Climate-Driven
Central/Eastern Africa,Ebola Outbreak,Africa,2026,Biological (Non-Climate),Non-Climate
Sri Lanka,Dengue Outbreak,Asia,2026,Biological (Non-Climate),Non-Climate
Dominican Republic,Floods,North America,2026,Hydrological (Climate),Climate-Driven
Yemen,Floods,Asia,2026,Hydrological (Climate),Climate-Driven
Tanzania,Floods and Landslides,Africa,2026,Hydrological (Climate),Climate-Driven
Liberia,Windstorms,Africa,2026,Meteorological (Climate),Climate-Driven
Botswana,Floods,Africa,2026,Hydrological (Climate),Climate-Driven
Ethiopia,Floods and Landslides,Africa,2026,Hydrological (Climate),Climate-Driven
Kenya,Floods,Africa,2026,Hydrological (Climate),Climate-Driven
Suriname,Chikungunya Virus Outbreak,South America,2026,Biological (Non-Climate),Non-Climate
Brazil,Floods,South America,2026,Hydrological (Climate),Climate-Driven
Peru,Floods and Landslides,South America,2026,Hydrological (Climate),Climate-Driven
Angola,Floods,Africa,2026,Hydrological (Climate),Climate-Driven
Zambia,Cholera Outbreak,Africa,2026,Biological (Non-Climate),Non-Climate
Cameroon,Fires,Africa,2026,Technological (Non-Climate),Non-Climate
Somalia,Dengue Outbreak,Africa,2026,Biological (Non-Climate),Non-Climate
Rwanda,Flash Floods,Africa,2026,Hydrological (Climate),Climate-Driven
Algeria,Floods,Africa,2026,Hydrological (Climate),Climate-Driven
Argentina,Landslides,South America,2026,Hydrological (Climate),Climate-Driven
South Africa,Floods,Africa,2026,Hydrological (Climate),Climate-Driven
North Macedonia,Floods,Europe,2026,Hydrological (Climate),Climate-Driven
Malawi,Floods,Africa,2026,Hydrological (Climate),Climate-Driven
Serbia,Cold Wave,Europe,2026,Meteorological (Climate),Climate-Driven
Guatemala,Measles Outbreak,North America,2026,Biological (Non-Climate),Non-Climate
Ecuador,Floods,South America,2026,Hydrological (Climate),Climate-Driven
Zimbabwe,Floods,Africa,2026,Hydrological (Climate),Climate-Driven
Mozambique,Floods,Africa,2025,Hydrological (Climate),Climate-Driven
Chile,Wild Fires,South America,2025,Climatological (Climate),Climate-Driven
Gabon,Windstorms,Africa,2025,Meteorological (Climate),Climate-Driven
Morocco,Floods,Africa,2025,Hydrological (Climate),Climate-Driven
Bolivia,Floods,South America,2025,Hydrological (Climate),Climate-Driven
Congo,Floods,Africa,2025,Hydrological (Climate),Climate-Driven
Cuba,Arboviral Outbreak,North America,2025,Biological (Non-Climate),Non-Climate
Egypt,Floods,Africa,2025,Hydrological (Climate),Climate-Driven
Cabo Verde,Flash Floods,Africa,2025,Hydrological (Climate),Climate-Driven
South Sudan,Floods,Africa,2025,Hydrological (Climate),Climate-Driven
Sudan,Floods,Africa,2025,Hydrological (Climate),Climate-Driven
Honduras,Floods,North America,2025,Hydrological (Climate),Climate-Driven
Panama,River Pollution,North America,2025,Technological (Non-Climate),Non-Climate
Côte d'Ivoire,Cholera Outbreak,Africa,2025,Biological (Non-Climate),Non-Climate
Ghana,Cholera Outbreak,Africa,2024,Biological (Non-Climate),Non-Climate
Namibia,Drought,Africa,2024,Climatological (Climate),Climate-Driven
Niger,Diphtheria Outbreak,Africa,2023,Biological (Non-Climate),Non-Climate
Nigeria,Lassa Fever Outbreak,Africa,2023,Biological (Non-Climate),Non-Climate
Burundi,Cholera Outbreak,Africa,2023,Biological (Non-Climate),Non-Climate
Kenya,Cholera Outbreak,Africa,2015,Biological (Non-Climate),Non-Climate
South-Eastern Europe,Floods,Europe,2015,Hydrological (Climate),Climate-Driven
Peru,Floods and Landslides,South America,2015,Hydrological (Climate),Climate-Driven
Bolivia,Floods,South America,2015,Hydrological (Climate),Climate-Driven
Southern Africa,Floods,Africa,2015,Hydrological (Climate),Climate-Driven
Middle East,Cold Wave,Asia,2015,Meteorological (Climate),Climate-Driven
FYR Macedonia,Cold Wave,Europe,2014,Meteorological (Climate),Climate-Driven
Malaysia,Floods and Landslides,Asia,2014,Hydrological (Climate),Climate-Driven
Sri Lanka,Floods and Landslides,Asia,2014,Hydrological (Climate),Climate-Driven
Maldives,Water Crisis,Asia,2014,Climatological (Climate),Climate-Driven
Morocco,Flash Floods,Africa,2014,Hydrological (Climate),Climate-Driven
Cabo Verde,Fogo Volcano,Africa,2014,Geophysical (Non-Climate),Non-Climate
Haiti,Floods,North America,2014,Hydrological (Climate),Climate-Driven
Indonesia,Floods and Landslides,Asia,2014,Hydrological (Climate),Climate-Driven
Colombia,Floods,South America,2014,Hydrological (Climate),Climate-Driven
Niger,Cholera Outbreak,Africa,2014,Biological (Non-Climate),Non-Climate
Somalia,Floods,Africa,2014,Hydrological (Climate),Climate-Driven
Indonesia,Earthquake,Asia,2026,Geophysical (Non-Climate),Non-Climate
Colombia,Earthquake,South America,2026,Geophysical (Non-Climate),Non-Climate
Myanmar,Floods,Asia,2026,Hydrological (Climate),Climate-Driven
Afghanistan,Flash Floods,Asia,2026,Hydrological (Climate),Climate-Driven
India,Flash Floods,Asia,2026,Hydrological (Climate),Climate-Driven
Kyrgyzstan,Flash Floods,Asia,2026,Hydrological (Climate),Climate-Driven
Tajikistan,Floods,Asia,2026,Hydrological (Climate),Climate-Driven
Bangladesh,Flash Floods,Asia,2026,Hydrological (Climate),Climate-Driven
Georgia,Floods,Asia,2026,Hydrological (Climate),Climate-Driven
Central African Republic,Cholera Outbreak,Africa,2026,Biological (Non-Climate),Non-Climate
Venezuela,Earthquakes,South America,2026,Geophysical (Non-Climate),Non-Climate
Chad,Cholera Outbreak,Africa,2026,Biological (Non-Climate),Non-Climate
Philippines,Earthquake and Tsunami,Asia,2026,Geophysical (Non-Climate),Non-Climate
Armenia,Hailstorm,Asia,2026,Meteorological (Climate),Climate-Driven
Syria,Floods,Asia,2026,Hydrological (Climate),Climate-Driven
Central/Eastern Africa,Ebola Outbreak,Africa,2026,Biological (Non-Climate),Non-Climate
Sri Lanka,Dengue Outbreak,Asia,2026,Biological (Non-Climate),Non-Climate
Dominican Republic,Floods,North America,2026,Hydrological (Climate),Climate-Driven
Yemen,Floods,Asia,2026,Hydrological (Climate),Climate-Driven
Tanzania,Floods and Landslides,Africa,2026,Hydrological (Climate),Climate-Driven
Liberia,Windstorms,Africa,2026,Meteorological (Climate),Climate-Driven
Botswana,Floods,Africa,2026,Hydrological (Climate),Climate-Driven
Ethiopia,Floods and Landslides,Africa,2026,Hydrological (Climate),Climate-Driven
Kenya,Floods,Africa,2026,Hydrological (Climate),Climate-Driven
Suriname,Chikungunya Virus Outbreak,South America,2026,Biological (Non-Climate),Non-Climate
Brazil,Floods,South America,2026,Hydrological (Climate),Climate-Driven
Peru,Floods and Landslides,South America,2026,Hydrological (Climate),Climate-Driven
Angola,Floods,Africa,2026,Hydrological (Climate),Climate-Driven
Zambia,Cholera Outbreak,Africa,2026,Biological (Non-Climate),Non-Climate
Cameroon,Fires,Africa,2026,Technological (Non-Climate),Non-Climate
Somalia,Dengue Outbreak,Africa,2026,Biological (Non-Climate),Non-Climate
Rwanda,Flash Floods,Africa,2026,Hydrological (Climate),Climate-Driven
Algeria,Floods,Africa,2026,Hydrological (Climate),Climate-Driven
Argentina,Landslides,South America,2026,Hydrological (Climate),Climate-Driven
South Africa,Floods,Africa,2026,Hydrological (Climate),Climate-Driven
North Macedonia,Floods,Europe,2026,Hydrological (Climate),Climate-Driven
Malawi,Floods,Africa,2026,Hydrological (Climate),Climate-Driven
Serbia,Cold Wave,Europe,2026,Meteorological (Climate),Climate-Driven
Guatemala,Measles Outbreak,North America,2026,Biological (Non-Climate),Non-Climate
Ecuador,Floods,South America,2026,Hydrological (Climate),Climate-Driven
Zimbabwe,Floods,Africa,2026,Hydrological (Climate),Climate-Driven
Mozambique,Floods,Africa,2025,Hydrological (Climate),Climate-Driven
Chile,Wild Fires,South America,2025,Climatological (Climate),Climate-Driven
Gabon,Windstorms,Africa,2025,Meteorological (Climate),Climate-Driven
Morocco,Floods,Africa,2025,Hydrological (Climate),Climate-Driven
Bolivia,Floods,South America,2025,Hydrological (Climate),Climate-Driven
Congo,Floods,Africa,2025,Hydrological (Climate),Climate-Driven
Cuba,Arboviral Outbreak,North America,2025,Biological (Non-Climate),Non-Climate
Egypt,Floods,Africa,2025,Hydrological (Climate),Climate-Driven
Cabo Verde,Flash Floods,Africa,2025,Hydrological (Climate),Climate-Driven
South Sudan,Floods,Africa,2025,Hydrological (Climate),Climate-Driven
Sudan,Floods,Africa,2025,Hydrological (Climate),Climate-Driven
Honduras,Floods,North America,2025,Hydrological (Climate),Climate-Driven
Panama,River Pollution,North America,2025,Technological (Non-Climate),Non-Climate
Côte d'Ivoire,Cholera Outbreak,Africa,2025,Biological (Non-Climate),Non-Climate
Ghana,Cholera Outbreak,Africa,2024,Biological (Non-Climate),Non-Climate
Namibia,Drought,Africa,2024,Climatological (Climate),Climate-Driven
Niger,Diphtheria Outbreak,Africa,2023,Biological (Non-Climate),Non-Climate
Nigeria,Lassa Fever Outbreak,Africa,2023,Biological (Non-Climate),Non-Climate
Burundi,Cholera Outbreak,Africa,2023,Biological (Non-Climate),Non-Climate
Ethiopia,Floods,Africa,2014,Hydrological (Climate),Climate-Driven
Cameroon,Floods,Africa,2014,Hydrological (Climate),Climate-Driven
Pakistan,Floods,Asia,2014,Hydrological (Climate),Climate-Driven
India,Floods and Landslides,Asia,2014,Hydrological (Climate),Climate-Driven
Solomon Islands,Measles Outbreak,Oceania,2014,Biological (Non-Climate),Non-Climate
Bangladesh,Floods,Asia,2014,Hydrological (Climate),Climate-Driven
DR Congo,Ebola Outbreak,Africa,2014,Biological (Non-Climate),Non-Climate
Ghana,Cholera Outbreak,Africa,2014,Biological (Non-Climate),Non-Climate
Niger,Floods,Africa,2014,Hydrological (Climate),Climate-Driven
Sri Lanka,Drought,Asia,2014,Climatological (Climate),Climate-Driven
China,Earthquake in Ludian county (Yunnan),Asia,2014,Geophysical (Non-Climate),Non-Climate
Nepal,Landslides and Floods,Asia,2014,Hydrological (Climate),Climate-Driven
South Sudan,Floods,Africa,2014,Hydrological (Climate),Climate-Driven
Myanmar,Floods,Asia,2014,Hydrological (Climate),Climate-Driven
Cameroon,Cholera Outbreak,Africa,2014,Biological (Non-Climate),Non-Climate
Indonesia,Earthquake,Asia,2026,Geophysical (Non-Climate),Non-Climate
Colombia,Earthquake,South America,2026,Geophysical (Non-Climate),Non-Climate
Myanmar,Floods,Asia,2026,Hydrological (Climate),Climate-Driven
Afghanistan,Flash Floods,Asia,2026,Hydrological (Climate),Climate-Driven
India,Flash Floods,Asia,2026,Hydrological (Climate),Climate-Driven
Kyrgyzstan,Flash Floods,Asia,2026,Hydrological (Climate),Climate-Driven
Tajikistan,Floods,Asia,2026,Hydrological (Climate),Climate-Driven
Bangladesh,Flash Floods,Asia,2026,Hydrological (Climate),Climate-Driven
Georgia,Floods,Asia,2026,Hydrological (Climate),Climate-Driven
Central African Republic,Cholera Outbreak,Africa,2026,Biological (Non-Climate),Non-Climate
Venezuela,Earthquakes,South America,2026,Geophysical (Non-Climate),Non-Climate
Chad,Cholera Outbreak,Africa,2026,Biological (Non-Climate),Non-Climate
Philippines,Earthquake and Tsunami,Asia,2026,Geophysical (Non-Climate),Non-Climate
Armenia,Hailstorm,Asia,2026,Meteorological (Climate),Climate-Driven
Syria,Floods,Asia,2026,Hydrological (Climate),Climate-Driven
Central/Eastern Africa,Ebola Outbreak,Africa,2026,Biological (Non-Climate),Non-Climate
Sri Lanka,Dengue Outbreak,Asia,2026,Biological (Non-Climate),Non-Climate
Dominican Republic,Floods,North America,2026,Hydrological (Climate),Climate-Driven
Yemen,Floods,Asia,2026,Hydrological (Climate),Climate-Driven
Tanzania,Floods and Landslides,Africa,2026,Hydrological (Climate),Climate-Driven
Liberia,Windstorms,Africa,2026,Meteorological (Climate),Climate-Driven
Botswana,Floods,Africa,2026,Hydrological (Climate),Climate-Driven
Ethiopia,Floods and Landslides,Africa,2026,Hydrological (Climate),Climate-Driven
Kenya,Floods,Africa,2026,Hydrological (Climate),Climate-Driven
Suriname,Chikungunya Virus Outbreak,South America,2026,Biological (Non-Climate),Non-Climate
Brazil,Floods,South America,2026,Hydrological (Climate),Climate-Driven
Peru,Floods and Landslides,South America,2026,Hydrological (Climate),Climate-Driven
Angola,Floods,Africa,2026,Hydrological (Climate),Climate-Driven
Zambia,Cholera Outbreak,Africa,2026,Biological (Non-Climate),Non-Climate
Cameroon,Fires,Africa,2026,Technological (Non-Climate),Non-Climate
Somalia,Dengue Outbreak,Africa,2026,Biological (Non-Climate),Non-Climate
Rwanda,Flash Floods,Africa,2026,Hydrological (Climate),Climate-Driven
Algeria,Floods,Africa,2026,Hydrological (Climate),Climate-Driven
Argentina,Landslides,South America,2026,Hydrological (Climate),Climate-Driven
South Africa,Floods,Africa,2026,Hydrological (Climate),Climate-Driven
North Macedonia,Floods,Europe,2026,Hydrological (Climate),Climate-Driven
Malawi,Floods,Africa,2026,Hydrological (Climate),Climate-Driven
Serbia,Cold Wave,Europe,2026,Meteorological (Climate),Climate-Driven
Guatemala,Measles Outbreak,North America,2026,Biological (Non-Climate),Non-Climate
Ecuador,Floods,South America,2026,Hydrological (Climate),Climate-Driven
Zimbabwe,Floods,Africa,2026,Hydrological (Climate),Climate-Driven
Mozambique,Floods,Africa,2025,Hydrological (Climate),Climate-Driven
Chile,Wild Fires,South America,2025,Climatological (Climate),Climate-Driven
Gabon,Windstorms,Africa,2025,Meteorological (Climate),Climate-Driven
Morocco,Floods,Africa,2025,Hydrological (Climate),Climate-Driven
Bolivia,Floods,South America,2025,Hydrological (Climate),Climate-Driven
Congo,Floods,Africa,2025,Hydrological (Climate),Climate-Driven
Cuba,Arboviral Outbreak,North America,2025,Biological (Non-Climate),Non-Climate
Egypt,Floods,Africa,2025,Hydrological (Climate),Climate-Driven
Cabo Verde,Flash Floods,Africa,2025,Hydrological (Climate),Climate-Driven
South Sudan,Floods,Africa,2025,Hydrological (Climate),Climate-Driven
Sudan,Floods,Africa,2025,Hydrological (Climate),Climate-Driven
Honduras,Floods,North America,2025,Hydrological (Climate),Climate-Driven
Panama,River Pollution,North America,2025,Technological (Non-Climate),Non-Climate
Côte d'Ivoire,Cholera Outbreak,Africa,2025,Biological (Non-Climate),Non-Climate
Ghana,Cholera Outbreak,Africa,2024,Biological (Non-Climate),Non-Climate
Namibia,Drought,Africa,2024,Climatological (Climate),Climate-Driven
Niger,Diphtheria Outbreak,Africa,2023,Biological (Non-Climate),Non-Climate
Nigeria,Lassa Fever Outbreak,Africa,2023,Biological (Non-Climate),Non-Climate
Burundi,Cholera Outbreak,Africa,2023,Biological (Non-Climate),Non-Climate
Mexico/Guatemala,Earthquake,North America,2014,Geophysical (Non-Climate),Non-Climate
Sudan,Floods,Africa,2014,Hydrological (Climate),Climate-Driven
El Salvador,Chikungunya and Dengue Outbreak,North America,2014,Biological (Non-Climate),Non-Climate
Haiti,Chikungunya Outbreak,North America,2014,Biological (Non-Climate),Non-Climate
Philippines,Floods and Landslides,Asia,2014,Hydrological (Climate),Climate-Driven
Sri Lanka,Floods and Landslides,Asia,2014,Hydrological (Climate),Climate-Driven
Somalia,Measles Outbreak,Africa,2014,Biological (Non-Climate),Non-Climate
Russian Federation,Floods,Europe,2014,Hydrological (Climate),Climate-Driven
Paraguay,Floods,South America,2014,Hydrological (Climate),Climate-Driven
Balkans,Floods,Europe,2014,Hydrological (Climate),Climate-Driven
South Sudan,Cholera Outbreak,Africa,2014,Biological (Non-Climate),Non-Climate
Afghanistan,Flash Floods and Landslides,Asia,2014,Hydrological (Climate),Climate-Driven
Tajikistan,Floods and Landslides,Asia,2014,Hydrological (Climate),Climate-Driven
Peru,Ubinas Volcano,South America,2014,Geophysical (Non-Climate),Non-Climate
Tanzania,Floods,Africa,2014,Hydrological (Climate),Climate-Driven
Chile,Wild Fire,South America,2014,Climatological (Climate),Climate-Driven
Kazakhstan,Flash Floods,Asia,2014,Hydrological (Climate),Climate-Driven
Nicaragua,Earthquake,North America,2014,Geophysical (Non-Climate),Non-Climate
Solomon Islands,Flash Floods,Oceania,2014,Hydrological (Climate),Climate-Driven
Indonesia,Earthquake,Asia,2026,Geophysical (Non-Climate),Non-Climate
Colombia,Earthquake,South America,2026,Geophysical (Non-Climate),Non-Climate
Myanmar,Floods,Asia,2026,Hydrological (Climate),Climate-Driven
Afghanistan,Flash Floods,Asia,2026,Hydrological (Climate),Climate-Driven
India,Flash Floods,Asia,2026,Hydrological (Climate),Climate-Driven
Kyrgyzstan,Flash Floods,Asia,2026,Hydrological (Climate),Climate-Driven
Tajikistan,Floods,Asia,2026,Hydrological (Climate),Climate-Driven
Bangladesh,Flash Floods,Asia,2026,Hydrological (Climate),Climate-Driven
Georgia,Floods,Asia,2026,Hydrological (Climate),Climate-Driven
Central African Republic,Cholera Outbreak,Africa,2026,Biological (Non-Climate),Non-Climate
Venezuela,Earthquakes,South America,2026,Geophysical (Non-Climate),Non-Climate
Chad,Cholera Outbreak,Africa,2026,Biological (Non-Climate),Non-Climate
Philippines,Earthquake and Tsunami,Asia,2026,Geophysical (Non-Climate),Non-Climate
Armenia,Hailstorm,Asia,2026,Meteorological (Climate),Climate-Driven
Syria,Floods,Asia,2026,Hydrological (Climate),Climate-Driven
Central/Eastern Africa,Ebola Outbreak,Africa,2026,Biological (Non-Climate),Non-Climate
Sri Lanka,Dengue Outbreak,Asia,2026,Biological (Non-Climate),Non-Climate
Dominican Republic,Floods,North America,2026,Hydrological (Climate),Climate-Driven
Yemen,Floods,Asia,2026,Hydrological (Climate),Climate-Driven
Tanzania,Floods and Landslides,Africa,2026,Hydrological (Climate),Climate-Driven
Liberia,Windstorms,Africa,2026,Meteorological (Climate),Climate-Driven
Botswana,Floods,Africa,2026,Hydrological (Climate),Climate-Driven
Ethiopia,Floods and Landslides,Africa,2026,Hydrological (Climate),Climate-Driven
Kenya,Floods,Africa,2026,Hydrological (Climate),Climate-Driven
Suriname,Chikungunya Virus Outbreak,South America,2026,Biological (Non-Climate),Non-Climate
Brazil,Floods,South America,2026,Hydrological (Climate),Climate-Driven
Peru,Floods and Landslides,South America,2026,Hydrological (Climate),Climate-Driven
Angola,Floods,Africa,2026,Hydrological (Climate),Climate-Driven
Zambia,Cholera Outbreak,Africa,2026,Biological (Non-Climate),Non-Climate
Cameroon,Fires,Africa,2026,Technological (Non-Climate),Non-Climate
Somalia,Dengue Outbreak,Africa,2026,Biological (Non-Climate),Non-Climate
Rwanda,Flash Floods,Africa,2026,Hydrological (Climate),Climate-Driven
Algeria,Floods,Africa,2026,Hydrological (Climate),Climate-Driven
Argentina,Landslides,South America,2026,Hydrological (Climate),Climate-Driven
South Africa,Floods,Africa,2026,Hydrological (Climate),Climate-Driven
North Macedonia,Floods,Europe,2026,Hydrological (Climate),Climate-Driven
Malawi,Floods,Africa,2026,Hydrological (Climate),Climate-Driven
Serbia,Cold Wave,Europe,2026,Meteorological (Climate),Climate-Driven
Guatemala,Measles Outbreak,North America,2026,Biological (Non-Climate),Non-Climate
Ecuador,Floods,South America,2026,Hydrological (Climate),Climate-Driven
Zimbabwe,Floods,Africa,2026,Hydrological (Climate),Climate-Driven
Mozambique,Floods,Africa,2025,Hydrological (Climate),Climate-Driven
Chile,Wild Fires,South America,2025,Climatological (Climate),Climate-Driven
Gabon,Windstorms,Africa,2025,Meteorological (Climate),Climate-Driven
Morocco,Floods,Africa,2025,Hydrological (Climate),Climate-Driven
Bolivia,Floods,South America,2025,Hydrological (Climate),Climate-Driven
Congo,Floods,Africa,2025,Hydrological (Climate),Climate-Driven
Cuba,Arboviral Outbreak,North America,2025,Biological (Non-Climate),Non-Climate
Egypt,Floods,Africa,2025,Hydrological (Climate),Climate-Driven
Cabo Verde,Flash Floods,Africa,2025,Hydrological (Climate),Climate-Driven
South Sudan,Floods,Africa,2025,Hydrological (Climate),Climate-Driven
Sudan,Floods,Africa,2025,Hydrological (Climate),Climate-Driven
Honduras,Floods,North America,2025,Hydrological (Climate),Climate-Driven
Panama,River Pollution,North America,2025,Technological (Non-Climate),Non-Climate
Côte d'Ivoire,Cholera Outbreak,Africa,2025,Biological (Non-Climate),Non-Climate
Ghana,Cholera Outbreak,Africa,2024,Biological (Non-Climate),Non-Climate
Namibia,Drought,Africa,2024,Climatological (Climate),Climate-Driven
Niger,Diphtheria Outbreak,Africa,2023,Biological (Non-Climate),Non-Climate
Nigeria,Lassa Fever Outbreak,Africa,2023,Biological (Non-Climate),Non-Climate
Burundi,Cholera Outbreak,Africa,2023,Biological (Non-Climate),Non-Climate
Chile,Earthquake,South America,2014,Geophysical (Non-Climate),Non-Climate
West Africa,Ebola Outbreak,Africa,2014,Biological (Non-Climate),Non-Climate
Fiji,Dengue Outbreak,Oceania,2014,Biological (Non-Climate),Non-Climate
South Africa,Floods,Africa,2014,Hydrological (Climate),Climate-Driven
Marshall Islands/Kiribati,King Tides,Oceania,2014,Hydrological (Climate),Climate-Driven
Namibia,Cholera Outbreak,Africa,2014,Biological (Non-Climate),Non-Climate
Indonesia,Mt. Kelud Volcano,Asia,2014,Geophysical (Non-Climate),Non-Climate
Burundi,Floods and Landslides,Africa,2014,Hydrological (Climate),Climate-Driven
Seychelles,Floods,Africa,2014,Hydrological (Climate),Climate-Driven
Zimbabwe,Flash Floods,Africa,2014,Hydrological (Climate),Climate-Driven
Guinea,Measles Outbreak,Africa,2014,Biological (Non-Climate),Non-Climate
Tanzania,Flash Floods,Africa,2014,Hydrological (Climate),Climate-Driven
Bolivia,Floods and Landslides,South America,2014,Hydrological (Climate),Climate-Driven
Timor-Leste,Dengue Outbreak,Asia,2014,Biological (Non-Climate),Non-Climate
Indonesia,Mt. Sinabung Volcano,Asia,2014,Geophysical (Non-Climate),Non-Climate
Indonesia,Earthquake,Asia,2026,Geophysical (Non-Climate),Non-Climate
Colombia,Earthquake,South America,2026,Geophysical (Non-Climate),Non-Climate
Myanmar,Floods,Asia,2026,Hydrological (Climate),Climate-Driven
Afghanistan,Flash Floods,Asia,2026,Hydrological (Climate),Climate-Driven
India,Flash Floods,Asia,2026,Hydrological (Climate),Climate-Driven
Kyrgyzstan,Flash Floods,Asia,2026,Hydrological (Climate),Climate-Driven
Tajikistan,Floods,Asia,2026,Hydrological (Climate),Climate-Driven
Bangladesh,Flash Floods,Asia,2026,Hydrological (Climate),Climate-Driven
Georgia,Floods,Asia,2026,Hydrological (Climate),Climate-Driven
Central African Republic,Cholera Outbreak,Africa,2026,Biological (Non-Climate),Non-Climate
Venezuela,Earthquakes,South America,2026,Geophysical (Non-Climate),Non-Climate
Chad,Cholera Outbreak,Africa,2026,Biological (Non-Climate),Non-Climate
Philippines,Earthquake and Tsunami,Asia,2026,Geophysical (Non-Climate),Non-Climate
Armenia,Hailstorm,Asia,2026,Meteorological (Climate),Climate-Driven
Syria,Floods,Asia,2026,Hydrological (Climate),Climate-Driven
Central/Eastern Africa,Ebola Outbreak,Africa,2026,Biological (Non-Climate),Non-Climate
Sri Lanka,Dengue Outbreak,Asia,2026,Biological (Non-Climate),Non-Climate
Dominican Republic,Floods,North America,2026,Hydrological (Climate),Climate-Driven
Yemen,Floods,Asia,2026,Hydrological (Climate),Climate-Driven
Tanzania,Floods and Landslides,Africa,2026,Hydrological (Climate),Climate-Driven
Liberia,Windstorms,Africa,2026,Meteorological (Climate),Climate-Driven
Botswana,Floods,Africa,2026,Hydrological (Climate),Climate-Driven
Ethiopia,Floods and Landslides,Africa,2026,Hydrological (Climate),Climate-Driven
Kenya,Floods,Africa,2026,Hydrological (Climate),Climate-Driven
Suriname,Chikungunya Virus Outbreak,South America,2026,Biological (Non-Climate),Non-Climate
Brazil,Floods,South America,2026,Hydrological (Climate),Climate-Driven
Peru,Floods and Landslides,South America,2026,Hydrological (Climate),Climate-Driven
Angola,Floods,Africa,2026,Hydrological (Climate),Climate-Driven
Zambia,Cholera Outbreak,Africa,2026,Biological (Non-Climate),Non-Climate
Cameroon,Fires,Africa,2026,Technological (Non-Climate),Non-Climate
Somalia,Dengue Outbreak,Africa,2026,Biological (Non-Climate),Non-Climate
Rwanda,Flash Floods,Africa,2026,Hydrological (Climate),Climate-Driven
Algeria,Floods,Africa,2026,Hydrological (Climate),Climate-Driven
Argentina,Landslides,South America,2026,Hydrological (Climate),Climate-Driven
South Africa,Floods,Africa,2026,Hydrological (Climate),Climate-Driven
North Macedonia,Floods,Europe,2026,Hydrological (Climate),Climate-Driven
Malawi,Floods,Africa,2026,Hydrological (Climate),Climate-Driven
Serbia,Cold Wave,Europe,2026,Meteorological (Climate),Climate-Driven
Guatemala,Measles Outbreak,North America,2026,Biological (Non-Climate),Non-Climate
Ecuador,Floods,South America,2026,Hydrological (Climate),Climate-Driven
Zimbabwe,Floods,Africa,2026,Hydrological (Climate),Climate-Driven
Mozambique,Floods,Africa,2025,Hydrological (Climate),Climate-Driven
Chile,Wild Fires,South America,2025,Climatological (Climate),Climate-Driven
Gabon,Windstorms,Africa,2025,Meteorological (Climate),Climate-Driven
Morocco,Floods,Africa,2025,Hydrological (Climate),Climate-Driven
Bolivia,Floods,South America,2025,Hydrological (Climate),Climate-Driven
Congo,Floods,Africa,2025,Hydrological (Climate),Climate-Driven
Cuba,Arboviral Outbreak,North America,2025,Biological (Non-Climate),Non-Climate
Egypt,Floods,Africa,2025,Hydrological (Climate),Climate-Driven
Cabo Verde,Flash Floods,Africa,2025,Hydrological (Climate),Climate-Driven
South Sudan,Floods,Africa,2025,Hydrological (Climate),Climate-Driven
Sudan,Floods,Africa,2025,Hydrological (Climate),Climate-Driven
Honduras,Floods,North America,2025,Hydrological (Climate),Climate-Driven
Panama,River Pollution,North America,2025,Technological (Non-Climate),Non-Climate
Côte d'Ivoire,Cholera Outbreak,Africa,2025,Biological (Non-Climate),Non-Climate
Ghana,Cholera Outbreak,Africa,2024,Biological (Non-Climate),Non-Climate
Namibia,Drought,Africa,2024,Climatological (Climate),Climate-Driven
Niger,Diphtheria Outbreak,Africa,2023,Biological (Non-Climate),Non-Climate
Nigeria,Lassa Fever Outbreak,Africa,2023,Biological (Non-Climate),Non-Climate
Burundi,Cholera Outbreak,Africa,2023,Biological (Non-Climate),Non-Climate
Philippines,Floods and Landslides,Asia,2014,Hydrological (Climate),Climate-Driven
Colombia,Earthquake and Floods,South America,2014,Geophysical (Non-Climate),Non-Climate
El Salvador,Chaparrastique Volcano,North America,2013,Geophysical (Non-Climate),Non-Climate
Eastern Caribbean,Floods and Landslides,North America,2013,Hydrological (Climate),Climate-Driven
Brazil,Floods and Landslides,South America,2013,Hydrological (Climate),Climate-Driven
occupied Palestinian territory,Cold Wave,Asia,2013,Meteorological (Climate),Climate-Driven
Indonesia,Floods and Landslides,Asia,2013,Hydrological (Climate),Climate-Driven
Iran,Earthquake,Asia,2013,Geophysical (Non-Climate),Non-Climate
Sudan,Yellow Fever Outbreak,Africa,2013,Biological (Non-Climate),Non-Climate
Nigeria,Cholera Outbreak,Africa,2013,Biological (Non-Climate),Non-Climate
Cameroon/Equatorial Guinea,Polio Outbreak,Africa,2013,Biological (Non-Climate),Non-Climate
Somalia,Floods,Africa,2013,Hydrological (Climate),Climate-Driven
Viet Nam,Floods,Asia,2013,Hydrological (Climate),Climate-Driven
Somalia,Tropical Cyclone,Africa,2013,Meteorological (Climate),Climate-Driven
Togo,Cholera Outbreak,Africa,2013,Biological (Non-Climate),Non-Climate
Syria/Iraq,Polio Outbreak,Asia,2013,Biological (Non-Climate),Non-Climate
Thailand,Floods,Asia,2013,Hydrological (Climate),Climate-Driven
Indonesia,Earthquake,Asia,2026,Geophysical (Non-Climate),Non-Climate
Colombia,Earthquake,South America,2026,Geophysical (Non-Climate),Non-Climate
Myanmar,Floods,Asia,2026,Hydrological (Climate),Climate-Driven
Afghanistan,Flash Floods,Asia,2026,Hydrological (Climate),Climate-Driven
India,Flash Floods,Asia,2026,Hydrological (Climate),Climate-Driven
Kyrgyzstan,Flash Floods,Asia,2026,Hydrological (Climate),Climate-Driven
Tajikistan,Floods,Asia,2026,Hydrological (Climate),Climate-Driven
Bangladesh,Flash Floods,Asia,2026,Hydrological (Climate),Climate-Driven
Georgia,Floods,Asia,2026,Hydrological (Climate),Climate-Driven
Central African Republic,Cholera Outbreak,Africa,2026,Biological (Non-Climate),Non-Climate
Venezuela,Earthquakes,South America,2026,Geophysical (Non-Climate),Non-Climate
Chad,Cholera Outbreak,Africa,2026,Biological (Non-Climate),Non-Climate
Philippines,Earthquake and Tsunami,Asia,2026,Geophysical (Non-Climate),Non-Climate
Armenia,Hailstorm,Asia,2026,Meteorological (Climate),Climate-Driven
Syria,Floods,Asia,2026,Hydrological (Climate),Climate-Driven
Central/Eastern Africa,Ebola Outbreak,Africa,2026,Biological (Non-Climate),Non-Climate
Sri Lanka,Dengue Outbreak,Asia,2026,Biological (Non-Climate),Non-Climate
Dominican Republic,Floods,North America,2026,Hydrological (Climate),Climate-Driven
Yemen,Floods,Asia,2026,Hydrological (Climate),Climate-Driven
Tanzania,Floods and Landslides,Africa,2026,Hydrological (Climate),Climate-Driven
Liberia,Windstorms,Africa,2026,Meteorological (Climate),Climate-Driven
Botswana,Floods,Africa,2026,Hydrological (Climate),Climate-Driven
Ethiopia,Floods and Landslides,Africa,2026,Hydrological (Climate),Climate-Driven
Kenya,Floods,Africa,2026,Hydrological (Climate),Climate-Driven
Suriname,Chikungunya Virus Outbreak,South America,2026,Biological (Non-Climate),Non-Climate
Brazil,Floods,South America,2026,Hydrological (Climate),Climate-Driven
Peru,Floods and Landslides,South America,2026,Hydrological (Climate),Climate-Driven
Angola,Floods,Africa,2026,Hydrological (Climate),Climate-Driven
Zambia,Cholera Outbreak,Africa,2026,Biological (Non-Climate),Non-Climate
Cameroon,Fires,Africa,2026,Technological (Non-Climate),Non-Climate
Somalia,Dengue Outbreak,Africa,2026,Biological (Non-Climate),Non-Climate
Rwanda,Flash Floods,Africa,2026,Hydrological (Climate),Climate-Driven
Algeria,Floods,Africa,2026,Hydrological (Climate),Climate-Driven
Argentina,Landslides,South America,2026,Hydrological (Climate),Climate-Driven
South Africa,Floods,Africa,2026,Hydrological (Climate),Climate-Driven
North Macedonia,Floods,Europe,2026,Hydrological (Climate),Climate-Driven
Malawi,Floods,Africa,2026,Hydrological (Climate),Climate-Driven
Serbia,Cold Wave,Europe,2026,Meteorological (Climate),Climate-Driven
Guatemala,Measles Outbreak,North America,2026,Biological (Non-Climate),Non-Climate
Ecuador,Floods,South America,2026,Hydrological (Climate),Climate-Driven
Zimbabwe,Floods,Africa,2026,Hydrological (Climate),Climate-Driven
Mozambique,Floods,Africa,2025,Hydrological (Climate),Climate-Driven
Chile,Wild Fires,South America,2025,Climatological (Climate),Climate-Driven
Gabon,Windstorms,Africa,2025,Meteorological (Climate),Climate-Driven
Morocco,Floods,Africa,2025,Hydrological (Climate),Climate-Driven
Bolivia,Floods,South America,2025,Hydrological (Climate),Climate-Driven
Congo,Floods,Africa,2025,Hydrological (Climate),Climate-Driven
Cuba,Arboviral Outbreak,North America,2025,Biological (Non-Climate),Non-Climate
Egypt,Floods,Africa,2025,Hydrological (Climate),Climate-Driven
Cabo Verde,Flash Floods,Africa,2025,Hydrological (Climate),Climate-Driven
South Sudan,Floods,Africa,2025,Hydrological (Climate),Climate-Driven
Sudan,Floods,Africa,2025,Hydrological (Climate),Climate-Driven
Honduras,Floods,North America,2025,Hydrological (Climate),Climate-Driven
Panama,River Pollution,North America,2025,Technological (Non-Climate),Non-Climate
Côte d'Ivoire,Cholera Outbreak,Africa,2025,Biological (Non-Climate),Non-Climate
Ghana,Cholera Outbreak,Africa,2024,Biological (Non-Climate),Non-Climate
Namibia,Drought,Africa,2024,Climatological (Climate),Climate-Driven
Niger,Diphtheria Outbreak,Africa,2023,Biological (Non-Climate),Non-Climate
Nigeria,Lassa Fever Outbreak,Africa,2023,Biological (Non-Climate),Non-Climate
Burundi,Cholera Outbreak,Africa,2023,Biological (Non-Climate),Non-Climate
Pakistan,Dengue Outbreak,Asia,2013,Biological (Non-Climate),Non-Climate
Philippines,Earthquake,Asia,2013,Geophysical (Non-Climate),Non-Climate
Benin,Cholera Outbreak,Africa,2013,Biological (Non-Climate),Non-Climate
Burkina Faso,Floods,Africa,2013,Hydrological (Climate),Climate-Driven
Cameroon,Floods,Africa,2013,Hydrological (Climate),Climate-Driven
Colombia,Rainy Season,South America,2013,Meteorological (Climate),Climate-Driven
Cambodia,Floods,Asia,2013,Hydrological (Climate),Climate-Driven
South Sudan,Measles Outbreak,Africa,2013,Biological (Non-Climate),Non-Climate
Pakistan,Earthquakes,Asia,2013,Geophysical (Non-Climate),Non-Climate
Mauritania,Floods,Africa,2013,Hydrological (Climate),Climate-Driven
Central African Republic,Floods,Africa,2013,Hydrological (Climate),Climate-Driven
Romania,Flash Floods,Europe,2013,Hydrological (Climate),Climate-Driven
Mexico,Tropical Storms Ingrid and Manuel,North America,2013,Meteorological (Climate),Climate-Driven
Paraguay,Drought,South America,2013,Climatological (Climate),Climate-Driven
Benin,Floods,Africa,2013,Hydrological (Climate),Climate-Driven
Nigeria,Floods,Africa,2013,Hydrological (Climate),Climate-Driven
Indonesia,Earthquake,Asia,2026,Geophysical (Non-Climate),Non-Climate
Colombia,Earthquake,South America,2026,Geophysical (Non-Climate),Non-Climate
Myanmar,Floods,Asia,2026,Hydrological (Climate),Climate-Driven
Afghanistan,Flash Floods,Asia,2026,Hydrological (Climate),Climate-Driven
India,Flash Floods,Asia,2026,Hydrological (Climate),Climate-Driven
Kyrgyzstan,Flash Floods,Asia,2026,Hydrological (Climate),Climate-Driven
Tajikistan,Floods,Asia,2026,Hydrological (Climate),Climate-Driven
Bangladesh,Flash Floods,Asia,2026,Hydrological (Climate),Climate-Driven
Georgia,Floods,Asia,2026,Hydrological (Climate),Climate-Driven
Central African Republic,Cholera Outbreak,Africa,2026,Biological (Non-Climate),Non-Climate
Venezuela,Earthquakes,South America,2026,Geophysical (Non-Climate),Non-Climate
Chad,Cholera Outbreak,Africa,2026,Biological (Non-Climate),Non-Climate
Philippines,Earthquake and Tsunami,Asia,2026,Geophysical (Non-Climate),Non-Climate
Armenia,Hailstorm,Asia,2026,Meteorological (Climate),Climate-Driven
Syria,Floods,Asia,2026,Hydrological (Climate),Climate-Driven
Central/Eastern Africa,Ebola Outbreak,Africa,2026,Biological (Non-Climate),Non-Climate
Sri Lanka,Dengue Outbreak,Asia,2026,Biological (Non-Climate),Non-Climate
Dominican Republic,Floods,North America,2026,Hydrological (Climate),Climate-Driven
Yemen,Floods,Asia,2026,Hydrological (Climate),Climate-Driven
Tanzania,Floods and Landslides,Africa,2026,Hydrological (Climate),Climate-Driven
Liberia,Windstorms,Africa,2026,Meteorological (Climate),Climate-Driven
Botswana,Floods,Africa,2026,Hydrological (Climate),Climate-Driven
Ethiopia,Floods and Landslides,Africa,2026,Hydrological (Climate),Climate-Driven
Kenya,Floods,Africa,2026,Hydrological (Climate),Climate-Driven
Suriname,Chikungunya Virus Outbreak,South America,2026,Biological (Non-Climate),Non-Climate
Brazil,Floods,South America,2026,Hydrological (Climate),Climate-Driven
Peru,Floods and Landslides,South America,2026,Hydrological (Climate),Climate-Driven
Angola,Floods,Africa,2026,Hydrological (Climate),Climate-Driven
Zambia,Cholera Outbreak,Africa,2026,Biological (Non-Climate),Non-Climate
Cameroon,Fires,Africa,2026,Technological (Non-Climate),Non-Climate
Somalia,Dengue Outbreak,Africa,2026,Biological (Non-Climate),Non-Climate
Rwanda,Flash Floods,Africa,2026,Hydrological (Climate),Climate-Driven
Algeria,Floods,Africa,2026,Hydrological (Climate),Climate-Driven
Argentina,Landslides,South America,2026,Hydrological (Climate),Climate-Driven
South Africa,Floods,Africa,2026,Hydrological (Climate),Climate-Driven
North Macedonia,Floods,Europe,2026,Hydrological (Climate),Climate-Driven
Malawi,Floods,Africa,2026,Hydrological (Climate),Climate-Driven
Serbia,Cold Wave,Europe,2026,Meteorological (Climate),Climate-Driven
Guatemala,Measles Outbreak,North America,2026,Biological (Non-Climate),Non-Climate
Ecuador,Floods,South America,2026,Hydrological (Climate),Climate-Driven
Zimbabwe,Floods,Africa,2026,Hydrological (Climate),Climate-Driven
Mozambique,Floods,Africa,2025,Hydrological (Climate),Climate-Driven
Chile,Wild Fires,South America,2025,Climatological (Climate),Climate-Driven
Gabon,Windstorms,Africa,2025,Meteorological (Climate),Climate-Driven
Morocco,Floods,Africa,2025,Hydrological (Climate),Climate-Driven
Bolivia,Floods,South America,2025,Hydrological (Climate),Climate-Driven
Congo,Floods,Africa,2025,Hydrological (Climate),Climate-Driven
Cuba,Arboviral Outbreak,North America,2025,Biological (Non-Climate),Non-Climate
Egypt,Floods,Africa,2025,Hydrological (Climate),Climate-Driven
Cabo Verde,Flash Floods,Africa,2025,Hydrological (Climate),Climate-Driven
South Sudan,Floods,Africa,2025,Hydrological (Climate),Climate-Driven
Sudan,Floods,Africa,2025,Hydrological (Climate),Climate-Driven
Honduras,Floods,North America,2025,Hydrological (Climate),Climate-Driven
Panama,River Pollution,North America,2025,Technological (Non-Climate),Non-Climate
Côte d'Ivoire,Cholera Outbreak,Africa,2025,Biological (Non-Climate),Non-Climate
Ghana,Cholera Outbreak,Africa,2024,Biological (Non-Climate),Non-Climate
Namibia,Drought,Africa,2024,Climatological (Climate),Climate-Driven
Niger,Diphtheria Outbreak,Africa,2023,Biological (Non-Climate),Non-Climate
Nigeria,Lassa Fever Outbreak,Africa,2023,Biological (Non-Climate),Non-Climate
Burundi,Cholera Outbreak,Africa,2023,Biological (Non-Climate),Non-Climate
Bolivia,Cold Wave,South America,2013,Meteorological (Climate),Climate-Driven
Mali,Floods,Africa,2013,Hydrological (Climate),Climate-Driven
Lao PDR,Floods,Asia,2013,Hydrological (Climate),Climate-Driven
Russian Federation,Flash Floods,Europe,2013,Hydrological (Climate),Climate-Driven
Niger,Floods,Africa,2013,Hydrological (Climate),Climate-Driven
Uganda,Measles Outbreak,Africa,2013,Biological (Non-Climate),Non-Climate
Lao PDR,Dengue Outbreak,Asia,2013,Biological (Non-Climate),Non-Climate
Philippines,Floods and Landslides,Asia,2013,Hydrological (Climate),Climate-Driven
South Sudan,Floods,Africa,2013,Hydrological (Climate),Climate-Driven
Peru,Cold Wave,South America,2013,Meteorological (Climate),Climate-Driven
Yemen,Floods,Asia,2013,Hydrological (Climate),Climate-Driven
Sudan,Flash Floods,Africa,2013,Hydrological (Climate),Climate-Driven
Pakistan,Floods,Asia,2013,Hydrological (Climate),Climate-Driven
Afghanistan,Flash Floods,Asia,2013,Hydrological (Climate),Climate-Driven
Myanmar,Floods,Asia,2013,Hydrological (Climate),Climate-Driven
DPR Korea,Floods,Asia,2013,Hydrological (Climate),Climate-Driven
China,Earthquake in Gansu Province,Asia,2013,Geophysical (Non-Climate),Non-Climate
Georgia,Flash Floods,Asia,2013,Hydrological (Climate),Climate-Driven
Paraguay,Floods,South America,2013,Hydrological (Climate),Climate-Driven
Indonesia,Earthquake,Asia,2026,Geophysical (Non-Climate),Non-Climate
Colombia,Earthquake,South America,2026,Geophysical (Non-Climate),Non-Climate
Myanmar,Floods,Asia,2026,Hydrological (Climate),Climate-Driven
Afghanistan,Flash Floods,Asia,2026,Hydrological (Climate),Climate-Driven
India,Flash Floods,Asia,2026,Hydrological (Climate),Climate-Driven
Kyrgyzstan,Flash Floods,Asia,2026,Hydrological (Climate),Climate-Driven
Tajikistan,Floods,Asia,2026,Hydrological (Climate),Climate-Driven
Bangladesh,Flash Floods,Asia,2026,Hydrological (Climate),Climate-Driven
Georgia,Floods,Asia,2026,Hydrological (Climate),Climate-Driven
Central African Republic,Cholera Outbreak,Africa,2026,Biological (Non-Climate),Non-Climate
Venezuela,Earthquakes,South America,2026,Geophysical (Non-Climate),Non-Climate
Chad,Cholera Outbreak,Africa,2026,Biological (Non-Climate),Non-Climate
Philippines,Earthquake and Tsunami,Asia,2026,Geophysical (Non-Climate),Non-Climate
Armenia,Hailstorm,Asia,2026,Meteorological (Climate),Climate-Driven
Syria,Floods,Asia,2026,Hydrological (Climate),Climate-Driven
Central/Eastern Africa,Ebola Outbreak,Africa,2026,Biological (Non-Climate),Non-Climate
Sri Lanka,Dengue Outbreak,Asia,2026,Biological (Non-Climate),Non-Climate
Dominican Republic,Floods,North America,2026,Hydrological (Climate),Climate-Driven
Yemen,Floods,Asia,2026,Hydrological (Climate),Climate-Driven
Tanzania,Floods and Landslides,Africa,2026,Hydrological (Climate),Climate-Driven
Liberia,Windstorms,Africa,2026,Meteorological (Climate),Climate-Driven
Botswana,Floods,Africa,2026,Hydrological (Climate),Climate-Driven
Ethiopia,Floods and Landslides,Africa,2026,Hydrological (Climate),Climate-Driven
Kenya,Floods,Africa,2026,Hydrological (Climate),Climate-Driven
Suriname,Chikungunya Virus Outbreak,South America,2026,Biological (Non-Climate),Non-Climate
Brazil,Floods,South America,2026,Hydrological (Climate),Climate-Driven
Peru,Floods and Landslides,South America,2026,Hydrological (Climate),Climate-Driven
Angola,Floods,Africa,2026,Hydrological (Climate),Climate-Driven
Zambia,Cholera Outbreak,Africa,2026,Biological (Non-Climate),Non-Climate
Cameroon,Fires,Africa,2026,Technological (Non-Climate),Non-Climate
Somalia,Dengue Outbreak,Africa,2026,Biological (Non-Climate),Non-Climate
Rwanda,Flash Floods,Africa,2026,Hydrological (Climate),Climate-Driven
Algeria,Floods,Africa,2026,Hydrological (Climate),Climate-Driven
Argentina,Landslides,South America,2026,Hydrological (Climate),Climate-Driven
South Africa,Floods,Africa,2026,Hydrological (Climate),Climate-Driven
North Macedonia,Floods,Europe,2026,Hydrological (Climate),Climate-Driven
Malawi,Floods,Africa,2026,Hydrological (Climate),Climate-Driven
Serbia,Cold Wave,Europe,2026,Meteorological (Climate),Climate-Driven
Guatemala,Measles Outbreak,North America,2026,Biological (Non-Climate),Non-Climate
Ecuador,Floods,South America,2026,Hydrological (Climate),Climate-Driven
Zimbabwe,Floods,Africa,2026,Hydrological (Climate),Climate-Driven
Mozambique,Floods,Africa,2025,Hydrological (Climate),Climate-Driven
Chile,Wild Fires,South America,2025,Climatological (Climate),Climate-Driven
Gabon,Windstorms,Africa,2025,Meteorological (Climate),Climate-Driven
Morocco,Floods,Africa,2025,Hydrological (Climate),Climate-Driven
Bolivia,Floods,South America,2025,Hydrological (Climate),Climate-Driven
Congo,Floods,Africa,2025,Hydrological (Climate),Climate-Driven
Cuba,Arboviral Outbreak,North America,2025,Biological (Non-Climate),Non-Climate
Egypt,Floods,Africa,2025,Hydrological (Climate),Climate-Driven
Cabo Verde,Flash Floods,Africa,2025,Hydrological (Climate),Climate-Driven
South Sudan,Floods,Africa,2025,Hydrological (Climate),Climate-Driven
Sudan,Floods,Africa,2025,Hydrological (Climate),Climate-Driven
Honduras,Floods,North America,2025,Hydrological (Climate),Climate-Driven
Panama,River Pollution,North America,2025,Technological (Non-Climate),Non-Climate
Côte d'Ivoire,Cholera Outbreak,Africa,2025,Biological (Non-Climate),Non-Climate
Ghana,Cholera Outbreak,Africa,2024,Biological (Non-Climate),Non-Climate
Namibia,Drought,Africa,2024,Climatological (Climate),Climate-Driven
Niger,Diphtheria Outbreak,Africa,2023,Biological (Non-Climate),Non-Climate
Nigeria,Lassa Fever Outbreak,Africa,2023,Biological (Non-Climate),Non-Climate
Burundi,Cholera Outbreak,Africa,2023,Biological (Non-Climate),Non-Climate
Indonesia,Earthquake,Asia,2013,Geophysical (Non-Climate),Non-Climate
Haiti,Floods,North America,2013,Hydrological (Climate),Climate-Driven
Nicaragua,Floods,North America,2013,Hydrological (Climate),Climate-Driven
Bolivia,Drought,South America,2013,Climatological (Climate),Climate-Driven
Ecuador,Drought,South America,2013,Climatological (Climate),Climate-Driven
India/Nepal,Floods and Landslides,Asia,2013,Hydrological (Climate),Climate-Driven
Central Europe,Floods,Europe,2013,Hydrological (Climate),Climate-Driven
Armenia,Hail Storm,Asia,2013,Meteorological (Climate),Climate-Driven
Ethiopia,Yellow Fever Outbreak,Africa,2013,Biological (Non-Climate),Non-Climate
South Sudan,Meningitis Outbreak,Africa,2013,Biological (Non-Climate),Non-Climate
Horn of Africa,Polio Outbreak,Africa,2013,Biological (Non-Climate),Non-Climate
Namibia,Drought,Africa,2013,Climatological (Climate),Climate-Driven
Central African Republic,Measles Outbreak,Africa,2013,Biological (Non-Climate),Non-Climate
Uganda,Cholera Outbreak,Africa,2013,Biological (Non-Climate),Non-Climate
Uganda,Floods,Africa,2013,Hydrological (Climate),Climate-Driven
Jammu and Kashmir,Earthquake,Asia,2013,Geophysical (Non-Climate),Non-Climate
Marshall Islands,Drought,Oceania,2013,Climatological (Climate),Climate-Driven
China,Floods and Landslides,Asia,2013,Hydrological (Climate),Climate-Driven
Indonesia,Earthquake,Asia,2026,Geophysical (Non-Climate),Non-Climate
Colombia,Earthquake,South America,2026,Geophysical (Non-Climate),Non-Climate
Myanmar,Floods,Asia,2026,Hydrological (Climate),Climate-Driven
Afghanistan,Flash Floods,Asia,2026,Hydrological (Climate),Climate-Driven
India,Flash Floods,Asia,2026,Hydrological (Climate),Climate-Driven
Kyrgyzstan,Flash Floods,Asia,2026,Hydrological (Climate),Climate-Driven
Tajikistan,Floods,Asia,2026,Hydrological (Climate),Climate-Driven
Bangladesh,Flash Floods,Asia,2026,Hydrological (Climate),Climate-Driven
Georgia,Floods,Asia,2026,Hydrological (Climate),Climate-Driven
Central African Republic,Cholera Outbreak,Africa,2026,Biological (Non-Climate),Non-Climate
Venezuela,Earthquakes,South America,2026,Geophysical (Non-Climate),Non-Climate
Chad,Cholera Outbreak,Africa,2026,Biological (Non-Climate),Non-Climate
Philippines,Earthquake and Tsunami,Asia,2026,Geophysical (Non-Climate),Non-Climate
Armenia,Hailstorm,Asia,2026,Meteorological (Climate),Climate-Driven
Syria,Floods,Asia,2026,Hydrological (Climate),Climate-Driven
Central/Eastern Africa,Ebola Outbreak,Africa,2026,Biological (Non-Climate),Non-Climate
Sri Lanka,Dengue Outbreak,Asia,2026,Biological (Non-Climate),Non-Climate
Dominican Republic,Floods,North America,2026,Hydrological (Climate),Climate-Driven
Yemen,Floods,Asia,2026,Hydrological (Climate),Climate-Driven
Tanzania,Floods and Landslides,Africa,2026,Hydrological (Climate),Climate-Driven
Liberia,Windstorms,Africa,2026,Meteorological (Climate),Climate-Driven
Botswana,Floods,Africa,2026,Hydrological (Climate),Climate-Driven
Ethiopia,Floods and Landslides,Africa,2026,Hydrological (Climate),Climate-Driven
Kenya,Floods,Africa,2026,Hydrological (Climate),Climate-Driven
Suriname,Chikungunya Virus Outbreak,South America,2026,Biological (Non-Climate),Non-Climate
Brazil,Floods,South America,2026,Hydrological (Climate),Climate-Driven
Peru,Floods and Landslides,South America,2026,Hydrological (Climate),Climate-Driven
Angola,Floods,Africa,2026,Hydrological (Climate),Climate-Driven
Zambia,Cholera Outbreak,Africa,2026,Biological (Non-Climate),Non-Climate
Cameroon,Fires,Africa,2026,Technological (Non-Climate),Non-Climate
Somalia,Dengue Outbreak,Africa,2026,Biological (Non-Climate),Non-Climate
Rwanda,Flash Floods,Africa,2026,Hydrological (Climate),Climate-Driven
Algeria,Floods,Africa,2026,Hydrological (Climate),Climate-Driven
Argentina,Landslides,South America,2026,Hydrological (Climate),Climate-Driven
South Africa,Floods,Africa,2026,Hydrological (Climate),Climate-Driven
North Macedonia,Floods,Europe,2026,Hydrological (Climate),Climate-Driven
Malawi,Floods,Africa,2026,Hydrological (Climate),Climate-Driven
Serbia,Cold Wave,Europe,2026,Meteorological (Climate),Climate-Driven
Guatemala,Measles Outbreak,North America,2026,Biological (Non-Climate),Non-Climate
Ecuador,Floods,South America,2026,Hydrological (Climate),Climate-Driven
Zimbabwe,Floods,Africa,2026,Hydrological (Climate),Climate-Driven
Mozambique,Floods,Africa,2025,Hydrological (Climate),Climate-Driven
Chile,Wild Fires,South America,2025,Climatological (Climate),Climate-Driven
Gabon,Windstorms,Africa,2025,Meteorological (Climate),Climate-Driven
Morocco,Floods,Africa,2025,Hydrological (Climate),Climate-Driven
Bolivia,Floods,South America,2025,Hydrological (Climate),Climate-Driven
Congo,Floods,Africa,2025,Hydrological (Climate),Climate-Driven
Cuba,Arboviral Outbreak,North America,2025,Biological (Non-Climate),Non-Climate
Egypt,Floods,Africa,2025,Hydrological (Climate),Climate-Driven
Cabo Verde,Flash Floods,Africa,2025,Hydrological (Climate),Climate-Driven
South Sudan,Floods,Africa,2025,Hydrological (Climate),Climate-Driven
Sudan,Floods,Africa,2025,Hydrological (Climate),Climate-Driven
Honduras,Floods,North America,2025,Hydrological (Climate),Climate-Driven
Panama,River Pollution,North America,2025,Technological (Non-Climate),Non-Climate
Côte d'Ivoire,Cholera Outbreak,Africa,2025,Biological (Non-Climate),Non-Climate
Ghana,Cholera Outbreak,Africa,2024,Biological (Non-Climate),Non-Climate
Namibia,Drought,Africa,2024,Climatological (Climate),Climate-Driven
Niger,Diphtheria Outbreak,Africa,2023,Biological (Non-Climate),Non-Climate
Nigeria,Lassa Fever Outbreak,Africa,2023,Biological (Non-Climate),Non-Climate
Burundi,Cholera Outbreak,Africa,2023,Biological (Non-Climate),Non-Climate
Somalia,Floods,Africa,2013,Hydrological (Climate),Climate-Driven
Ecuador,Floods and Landslides,South America,2013,Hydrological (Climate),Climate-Driven
Afghanistan,Earthquake,Asia,2013,Geophysical (Non-Climate),Non-Climate
Ethiopia,Floods,Africa,2013,Hydrological (Climate),Climate-Driven
China,Earthquake,Asia,2013,Geophysical (Non-Climate),Non-Climate
Ghana,Floods,Africa,2013,Hydrological (Climate),Climate-Driven
Iran/Pakistan,Earthquake,Asia,2013,Geophysical (Non-Climate),Non-Climate
Solomon Islands,Dengue Outbreak,Oceania,2013,Biological (Non-Climate),Non-Climate
Republic of Congo,Cholera Outbreak,Africa,2013,Biological (Non-Climate),Non-Climate
Iran,Earthquake,Asia,2013,Geophysical (Non-Climate),Non-Climate
Argentina,Severe Local Storm,South America,2013,Meteorological (Climate),Climate-Driven
Kenya,Floods,Africa,2013,Hydrological (Climate),Climate-Driven
Madagascar,Locusts,Africa,2013,Biological (Non-Climate),Non-Climate
Georgia,Severe Local Storm,Asia,2013,Meteorological (Climate),Climate-Driven
Bangladesh,Severe Local Storm,Asia,2013,Meteorological (Climate),Climate-Driven
Serbia,Floods,Europe,2013,Hydrological (Climate),Climate-Driven
Colombia,Floods and Landslides,South America,2013,Hydrological (Climate),Climate-Driven
Namibia,Floods,Africa,2013,Hydrological (Climate),Climate-Driven
Central African Republic,Severe Local Storm,Africa,2013,Meteorological (Climate),Climate-Driven
FYR Macedonia,Floods,Europe,2013,Hydrological (Climate),Climate-Driven
Indonesia,Earthquake,Asia,2026,Geophysical (Non-Climate),Non-Climate
Colombia,Earthquake,South America,2026,Geophysical (Non-Climate),Non-Climate
Myanmar,Floods,Asia,2026,Hydrological (Climate),Climate-Driven
Afghanistan,Flash Floods,Asia,2026,Hydrological (Climate),Climate-Driven
India,Flash Floods,Asia,2026,Hydrological (Climate),Climate-Driven
Kyrgyzstan,Flash Floods,Asia,2026,Hydrological (Climate),Climate-Driven
Tajikistan,Floods,Asia,2026,Hydrological (Climate),Climate-Driven
Bangladesh,Flash Floods,Asia,2026,Hydrological (Climate),Climate-Driven
Georgia,Floods,Asia,2026,Hydrological (Climate),Climate-Driven
Central African Republic,Cholera Outbreak,Africa,2026,Biological (Non-Climate),Non-Climate
Venezuela,Earthquakes,South America,2026,Geophysical (Non-Climate),Non-Climate
Chad,Cholera Outbreak,Africa,2026,Biological (Non-Climate),Non-Climate
Philippines,Earthquake and Tsunami,Asia,2026,Geophysical (Non-Climate),Non-Climate
Armenia,Hailstorm,Asia,2026,Meteorological (Climate),Climate-Driven
Syria,Floods,Asia,2026,Hydrological (Climate),Climate-Driven
Central/Eastern Africa,Ebola Outbreak,Africa,2026,Biological (Non-Climate),Non-Climate
Sri Lanka,Dengue Outbreak,Asia,2026,Biological (Non-Climate),Non-Climate
Dominican Republic,Floods,North America,2026,Hydrological (Climate),Climate-Driven
Yemen,Floods,Asia,2026,Hydrological (Climate),Climate-Driven
Tanzania,Floods and Landslides,Africa,2026,Hydrological (Climate),Climate-Driven
Liberia,Windstorms,Africa,2026,Meteorological (Climate),Climate-Driven
Botswana,Floods,Africa,2026,Hydrological (Climate),Climate-Driven
Ethiopia,Floods and Landslides,Africa,2026,Hydrological (Climate),Climate-Driven
Kenya,Floods,Africa,2026,Hydrological (Climate),Climate-Driven
Suriname,Chikungunya Virus Outbreak,South America,2026,Biological (Non-Climate),Non-Climate
Brazil,Floods,South America,2026,Hydrological (Climate),Climate-Driven
Peru,Floods and Landslides,South America,2026,Hydrological (Climate),Climate-Driven
Angola,Floods,Africa,2026,Hydrological (Climate),Climate-Driven
Zambia,Cholera Outbreak,Africa,2026,Biological (Non-Climate),Non-Climate
Cameroon,Fires,Africa,2026,Technological (Non-Climate),Non-Climate
Somalia,Dengue Outbreak,Africa,2026,Biological (Non-Climate),Non-Climate
Rwanda,Flash Floods,Africa,2026,Hydrological (Climate),Climate-Driven
Algeria,Floods,Africa,2026,Hydrological (Climate),Climate-Driven
Argentina,Landslides,South America,2026,Hydrological (Climate),Climate-Driven
South Africa,Floods,Africa,2026,Hydrological (Climate),Climate-Driven
North Macedonia,Floods,Europe,2026,Hydrological (Climate),Climate-Driven
Malawi,Floods,Africa,2026,Hydrological (Climate),Climate-Driven
Serbia,Cold Wave,Europe,2026,Meteorological (Climate),Climate-Driven
Guatemala,Measles Outbreak,North America,2026,Biological (Non-Climate),Non-Climate
Ecuador,Floods,South America,2026,Hydrological (Climate),Climate-Driven
Zimbabwe,Floods,Africa,2026,Hydrological (Climate),Climate-Driven
Mozambique,Floods,Africa,2025,Hydrological (Climate),Climate-Driven
Chile,Wild Fires,South America,2025,Climatological (Climate),Climate-Driven
Gabon,Windstorms,Africa,2025,Meteorological (Climate),Climate-Driven
Morocco,Floods,Africa,2025,Hydrological (Climate),Climate-Driven
Bolivia,Floods,South America,2025,Hydrological (Climate),Climate-Driven
Congo,Floods,Africa,2025,Hydrological (Climate),Climate-Driven
Cuba,Arboviral Outbreak,North America,2025,Biological (Non-Climate),Non-Climate
Egypt,Floods,Africa,2025,Hydrological (Climate),Climate-Driven
Cabo Verde,Flash Floods,Africa,2025,Hydrological (Climate),Climate-Driven
South Sudan,Floods,Africa,2025,Hydrological (Climate),Climate-Driven
Sudan,Floods,Africa,2025,Hydrological (Climate),Climate-Driven
Honduras,Floods,North America,2025,Hydrological (Climate),Climate-Driven
Panama,River Pollution,North America,2025,Technological (Non-Climate),Non-Climate
Côte d'Ivoire,Cholera Outbreak,Africa,2025,Biological (Non-Climate),Non-Climate
Ghana,Cholera Outbreak,Africa,2024,Biological (Non-Climate),Non-Climate
Namibia,Drought,Africa,2024,Climatological (Climate),Climate-Driven
Niger,Diphtheria Outbreak,Africa,2023,Biological (Non-Climate),Non-Climate
Nigeria,Lassa Fever Outbreak,Africa,2023,Biological (Non-Climate),Non-Climate
Burundi,Cholera Outbreak,Africa,2023,Biological (Non-Climate),Non-Climate
Afghanistan,Floods and Landslides,Asia,2013,Hydrological (Climate),Climate-Driven
Colombia,Earthquake,South America,2013,Geophysical (Non-Climate),Non-Climate
Peru,Floods and Landslides,South America,2013,Hydrological (Climate),Climate-Driven
Papua New Guinea,Floods and Landslides,Oceania,2013,Hydrological (Climate),Climate-Driven
Tajikistan,Cold Wave,Asia,2013,Meteorological (Climate),Climate-Driven
Solomon Islands,Earthquake and Tsunami,Oceania,2013,Geophysical (Non-Climate),Non-Climate
Ghana,Cholera Outbreak,Africa,2013,Biological (Non-Climate),Non-Climate
Bolivia,Floods and Landslides,South America,2013,Hydrological (Climate),Climate-Driven
Botswana,Floods,Africa,2013,Hydrological (Climate),Climate-Driven
Belarus,Cold Wave,Europe,2013,Meteorological (Climate),Climate-Driven
Mozambique,Floods,Africa,2013,Hydrological (Climate),Climate-Driven
Zimbabwe,Floods,Africa,2013,Hydrological (Climate),Climate-Driven
Indonesia,Floods,Asia,2013,Hydrological (Climate),Climate-Driven
Zambia,Floods,Africa,2013,Hydrological (Climate),Climate-Driven
Kenya,Floods,Africa,2013,Hydrological (Climate),Climate-Driven
India,Cold Wave,Asia,2013,Meteorological (Climate),Climate-Driven
Malawi,Floods,Africa,2013,Hydrological (Climate),Climate-Driven
Indonesia,Earthquake,Asia,2026,Geophysical (Non-Climate),Non-Climate
Colombia,Earthquake,South America,2026,Geophysical (Non-Climate),Non-Climate
Myanmar,Floods,Asia,2026,Hydrological (Climate),Climate-Driven
Afghanistan,Flash Floods,Asia,2026,Hydrological (Climate),Climate-Driven
India,Flash Floods,Asia,2026,Hydrological (Climate),Climate-Driven
Kyrgyzstan,Flash Floods,Asia,2026,Hydrological (Climate),Climate-Driven
Tajikistan,Floods,Asia,2026,Hydrological (Climate),Climate-Driven
Bangladesh,Flash Floods,Asia,2026,Hydrological (Climate),Climate-Driven
Georgia,Floods,Asia,2026,Hydrological (Climate),Climate-Driven
Central African Republic,Cholera Outbreak,Africa,2026,Biological (Non-Climate),Non-Climate
Venezuela,Earthquakes,South America,2026,Geophysical (Non-Climate),Non-Climate
Chad,Cholera Outbreak,Africa,2026,Biological (Non-Climate),Non-Climate
Philippines,Earthquake and Tsunami,Asia,2026,Geophysical (Non-Climate),Non-Climate
Armenia,Hailstorm,Asia,2026,Meteorological (Climate),Climate-Driven
Syria,Floods,Asia,2026,Hydrological (Climate),Climate-Driven
Central/Eastern Africa,Ebola Outbreak,Africa,2026,Biological (Non-Climate),Non-Climate
Sri Lanka,Dengue Outbreak,Asia,2026,Biological (Non-Climate),Non-Climate
Dominican Republic,Floods,North America,2026,Hydrological (Climate),Climate-Driven
Yemen,Floods,Asia,2026,Hydrological (Climate),Climate-Driven
Tanzania,Floods and Landslides,Africa,2026,Hydrological (Climate),Climate-Driven
Liberia,Windstorms,Africa,2026,Meteorological (Climate),Climate-Driven
Botswana,Floods,Africa,2026,Hydrological (Climate),Climate-Driven
Ethiopia,Floods and Landslides,Africa,2026,Hydrological (Climate),Climate-Driven
Kenya,Floods,Africa,2026,Hydrological (Climate),Climate-Driven
Suriname,Chikungunya Virus Outbreak,South America,2026,Biological (Non-Climate),Non-Climate
Brazil,Floods,South America,2026,Hydrological (Climate),Climate-Driven
Peru,Floods and Landslides,South America,2026,Hydrological (Climate),Climate-Driven
Angola,Floods,Africa,2026,Hydrological (Climate),Climate-Driven
Zambia,Cholera Outbreak,Africa,2026,Biological (Non-Climate),Non-Climate
Cameroon,Fires,Africa,2026,Technological (Non-Climate),Non-Climate
Somalia,Dengue Outbreak,Africa,2026,Biological (Non-Climate),Non-Climate
Rwanda,Flash Floods,Africa,2026,Hydrological (Climate),Climate-Driven
Algeria,Floods,Africa,2026,Hydrological (Climate),Climate-Driven
Argentina,Landslides,South America,2026,Hydrological (Climate),Climate-Driven
South Africa,Floods,Africa,2026,Hydrological (Climate),Climate-Driven
North Macedonia,Floods,Europe,2026,Hydrological (Climate),Climate-Driven
Malawi,Floods,Africa,2026,Hydrological (Climate),Climate-Driven
Serbia,Cold Wave,Europe,2026,Meteorological (Climate),Climate-Driven
Guatemala,Measles Outbreak,North America,2026,Biological (Non-Climate),Non-Climate
Ecuador,Floods,South America,2026,Hydrological (Climate),Climate-Driven
Zimbabwe,Floods,Africa,2026,Hydrological (Climate),Climate-Driven
Mozambique,Floods,Africa,2025,Hydrological (Climate),Climate-Driven
Chile,Wild Fires,South America,2025,Climatological (Climate),Climate-Driven
Gabon,Windstorms,Africa,2025,Meteorological (Climate),Climate-Driven
Morocco,Floods,Africa,2025,Hydrological (Climate),Climate-Driven
Bolivia,Floods,South America,2025,Hydrological (Climate),Climate-Driven
Congo,Floods,Africa,2025,Hydrological (Climate),Climate-Driven
Cuba,Arboviral Outbreak,North America,2025,Biological (Non-Climate),Non-Climate
Egypt,Floods,Africa,2025,Hydrological (Climate),Climate-Driven
Cabo Verde,Flash Floods,Africa,2025,Hydrological (Climate),Climate-Driven
South Sudan,Floods,Africa,2025,Hydrological (Climate),Climate-Driven
Sudan,Floods,Africa,2025,Hydrological (Climate),Climate-Driven
Honduras,Floods,North America,2025,Hydrological (Climate),Climate-Driven
Panama,River Pollution,North America,2025,Technological (Non-Climate),Non-Climate
Côte d'Ivoire,Cholera Outbreak,Africa,2025,Biological (Non-Climate),Non-Climate
Ghana,Cholera Outbreak,Africa,2024,Biological (Non-Climate),Non-Climate
Namibia,Drought,Africa,2024,Climatological (Climate),Climate-Driven
Niger,Diphtheria Outbreak,Africa,2023,Biological (Non-Climate),Non-Climate
Nigeria,Lassa Fever Outbreak,Africa,2023,Biological (Non-Climate),Non-Climate
Burundi,Cholera Outbreak,Africa,2023,Biological (Non-Climate),Non-Climate
occupied Palestinian territory,Floods,Asia,2013,Hydrological (Climate),Climate-Driven
Benin,Wild Fires,Africa,2013,Climatological (Climate),Climate-Driven
Sierra Leone,Wild Fires,Africa,2013,Climatological (Climate),Climate-Driven
Kazakhstan,Cold Wave,Asia,2012,Meteorological (Climate),Climate-Driven
Bangladesh,Cold Wave,Asia,2012,Meteorological (Climate),Climate-Driven
Kyrgyzstan,Cold Wave,Asia,2012,Meteorological (Climate),Climate-Driven
Sri Lanka,Floods and Landslides,Asia,2012,Hydrological (Climate),Climate-Driven
Moldova,Drought,Europe,2012,Climatological (Climate),Climate-Driven
Panama,Floods and Landslides,North America,2012,Hydrological (Climate),Climate-Driven
Republic of Congo,Floods,Africa,2012,Hydrological (Climate),Climate-Driven
Myanmar,Earthquake,Asia,2012,Geophysical (Non-Climate),Non-Climate
Haiti,Floods,North America,2012,Hydrological (Climate),Climate-Driven
Guatemala,Earthquake,North America,2012,Geophysical (Non-Climate),Non-Climate
Sri Lanka,Drought,Asia,2012,Climatological (Climate),Climate-Driven
Sudan,Yellow Fever Outbreak,Africa,2012,Biological (Non-Climate),Non-Climate
Indonesia,Earthquake,Asia,2026,Geophysical (Non-Climate),Non-Climate
Colombia,Earthquake,South America,2026,Geophysical (Non-Climate),Non-Climate
Myanmar,Floods,Asia,2026,Hydrological (Climate),Climate-Driven
Afghanistan,Flash Floods,Asia,2026,Hydrological (Climate),Climate-Driven
India,Flash Floods,Asia,2026,Hydrological (Climate),Climate-Driven
Kyrgyzstan,Flash Floods,Asia,2026,Hydrological (Climate),Climate-Driven
Tajikistan,Floods,Asia,2026,Hydrological (Climate),Climate-Driven
Bangladesh,Flash Floods,Asia,2026,Hydrological (Climate),Climate-Driven
Georgia,Floods,Asia,2026,Hydrological (Climate),Climate-Driven
Central African Republic,Cholera Outbreak,Africa,2026,Biological (Non-Climate),Non-Climate
Venezuela,Earthquakes,South America,2026,Geophysical (Non-Climate),Non-Climate
Chad,Cholera Outbreak,Africa,2026,Biological (Non-Climate),Non-Climate
Philippines,Earthquake and Tsunami,Asia,2026,Geophysical (Non-Climate),Non-Climate
Armenia,Hailstorm,Asia,2026,Meteorological (Climate),Climate-Driven
Syria,Floods,Asia,2026,Hydrological (Climate),Climate-Driven
Central/Eastern Africa,Ebola Outbreak,Africa,2026,Biological (Non-Climate),Non-Climate
Sri Lanka,Dengue Outbreak,Asia,2026,Biological (Non-Climate),Non-Climate
Dominican Republic,Floods,North America,2026,Hydrological (Climate),Climate-Driven
Yemen,Floods,Asia,2026,Hydrological (Climate),Climate-Driven
Tanzania,Floods and Landslides,Africa,2026,Hydrological (Climate),Climate-Driven
Liberia,Windstorms,Africa,2026,Meteorological (Climate),Climate-Driven
Botswana,Floods,Africa,2026,Hydrological (Climate),Climate-Driven
Ethiopia,Floods and Landslides,Africa,2026,Hydrological (Climate),Climate-Driven
Kenya,Floods,Africa,2026,Hydrological (Climate),Climate-Driven
Suriname,Chikungunya Virus Outbreak,South America,2026,Biological (Non-Climate),Non-Climate
Brazil,Floods,South America,2026,Hydrological (Climate),Climate-Driven
Peru,Floods and Landslides,South America,2026,Hydrological (Climate),Climate-Driven
Angola,Floods,Africa,2026,Hydrological (Climate),Climate-Driven
Zambia,Cholera Outbreak,Africa,2026,Biological (Non-Climate),Non-Climate
Cameroon,Fires,Africa,2026,Technological (Non-Climate),Non-Climate
Somalia,Dengue Outbreak,Africa,2026,Biological (Non-Climate),Non-Climate
Rwanda,Flash Floods,Africa,2026,Hydrological (Climate),Climate-Driven
Algeria,Floods,Africa,2026,Hydrological (Climate),Climate-Driven
Argentina,Landslides,South America,2026,Hydrological (Climate),Climate-Driven
South Africa,Floods,Africa,2026,Hydrological (Climate),Climate-Driven
North Macedonia,Floods,Europe,2026,Hydrological (Climate),Climate-Driven
Malawi,Floods,Africa,2026,Hydrological (Climate),Climate-Driven
Serbia,Cold Wave,Europe,2026,Meteorological (Climate),Climate-Driven
Guatemala,Measles Outbreak,North America,2026,Biological (Non-Climate),Non-Climate
Ecuador,Floods,South America,2026,Hydrological (Climate),Climate-Driven
Zimbabwe,Floods,Africa,2026,Hydrological (Climate),Climate-Driven
Mozambique,Floods,Africa,2025,Hydrological (Climate),Climate-Driven
Chile,Wild Fires,South America,2025,Climatological (Climate),Climate-Driven
Gabon,Windstorms,Africa,2025,Meteorological (Climate),Climate-Driven
Morocco,Floods,Africa,2025,Hydrological (Climate),Climate-Driven
Bolivia,Floods,South America,2025,Hydrological (Climate),Climate-Driven
Congo,Floods,Africa,2025,Hydrological (Climate),Climate-Driven
Cuba,Arboviral Outbreak,North America,2025,Biological (Non-Climate),Non-Climate
Egypt,Floods,Africa,2025,Hydrological (Climate),Climate-Driven
Cabo Verde,Flash Floods,Africa,2025,Hydrological (Climate),Climate-Driven
South Sudan,Floods,Africa,2025,Hydrological (Climate),Climate-Driven
Sudan,Floods,Africa,2025,Hydrological (Climate),Climate-Driven
Honduras,Floods,North America,2025,Hydrological (Climate),Climate-Driven
Panama,River Pollution,North America,2025,Technological (Non-Climate),Non-Climate
Côte d'Ivoire,Cholera Outbreak,Africa,2025,Biological (Non-Climate),Non-Climate
Ghana,Cholera Outbreak,Africa,2024,Biological (Non-Climate),Non-Climate
Namibia,Drought,Africa,2024,Climatological (Climate),Climate-Driven
Niger,Diphtheria Outbreak,Africa,2023,Biological (Non-Climate),Non-Climate
Nigeria,Lassa Fever Outbreak,Africa,2023,Biological (Non-Climate),Non-Climate
Burundi,Cholera Outbreak,Africa,2023,Biological (Non-Climate),Non-Climate
Benin,Cholera Epidemic,Africa,2012,Biological (Non-Climate),Non-Climate
Colombia,Floods and Landslides,South America,2012,Hydrological (Climate),Climate-Driven
Uganda,Marburg Fever Outbreak,Africa,2012,Biological (Non-Climate),Non-Climate
Burundi,Cholera Outbreak,Africa,2012,Biological (Non-Climate),Non-Climate
DR Congo,Floods,Africa,2012,Hydrological (Climate),Climate-Driven
Benin,Floods,Africa,2012,Hydrological (Climate),Climate-Driven
Somalia,Floods,Africa,2012,Hydrological (Climate),Climate-Driven
Paraguay,Severe Local Storm,South America,2012,Meteorological (Climate),Climate-Driven
Ecuador,Wild Fires,South America,2012,Climatological (Climate),Climate-Driven
Gambia,Floods,Africa,2012,Hydrological (Climate),Climate-Driven
China,Earthquakes in Yunnan and Guizhou Provinces,Asia,2012,Geophysical (Non-Climate),Non-Climate
Central African Republic,Floods,Africa,2012,Hydrological (Climate),Climate-Driven
Mali,Floods,Africa,2012,Hydrological (Climate),Climate-Driven
Senegal,Floods,Africa,2012,Hydrological (Climate),Climate-Driven
Indonesia,Earthquake,Asia,2012,Geophysical (Non-Climate),Non-Climate
DR Congo,Ebola Outbreak,Africa,2012,Biological (Non-Climate),Non-Climate
Indonesia,Earthquake,Asia,2026,Geophysical (Non-Climate),Non-Climate
Colombia,Earthquake,South America,2026,Geophysical (Non-Climate),Non-Climate
Myanmar,Floods,Asia,2026,Hydrological (Climate),Climate-Driven
Afghanistan,Flash Floods,Asia,2026,Hydrological (Climate),Climate-Driven
India,Flash Floods,Asia,2026,Hydrological (Climate),Climate-Driven
Kyrgyzstan,Flash Floods,Asia,2026,Hydrological (Climate),Climate-Driven
Tajikistan,Floods,Asia,2026,Hydrological (Climate),Climate-Driven
Bangladesh,Flash Floods,Asia,2026,Hydrological (Climate),Climate-Driven
Georgia,Floods,Asia,2026,Hydrological (Climate),Climate-Driven
Central African Republic,Cholera Outbreak,Africa,2026,Biological (Non-Climate),Non-Climate
Venezuela,Earthquakes,South America,2026,Geophysical (Non-Climate),Non-Climate
Chad,Cholera Outbreak,Africa,2026,Biological (Non-Climate),Non-Climate
Philippines,Earthquake and Tsunami,Asia,2026,Geophysical (Non-Climate),Non-Climate
Armenia,Hailstorm,Asia,2026,Meteorological (Climate),Climate-Driven
Syria,Floods,Asia,2026,Hydrological (Climate),Climate-Driven
Central/Eastern Africa,Ebola Outbreak,Africa,2026,Biological (Non-Climate),Non-Climate
Sri Lanka,Dengue Outbreak,Asia,2026,Biological (Non-Climate),Non-Climate
Dominican Republic,Floods,North America,2026,Hydrological (Climate),Climate-Driven
Yemen,Floods,Asia,2026,Hydrological (Climate),Climate-Driven
Tanzania,Floods and Landslides,Africa,2026,Hydrological (Climate),Climate-Driven
Liberia,Windstorms,Africa,2026,Meteorological (Climate),Climate-Driven
Botswana,Floods,Africa,2026,Hydrological (Climate),Climate-Driven
Ethiopia,Floods and Landslides,Africa,2026,Hydrological (Climate),Climate-Driven
Kenya,Floods,Africa,2026,Hydrological (Climate),Climate-Driven
Suriname,Chikungunya Virus Outbreak,South America,2026,Biological (Non-Climate),Non-Climate
Brazil,Floods,South America,2026,Hydrological (Climate),Climate-Driven
Peru,Floods and Landslides,South America,2026,Hydrological (Climate),Climate-Driven
Angola,Floods,Africa,2026,Hydrological (Climate),Climate-Driven
Zambia,Cholera Outbreak,Africa,2026,Biological (Non-Climate),Non-Climate
Cameroon,Fires,Africa,2026,Technological (Non-Climate),Non-Climate
Somalia,Dengue Outbreak,Africa,2026,Biological (Non-Climate),Non-Climate
Rwanda,Flash Floods,Africa,2026,Hydrological (Climate),Climate-Driven
Algeria,Floods,Africa,2026,Hydrological (Climate),Climate-Driven
Argentina,Landslides,South America,2026,Hydrological (Climate),Climate-Driven
South Africa,Floods,Africa,2026,Hydrological (Climate),Climate-Driven
North Macedonia,Floods,Europe,2026,Hydrological (Climate),Climate-Driven
Malawi,Floods,Africa,2026,Hydrological (Climate),Climate-Driven
Serbia,Cold Wave,Europe,2026,Meteorological (Climate),Climate-Driven
Guatemala,Measles Outbreak,North America,2026,Biological (Non-Climate),Non-Climate
Ecuador,Floods,South America,2026,Hydrological (Climate),Climate-Driven
Zimbabwe,Floods,Africa,2026,Hydrological (Climate),Climate-Driven
Mozambique,Floods,Africa,2025,Hydrological (Climate),Climate-Driven
Chile,Wild Fires,South America,2025,Climatological (Climate),Climate-Driven
Gabon,Windstorms,Africa,2025,Meteorological (Climate),Climate-Driven
Morocco,Floods,Africa,2025,Hydrological (Climate),Climate-Driven
Bolivia,Floods,South America,2025,Hydrological (Climate),Climate-Driven
Congo,Floods,Africa,2025,Hydrological (Climate),Climate-Driven
Cuba,Arboviral Outbreak,North America,2025,Biological (Non-Climate),Non-Climate
Egypt,Floods,Africa,2025,Hydrological (Climate),Climate-Driven
Cabo Verde,Flash Floods,Africa,2025,Hydrological (Climate),Climate-Driven
South Sudan,Floods,Africa,2025,Hydrological (Climate),Climate-Driven
Sudan,Floods,Africa,2025,Hydrological (Climate),Climate-Driven
Honduras,Floods,North America,2025,Hydrological (Climate),Climate-Driven
Panama,River Pollution,North America,2025,Technological (Non-Climate),Non-Climate
Côte d'Ivoire,Cholera Outbreak,Africa,2025,Biological (Non-Climate),Non-Climate
Ghana,Cholera Outbreak,Africa,2024,Biological (Non-Climate),Non-Climate
Namibia,Drought,Africa,2024,Climatological (Climate),Climate-Driven
Niger,Diphtheria Outbreak,Africa,2023,Biological (Non-Climate),Non-Climate
Nigeria,Lassa Fever Outbreak,Africa,2023,Biological (Non-Climate),Non-Climate
Burundi,Cholera Outbreak,Africa,2023,Biological (Non-Climate),Non-Climate
Cameroon,Floods,Africa,2012,Hydrological (Climate),Climate-Driven
Iran,Earthquake,Asia,2012,Geophysical (Non-Climate),Non-Climate
Chad,Floods,Africa,2012,Hydrological (Climate),Climate-Driven
Myanmar,Floods,Asia,2012,Hydrological (Climate),Climate-Driven
Pakistan,Floods,Asia,2012,Hydrological (Climate),Climate-Driven
Niger,Floods,Africa,2012,Hydrological (Climate),Climate-Driven
Uganda,Ebola Outbreak,Africa,2012,Biological (Non-Climate),Non-Climate
Central America,Floods and Landslides,North America,2012,Hydrological (Climate),Climate-Driven
Nigeria,Floods,Africa,2012,Hydrological (Climate),Climate-Driven
Georgia,Flash Floods and Hailstorms,Asia,2012,Hydrological (Climate),Climate-Driven
Nepal,Floods and Landslides,Asia,2012,Hydrological (Climate),Climate-Driven
DPR Korea,Floods,Asia,2012,Hydrological (Climate),Climate-Driven
Indonesia,Earthquake,Asia,2026,Geophysical (Non-Climate),Non-Climate
Colombia,Earthquake,South America,2026,Geophysical (Non-Climate),Non-Climate
Myanmar,Floods,Asia,2026,Hydrological (Climate),Climate-Driven
Afghanistan,Flash Floods,Asia,2026,Hydrological (Climate),Climate-Driven
India,Flash Floods,Asia,2026,Hydrological (Climate),Climate-Driven
Kyrgyzstan,Flash Floods,Asia,2026,Hydrological (Climate),Climate-Driven
Tajikistan,Floods,Asia,2026,Hydrological (Climate),Climate-Driven
Bangladesh,Flash Floods,Asia,2026,Hydrological (Climate),Climate-Driven
Georgia,Floods,Asia,2026,Hydrological (Climate),Climate-Driven
Central African Republic,Cholera Outbreak,Africa,2026,Biological (Non-Climate),Non-Climate
Venezuela,Earthquakes,South America,2026,Geophysical (Non-Climate),Non-Climate
Chad,Cholera Outbreak,Africa,2026,Biological (Non-Climate),Non-Climate
Philippines,Earthquake and Tsunami,Asia,2026,Geophysical (Non-Climate),Non-Climate
Armenia,Hailstorm,Asia,2026,Meteorological (Climate),Climate-Driven
Syria,Floods,Asia,2026,Hydrological (Climate),Climate-Driven
Central/Eastern Africa,Ebola Outbreak,Africa,2026,Biological (Non-Climate),Non-Climate
Sri Lanka,Dengue Outbreak,Asia,2026,Biological (Non-Climate),Non-Climate
Dominican Republic,Floods,North America,2026,Hydrological (Climate),Climate-Driven
Yemen,Floods,Asia,2026,Hydrological (Climate),Climate-Driven
Tanzania,Floods and Landslides,Africa,2026,Hydrological (Climate),Climate-Driven
Liberia,Windstorms,Africa,2026,Meteorological (Climate),Climate-Driven
Botswana,Floods,Africa,2026,Hydrological (Climate),Climate-Driven
Ethiopia,Floods and Landslides,Africa,2026,Hydrological (Climate),Climate-Driven
Kenya,Floods,Africa,2026,Hydrological (Climate),Climate-Driven
Suriname,Chikungunya Virus Outbreak,South America,2026,Biological (Non-Climate),Non-Climate
Brazil,Floods,South America,2026,Hydrological (Climate),Climate-Driven
Peru,Floods and Landslides,South America,2026,Hydrological (Climate),Climate-Driven
Angola,Floods,Africa,2026,Hydrological (Climate),Climate-Driven
Zambia,Cholera Outbreak,Africa,2026,Biological (Non-Climate),Non-Climate
Cameroon,Fires,Africa,2026,Technological (Non-Climate),Non-Climate
Somalia,Dengue Outbreak,Africa,2026,Biological (Non-Climate),Non-Climate
Rwanda,Flash Floods,Africa,2026,Hydrological (Climate),Climate-Driven
Algeria,Floods,Africa,2026,Hydrological (Climate),Climate-Driven
Argentina,Landslides,South America,2026,Hydrological (Climate),Climate-Driven
South Africa,Floods,Africa,2026,Hydrological (Climate),Climate-Driven
North Macedonia,Floods,Europe,2026,Hydrological (Climate),Climate-Driven
Malawi,Floods,Africa,2026,Hydrological (Climate),Climate-Driven
Serbia,Cold Wave,Europe,2026,Meteorological (Climate),Climate-Driven
Guatemala,Measles Outbreak,North America,2026,Biological (Non-Climate),Non-Climate
Ecuador,Floods,South America,2026,Hydrological (Climate),Climate-Driven
Zimbabwe,Floods,Africa,2026,Hydrological (Climate),Climate-Driven
Mozambique,Floods,Africa,2025,Hydrological (Climate),Climate-Driven
Chile,Wild Fires,South America,2025,Climatological (Climate),Climate-Driven
Gabon,Windstorms,Africa,2025,Meteorological (Climate),Climate-Driven
Morocco,Floods,Africa,2025,Hydrological (Climate),Climate-Driven
Bolivia,Floods,South America,2025,Hydrological (Climate),Climate-Driven
Congo,Floods,Africa,2025,Hydrological (Climate),Climate-Driven
Cuba,Arboviral Outbreak,North America,2025,Biological (Non-Climate),Non-Climate
Egypt,Floods,Africa,2025,Hydrological (Climate),Climate-Driven
Cabo Verde,Flash Floods,Africa,2025,Hydrological (Climate),Climate-Driven
South Sudan,Floods,Africa,2025,Hydrological (Climate),Climate-Driven
Sudan,Floods,Africa,2025,Hydrological (Climate),Climate-Driven
Honduras,Floods,North America,2025,Hydrological (Climate),Climate-Driven
Panama,River Pollution,North America,2025,Technological (Non-Climate),Non-Climate
Côte d'Ivoire,Cholera Outbreak,Africa,2025,Biological (Non-Climate),Non-Climate
Ghana,Cholera Outbreak,Africa,2024,Biological (Non-Climate),Non-Climate
Namibia,Drought,Africa,2024,Climatological (Climate),Climate-Driven
Niger,Diphtheria Outbreak,Africa,2023,Biological (Non-Climate),Non-Climate
Nigeria,Lassa Fever Outbreak,Africa,2023,Biological (Non-Climate),Non-Climate
Burundi,Cholera Outbreak,Africa,2023,Biological (Non-Climate),Non-Climate
Afghanistan,Flash Floods,Asia,2012,Hydrological (Climate),Climate-Driven
Russian Federation,Flash Floods,Europe,2012,Hydrological (Climate),Climate-Driven
Burkina Faso,Floods,Africa,2012,Hydrological (Climate),Climate-Driven
China,Earthquake in Xinjiang Region,Asia,2012,Geophysical (Non-Climate),Non-Climate
Bangladesh,Floods and Landslides,Asia,2012,Hydrological (Climate),Climate-Driven
South Sudan,Floods,Africa,2012,Hydrological (Climate),Climate-Driven
Peru,Cold Wave,South America,2012,Meteorological (Climate),Climate-Driven
Sudan,Floods,Africa,2012,Hydrological (Climate),Climate-Driven
Uganda,Landslides,Africa,2012,Hydrological (Climate),Climate-Driven
Niger,Cholera Outbreak,Africa,2012,Biological (Non-Climate),Non-Climate
China,Earthquake in Yunnan and Sichuan Provinces,Asia,2012,Geophysical (Non-Climate),Non-Climate
India,Floods,Asia,2012,Hydrological (Climate),Climate-Driven
Gabon,Floods,Africa,2012,Hydrological (Climate),Climate-Driven
Mexico,Hurricane Carlotta,North America,2012,Meteorological (Climate),Climate-Driven
Philippines,Floods and Landslides,Asia,2012,Hydrological (Climate),Climate-Driven
Afghanistan,Earthquakes,Asia,2012,Geophysical (Non-Climate),Non-Climate
Guatemala,"Floods, Landslides and Strong Winds",North America,2012,Hydrological (Climate),Climate-Driven
Indonesia,Floods and Landslides,Asia,2012,Hydrological (Climate),Climate-Driven
Pakistan,Measles Outbreak,Asia,2012,Biological (Non-Climate),Non-Climate
Indonesia,Earthquake,Asia,2026,Geophysical (Non-Climate),Non-Climate
Colombia,Earthquake,South America,2026,Geophysical (Non-Climate),Non-Climate
Myanmar,Floods,Asia,2026,Hydrological (Climate),Climate-Driven
Afghanistan,Flash Floods,Asia,2026,Hydrological (Climate),Climate-Driven
India,Flash Floods,Asia,2026,Hydrological (Climate),Climate-Driven
Kyrgyzstan,Flash Floods,Asia,2026,Hydrological (Climate),Climate-Driven
Tajikistan,Floods,Asia,2026,Hydrological (Climate),Climate-Driven
Bangladesh,Flash Floods,Asia,2026,Hydrological (Climate),Climate-Driven
Georgia,Floods,Asia,2026,Hydrological (Climate),Climate-Driven
Central African Republic,Cholera Outbreak,Africa,2026,Biological (Non-Climate),Non-Climate
Venezuela,Earthquakes,South America,2026,Geophysical (Non-Climate),Non-Climate
Chad,Cholera Outbreak,Africa,2026,Biological (Non-Climate),Non-Climate
Philippines,Earthquake and Tsunami,Asia,2026,Geophysical (Non-Climate),Non-Climate
Armenia,Hailstorm,Asia,2026,Meteorological (Climate),Climate-Driven
Syria,Floods,Asia,2026,Hydrological (Climate),Climate-Driven
Central/Eastern Africa,Ebola Outbreak,Africa,2026,Biological (Non-Climate),Non-Climate
Sri Lanka,Dengue Outbreak,Asia,2026,Biological (Non-Climate),Non-Climate
Dominican Republic,Floods,North America,2026,Hydrological (Climate),Climate-Driven
Yemen,Floods,Asia,2026,Hydrological (Climate),Climate-Driven
Tanzania,Floods and Landslides,Africa,2026,Hydrological (Climate),Climate-Driven
Liberia,Windstorms,Africa,2026,Meteorological (Climate),Climate-Driven
Botswana,Floods,Africa,2026,Hydrological (Climate),Climate-Driven
Ethiopia,Floods and Landslides,Africa,2026,Hydrological (Climate),Climate-Driven
Kenya,Floods,Africa,2026,Hydrological (Climate),Climate-Driven
Suriname,Chikungunya Virus Outbreak,South America,2026,Biological (Non-Climate),Non-Climate
Brazil,Floods,South America,2026,Hydrological (Climate),Climate-Driven
Peru,Floods and Landslides,South America,2026,Hydrological (Climate),Climate-Driven
Angola,Floods,Africa,2026,Hydrological (Climate),Climate-Driven
Zambia,Cholera Outbreak,Africa,2026,Biological (Non-Climate),Non-Climate
Cameroon,Fires,Africa,2026,Technological (Non-Climate),Non-Climate
Somalia,Dengue Outbreak,Africa,2026,Biological (Non-Climate),Non-Climate
Rwanda,Flash Floods,Africa,2026,Hydrological (Climate),Climate-Driven
Algeria,Floods,Africa,2026,Hydrological (Climate),Climate-Driven
Argentina,Landslides,South America,2026,Hydrological (Climate),Climate-Driven
South Africa,Floods,Africa,2026,Hydrological (Climate),Climate-Driven
North Macedonia,Floods,Europe,2026,Hydrological (Climate),Climate-Driven
Malawi,Floods,Africa,2026,Hydrological (Climate),Climate-Driven
Serbia,Cold Wave,Europe,2026,Meteorological (Climate),Climate-Driven
Guatemala,Measles Outbreak,North America,2026,Biological (Non-Climate),Non-Climate
Ecuador,Floods,South America,2026,Hydrological (Climate),Climate-Driven
Zimbabwe,Floods,Africa,2026,Hydrological (Climate),Climate-Driven
Mozambique,Floods,Africa,2025,Hydrological (Climate),Climate-Driven
Chile,Wild Fires,South America,2025,Climatological (Climate),Climate-Driven
Gabon,Windstorms,Africa,2025,Meteorological (Climate),Climate-Driven
Morocco,Floods,Africa,2025,Hydrological (Climate),Climate-Driven
Bolivia,Floods,South America,2025,Hydrological (Climate),Climate-Driven
Congo,Floods,Africa,2025,Hydrological (Climate),Climate-Driven
Cuba,Arboviral Outbreak,North America,2025,Biological (Non-Climate),Non-Climate
Egypt,Floods,Africa,2025,Hydrological (Climate),Climate-Driven
Cabo Verde,Flash Floods,Africa,2025,Hydrological (Climate),Climate-Driven
South Sudan,Floods,Africa,2025,Hydrological (Climate),Climate-Driven
Sudan,Floods,Africa,2025,Hydrological (Climate),Climate-Driven
Honduras,Floods,North America,2025,Hydrological (Climate),Climate-Driven
Panama,River Pollution,North America,2025,Technological (Non-Climate),Non-Climate
Côte d'Ivoire,Cholera Outbreak,Africa,2025,Biological (Non-Climate),Non-Climate
Ghana,Cholera Outbreak,Africa,2024,Biological (Non-Climate),Non-Climate
Namibia,Drought,Africa,2024,Climatological (Climate),Climate-Driven
Niger,Diphtheria Outbreak,Africa,2023,Biological (Non-Climate),Non-Climate
Nigeria,Lassa Fever Outbreak,Africa,2023,Biological (Non-Climate),Non-Climate
Burundi,Cholera Outbreak,Africa,2023,Biological (Non-Climate),Non-Climate
Cuba,Floods,North America,2012,Hydrological (Climate),Climate-Driven
Azerbaijan,Earthquake,Asia,2012,Geophysical (Non-Climate),Non-Climate
Honduras,Floods and Landslides,North America,2012,Hydrological (Climate),Climate-Driven
Ethiopia,Floods,Africa,2012,Hydrological (Climate),Climate-Driven
Venezuela,Floods,South America,2012,Hydrological (Climate),Climate-Driven
Tajikistan,Earthquake,Asia,2012,Geophysical (Non-Climate),Non-Climate
Brazil,Drought,South America,2012,Climatological (Climate),Climate-Driven
Georgia,Flash Floods and Landslides,Asia,2012,Hydrological (Climate),Climate-Driven
China,Floods and Hailstorms,Asia,2012,Hydrological (Climate),Climate-Driven
Nepal,Flash Floods,Asia,2012,Hydrological (Climate),Climate-Driven
Central African Republic,Severe Local Storm,Africa,2012,Meteorological (Climate),Climate-Driven
Kyrgyzstan,Floods and Mudflows,Asia,2012,Hydrological (Climate),Climate-Driven
Comoros,Floods,Africa,2012,Hydrological (Climate),Climate-Driven
Dominican Republic,Floods,North America,2012,Hydrological (Climate),Climate-Driven
Viet Nam,Severe Local Storms and Floods,Asia,2012,Hydrological (Climate),Climate-Driven
DR Congo,Severe Local Storm,Africa,2012,Meteorological (Climate),Climate-Driven
Rwanda,Floods,Africa,2012,Hydrological (Climate),Climate-Driven
Ghana,Cholera Outbreak,Africa,2012,Biological (Non-Climate),Non-Climate
Indonesia,Earthquake,Asia,2026,Geophysical (Non-Climate),Non-Climate
Colombia,Earthquake,South America,2026,Geophysical (Non-Climate),Non-Climate
Myanmar,Floods,Asia,2026,Hydrological (Climate),Climate-Driven
Afghanistan,Flash Floods,Asia,2026,Hydrological (Climate),Climate-Driven
India,Flash Floods,Asia,2026,Hydrological (Climate),Climate-Driven
Kyrgyzstan,Flash Floods,Asia,2026,Hydrological (Climate),Climate-Driven
Tajikistan,Floods,Asia,2026,Hydrological (Climate),Climate-Driven
Bangladesh,Flash Floods,Asia,2026,Hydrological (Climate),Climate-Driven
Georgia,Floods,Asia,2026,Hydrological (Climate),Climate-Driven
Central African Republic,Cholera Outbreak,Africa,2026,Biological (Non-Climate),Non-Climate
Venezuela,Earthquakes,South America,2026,Geophysical (Non-Climate),Non-Climate
Chad,Cholera Outbreak,Africa,2026,Biological (Non-Climate),Non-Climate
Philippines,Earthquake and Tsunami,Asia,2026,Geophysical (Non-Climate),Non-Climate
Armenia,Hailstorm,Asia,2026,Meteorological (Climate),Climate-Driven
Syria,Floods,Asia,2026,Hydrological (Climate),Climate-Driven
Central/Eastern Africa,Ebola Outbreak,Africa,2026,Biological (Non-Climate),Non-Climate
Sri Lanka,Dengue Outbreak,Asia,2026,Biological (Non-Climate),Non-Climate
Dominican Republic,Floods,North America,2026,Hydrological (Climate),Climate-Driven
Yemen,Floods,Asia,2026,Hydrological (Climate),Climate-Driven
Tanzania,Floods and Landslides,Africa,2026,Hydrological (Climate),Climate-Driven
Liberia,Windstorms,Africa,2026,Meteorological (Climate),Climate-Driven
Botswana,Floods,Africa,2026,Hydrological (Climate),Climate-Driven
Ethiopia,Floods and Landslides,Africa,2026,Hydrological (Climate),Climate-Driven
Kenya,Floods,Africa,2026,Hydrological (Climate),Climate-Driven
Suriname,Chikungunya Virus Outbreak,South America,2026,Biological (Non-Climate),Non-Climate
Brazil,Floods,South America,2026,Hydrological (Climate),Climate-Driven
Peru,Floods and Landslides,South America,2026,Hydrological (Climate),Climate-Driven
Angola,Floods,Africa,2026,Hydrological (Climate),Climate-Driven
Zambia,Cholera Outbreak,Africa,2026,Biological (Non-Climate),Non-Climate
Cameroon,Fires,Africa,2026,Technological (Non-Climate),Non-Climate
Somalia,Dengue Outbreak,Africa,2026,Biological (Non-Climate),Non-Climate
Rwanda,Flash Floods,Africa,2026,Hydrological (Climate),Climate-Driven
Algeria,Floods,Africa,2026,Hydrological (Climate),Climate-Driven
Argentina,Landslides,South America,2026,Hydrological (Climate),Climate-Driven
South Africa,Floods,Africa,2026,Hydrological (Climate),Climate-Driven
North Macedonia,Floods,Europe,2026,Hydrological (Climate),Climate-Driven
Malawi,Floods,Africa,2026,Hydrological (Climate),Climate-Driven
Serbia,Cold Wave,Europe,2026,Meteorological (Climate),Climate-Driven
Guatemala,Measles Outbreak,North America,2026,Biological (Non-Climate),Non-Climate
Ecuador,Floods,South America,2026,Hydrological (Climate),Climate-Driven
Zimbabwe,Floods,Africa,2026,Hydrological (Climate),Climate-Driven
Mozambique,Floods,Africa,2025,Hydrological (Climate),Climate-Driven
Chile,Wild Fires,South America,2025,Climatological (Climate),Climate-Driven
Gabon,Windstorms,Africa,2025,Meteorological (Climate),Climate-Driven
Morocco,Floods,Africa,2025,Hydrological (Climate),Climate-Driven
Bolivia,Floods,South America,2025,Hydrological (Climate),Climate-Driven
Congo,Floods,Africa,2025,Hydrological (Climate),Climate-Driven
Cuba,Arboviral Outbreak,North America,2025,Biological (Non-Climate),Non-Climate
Egypt,Floods,Africa,2025,Hydrological (Climate),Climate-Driven
Cabo Verde,Flash Floods,Africa,2025,Hydrological (Climate),Climate-Driven
South Sudan,Floods,Africa,2025,Hydrological (Climate),Climate-Driven
Sudan,Floods,Africa,2025,Hydrological (Climate),Climate-Driven
Honduras,Floods,North America,2025,Hydrological (Climate),Climate-Driven
Panama,River Pollution,North America,2025,Technological (Non-Climate),Non-Climate
Côte d'Ivoire,Cholera Outbreak,Africa,2025,Biological (Non-Climate),Non-Climate
Ghana,Cholera Outbreak,Africa,2024,Biological (Non-Climate),Non-Climate
Namibia,Drought,Africa,2024,Climatological (Climate),Climate-Driven
Niger,Diphtheria Outbreak,Africa,2023,Biological (Non-Climate),Non-Climate
Nigeria,Lassa Fever Outbreak,Africa,2023,Biological (Non-Climate),Non-Climate
Burundi,Cholera Outbreak,Africa,2023,Biological (Non-Climate),Non-Climate
Paraguay,Floods,South America,2012,Hydrological (Climate),Climate-Driven
Kenya,Floods,Africa,2012,Hydrological (Climate),Climate-Driven
Argentina,Severe Local Storm,South America,2012,Meteorological (Climate),Climate-Driven
Sri Lanka,Severe Local Storm,Asia,2012,Meteorological (Climate),Climate-Driven
Fiji,Floods,Oceania,2012,Hydrological (Climate),Climate-Driven
Haiti,Floods and Landslides,North America,2012,Hydrological (Climate),Climate-Driven
Colombia,Floods and Landslides,South America,2012,Hydrological (Climate),Climate-Driven
Brazil,Dengue Outbreak,South America,2012,Biological (Non-Climate),Non-Climate
Yemen,Measles Outbreak,Asia,2012,Biological (Non-Climate),Non-Climate
occupied Palestinian territory,Floods,Asia,2012,Hydrological (Climate),Climate-Driven
Kazakhstan,Floods,Asia,2012,Hydrological (Climate),Climate-Driven
Afghanistan,Measles Outbreak,Asia,2012,Biological (Non-Climate),Non-Climate
Central African Republic,Severe Local Storm,Africa,2012,Meteorological (Climate),Climate-Driven
Chile,Floods,South America,2012,Hydrological (Climate),Climate-Driven
Bolivia,Dengue Outbreak,South America,2012,Biological (Non-Climate),Non-Climate
Uganda,Cholera Outbreak,Africa,2012,Biological (Non-Climate),Non-Climate
Philippines,Earthquake,Asia,2012,Geophysical (Non-Climate),Non-Climate
Indonesia,Earthquake,Asia,2026,Geophysical (Non-Climate),Non-Climate
Colombia,Earthquake,South America,2026,Geophysical (Non-Climate),Non-Climate
Myanmar,Floods,Asia,2026,Hydrological (Climate),Climate-Driven
Afghanistan,Flash Floods,Asia,2026,Hydrological (Climate),Climate-Driven
India,Flash Floods,Asia,2026,Hydrological (Climate),Climate-Driven
Kyrgyzstan,Flash Floods,Asia,2026,Hydrological (Climate),Climate-Driven
Tajikistan,Floods,Asia,2026,Hydrological (Climate),Climate-Driven
Bangladesh,Flash Floods,Asia,2026,Hydrological (Climate),Climate-Driven
Georgia,Floods,Asia,2026,Hydrological (Climate),Climate-Driven
Central African Republic,Cholera Outbreak,Africa,2026,Biological (Non-Climate),Non-Climate
Venezuela,Earthquakes,South America,2026,Geophysical (Non-Climate),Non-Climate
Chad,Cholera Outbreak,Africa,2026,Biological (Non-Climate),Non-Climate
Philippines,Earthquake and Tsunami,Asia,2026,Geophysical (Non-Climate),Non-Climate
Armenia,Hailstorm,Asia,2026,Meteorological (Climate),Climate-Driven
Syria,Floods,Asia,2026,Hydrological (Climate),Climate-Driven
Central/Eastern Africa,Ebola Outbreak,Africa,2026,Biological (Non-Climate),Non-Climate
Sri Lanka,Dengue Outbreak,Asia,2026,Biological (Non-Climate),Non-Climate
Dominican Republic,Floods,North America,2026,Hydrological (Climate),Climate-Driven
Yemen,Floods,Asia,2026,Hydrological (Climate),Climate-Driven
Tanzania,Floods and Landslides,Africa,2026,Hydrological (Climate),Climate-Driven
Liberia,Windstorms,Africa,2026,Meteorological (Climate),Climate-Driven
Botswana,Floods,Africa,2026,Hydrological (Climate),Climate-Driven
Ethiopia,Floods and Landslides,Africa,2026,Hydrological (Climate),Climate-Driven
Kenya,Floods,Africa,2026,Hydrological (Climate),Climate-Driven
Suriname,Chikungunya Virus Outbreak,South America,2026,Biological (Non-Climate),Non-Climate
Brazil,Floods,South America,2026,Hydrological (Climate),Climate-Driven
Peru,Floods and Landslides,South America,2026,Hydrological (Climate),Climate-Driven
Angola,Floods,Africa,2026,Hydrological (Climate),Climate-Driven
Zambia,Cholera Outbreak,Africa,2026,Biological (Non-Climate),Non-Climate
Cameroon,Fires,Africa,2026,Technological (Non-Climate),Non-Climate
Somalia,Dengue Outbreak,Africa,2026,Biological (Non-Climate),Non-Climate
Rwanda,Flash Floods,Africa,2026,Hydrological (Climate),Climate-Driven
Algeria,Floods,Africa,2026,Hydrological (Climate),Climate-Driven
Argentina,Landslides,South America,2026,Hydrological (Climate),Climate-Driven
South Africa,Floods,Africa,2026,Hydrological (Climate),Climate-Driven
North Macedonia,Floods,Europe,2026,Hydrological (Climate),Climate-Driven
Malawi,Floods,Africa,2026,Hydrological (Climate),Climate-Driven
Serbia,Cold Wave,Europe,2026,Meteorological (Climate),Climate-Driven
Guatemala,Measles Outbreak,North America,2026,Biological (Non-Climate),Non-Climate
Ecuador,Floods,South America,2026,Hydrological (Climate),Climate-Driven
Zimbabwe,Floods,Africa,2026,Hydrological (Climate),Climate-Driven
Mozambique,Floods,Africa,2025,Hydrological (Climate),Climate-Driven
Chile,Wild Fires,South America,2025,Climatological (Climate),Climate-Driven
Gabon,Windstorms,Africa,2025,Meteorological (Climate),Climate-Driven
Morocco,Floods,Africa,2025,Hydrological (Climate),Climate-Driven
Bolivia,Floods,South America,2025,Hydrological (Climate),Climate-Driven
Congo,Floods,Africa,2025,Hydrological (Climate),Climate-Driven
Cuba,Arboviral Outbreak,North America,2025,Biological (Non-Climate),Non-Climate
Egypt,Floods,Africa,2025,Hydrological (Climate),Climate-Driven
Cabo Verde,Flash Floods,Africa,2025,Hydrological (Climate),Climate-Driven
South Sudan,Floods,Africa,2025,Hydrological (Climate),Climate-Driven
Sudan,Floods,Africa,2025,Hydrological (Climate),Climate-Driven
Honduras,Floods,North America,2025,Hydrological (Climate),Climate-Driven
Panama,River Pollution,North America,2025,Technological (Non-Climate),Non-Climate
Côte d'Ivoire,Cholera Outbreak,Africa,2025,Biological (Non-Climate),Non-Climate
Ghana,Cholera Outbreak,Africa,2024,Biological (Non-Climate),Non-Climate
Namibia,Drought,Africa,2024,Climatological (Climate),Climate-Driven
Niger,Diphtheria Outbreak,Africa,2023,Biological (Non-Climate),Non-Climate
Nigeria,Lassa Fever Outbreak,Africa,2023,Biological (Non-Climate),Non-Climate
Burundi,Cholera Outbreak,Africa,2023,Biological (Non-Climate),Non-Climate
Tajikistan,Floods and Avalanches,Asia,2012,Hydrological (Climate),Climate-Driven
Afghanistan,Floods and Landslides,Asia,2012,Hydrological (Climate),Climate-Driven
Sierra Leone/Guinea,Cholera Outbreak,Africa,2012,Biological (Non-Climate),Non-Climate
Papua New Guinea,Floods and Landslides,Oceania,2012,Hydrological (Climate),Climate-Driven
Fiji,Floods,Oceania,2012,Hydrological (Climate),Climate-Driven
Cameroon,Yellow Fever Outbreak,Africa,2012,Biological (Non-Climate),Non-Climate
Paraguay,Drought,South America,2012,Climatological (Climate),Climate-Driven
Afghanistan,Avalanches and Heavy Snowfalls,Asia,2012,Hydrological (Climate),Climate-Driven
Mozambique,Storms and Floods,Africa,2012,Hydrological (Climate),Climate-Driven
Bolivia,Floods,South America,2012,Hydrological (Climate),Climate-Driven
West/Central Africa,Meningitis Outbreak,Africa,2012,Biological (Non-Climate),Non-Climate
Ecuador,Floods and Landslides,South America,2012,Hydrological (Climate),Climate-Driven
Europe/Northern Africa,Cold Wave,Europe/Africa,2012,Meteorological (Climate),Climate-Driven
Brazil,Floods and Landslides,South America,2012,Hydrological (Climate),Climate-Driven
Chile,Wild Fire,South America,2011,Climatological (Climate),Climate-Driven
Philippines,Floods and Landslides,Asia,2011,Hydrological (Climate),Climate-Driven
Nepal,Cold Wave,Asia,2011,Meteorological (Climate),Climate-Driven
Angola,Cholera Outbreak,Africa,2011,Biological (Non-Climate),Non-Climate
Indonesia,Earthquake,Asia,2026,Geophysical (Non-Climate),Non-Climate
Colombia,Earthquake,South America,2026,Geophysical (Non-Climate),Non-Climate
Myanmar,Floods,Asia,2026,Hydrological (Climate),Climate-Driven
Afghanistan,Flash Floods,Asia,2026,Hydrological (Climate),Climate-Driven
India,Flash Floods,Asia,2026,Hydrological (Climate),Climate-Driven
Kyrgyzstan,Flash Floods,Asia,2026,Hydrological (Climate),Climate-Driven
Tajikistan,Floods,Asia,2026,Hydrological (Climate),Climate-Driven
Bangladesh,Flash Floods,Asia,2026,Hydrological (Climate),Climate-Driven
Georgia,Floods,Asia,2026,Hydrological (Climate),Climate-Driven
Central African Republic,Cholera Outbreak,Africa,2026,Biological (Non-Climate),Non-Climate
Venezuela,Earthquakes,South America,2026,Geophysical (Non-Climate),Non-Climate
Chad,Cholera Outbreak,Africa,2026,Biological (Non-Climate),Non-Climate
Philippines,Earthquake and Tsunami,Asia,2026,Geophysical (Non-Climate),Non-Climate
Armenia,Hailstorm,Asia,2026,Meteorological (Climate),Climate-Driven
Syria,Floods,Asia,2026,Hydrological (Climate),Climate-Driven
Central/Eastern Africa,Ebola Outbreak,Africa,2026,Biological (Non-Climate),Non-Climate
Sri Lanka,Dengue Outbreak,Asia,2026,Biological (Non-Climate),Non-Climate
Dominican Republic,Floods,North America,2026,Hydrological (Climate),Climate-Driven
Yemen,Floods,Asia,2026,Hydrological (Climate),Climate-Driven
Tanzania,Floods and Landslides,Africa,2026,Hydrological (Climate),Climate-Driven
Liberia,Windstorms,Africa,2026,Meteorological (Climate),Climate-Driven
Botswana,Floods,Africa,2026,Hydrological (Climate),Climate-Driven
Ethiopia,Floods and Landslides,Africa,2026,Hydrological (Climate),Climate-Driven
Kenya,Floods,Africa,2026,Hydrological (Climate),Climate-Driven
Suriname,Chikungunya Virus Outbreak,South America,2026,Biological (Non-Climate),Non-Climate
Brazil,Floods,South America,2026,Hydrological (Climate),Climate-Driven
Peru,Floods and Landslides,South America,2026,Hydrological (Climate),Climate-Driven
Angola,Floods,Africa,2026,Hydrological (Climate),Climate-Driven
Zambia,Cholera Outbreak,Africa,2026,Biological (Non-Climate),Non-Climate
Cameroon,Fires,Africa,2026,Technological (Non-Climate),Non-Climate
Somalia,Dengue Outbreak,Africa,2026,Biological (Non-Climate),Non-Climate
Rwanda,Flash Floods,Africa,2026,Hydrological (Climate),Climate-Driven
Algeria,Floods,Africa,2026,Hydrological (Climate),Climate-Driven
Argentina,Landslides,South America,2026,Hydrological (Climate),Climate-Driven
South Africa,Floods,Africa,2026,Hydrological (Climate),Climate-Driven
North Macedonia,Floods,Europe,2026,Hydrological (Climate),Climate-Driven
Malawi,Floods,Africa,2026,Hydrological (Climate),Climate-Driven
Serbia,Cold Wave,Europe,2026,Meteorological (Climate),Climate-Driven
Guatemala,Measles Outbreak,North America,2026,Biological (Non-Climate),Non-Climate
Ecuador,Floods,South America,2026,Hydrological (Climate),Climate-Driven
Zimbabwe,Floods,Africa,2026,Hydrological (Climate),Climate-Driven
Mozambique,Floods,Africa,2025,Hydrological (Climate),Climate-Driven
Chile,Wild Fires,South America,2025,Climatological (Climate),Climate-Driven
Gabon,Windstorms,Africa,2025,Meteorological (Climate),Climate-Driven
Morocco,Floods,Africa,2025,Hydrological (Climate),Climate-Driven
Bolivia,Floods,South America,2025,Hydrological (Climate),Climate-Driven
Congo,Floods,Africa,2025,Hydrological (Climate),Climate-Driven
Cuba,Arboviral Outbreak,North America,2025,Biological (Non-Climate),Non-Climate
Egypt,Floods,Africa,2025,Hydrological (Climate),Climate-Driven
Cabo Verde,Flash Floods,Africa,2025,Hydrological (Climate),Climate-Driven
South Sudan,Floods,Africa,2025,Hydrological (Climate),Climate-Driven
Sudan,Floods,Africa,2025,Hydrological (Climate),Climate-Driven
Honduras,Floods,North America,2025,Hydrological (Climate),Climate-Driven
Panama,River Pollution,North America,2025,Technological (Non-Climate),Non-Climate
Côte d'Ivoire,Cholera Outbreak,Africa,2025,Biological (Non-Climate),Non-Climate
Ghana,Cholera Outbreak,Africa,2024,Biological (Non-Climate),Non-Climate
Namibia,Drought,Africa,2024,Climatological (Climate),Climate-Driven
Niger,Diphtheria Outbreak,Africa,2023,Biological (Non-Climate),Non-Climate
Nigeria,Lassa Fever Outbreak,Africa,2023,Biological (Non-Climate),Non-Climate
Burundi,Cholera Outbreak,Africa,2023,Biological (Non-Climate),Non-Climate
Mexico,Earthquake,North America,2011,Geophysical (Non-Climate),Non-Climate
Angola,Floods,Africa,2011,Hydrological (Climate),Climate-Driven
Indonesia,Mt. Gamalama Volcano,Asia,2011,Geophysical (Non-Climate),Non-Climate
Tanzania,Floods and Landslides,Africa,2011,Hydrological (Climate),Climate-Driven
Mexico,Cold Wave,North America,2011,Meteorological (Climate),Climate-Driven
Indonesia,Floods and Landslides,Asia,2011,Hydrological (Climate),Climate-Driven
Guatemala,Cold Wave,North America,2011,Meteorological (Climate),Climate-Driven
Sri Lanka,Storm and Floods,Asia,2011,Hydrological (Climate),Climate-Driven
Mexico,Drought,North America,2011,Climatological (Climate),Climate-Driven
Ghana,Yellow Fever Outbreak,Africa,2011,Biological (Non-Climate),Non-Climate
Colombia,Oil Spill,South America,2011,Technological (Non-Climate),Non-Climate
Venezuela,Floods,South America,2011,Hydrological (Climate),Climate-Driven
Panama,Floods and Landslides,North America,2011,Hydrological (Climate),Climate-Driven
Peru,Floods and Landslides,South America,2011,Hydrological (Climate),Climate-Driven
China,Earthquake in Xinjiang Uygur Autonomous Region,Asia,2011,Geophysical (Non-Climate),Non-Climate
DR Congo,Floods,Africa,2011,Hydrological (Climate),Climate-Driven
Niger,Cholera Outbreak,Africa,2011,Biological (Non-Climate),Non-Climate
Turkey,Earthquakes,Asia,2011,Geophysical (Non-Climate),Non-Climate
Somalia,Floods,Africa,2011,Hydrological (Climate),Climate-Driven
Indonesia,Earthquake,Asia,2026,Geophysical (Non-Climate),Non-Climate
Colombia,Earthquake,South America,2026,Geophysical (Non-Climate),Non-Climate
Myanmar,Floods,Asia,2026,Hydrological (Climate),Climate-Driven
Afghanistan,Flash Floods,Asia,2026,Hydrological (Climate),Climate-Driven
India,Flash Floods,Asia,2026,Hydrological (Climate),Climate-Driven
Kyrgyzstan,Flash Floods,Asia,2026,Hydrological (Climate),Climate-Driven
Tajikistan,Floods,Asia,2026,Hydrological (Climate),Climate-Driven
Bangladesh,Flash Floods,Asia,2026,Hydrological (Climate),Climate-Driven
Georgia,Floods,Asia,2026,Hydrological (Climate),Climate-Driven
Central African Republic,Cholera Outbreak,Africa,2026,Biological (Non-Climate),Non-Climate
Venezuela,Earthquakes,South America,2026,Geophysical (Non-Climate),Non-Climate
Chad,Cholera Outbreak,Africa,2026,Biological (Non-Climate),Non-Climate
Philippines,Earthquake and Tsunami,Asia,2026,Geophysical (Non-Climate),Non-Climate
Armenia,Hailstorm,Asia,2026,Meteorological (Climate),Climate-Driven
Syria,Floods,Asia,2026,Hydrological (Climate),Climate-Driven
Central/Eastern Africa,Ebola Outbreak,Africa,2026,Biological (Non-Climate),Non-Climate
Sri Lanka,Dengue Outbreak,Asia,2026,Biological (Non-Climate),Non-Climate
Dominican Republic,Floods,North America,2026,Hydrological (Climate),Climate-Driven
Yemen,Floods,Asia,2026,Hydrological (Climate),Climate-Driven
Tanzania,Floods and Landslides,Africa,2026,Hydrological (Climate),Climate-Driven
Liberia,Windstorms,Africa,2026,Meteorological (Climate),Climate-Driven
Botswana,Floods,Africa,2026,Hydrological (Climate),Climate-Driven
Ethiopia,Floods and Landslides,Africa,2026,Hydrological (Climate),Climate-Driven
Kenya,Floods,Africa,2026,Hydrological (Climate),Climate-Driven
Suriname,Chikungunya Virus Outbreak,South America,2026,Biological (Non-Climate),Non-Climate
Brazil,Floods,South America,2026,Hydrological (Climate),Climate-Driven
Peru,Floods and Landslides,South America,2026,Hydrological (Climate),Climate-Driven
Angola,Floods,Africa,2026,Hydrological (Climate),Climate-Driven
Zambia,Cholera Outbreak,Africa,2026,Biological (Non-Climate),Non-Climate
Cameroon,Fires,Africa,2026,Technological (Non-Climate),Non-Climate
Somalia,Dengue Outbreak,Africa,2026,Biological (Non-Climate),Non-Climate
Rwanda,Flash Floods,Africa,2026,Hydrological (Climate),Climate-Driven
Algeria,Floods,Africa,2026,Hydrological (Climate),Climate-Driven
Argentina,Landslides,South America,2026,Hydrological (Climate),Climate-Driven
South Africa,Floods,Africa,2026,Hydrological (Climate),Climate-Driven
North Macedonia,Floods,Europe,2026,Hydrological (Climate),Climate-Driven
Malawi,Floods,Africa,2026,Hydrological (Climate),Climate-Driven
Serbia,Cold Wave,Europe,2026,Meteorological (Climate),Climate-Driven
Guatemala,Measles Outbreak,North America,2026,Biological (Non-Climate),Non-Climate
Ecuador,Floods,South America,2026,Hydrological (Climate),Climate-Driven
Zimbabwe,Floods,Africa,2026,Hydrological (Climate),Climate-Driven
Mozambique,Floods,Africa,2025,Hydrological (Climate),Climate-Driven
Chile,Wild Fires,South America,2025,Climatological (Climate),Climate-Driven
Gabon,Windstorms,Africa,2025,Meteorological (Climate),Climate-Driven
Morocco,Floods,Africa,2025,Hydrological (Climate),Climate-Driven
Bolivia,Floods,South America,2025,Hydrological (Climate),Climate-Driven
Congo,Floods,Africa,2025,Hydrological (Climate),Climate-Driven
Cuba,Arboviral Outbreak,North America,2025,Biological (Non-Climate),Non-Climate
Egypt,Floods,Africa,2025,Hydrological (Climate),Climate-Driven
Cabo Verde,Flash Floods,Africa,2025,Hydrological (Climate),Climate-Driven
South Sudan,Floods,Africa,2025,Hydrological (Climate),Climate-Driven
Sudan,Floods,Africa,2025,Hydrological (Climate),Climate-Driven
Honduras,Floods,North America,2025,Hydrological (Climate),Climate-Driven
Panama,River Pollution,North America,2025,Technological (Non-Climate),Non-Climate
Côte d'Ivoire,Cholera Outbreak,Africa,2025,Biological (Non-Climate),Non-Climate
Ghana,Cholera Outbreak,Africa,2024,Biological (Non-Climate),Non-Climate
Namibia,Drought,Africa,2024,Climatological (Climate),Climate-Driven
Niger,Diphtheria Outbreak,Africa,2023,Biological (Non-Climate),Non-Climate
Nigeria,Lassa Fever Outbreak,Africa,2023,Biological (Non-Climate),Non-Climate
Burundi,Cholera Outbreak,Africa,2023,Biological (Non-Climate),Non-Climate
Central African Republic,Floods,Africa,2011,Hydrological (Climate),Climate-Driven
Haiti,Floods,North America,2011,Hydrological (Climate),Climate-Driven
Central African Republic,Cholera Outbreak,Africa,2011,Biological (Non-Climate),Non-Climate
Cambodia,Floods,Asia,2011,Hydrological (Climate),Climate-Driven
Guatemala,Earthquakes,North America,2011,Geophysical (Non-Climate),Non-Climate
Viet Nam,Floods,Asia,2011,Hydrological (Climate),Climate-Driven
Colombia,Floods and Landslides,South America,2011,Hydrological (Climate),Climate-Driven
South Sudan,Flash Floods,Africa,2011,Hydrological (Climate),Climate-Driven
Mexico,Floods,North America,2011,Hydrological (Climate),Climate-Driven
Honduras,Storm Surge,North America,2011,Meteorological (Climate),Climate-Driven
Russian Federation,Floods,Europe,2011,Hydrological (Climate),Climate-Driven
Indonesia,Earthquake,Asia,2026,Geophysical (Non-Climate),Non-Climate
Colombia,Earthquake,South America,2026,Geophysical (Non-Climate),Non-Climate
Myanmar,Floods,Asia,2026,Hydrological (Climate),Climate-Driven
Afghanistan,Flash Floods,Asia,2026,Hydrological (Climate),Climate-Driven
India,Flash Floods,Asia,2026,Hydrological (Climate),Climate-Driven
Kyrgyzstan,Flash Floods,Asia,2026,Hydrological (Climate),Climate-Driven
Tajikistan,Floods,Asia,2026,Hydrological (Climate),Climate-Driven
Bangladesh,Flash Floods,Asia,2026,Hydrological (Climate),Climate-Driven
Georgia,Floods,Asia,2026,Hydrological (Climate),Climate-Driven
Central African Republic,Cholera Outbreak,Africa,2026,Biological (Non-Climate),Non-Climate
Venezuela,Earthquakes,South America,2026,Geophysical (Non-Climate),Non-Climate
Chad,Cholera Outbreak,Africa,2026,Biological (Non-Climate),Non-Climate
Philippines,Earthquake and Tsunami,Asia,2026,Geophysical (Non-Climate),Non-Climate
Armenia,Hailstorm,Asia,2026,Meteorological (Climate),Climate-Driven
Syria,Floods,Asia,2026,Hydrological (Climate),Climate-Driven
Central/Eastern Africa,Ebola Outbreak,Africa,2026,Biological (Non-Climate),Non-Climate
Sri Lanka,Dengue Outbreak,Asia,2026,Biological (Non-Climate),Non-Climate
Dominican Republic,Floods,North America,2026,Hydrological (Climate),Climate-Driven
Yemen,Floods,Asia,2026,Hydrological (Climate),Climate-Driven
Tanzania,Floods and Landslides,Africa,2026,Hydrological (Climate),Climate-Driven
Liberia,Windstorms,Africa,2026,Meteorological (Climate),Climate-Driven
Botswana,Floods,Africa,2026,Hydrological (Climate),Climate-Driven
Ethiopia,Floods and Landslides,Africa,2026,Hydrological (Climate),Climate-Driven
Kenya,Floods,Africa,2026,Hydrological (Climate),Climate-Driven
Suriname,Chikungunya Virus Outbreak,South America,2026,Biological (Non-Climate),Non-Climate
Brazil,Floods,South America,2026,Hydrological (Climate),Climate-Driven
Peru,Floods and Landslides,South America,2026,Hydrological (Climate),Climate-Driven
Angola,Floods,Africa,2026,Hydrological (Climate),Climate-Driven
Zambia,Cholera Outbreak,Africa,2026,Biological (Non-Climate),Non-Climate
Cameroon,Fires,Africa,2026,Technological (Non-Climate),Non-Climate
Somalia,Dengue Outbreak,Africa,2026,Biological (Non-Climate),Non-Climate
Rwanda,Flash Floods,Africa,2026,Hydrological (Climate),Climate-Driven
Algeria,Floods,Africa,2026,Hydrological (Climate),Climate-Driven
Argentina,Landslides,South America,2026,Hydrological (Climate),Climate-Driven
South Africa,Floods,Africa,2026,Hydrological (Climate),Climate-Driven
North Macedonia,Floods,Europe,2026,Hydrological (Climate),Climate-Driven
Malawi,Floods,Africa,2026,Hydrological (Climate),Climate-Driven
Serbia,Cold Wave,Europe,2026,Meteorological (Climate),Climate-Driven
Guatemala,Measles Outbreak,North America,2026,Biological (Non-Climate),Non-Climate
Ecuador,Floods,South America,2026,Hydrological (Climate),Climate-Driven
Zimbabwe,Floods,Africa,2026,Hydrological (Climate),Climate-Driven
Mozambique,Floods,Africa,2025,Hydrological (Climate),Climate-Driven
Chile,Wild Fires,South America,2025,Climatological (Climate),Climate-Driven
Gabon,Windstorms,Africa,2025,Meteorological (Climate),Climate-Driven
Morocco,Floods,Africa,2025,Hydrological (Climate),Climate-Driven
Bolivia,Floods,South America,2025,Hydrological (Climate),Climate-Driven
Congo,Floods,Africa,2025,Hydrological (Climate),Climate-Driven
Cuba,Arboviral Outbreak,North America,2025,Biological (Non-Climate),Non-Climate
Egypt,Floods,Africa,2025,Hydrological (Climate),Climate-Driven
Cabo Verde,Flash Floods,Africa,2025,Hydrological (Climate),Climate-Driven
South Sudan,Floods,Africa,2025,Hydrological (Climate),Climate-Driven
Sudan,Floods,Africa,2025,Hydrological (Climate),Climate-Driven
Honduras,Floods,North America,2025,Hydrological (Climate),Climate-Driven
Panama,River Pollution,North America,2025,Technological (Non-Climate),Non-Climate
Côte d'Ivoire,Cholera Outbreak,Africa,2025,Biological (Non-Climate),Non-Climate
Ghana,Cholera Outbreak,Africa,2024,Biological (Non-Climate),Non-Climate
Namibia,Drought,Africa,2024,Climatological (Climate),Climate-Driven
Niger,Diphtheria Outbreak,Africa,2023,Biological (Non-Climate),Non-Climate
Nigeria,Lassa Fever Outbreak,Africa,2023,Biological (Non-Climate),Non-Climate
Burundi,Cholera Outbreak,Africa,2023,Biological (Non-Climate),Non-Climate
Guatemala,Floods,North America,2011,Hydrological (Climate),Climate-Driven
Thailand,Floods,Asia,2011,Hydrological (Climate),Climate-Driven
Niger,Floods,Africa,2011,Hydrological (Climate),Climate-Driven
Kenya,Floods,Africa,2011,Hydrological (Climate),Climate-Driven
Ethiopia,Floods,Africa,2011,Hydrological (Climate),Climate-Driven
Uganda,Floods and Mudslides,Africa,2011,Hydrological (Climate),Climate-Driven
Paraguay,Severe Local Storm,South America,2011,Meteorological (Climate),Climate-Driven
Sudan,Floods,Africa,2011,Hydrological (Climate),Climate-Driven
Mali,Floods,Africa,2011,Hydrological (Climate),Climate-Driven
Guinea,Floods,Africa,2011,Hydrological (Climate),Climate-Driven
Burundi,Cholera Outbreak,Africa,2011,Biological (Non-Climate),Non-Climate
Senegal,Floods,Africa,2011,Hydrological (Climate),Climate-Driven
Pakistan,Floods,Asia,2011,Hydrological (Climate),Climate-Driven
Ecuador,Floods and Landslides,South America,2011,Hydrological (Climate),Climate-Driven
Afghanistan,Drought,Asia,2011,Climatological (Climate),Climate-Driven
Indonesia,Earthquake,Asia,2026,Geophysical (Non-Climate),Non-Climate
Colombia,Earthquake,South America,2026,Geophysical (Non-Climate),Non-Climate
Myanmar,Floods,Asia,2026,Hydrological (Climate),Climate-Driven
Afghanistan,Flash Floods,Asia,2026,Hydrological (Climate),Climate-Driven
India,Flash Floods,Asia,2026,Hydrological (Climate),Climate-Driven
Kyrgyzstan,Flash Floods,Asia,2026,Hydrological (Climate),Climate-Driven
Tajikistan,Floods,Asia,2026,Hydrological (Climate),Climate-Driven
Bangladesh,Flash Floods,Asia,2026,Hydrological (Climate),Climate-Driven
Georgia,Floods,Asia,2026,Hydrological (Climate),Climate-Driven
Central African Republic,Cholera Outbreak,Africa,2026,Biological (Non-Climate),Non-Climate
Venezuela,Earthquakes,South America,2026,Geophysical (Non-Climate),Non-Climate
Chad,Cholera Outbreak,Africa,2026,Biological (Non-Climate),Non-Climate
Philippines,Earthquake and Tsunami,Asia,2026,Geophysical (Non-Climate),Non-Climate
Armenia,Hailstorm,Asia,2026,Meteorological (Climate),Climate-Driven
Syria,Floods,Asia,2026,Hydrological (Climate),Climate-Driven
Central/Eastern Africa,Ebola Outbreak,Africa,2026,Biological (Non-Climate),Non-Climate
Sri Lanka,Dengue Outbreak,Asia,2026,Biological (Non-Climate),Non-Climate
Dominican Republic,Floods,North America,2026,Hydrological (Climate),Climate-Driven
Yemen,Floods,Asia,2026,Hydrological (Climate),Climate-Driven
Tanzania,Floods and Landslides,Africa,2026,Hydrological (Climate),Climate-Driven
Liberia,Windstorms,Africa,2026,Meteorological (Climate),Climate-Driven
Botswana,Floods,Africa,2026,Hydrological (Climate),Climate-Driven
Ethiopia,Floods and Landslides,Africa,2026,Hydrological (Climate),Climate-Driven
Kenya,Floods,Africa,2026,Hydrological (Climate),Climate-Driven
Suriname,Chikungunya Virus Outbreak,South America,2026,Biological (Non-Climate),Non-Climate
Brazil,Floods,South America,2026,Hydrological (Climate),Climate-Driven
Peru,Floods and Landslides,South America,2026,Hydrological (Climate),Climate-Driven
Angola,Floods,Africa,2026,Hydrological (Climate),Climate-Driven
Zambia,Cholera Outbreak,Africa,2026,Biological (Non-Climate),Non-Climate
Cameroon,Fires,Africa,2026,Technological (Non-Climate),Non-Climate
Somalia,Dengue Outbreak,Africa,2026,Biological (Non-Climate),Non-Climate
Rwanda,Flash Floods,Africa,2026,Hydrological (Climate),Climate-Driven
Algeria,Floods,Africa,2026,Hydrological (Climate),Climate-Driven
Argentina,Landslides,South America,2026,Hydrological (Climate),Climate-Driven
South Africa,Floods,Africa,2026,Hydrological (Climate),Climate-Driven
North Macedonia,Floods,Europe,2026,Hydrological (Climate),Climate-Driven
Malawi,Floods,Africa,2026,Hydrological (Climate),Climate-Driven
Serbia,Cold Wave,Europe,2026,Meteorological (Climate),Climate-Driven
Guatemala,Measles Outbreak,North America,2026,Biological (Non-Climate),Non-Climate
Ecuador,Floods,South America,2026,Hydrological (Climate),Climate-Driven
Zimbabwe,Floods,Africa,2026,Hydrological (Climate),Climate-Driven
Mozambique,Floods,Africa,2025,Hydrological (Climate),Climate-Driven
Chile,Wild Fires,South America,2025,Climatological (Climate),Climate-Driven
Gabon,Windstorms,Africa,2025,Meteorological (Climate),Climate-Driven
Morocco,Floods,Africa,2025,Hydrological (Climate),Climate-Driven
Bolivia,Floods,South America,2025,Hydrological (Climate),Climate-Driven
Congo,Floods,Africa,2025,Hydrological (Climate),Climate-Driven
Cuba,Arboviral Outbreak,North America,2025,Biological (Non-Climate),Non-Climate
Egypt,Floods,Africa,2025,Hydrological (Climate),Climate-Driven
Cabo Verde,Flash Floods,Africa,2025,Hydrological (Climate),Climate-Driven
South Sudan,Floods,Africa,2025,Hydrological (Climate),Climate-Driven
Sudan,Floods,Africa,2025,Hydrological (Climate),Climate-Driven
Honduras,Floods,North America,2025,Hydrological (Climate),Climate-Driven
Panama,River Pollution,North America,2025,Technological (Non-Climate),Non-Climate
Côte d'Ivoire,Cholera Outbreak,Africa,2025,Biological (Non-Climate),Non-Climate
Ghana,Cholera Outbreak,Africa,2024,Biological (Non-Climate),Non-Climate
Namibia,Drought,Africa,2024,Climatological (Climate),Climate-Driven
Niger,Diphtheria Outbreak,Africa,2023,Biological (Non-Climate),Non-Climate
Nigeria,Lassa Fever Outbreak,Africa,2023,Biological (Non-Climate),Non-Climate
Burundi,Cholera Outbreak,Africa,2023,Biological (Non-Climate),Non-Climate
Benin,Floods,Africa,2011,Hydrological (Climate),Climate-Driven
Ghana,Floods,Africa,2011,Hydrological (Climate),Climate-Driven
Chile,Cold Wave,South America,2011,Meteorological (Climate),Climate-Driven
DPR Korea,Floods,Asia,2011,Hydrological (Climate),Climate-Driven
Bolivia,Cold Wave,South America,2011,Meteorological (Climate),Climate-Driven
Zimbabwe,Cholera Outbreak,Africa,2011,Biological (Non-Climate),Non-Climate
Nigeria,Floods,Africa,2011,Hydrological (Climate),Climate-Driven
India,Floods,Asia,2011,Hydrological (Climate),Climate-Driven
Nepal,Floods and Landslides,Asia,2011,Hydrological (Climate),Climate-Driven
Bangladesh,Floods and Landslides,Asia,2011,Hydrological (Climate),Climate-Driven
Mali,Cholera Outbreak,Africa,2011,Biological (Non-Climate),Non-Climate
Myanmar,Floods,Asia,2011,Hydrological (Climate),Climate-Driven
Maldives,Dengue Outbreak,Asia,2011,Biological (Non-Climate),Non-Climate
Mexico,Tropical Storm Arlene,North America,2011,Meteorological (Climate),Climate-Driven
Nigeria,Cholera Outbreak,Africa,2011,Biological (Non-Climate),Non-Climate
Brazil,Floods and Landslides,South America,2011,Hydrological (Climate),Climate-Driven
Central African Republic,Severe Local Storm,Africa,2011,Meteorological (Climate),Climate-Driven
Indonesia,Earthquake,Asia,2026,Geophysical (Non-Climate),Non-Climate
Colombia,Earthquake,South America,2026,Geophysical (Non-Climate),Non-Climate
Myanmar,Floods,Asia,2026,Hydrological (Climate),Climate-Driven
Afghanistan,Flash Floods,Asia,2026,Hydrological (Climate),Climate-Driven
India,Flash Floods,Asia,2026,Hydrological (Climate),Climate-Driven
Kyrgyzstan,Flash Floods,Asia,2026,Hydrological (Climate),Climate-Driven
Tajikistan,Floods,Asia,2026,Hydrological (Climate),Climate-Driven
Bangladesh,Flash Floods,Asia,2026,Hydrological (Climate),Climate-Driven
Georgia,Floods,Asia,2026,Hydrological (Climate),Climate-Driven
Central African Republic,Cholera Outbreak,Africa,2026,Biological (Non-Climate),Non-Climate
Venezuela,Earthquakes,South America,2026,Geophysical (Non-Climate),Non-Climate
Chad,Cholera Outbreak,Africa,2026,Biological (Non-Climate),Non-Climate
Philippines,Earthquake and Tsunami,Asia,2026,Geophysical (Non-Climate),Non-Climate
Armenia,Hailstorm,Asia,2026,Meteorological (Climate),Climate-Driven
Syria,Floods,Asia,2026,Hydrological (Climate),Climate-Driven
Central/Eastern Africa,Ebola Outbreak,Africa,2026,Biological (Non-Climate),Non-Climate
Sri Lanka,Dengue Outbreak,Asia,2026,Biological (Non-Climate),Non-Climate
Dominican Republic,Floods,North America,2026,Hydrological (Climate),Climate-Driven
Yemen,Floods,Asia,2026,Hydrological (Climate),Climate-Driven
Tanzania,Floods and Landslides,Africa,2026,Hydrological (Climate),Climate-Driven
Liberia,Windstorms,Africa,2026,Meteorological (Climate),Climate-Driven
Botswana,Floods,Africa,2026,Hydrological (Climate),Climate-Driven
Ethiopia,Floods and Landslides,Africa,2026,Hydrological (Climate),Climate-Driven
Kenya,Floods,Africa,2026,Hydrological (Climate),Climate-Driven
Suriname,Chikungunya Virus Outbreak,South America,2026,Biological (Non-Climate),Non-Climate
Brazil,Floods,South America,2026,Hydrological (Climate),Climate-Driven
Peru,Floods and Landslides,South America,2026,Hydrological (Climate),Climate-Driven
Angola,Floods,Africa,2026,Hydrological (Climate),Climate-Driven
Zambia,Cholera Outbreak,Africa,2026,Biological (Non-Climate),Non-Climate
Cameroon,Fires,Africa,2026,Technological (Non-Climate),Non-Climate
Somalia,Dengue Outbreak,Africa,2026,Biological (Non-Climate),Non-Climate
Rwanda,Flash Floods,Africa,2026,Hydrological (Climate),Climate-Driven
Algeria,Floods,Africa,2026,Hydrological (Climate),Climate-Driven
Argentina,Landslides,South America,2026,Hydrological (Climate),Climate-Driven
South Africa,Floods,Africa,2026,Hydrological (Climate),Climate-Driven
North Macedonia,Floods,Europe,2026,Hydrological (Climate),Climate-Driven
Malawi,Floods,Africa,2026,Hydrological (Climate),Climate-Driven
Serbia,Cold Wave,Europe,2026,Meteorological (Climate),Climate-Driven
Guatemala,Measles Outbreak,North America,2026,Biological (Non-Climate),Non-Climate
Ecuador,Floods,South America,2026,Hydrological (Climate),Climate-Driven
Zimbabwe,Floods,Africa,2026,Hydrological (Climate),Climate-Driven
Mozambique,Floods,Africa,2025,Hydrological (Climate),Climate-Driven
Chile,Wild Fires,South America,2025,Climatological (Climate),Climate-Driven
Gabon,Windstorms,Africa,2025,Meteorological (Climate),Climate-Driven
Morocco,Floods,Africa,2025,Hydrological (Climate),Climate-Driven
Bolivia,Floods,South America,2025,Hydrological (Climate),Climate-Driven
Congo,Floods,Africa,2025,Hydrological (Climate),Climate-Driven
Cuba,Arboviral Outbreak,North America,2025,Biological (Non-Climate),Non-Climate
Egypt,Floods,Africa,2025,Hydrological (Climate),Climate-Driven
Cabo Verde,Flash Floods,Africa,2025,Hydrological (Climate),Climate-Driven
South Sudan,Floods,Africa,2025,Hydrological (Climate),Climate-Driven
Sudan,Floods,Africa,2025,Hydrological (Climate),Climate-Driven
Honduras,Floods,North America,2025,Hydrological (Climate),Climate-Driven
Panama,River Pollution,North America,2025,Technological (Non-Climate),Non-Climate
Côte d'Ivoire,Cholera Outbreak,Africa,2025,Biological (Non-Climate),Non-Climate
Ghana,Cholera Outbreak,Africa,2024,Biological (Non-Climate),Non-Climate
Namibia,Drought,Africa,2024,Climatological (Climate),Climate-Driven
Niger,Diphtheria Outbreak,Africa,2023,Biological (Non-Climate),Non-Climate
Nigeria,Lassa Fever Outbreak,Africa,2023,Biological (Non-Climate),Non-Climate
Burundi,Cholera Outbreak,Africa,2023,Biological (Non-Climate),Non-Climate
Georgia,Flash Floods and Landslides,Asia,2011,Hydrological (Climate),Climate-Driven
Tajikistan,Floods and Mudslides,Asia,2011,Hydrological (Climate),Climate-Driven
Chad,Polio Outbreak,Africa,2011,Biological (Non-Climate),Non-Climate
Haiti,Floods,North America,2011,Hydrological (Climate),Climate-Driven
Dominican Republic,Floods,North America,2011,Hydrological (Climate),Climate-Driven
China,Floods,Asia,2011,Hydrological (Climate),Climate-Driven
Philippines,Floods,Asia,2011,Hydrological (Climate),Climate-Driven
Republic of Congo,Chikungunya and Measles Outbreak,Africa,2011,Biological (Non-Climate),Non-Climate
Congo River,Cholera Outbreak,Africa,2011,Biological (Non-Climate),Non-Climate
Philippines,Typhoon Songda,Asia,2011,Meteorological (Climate),Climate-Driven
Peru,Cold Wave,South America,2011,Meteorological (Climate),Climate-Driven
Rwanda,Severe Local Storm,Africa,2011,Meteorological (Climate),Climate-Driven
Iraq,Flash Floods,Asia,2011,Hydrological (Climate),Climate-Driven
Uganda,Ebola Outbreak,Africa,2011,Biological (Non-Climate),Non-Climate
Spain,Earthquake,Europe,2011,Geophysical (Non-Climate),Non-Climate
Philippines,Tropical Storm Aere,Asia,2011,Meteorological (Climate),Climate-Driven
Guatemala,Floods,North America,2011,Hydrological (Climate),Climate-Driven
Saint Vincent and the Grenadines,Floods,North America,2011,Hydrological (Climate),Climate-Driven
Colombia,Floods and Landslides,South America,2011,Hydrological (Climate),Climate-Driven
USA,Storms and Tornadoes,North America,2011,Meteorological (Climate),Climate-Driven
Indonesia,Earthquake,Asia,2026,Geophysical (Non-Climate),Non-Climate
Colombia,Earthquake,South America,2026,Geophysical (Non-Climate),Non-Climate
Myanmar,Floods,Asia,2026,Hydrological (Climate),Climate-Driven
Afghanistan,Flash Floods,Asia,2026,Hydrological (Climate),Climate-Driven
India,Flash Floods,Asia,2026,Hydrological (Climate),Climate-Driven
Kyrgyzstan,Flash Floods,Asia,2026,Hydrological (Climate),Climate-Driven
Tajikistan,Floods,Asia,2026,Hydrological (Climate),Climate-Driven
Bangladesh,Flash Floods,Asia,2026,Hydrological (Climate),Climate-Driven
Georgia,Floods,Asia,2026,Hydrological (Climate),Climate-Driven
Central African Republic,Cholera Outbreak,Africa,2026,Biological (Non-Climate),Non-Climate
Venezuela,Earthquakes,South America,2026,Geophysical (Non-Climate),Non-Climate
Chad,Cholera Outbreak,Africa,2026,Biological (Non-Climate),Non-Climate
Philippines,Earthquake and Tsunami,Asia,2026,Geophysical (Non-Climate),Non-Climate
Armenia,Hailstorm,Asia,2026,Meteorological (Climate),Climate-Driven
Syria,Floods,Asia,2026,Hydrological (Climate),Climate-Driven
Central/Eastern Africa,Ebola Outbreak,Africa,2026,Biological (Non-Climate),Non-Climate
Sri Lanka,Dengue Outbreak,Asia,2026,Biological (Non-Climate),Non-Climate
Dominican Republic,Floods,North America,2026,Hydrological (Climate),Climate-Driven
Yemen,Floods,Asia,2026,Hydrological (Climate),Climate-Driven
Tanzania,Floods and Landslides,Africa,2026,Hydrological (Climate),Climate-Driven
Liberia,Windstorms,Africa,2026,Meteorological (Climate),Climate-Driven
Botswana,Floods,Africa,2026,Hydrological (Climate),Climate-Driven
Ethiopia,Floods and Landslides,Africa,2026,Hydrological (Climate),Climate-Driven
Kenya,Floods,Africa,2026,Hydrological (Climate),Climate-Driven
Suriname,Chikungunya Virus Outbreak,South America,2026,Biological (Non-Climate),Non-Climate
Brazil,Floods,South America,2026,Hydrological (Climate),Climate-Driven
Peru,Floods and Landslides,South America,2026,Hydrological (Climate),Climate-Driven
Angola,Floods,Africa,2026,Hydrological (Climate),Climate-Driven
Zambia,Cholera Outbreak,Africa,2026,Biological (Non-Climate),Non-Climate
Cameroon,Fires,Africa,2026,Technological (Non-Climate),Non-Climate
Somalia,Dengue Outbreak,Africa,2026,Biological (Non-Climate),Non-Climate
Rwanda,Flash Floods,Africa,2026,Hydrological (Climate),Climate-Driven
Algeria,Floods,Africa,2026,Hydrological (Climate),Climate-Driven
Argentina,Landslides,South America,2026,Hydrological (Climate),Climate-Driven
South Africa,Floods,Africa,2026,Hydrological (Climate),Climate-Driven
North Macedonia,Floods,Europe,2026,Hydrological (Climate),Climate-Driven
Malawi,Floods,Africa,2026,Hydrological (Climate),Climate-Driven
Serbia,Cold Wave,Europe,2026,Meteorological (Climate),Climate-Driven
Guatemala,Measles Outbreak,North America,2026,Biological (Non-Climate),Non-Climate
Ecuador,Floods,South America,2026,Hydrological (Climate),Climate-Driven
Zimbabwe,Floods,Africa,2026,Hydrological (Climate),Climate-Driven
Mozambique,Floods,Africa,2025,Hydrological (Climate),Climate-Driven
Chile,Wild Fires,South America,2025,Climatological (Climate),Climate-Driven
Gabon,Windstorms,Africa,2025,Meteorological (Climate),Climate-Driven
Morocco,Floods,Africa,2025,Hydrological (Climate),Climate-Driven
Bolivia,Floods,South America,2025,Hydrological (Climate),Climate-Driven
Congo,Floods,Africa,2025,Hydrological (Climate),Climate-Driven
Cuba,Arboviral Outbreak,North America,2025,Biological (Non-Climate),Non-Climate
Egypt,Floods,Africa,2025,Hydrological (Climate),Climate-Driven
Cabo Verde,Flash Floods,Africa,2025,Hydrological (Climate),Climate-Driven
South Sudan,Floods,Africa,2025,Hydrological (Climate),Climate-Driven
Sudan,Floods,Africa,2025,Hydrological (Climate),Climate-Driven
Honduras,Floods,North America,2025,Hydrological (Climate),Climate-Driven
Panama,River Pollution,North America,2025,Technological (Non-Climate),Non-Climate
Côte d'Ivoire,Cholera Outbreak,Africa,2025,Biological (Non-Climate),Non-Climate
Ghana,Cholera Outbreak,Africa,2024,Biological (Non-Climate),Non-Climate
Namibia,Drought,Africa,2024,Climatological (Climate),Climate-Driven
Niger,Diphtheria Outbreak,Africa,2023,Biological (Non-Climate),Non-Climate
Nigeria,Lassa Fever Outbreak,Africa,2023,Biological (Non-Climate),Non-Climate
Burundi,Cholera Outbreak,Africa,2023,Biological (Non-Climate),Non-Climate
Ecuador,Tungurahua Volcano,South America,2011,Geophysical (Non-Climate),Non-Climate
Kazakhstan,Floods,Asia,2011,Hydrological (Climate),Climate-Driven
Paraguay,Dengue Outbreak,South America,2011,Biological (Non-Climate),Non-Climate
Chad,Cholera/Measles/Meningitis Outbreak,Africa,2011,Biological (Non-Climate),Non-Climate
Myanmar,Earthquake,Asia,2011,Geophysical (Non-Climate),Non-Climate
Burundi,Floods,Africa,2011,Hydrological (Climate),Climate-Driven
Japan,Earthquake and Tsunami,Asia,2011,Geophysical (Non-Climate),Non-Climate
China,Earthquake in Yunnan Province,Asia,2011,Geophysical (Non-Climate),Non-Climate
New Zealand,Earthquake,Oceania,2011,Geophysical (Non-Climate),Non-Climate
Madagascar,Cyclone Bingiza,Africa,2011,Meteorological (Climate),Climate-Driven
Afghanistan,Floods and Heavy Snowfalls,Asia,2011,Hydrological (Climate),Climate-Driven
Mexico,Cold Wave,North America,2011,Meteorological (Climate),Climate-Driven
Australia,Wild Fire,Oceania,2011,Climatological (Climate),Climate-Driven
Malaysia,Floods,Asia,2011,Hydrological (Climate),Climate-Driven
Bolivia,Floods and Landslides,South America,2011,Hydrological (Climate),Climate-Driven
Southern Africa,Floods,Africa,2011,Hydrological (Climate),Climate-Driven
Indonesia,Mt. Bromo Volcano,Asia,2010,Geophysical (Non-Climate),Non-Climate
Indonesia,Earthquake,Asia,2026,Geophysical (Non-Climate),Non-Climate
Colombia,Earthquake,South America,2026,Geophysical (Non-Climate),Non-Climate
Myanmar,Floods,Asia,2026,Hydrological (Climate),Climate-Driven
Afghanistan,Flash Floods,Asia,2026,Hydrological (Climate),Climate-Driven
India,Flash Floods,Asia,2026,Hydrological (Climate),Climate-Driven
Kyrgyzstan,Flash Floods,Asia,2026,Hydrological (Climate),Climate-Driven
Tajikistan,Floods,Asia,2026,Hydrological (Climate),Climate-Driven
Bangladesh,Flash Floods,Asia,2026,Hydrological (Climate),Climate-Driven
Georgia,Floods,Asia,2026,Hydrological (Climate),Climate-Driven
Central African Republic,Cholera Outbreak,Africa,2026,Biological (Non-Climate),Non-Climate
Venezuela,Earthquakes,South America,2026,Geophysical (Non-Climate),Non-Climate
Chad,Cholera Outbreak,Africa,2026,Biological (Non-Climate),Non-Climate
Philippines,Earthquake and Tsunami,Asia,2026,Geophysical (Non-Climate),Non-Climate
Armenia,Hailstorm,Asia,2026,Meteorological (Climate),Climate-Driven
Syria,Floods,Asia,2026,Hydrological (Climate),Climate-Driven
Central/Eastern Africa,Ebola Outbreak,Africa,2026,Biological (Non-Climate),Non-Climate
Sri Lanka,Dengue Outbreak,Asia,2026,Biological (Non-Climate),Non-Climate
Dominican Republic,Floods,North America,2026,Hydrological (Climate),Climate-Driven
Yemen,Floods,Asia,2026,Hydrological (Climate),Climate-Driven
Tanzania,Floods and Landslides,Africa,2026,Hydrological (Climate),Climate-Driven
Liberia,Windstorms,Africa,2026,Meteorological (Climate),Climate-Driven
Botswana,Floods,Africa,2026,Hydrological (Climate),Climate-Driven
Ethiopia,Floods and Landslides,Africa,2026,Hydrological (Climate),Climate-Driven
Kenya,Floods,Africa,2026,Hydrological (Climate),Climate-Driven
Suriname,Chikungunya Virus Outbreak,South America,2026,Biological (Non-Climate),Non-Climate
Brazil,Floods,South America,2026,Hydrological (Climate),Climate-Driven
Peru,Floods and Landslides,South America,2026,Hydrological (Climate),Climate-Driven
Angola,Floods,Africa,2026,Hydrological (Climate),Climate-Driven
Zambia,Cholera Outbreak,Africa,2026,Biological (Non-Climate),Non-Climate
Cameroon,Fires,Africa,2026,Technological (Non-Climate),Non-Climate
Somalia,Dengue Outbreak,Africa,2026,Biological (Non-Climate),Non-Climate
Rwanda,Flash Floods,Africa,2026,Hydrological (Climate),Climate-Driven
Algeria,Floods,Africa,2026,Hydrological (Climate),Climate-Driven
Argentina,Landslides,South America,2026,Hydrological (Climate),Climate-Driven
South Africa,Floods,Africa,2026,Hydrological (Climate),Climate-Driven
North Macedonia,Floods,Europe,2026,Hydrological (Climate),Climate-Driven
Malawi,Floods,Africa,2026,Hydrological (Climate),Climate-Driven
Serbia,Cold Wave,Europe,2026,Meteorological (Climate),Climate-Driven
Guatemala,Measles Outbreak,North America,2026,Biological (Non-Climate),Non-Climate
Ecuador,Floods,South America,2026,Hydrological (Climate),Climate-Driven
Zimbabwe,Floods,Africa,2026,Hydrological (Climate),Climate-Driven
Mozambique,Floods,Africa,2025,Hydrological (Climate),Climate-Driven
Chile,Wild Fires,South America,2025,Climatological (Climate),Climate-Driven
Gabon,Windstorms,Africa,2025,Meteorological (Climate),Climate-Driven
Morocco,Floods,Africa,2025,Hydrological (Climate),Climate-Driven
Bolivia,Floods,South America,2025,Hydrological (Climate),Climate-Driven
Congo,Floods,Africa,2025,Hydrological (Climate),Climate-Driven
Cuba,Arboviral Outbreak,North America,2025,Biological (Non-Climate),Non-Climate
Egypt,Floods,Africa,2025,Hydrological (Climate),Climate-Driven
Cabo Verde,Flash Floods,Africa,2025,Hydrological (Climate),Climate-Driven
South Sudan,Floods,Africa,2025,Hydrological (Climate),Climate-Driven
Sudan,Floods,Africa,2025,Hydrological (Climate),Climate-Driven
Honduras,Floods,North America,2025,Hydrological (Climate),Climate-Driven
Panama,River Pollution,North America,2025,Technological (Non-Climate),Non-Climate
Côte d'Ivoire,Cholera Outbreak,Africa,2025,Biological (Non-Climate),Non-Climate
Ghana,Cholera Outbreak,Africa,2024,Biological (Non-Climate),Non-Climate
Namibia,Drought,Africa,2024,Climatological (Climate),Climate-Driven
Niger,Diphtheria Outbreak,Africa,2023,Biological (Non-Climate),Non-Climate
Nigeria,Lassa Fever Outbreak,Africa,2023,Biological (Non-Climate),Non-Climate
Burundi,Cholera Outbreak,Africa,2023,Biological (Non-Climate),Non-Climate
Honduras,Floods,North America,2011,Hydrological (Climate),Climate-Driven
Vanuatu,Tropical Cyclone Vania,Oceania,2011,Meteorological (Climate),Climate-Driven
Bangladesh,Cold Wave,Asia,2011,Meteorological (Climate),Climate-Driven
China,Cold Wave,Asia,2011,Meteorological (Climate),Climate-Driven
Cameroon,Cholera Outbreak,Africa,2011,Biological (Non-Climate),Non-Climate
Gabon,Floods and Violent Winds,Africa,2010,Hydrological (Climate),Climate-Driven
Brazil,Floods and Landslides,South America,2010,Hydrological (Climate),Climate-Driven
Guatemala,Cold Wave,North America,2010,Meteorological (Climate),Climate-Driven
Kenya,Measles Outbreak,Africa,2010,Biological (Non-Climate),Non-Climate
Australia,Floods,Oceania,2010,Hydrological (Climate),Climate-Driven
Ecuador,Floods and Landslides,South America,2010,Hydrological (Climate),Climate-Driven
Iran,Earthquakes,Asia,2010,Geophysical (Non-Climate),Non-Climate
Costa Rica,Floods,North America,2010,Hydrological (Climate),Climate-Driven
India,Floods,Asia,2010,Hydrological (Climate),Climate-Driven
China,Wildfire,Asia,2010,Climatological (Climate),Climate-Driven
Israel,Wild Fire,Asia,2010,Climatological (Climate),Climate-Driven
Morocco,Floods,Africa,2010,Hydrological (Climate),Climate-Driven
Angola,Floods,Africa,2010,Hydrological (Climate),Climate-Driven
Venezuela,Floods and Landslides,South America,2010,Hydrological (Climate),Climate-Driven
Central/Southern Europe,Floods,Europe,2010,Hydrological (Climate),Climate-Driven
Indonesia,Earthquake,Asia,2026,Geophysical (Non-Climate),Non-Climate
Colombia,Earthquake,South America,2026,Geophysical (Non-Climate),Non-Climate
Myanmar,Floods,Asia,2026,Hydrological (Climate),Climate-Driven
Afghanistan,Flash Floods,Asia,2026,Hydrological (Climate),Climate-Driven
India,Flash Floods,Asia,2026,Hydrological (Climate),Climate-Driven
Kyrgyzstan,Flash Floods,Asia,2026,Hydrological (Climate),Climate-Driven
Tajikistan,Floods,Asia,2026,Hydrological (Climate),Climate-Driven
Bangladesh,Flash Floods,Asia,2026,Hydrological (Climate),Climate-Driven
Georgia,Floods,Asia,2026,Hydrological (Climate),Climate-Driven
Central African Republic,Cholera Outbreak,Africa,2026,Biological (Non-Climate),Non-Climate
Venezuela,Earthquakes,South America,2026,Geophysical (Non-Climate),Non-Climate
Chad,Cholera Outbreak,Africa,2026,Biological (Non-Climate),Non-Climate
Philippines,Earthquake and Tsunami,Asia,2026,Geophysical (Non-Climate),Non-Climate
Armenia,Hailstorm,Asia,2026,Meteorological (Climate),Climate-Driven
Syria,Floods,Asia,2026,Hydrological (Climate),Climate-Driven
Central/Eastern Africa,Ebola Outbreak,Africa,2026,Biological (Non-Climate),Non-Climate
Sri Lanka,Dengue Outbreak,Asia,2026,Biological (Non-Climate),Non-Climate
Dominican Republic,Floods,North America,2026,Hydrological (Climate),Climate-Driven
Yemen,Floods,Asia,2026,Hydrological (Climate),Climate-Driven
Tanzania,Floods and Landslides,Africa,2026,Hydrological (Climate),Climate-Driven
Liberia,Windstorms,Africa,2026,Meteorological (Climate),Climate-Driven
Botswana,Floods,Africa,2026,Hydrological (Climate),Climate-Driven
Ethiopia,Floods and Landslides,Africa,2026,Hydrological (Climate),Climate-Driven
Kenya,Floods,Africa,2026,Hydrological (Climate),Climate-Driven
Suriname,Chikungunya Virus Outbreak,South America,2026,Biological (Non-Climate),Non-Climate
Brazil,Floods,South America,2026,Hydrological (Climate),Climate-Driven
Peru,Floods and Landslides,South America,2026,Hydrological (Climate),Climate-Driven
Angola,Floods,Africa,2026,Hydrological (Climate),Climate-Driven
Zambia,Cholera Outbreak,Africa,2026,Biological (Non-Climate),Non-Climate
Cameroon,Fires,Africa,2026,Technological (Non-Climate),Non-Climate
Somalia,Dengue Outbreak,Africa,2026,Biological (Non-Climate),Non-Climate
Rwanda,Flash Floods,Africa,2026,Hydrological (Climate),Climate-Driven
Algeria,Floods,Africa,2026,Hydrological (Climate),Climate-Driven
Argentina,Landslides,South America,2026,Hydrological (Climate),Climate-Driven
South Africa,Floods,Africa,2026,Hydrological (Climate),Climate-Driven
North Macedonia,Floods,Europe,2026,Hydrological (Climate),Climate-Driven
Malawi,Floods,Africa,2026,Hydrological (Climate),Climate-Driven
Serbia,Cold Wave,Europe,2026,Meteorological (Climate),Climate-Driven
Guatemala,Measles Outbreak,North America,2026,Biological (Non-Climate),Non-Climate
Ecuador,Floods,South America,2026,Hydrological (Climate),Climate-Driven
Zimbabwe,Floods,Africa,2026,Hydrological (Climate),Climate-Driven
Mozambique,Floods,Africa,2025,Hydrological (Climate),Climate-Driven
Chile,Wild Fires,South America,2025,Climatological (Climate),Climate-Driven
Gabon,Windstorms,Africa,2025,Meteorological (Climate),Climate-Driven
Morocco,Floods,Africa,2025,Hydrological (Climate),Climate-Driven
Bolivia,Floods,South America,2025,Hydrological (Climate),Climate-Driven
Congo,Floods,Africa,2025,Hydrological (Climate),Climate-Driven
Cuba,Arboviral Outbreak,North America,2025,Biological (Non-Climate),Non-Climate
Egypt,Floods,Africa,2025,Hydrological (Climate),Climate-Driven
Cabo Verde,Flash Floods,Africa,2025,Hydrological (Climate),Climate-Driven
South Sudan,Floods,Africa,2025,Hydrological (Climate),Climate-Driven
Sudan,Floods,Africa,2025,Hydrological (Climate),Climate-Driven
Honduras,Floods,North America,2025,Hydrological (Climate),Climate-Driven
Panama,River Pollution,North America,2025,Technological (Non-Climate),Non-Climate
Côte d'Ivoire,Cholera Outbreak,Africa,2025,Biological (Non-Climate),Non-Climate
Ghana,Cholera Outbreak,Africa,2024,Biological (Non-Climate),Non-Climate
Namibia,Drought,Africa,2024,Climatological (Climate),Climate-Driven
Niger,Diphtheria Outbreak,Africa,2023,Biological (Non-Climate),Non-Climate
Nigeria,Lassa Fever Outbreak,Africa,2023,Biological (Non-Climate),Non-Climate
Burundi,Cholera Outbreak,Africa,2023,Biological (Non-Climate),Non-Climate
Panama,Floods,North America,2010,Hydrological (Climate),Climate-Driven
Philippines,Mt. Bulusan Volcano,Asia,2010,Geophysical (Non-Climate),Non-Climate
Philippines,Floods and Landslides,Asia,2010,Hydrological (Climate),Climate-Driven
Serbia,Earthquake,Europe,2010,Geophysical (Non-Climate),Non-Climate
Indonesia,Sumatra Earthquakes and Tsunami,Asia,2010,Geophysical (Non-Climate),Non-Climate
Indonesia,Mt. Merapi Volcano,Asia,2010,Geophysical (Non-Climate),Non-Climate
Russian Federation,Floods,Europe,2010,Hydrological (Climate),Climate-Driven
Peru,Floods and Mudslides,South America,2010,Hydrological (Climate),Climate-Driven
Saint Lucia,Flash Floods,North America,2010,Hydrological (Climate),Climate-Driven
Virgin Islands,Tropical Storm Otto,North America,2010,Meteorological (Climate),Climate-Driven
Viet Nam,Floods,Asia,2010,Hydrological (Climate),Climate-Driven
Sri Lanka,Floods,Asia,2010,Hydrological (Climate),Climate-Driven
Hungary,Toxic Spill,Europe,2010,Technological (Non-Climate),Non-Climate
Indonesia,Earthquake,Asia,2026,Geophysical (Non-Climate),Non-Climate
Colombia,Earthquake,South America,2026,Geophysical (Non-Climate),Non-Climate
Myanmar,Floods,Asia,2026,Hydrological (Climate),Climate-Driven
Afghanistan,Flash Floods,Asia,2026,Hydrological (Climate),Climate-Driven
India,Flash Floods,Asia,2026,Hydrological (Climate),Climate-Driven
Kyrgyzstan,Flash Floods,Asia,2026,Hydrological (Climate),Climate-Driven
Tajikistan,Floods,Asia,2026,Hydrological (Climate),Climate-Driven
Bangladesh,Flash Floods,Asia,2026,Hydrological (Climate),Climate-Driven
Georgia,Floods,Asia,2026,Hydrological (Climate),Climate-Driven
Central African Republic,Cholera Outbreak,Africa,2026,Biological (Non-Climate),Non-Climate
Venezuela,Earthquakes,South America,2026,Geophysical (Non-Climate),Non-Climate
Chad,Cholera Outbreak,Africa,2026,Biological (Non-Climate),Non-Climate
Philippines,Earthquake and Tsunami,Asia,2026,Geophysical (Non-Climate),Non-Climate
Armenia,Hailstorm,Asia,2026,Meteorological (Climate),Climate-Driven
Syria,Floods,Asia,2026,Hydrological (Climate),Climate-Driven
Central/Eastern Africa,Ebola Outbreak,Africa,2026,Biological (Non-Climate),Non-Climate
Sri Lanka,Dengue Outbreak,Asia,2026,Biological (Non-Climate),Non-Climate
Dominican Republic,Floods,North America,2026,Hydrological (Climate),Climate-Driven
Yemen,Floods,Asia,2026,Hydrological (Climate),Climate-Driven
Tanzania,Floods and Landslides,Africa,2026,Hydrological (Climate),Climate-Driven
Liberia,Windstorms,Africa,2026,Meteorological (Climate),Climate-Driven
Botswana,Floods,Africa,2026,Hydrological (Climate),Climate-Driven
Ethiopia,Floods and Landslides,Africa,2026,Hydrological (Climate),Climate-Driven
Kenya,Floods,Africa,2026,Hydrological (Climate),Climate-Driven
Suriname,Chikungunya Virus Outbreak,South America,2026,Biological (Non-Climate),Non-Climate
Brazil,Floods,South America,2026,Hydrological (Climate),Climate-Driven
Peru,Floods and Landslides,South America,2026,Hydrological (Climate),Climate-Driven
Angola,Floods,Africa,2026,Hydrological (Climate),Climate-Driven
Zambia,Cholera Outbreak,Africa,2026,Biological (Non-Climate),Non-Climate
Cameroon,Fires,Africa,2026,Technological (Non-Climate),Non-Climate
Somalia,Dengue Outbreak,Africa,2026,Biological (Non-Climate),Non-Climate
Rwanda,Flash Floods,Africa,2026,Hydrological (Climate),Climate-Driven
Algeria,Floods,Africa,2026,Hydrological (Climate),Climate-Driven
Argentina,Landslides,South America,2026,Hydrological (Climate),Climate-Driven
South Africa,Floods,Africa,2026,Hydrological (Climate),Climate-Driven
North Macedonia,Floods,Europe,2026,Hydrological (Climate),Climate-Driven
Malawi,Floods,Africa,2026,Hydrological (Climate),Climate-Driven
Serbia,Cold Wave,Europe,2026,Meteorological (Climate),Climate-Driven
Guatemala,Measles Outbreak,North America,2026,Biological (Non-Climate),Non-Climate
Ecuador,Floods,South America,2026,Hydrological (Climate),Climate-Driven
Zimbabwe,Floods,Africa,2026,Hydrological (Climate),Climate-Driven
Mozambique,Floods,Africa,2025,Hydrological (Climate),Climate-Driven
Chile,Wild Fires,South America,2025,Climatological (Climate),Climate-Driven
Gabon,Windstorms,Africa,2025,Meteorological (Climate),Climate-Driven
Morocco,Floods,Africa,2025,Hydrological (Climate),Climate-Driven
Bolivia,Floods,South America,2025,Hydrological (Climate),Climate-Driven
Congo,Floods,Africa,2025,Hydrological (Climate),Climate-Driven
Cuba,Arboviral Outbreak,North America,2025,Biological (Non-Climate),Non-Climate
Egypt,Floods,Africa,2025,Hydrological (Climate),Climate-Driven
Cabo Verde,Flash Floods,Africa,2025,Hydrological (Climate),Climate-Driven
South Sudan,Floods,Africa,2025,Hydrological (Climate),Climate-Driven
Sudan,Floods,Africa,2025,Hydrological (Climate),Climate-Driven
Honduras,Floods,North America,2025,Hydrological (Climate),Climate-Driven
Panama,River Pollution,North America,2025,Technological (Non-Climate),Non-Climate
Côte d'Ivoire,Cholera Outbreak,Africa,2025,Biological (Non-Climate),Non-Climate
Ghana,Cholera Outbreak,Africa,2024,Biological (Non-Climate),Non-Climate
Namibia,Drought,Africa,2024,Climatological (Climate),Climate-Driven
Niger,Diphtheria Outbreak,Africa,2023,Biological (Non-Climate),Non-Climate
Nigeria,Lassa Fever Outbreak,Africa,2023,Biological (Non-Climate),Non-Climate
Burundi,Cholera Outbreak,Africa,2023,Biological (Non-Climate),Non-Climate
Colombia,Floods and Landslides,South America,2010,Hydrological (Climate),Climate-Driven
Haiti,Storm,North America,2010,Meteorological (Climate),Climate-Driven
Ecuador,Violent Winds,South America,2010,Meteorological (Climate),Climate-Driven
Bolivia,Violent Winds,South America,2010,Meteorological (Climate),Climate-Driven
Mali,Floods,Africa,2010,Hydrological (Climate),Climate-Driven
Paraguay,Severe Local Storm,South America,2010,Meteorological (Climate),Climate-Driven
Mexico,Hurricane Karl,North America,2010,Meteorological (Climate),Climate-Driven
Mauritania,Floods,Africa,2010,Hydrological (Climate),Climate-Driven
Kenya,Floods,Africa,2010,Hydrological (Climate),Climate-Driven
Indonesia,Mt. Sinabung Volcano,Asia,2010,Geophysical (Non-Climate),Non-Climate
Turkey,Landslide,Asia,2010,Hydrological (Climate),Climate-Driven
Chad,Cholera Outbreak,Africa,2010,Biological (Non-Climate),Non-Climate
Bolivia,Wild Fires,South America,2010,Climatological (Climate),Climate-Driven
Central America,Floods,North America,2010,Hydrological (Climate),Climate-Driven
Malaysia,Floods,Asia,2010,Hydrological (Climate),Climate-Driven
Philippines,Tropical Storm Dianmu,Asia,2010,Meteorological (Climate),Climate-Driven
Indonesia,Earthquake,Asia,2026,Geophysical (Non-Climate),Non-Climate
Colombia,Earthquake,South America,2026,Geophysical (Non-Climate),Non-Climate
Myanmar,Floods,Asia,2026,Hydrological (Climate),Climate-Driven
Afghanistan,Flash Floods,Asia,2026,Hydrological (Climate),Climate-Driven
India,Flash Floods,Asia,2026,Hydrological (Climate),Climate-Driven
Kyrgyzstan,Flash Floods,Asia,2026,Hydrological (Climate),Climate-Driven
Tajikistan,Floods,Asia,2026,Hydrological (Climate),Climate-Driven
Bangladesh,Flash Floods,Asia,2026,Hydrological (Climate),Climate-Driven
Georgia,Floods,Asia,2026,Hydrological (Climate),Climate-Driven
Central African Republic,Cholera Outbreak,Africa,2026,Biological (Non-Climate),Non-Climate
Venezuela,Earthquakes,South America,2026,Geophysical (Non-Climate),Non-Climate
Chad,Cholera Outbreak,Africa,2026,Biological (Non-Climate),Non-Climate
Philippines,Earthquake and Tsunami,Asia,2026,Geophysical (Non-Climate),Non-Climate
Armenia,Hailstorm,Asia,2026,Meteorological (Climate),Climate-Driven
Syria,Floods,Asia,2026,Hydrological (Climate),Climate-Driven
Central/Eastern Africa,Ebola Outbreak,Africa,2026,Biological (Non-Climate),Non-Climate
Sri Lanka,Dengue Outbreak,Asia,2026,Biological (Non-Climate),Non-Climate
Dominican Republic,Floods,North America,2026,Hydrological (Climate),Climate-Driven
Yemen,Floods,Asia,2026,Hydrological (Climate),Climate-Driven
Tanzania,Floods and Landslides,Africa,2026,Hydrological (Climate),Climate-Driven
Liberia,Windstorms,Africa,2026,Meteorological (Climate),Climate-Driven
Botswana,Floods,Africa,2026,Hydrological (Climate),Climate-Driven
Ethiopia,Floods and Landslides,Africa,2026,Hydrological (Climate),Climate-Driven
Kenya,Floods,Africa,2026,Hydrological (Climate),Climate-Driven
Suriname,Chikungunya Virus Outbreak,South America,2026,Biological (Non-Climate),Non-Climate
Brazil,Floods,South America,2026,Hydrological (Climate),Climate-Driven
Peru,Floods and Landslides,South America,2026,Hydrological (Climate),Climate-Driven
Angola,Floods,Africa,2026,Hydrological (Climate),Climate-Driven
Zambia,Cholera Outbreak,Africa,2026,Biological (Non-Climate),Non-Climate
Cameroon,Fires,Africa,2026,Technological (Non-Climate),Non-Climate
Somalia,Dengue Outbreak,Africa,2026,Biological (Non-Climate),Non-Climate
Rwanda,Flash Floods,Africa,2026,Hydrological (Climate),Climate-Driven
Algeria,Floods,Africa,2026,Hydrological (Climate),Climate-Driven
Argentina,Landslides,South America,2026,Hydrological (Climate),Climate-Driven
South Africa,Floods,Africa,2026,Hydrological (Climate),Climate-Driven
North Macedonia,Floods,Europe,2026,Hydrological (Climate),Climate-Driven
Malawi,Floods,Africa,2026,Hydrological (Climate),Climate-Driven
Serbia,Cold Wave,Europe,2026,Meteorological (Climate),Climate-Driven
Guatemala,Measles Outbreak,North America,2026,Biological (Non-Climate),Non-Climate
Ecuador,Floods,South America,2026,Hydrological (Climate),Climate-Driven
Zimbabwe,Floods,Africa,2026,Hydrological (Climate),Climate-Driven
Mozambique,Floods,Africa,2025,Hydrological (Climate),Climate-Driven
Chile,Wild Fires,South America,2025,Climatological (Climate),Climate-Driven
Gabon,Windstorms,Africa,2025,Meteorological (Climate),Climate-Driven
Morocco,Floods,Africa,2025,Hydrological (Climate),Climate-Driven
Bolivia,Floods,South America,2025,Hydrological (Climate),Climate-Driven
Congo,Floods,Africa,2025,Hydrological (Climate),Climate-Driven
Cuba,Arboviral Outbreak,North America,2025,Biological (Non-Climate),Non-Climate
Egypt,Floods,Africa,2025,Hydrological (Climate),Climate-Driven
Cabo Verde,Flash Floods,Africa,2025,Hydrological (Climate),Climate-Driven
South Sudan,Floods,Africa,2025,Hydrological (Climate),Climate-Driven
Sudan,Floods,Africa,2025,Hydrological (Climate),Climate-Driven
Honduras,Floods,North America,2025,Hydrological (Climate),Climate-Driven
Panama,River Pollution,North America,2025,Technological (Non-Climate),Non-Climate
Côte d'Ivoire,Cholera Outbreak,Africa,2025,Biological (Non-Climate),Non-Climate
Ghana,Cholera Outbreak,Africa,2024,Biological (Non-Climate),Non-Climate
Namibia,Drought,Africa,2024,Climatological (Climate),Climate-Driven
Niger,Diphtheria Outbreak,Africa,2023,Biological (Non-Climate),Non-Climate
Nigeria,Lassa Fever Outbreak,Africa,2023,Biological (Non-Climate),Non-Climate
Burundi,Cholera Outbreak,Africa,2023,Biological (Non-Climate),Non-Climate
DPR Korea,Floods,Asia,2010,Hydrological (Climate),Climate-Driven
Thailand,Floods,Asia,2010,Hydrological (Climate),Climate-Driven
DR Congo,Floods,Africa,2010,Hydrological (Climate),Climate-Driven
Iran,Earthquake,Asia,2010,Geophysical (Non-Climate),Non-Climate
Russian Federation,Wild Fires/Heatwave,Europe,2010,Climatological (Climate),Climate-Driven
Mexico,Floods and Landslides,North America,2010,Hydrological (Climate),Climate-Driven
Peru,Cold Wave,South America,2010,Meteorological (Climate),Climate-Driven
Central America,Floods and Landslides,North America,2010,Hydrological (Climate),Climate-Driven
Nigeria,Cholera Outbreak,Africa,2010,Biological (Non-Climate),Non-Climate
Pakistan,Floods,Asia,2010,Hydrological (Climate),Climate-Driven
Ethiopia,Floods,Africa,2010,Hydrological (Climate),Climate-Driven
Yemen,Floods,Asia,2010,Hydrological (Climate),Climate-Driven
Sudan,Floods,Africa,2010,Hydrological (Climate),Climate-Driven
India,Floods,Asia,2010,Hydrological (Climate),Climate-Driven
Nepal,Floods and Landslides,Asia,2010,Hydrological (Climate),Climate-Driven
Dominican Republic,Floods,North America,2010,Hydrological (Climate),Climate-Driven
Brazil,Floods,South America,2010,Hydrological (Climate),Climate-Driven
Indonesia,Earthquake,Asia,2026,Geophysical (Non-Climate),Non-Climate
Colombia,Earthquake,South America,2026,Geophysical (Non-Climate),Non-Climate
Myanmar,Floods,Asia,2026,Hydrological (Climate),Climate-Driven
Afghanistan,Flash Floods,Asia,2026,Hydrological (Climate),Climate-Driven
India,Flash Floods,Asia,2026,Hydrological (Climate),Climate-Driven
Kyrgyzstan,Flash Floods,Asia,2026,Hydrological (Climate),Climate-Driven
Tajikistan,Floods,Asia,2026,Hydrological (Climate),Climate-Driven
Bangladesh,Flash Floods,Asia,2026,Hydrological (Climate),Climate-Driven
Georgia,Floods,Asia,2026,Hydrological (Climate),Climate-Driven
Central African Republic,Cholera Outbreak,Africa,2026,Biological (Non-Climate),Non-Climate
Venezuela,Earthquakes,South America,2026,Geophysical (Non-Climate),Non-Climate
Chad,Cholera Outbreak,Africa,2026,Biological (Non-Climate),Non-Climate
Philippines,Earthquake and Tsunami,Asia,2026,Geophysical (Non-Climate),Non-Climate
Armenia,Hailstorm,Asia,2026,Meteorological (Climate),Climate-Driven
Syria,Floods,Asia,2026,Hydrological (Climate),Climate-Driven
Central/Eastern Africa,Ebola Outbreak,Africa,2026,Biological (Non-Climate),Non-Climate
Sri Lanka,Dengue Outbreak,Asia,2026,Biological (Non-Climate),Non-Climate
Dominican Republic,Floods,North America,2026,Hydrological (Climate),Climate-Driven
Yemen,Floods,Asia,2026,Hydrological (Climate),Climate-Driven
Tanzania,Floods and Landslides,Africa,2026,Hydrological (Climate),Climate-Driven
Liberia,Windstorms,Africa,2026,Meteorological (Climate),Climate-Driven
Botswana,Floods,Africa,2026,Hydrological (Climate),Climate-Driven
Ethiopia,Floods and Landslides,Africa,2026,Hydrological (Climate),Climate-Driven
Kenya,Floods,Africa,2026,Hydrological (Climate),Climate-Driven
Suriname,Chikungunya Virus Outbreak,South America,2026,Biological (Non-Climate),Non-Climate
Brazil,Floods,South America,2026,Hydrological (Climate),Climate-Driven
Peru,Floods and Landslides,South America,2026,Hydrological (Climate),Climate-Driven
Angola,Floods,Africa,2026,Hydrological (Climate),Climate-Driven
Zambia,Cholera Outbreak,Africa,2026,Biological (Non-Climate),Non-Climate
Cameroon,Fires,Africa,2026,Technological (Non-Climate),Non-Climate
Somalia,Dengue Outbreak,Africa,2026,Biological (Non-Climate),Non-Climate
Rwanda,Flash Floods,Africa,2026,Hydrological (Climate),Climate-Driven
Algeria,Floods,Africa,2026,Hydrological (Climate),Climate-Driven
Argentina,Landslides,South America,2026,Hydrological (Climate),Climate-Driven
South Africa,Floods,Africa,2026,Hydrological (Climate),Climate-Driven
North Macedonia,Floods,Europe,2026,Hydrological (Climate),Climate-Driven
Malawi,Floods,Africa,2026,Hydrological (Climate),Climate-Driven
Serbia,Cold Wave,Europe,2026,Meteorological (Climate),Climate-Driven
Guatemala,Measles Outbreak,North America,2026,Biological (Non-Climate),Non-Climate
Ecuador,Floods,South America,2026,Hydrological (Climate),Climate-Driven
Zimbabwe,Floods,Africa,2026,Hydrological (Climate),Climate-Driven
Mozambique,Floods,Africa,2025,Hydrological (Climate),Climate-Driven
Chile,Wild Fires,South America,2025,Climatological (Climate),Climate-Driven
Gabon,Windstorms,Africa,2025,Meteorological (Climate),Climate-Driven
Morocco,Floods,Africa,2025,Hydrological (Climate),Climate-Driven
Bolivia,Floods,South America,2025,Hydrological (Climate),Climate-Driven
Congo,Floods,Africa,2025,Hydrological (Climate),Climate-Driven
Cuba,Arboviral Outbreak,North America,2025,Biological (Non-Climate),Non-Climate
Egypt,Floods,Africa,2025,Hydrological (Climate),Climate-Driven
Cabo Verde,Flash Floods,Africa,2025,Hydrological (Climate),Climate-Driven
South Sudan,Floods,Africa,2025,Hydrological (Climate),Climate-Driven
Sudan,Floods,Africa,2025,Hydrological (Climate),Climate-Driven
Honduras,Floods,North America,2025,Hydrological (Climate),Climate-Driven
Panama,River Pollution,North America,2025,Technological (Non-Climate),Non-Climate
Côte d'Ivoire,Cholera Outbreak,Africa,2025,Biological (Non-Climate),Non-Climate
Ghana,Cholera Outbreak,Africa,2024,Biological (Non-Climate),Non-Climate
Namibia,Drought,Africa,2024,Climatological (Climate),Climate-Driven
Niger,Diphtheria Outbreak,Africa,2023,Biological (Non-Climate),Non-Climate
Nigeria,Lassa Fever Outbreak,Africa,2023,Biological (Non-Climate),Non-Climate
Burundi,Cholera Outbreak,Africa,2023,Biological (Non-Climate),Non-Climate
West/Central Africa,Floods,Africa,2010,Hydrological (Climate),Climate-Driven
Panama,Floods,North America,2010,Hydrological (Climate),Climate-Driven
Gabon,Chikungunya and Dengue Outbreaks,Africa,2010,Biological (Non-Climate),Non-Climate
Myanmar,Floods and Landslides,Asia,2010,Hydrological (Climate),Climate-Driven
Bangladesh,Floods and Landslides,Asia,2010,Hydrological (Climate),Climate-Driven
Cameroon,Cholera Outbreak,Africa,2010,Biological (Non-Climate),Non-Climate
Kyrgyzstan,Mudslides,Asia,2010,Hydrological (Climate),Climate-Driven
Philippines,Floods and Landslides,Asia,2010,Hydrological (Climate),Climate-Driven
Ecuador,Tungurahua Volcano,South America,2010,Geophysical (Non-Climate),Non-Climate
Central America,Tropical Storm Agatha,North America,2010,Meteorological (Climate),Climate-Driven
Guatemala,Pacaya Volcano,North America,2010,Geophysical (Non-Climate),Non-Climate
Bolivia,Cold Wave,South America,2010,Meteorological (Climate),Climate-Driven
DR Congo,Landslide,Africa,2010,Hydrological (Climate),Climate-Driven
India,Cyclone Laila,Asia,2010,Meteorological (Climate),Climate-Driven
Peru,Earthquakes,South America,2010,Geophysical (Non-Climate),Non-Climate
Central Europe,Floods,Europe,2010,Hydrological (Climate),Climate-Driven
Sri Lanka,Floods,Asia,2010,Hydrological (Climate),Climate-Driven
Viet Nam,Floods,Asia,2010,Hydrological (Climate),Climate-Driven
Indonesia,Earthquake,Asia,2026,Geophysical (Non-Climate),Non-Climate
Colombia,Earthquake,South America,2026,Geophysical (Non-Climate),Non-Climate
Myanmar,Floods,Asia,2026,Hydrological (Climate),Climate-Driven
Afghanistan,Flash Floods,Asia,2026,Hydrological (Climate),Climate-Driven
India,Flash Floods,Asia,2026,Hydrological (Climate),Climate-Driven
Kyrgyzstan,Flash Floods,Asia,2026,Hydrological (Climate),Climate-Driven
Tajikistan,Floods,Asia,2026,Hydrological (Climate),Climate-Driven
Bangladesh,Flash Floods,Asia,2026,Hydrological (Climate),Climate-Driven
Georgia,Floods,Asia,2026,Hydrological (Climate),Climate-Driven
Central African Republic,Cholera Outbreak,Africa,2026,Biological (Non-Climate),Non-Climate
Venezuela,Earthquakes,South America,2026,Geophysical (Non-Climate),Non-Climate
Chad,Cholera Outbreak,Africa,2026,Biological (Non-Climate),Non-Climate
Philippines,Earthquake and Tsunami,Asia,2026,Geophysical (Non-Climate),Non-Climate
Armenia,Hailstorm,Asia,2026,Meteorological (Climate),Climate-Driven
Syria,Floods,Asia,2026,Hydrological (Climate),Climate-Driven
Central/Eastern Africa,Ebola Outbreak,Africa,2026,Biological (Non-Climate),Non-Climate
Sri Lanka,Dengue Outbreak,Asia,2026,Biological (Non-Climate),Non-Climate
Dominican Republic,Floods,North America,2026,Hydrological (Climate),Climate-Driven
Yemen,Floods,Asia,2026,Hydrological (Climate),Climate-Driven
Tanzania,Floods and Landslides,Africa,2026,Hydrological (Climate),Climate-Driven
Liberia,Windstorms,Africa,2026,Meteorological (Climate),Climate-Driven
Botswana,Floods,Africa,2026,Hydrological (Climate),Climate-Driven
Ethiopia,Floods and Landslides,Africa,2026,Hydrological (Climate),Climate-Driven
Kenya,Floods,Africa,2026,Hydrological (Climate),Climate-Driven
Suriname,Chikungunya Virus Outbreak,South America,2026,Biological (Non-Climate),Non-Climate
Brazil,Floods,South America,2026,Hydrological (Climate),Climate-Driven
Peru,Floods and Landslides,South America,2026,Hydrological (Climate),Climate-Driven
Angola,Floods,Africa,2026,Hydrological (Climate),Climate-Driven
Zambia,Cholera Outbreak,Africa,2026,Biological (Non-Climate),Non-Climate
Cameroon,Fires,Africa,2026,Technological (Non-Climate),Non-Climate
Somalia,Dengue Outbreak,Africa,2026,Biological (Non-Climate),Non-Climate
Rwanda,Flash Floods,Africa,2026,Hydrological (Climate),Climate-Driven
Algeria,Floods,Africa,2026,Hydrological (Climate),Climate-Driven
Argentina,Landslides,South America,2026,Hydrological (Climate),Climate-Driven
South Africa,Floods,Africa,2026,Hydrological (Climate),Climate-Driven
North Macedonia,Floods,Europe,2026,Hydrological (Climate),Climate-Driven
Malawi,Floods,Africa,2026,Hydrological (Climate),Climate-Driven
Serbia,Cold Wave,Europe,2026,Meteorological (Climate),Climate-Driven
Guatemala,Measles Outbreak,North America,2026,Biological (Non-Climate),Non-Climate
Ecuador,Floods,South America,2026,Hydrological (Climate),Climate-Driven
Zimbabwe,Floods,Africa,2026,Hydrological (Climate),Climate-Driven
Mozambique,Floods,Africa,2025,Hydrological (Climate),Climate-Driven
Chile,Wild Fires,South America,2025,Climatological (Climate),Climate-Driven
Gabon,Windstorms,Africa,2025,Meteorological (Climate),Climate-Driven
Morocco,Floods,Africa,2025,Hydrological (Climate),Climate-Driven
Bolivia,Floods,South America,2025,Hydrological (Climate),Climate-Driven
Congo,Floods,Africa,2025,Hydrological (Climate),Climate-Driven
Cuba,Arboviral Outbreak,North America,2025,Biological (Non-Climate),Non-Climate
Egypt,Floods,Africa,2025,Hydrological (Climate),Climate-Driven
Cabo Verde,Flash Floods,Africa,2025,Hydrological (Climate),Climate-Driven
South Sudan,Floods,Africa,2025,Hydrological (Climate),Climate-Driven
Sudan,Floods,Africa,2025,Hydrological (Climate),Climate-Driven
Honduras,Floods,North America,2025,Hydrological (Climate),Climate-Driven
Panama,River Pollution,North America,2025,Technological (Non-Climate),Non-Climate
Côte d'Ivoire,Cholera Outbreak,Africa,2025,Biological (Non-Climate),Non-Climate
Ghana,Cholera Outbreak,Africa,2024,Biological (Non-Climate),Non-Climate
Namibia,Drought,Africa,2024,Climatological (Climate),Climate-Driven
Niger,Diphtheria Outbreak,Africa,2023,Biological (Non-Climate),Non-Climate
Nigeria,Lassa Fever Outbreak,Africa,2023,Biological (Non-Climate),Non-Climate
Burundi,Cholera Outbreak,Africa,2023,Biological (Non-Climate),Non-Climate
Azerbaijan,Floods,Asia,2010,Hydrological (Climate),Climate-Driven
China,Floods,Asia,2010,Hydrological (Climate),Climate-Driven
Gabon,Severe Local Storm,Africa,2010,Meteorological (Climate),Climate-Driven
Afghanistan,Earthquakes,Asia,2010,Geophysical (Non-Climate),Non-Climate
Tajikistan,Floods,Asia,2010,Hydrological (Climate),Climate-Driven
China,Earthquake in Qinghai Province,Asia,2010,Geophysical (Non-Climate),Non-Climate
Colombia,Floods,South America,2010,Hydrological (Climate),Climate-Driven
India/Bangladesh,Severe Local Storm,Asia,2010,Meteorological (Climate),Climate-Driven
Afghanistan,Floods,Asia,2010,Hydrological (Climate),Climate-Driven
Indonesia,Floods,Asia,2010,Hydrological (Climate),Climate-Driven
Indonesia,Earthquakes,Asia,2010,Geophysical (Non-Climate),Non-Climate
Brazil,Floods and Landslides,South America,2010,Hydrological (Climate),Climate-Driven
Mexico,Earthquakes,North America,2010,Geophysical (Non-Climate),Non-Climate
Peru,Floods and Landslides,South America,2010,Hydrological (Climate),Climate-Driven
Russian Federation,Floods,Europe,2010,Hydrological (Climate),Climate-Driven
Iceland,Eyjafjallajökull Volcano,Europe,2010,Geophysical (Non-Climate),Non-Climate
Solomon Islands,Cyclone Ului,Oceania,2010,Meteorological (Climate),Climate-Driven
East Africa,Floods,Africa,2010,Hydrological (Climate),Climate-Driven
DR Congo,Floods,Africa,2010,Hydrological (Climate),Climate-Driven
Latin America,Dengue Outbreak,South America,2010,Biological (Non-Climate),Non-Climate
Indonesia,Earthquake,Asia,2026,Geophysical (Non-Climate),Non-Climate
Colombia,Earthquake,South America,2026,Geophysical (Non-Climate),Non-Climate
Myanmar,Floods,Asia,2026,Hydrological (Climate),Climate-Driven
Afghanistan,Flash Floods,Asia,2026,Hydrological (Climate),Climate-Driven
India,Flash Floods,Asia,2026,Hydrological (Climate),Climate-Driven
Kyrgyzstan,Flash Floods,Asia,2026,Hydrological (Climate),Climate-Driven
Tajikistan,Floods,Asia,2026,Hydrological (Climate),Climate-Driven
Bangladesh,Flash Floods,Asia,2026,Hydrological (Climate),Climate-Driven
Georgia,Floods,Asia,2026,Hydrological (Climate),Climate-Driven
Central African Republic,Cholera Outbreak,Africa,2026,Biological (Non-Climate),Non-Climate
Venezuela,Earthquakes,South America,2026,Geophysical (Non-Climate),Non-Climate
Chad,Cholera Outbreak,Africa,2026,Biological (Non-Climate),Non-Climate
Philippines,Earthquake and Tsunami,Asia,2026,Geophysical (Non-Climate),Non-Climate
Armenia,Hailstorm,Asia,2026,Meteorological (Climate),Climate-Driven
Syria,Floods,Asia,2026,Hydrological (Climate),Climate-Driven
Central/Eastern Africa,Ebola Outbreak,Africa,2026,Biological (Non-Climate),Non-Climate
Sri Lanka,Dengue Outbreak,Asia,2026,Biological (Non-Climate),Non-Climate
Dominican Republic,Floods,North America,2026,Hydrological (Climate),Climate-Driven
Yemen,Floods,Asia,2026,Hydrological (Climate),Climate-Driven
Tanzania,Floods and Landslides,Africa,2026,Hydrological (Climate),Climate-Driven
Liberia,Windstorms,Africa,2026,Meteorological (Climate),Climate-Driven
Botswana,Floods,Africa,2026,Hydrological (Climate),Climate-Driven
Ethiopia,Floods and Landslides,Africa,2026,Hydrological (Climate),Climate-Driven
Kenya,Floods,Africa,2026,Hydrological (Climate),Climate-Driven
Suriname,Chikungunya Virus Outbreak,South America,2026,Biological (Non-Climate),Non-Climate
Brazil,Floods,South America,2026,Hydrological (Climate),Climate-Driven
Peru,Floods and Landslides,South America,2026,Hydrological (Climate),Climate-Driven
Angola,Floods,Africa,2026,Hydrological (Climate),Climate-Driven
Zambia,Cholera Outbreak,Africa,2026,Biological (Non-Climate),Non-Climate
Cameroon,Fires,Africa,2026,Technological (Non-Climate),Non-Climate
Somalia,Dengue Outbreak,Africa,2026,Biological (Non-Climate),Non-Climate
Rwanda,Flash Floods,Africa,2026,Hydrological (Climate),Climate-Driven
Algeria,Floods,Africa,2026,Hydrological (Climate),Climate-Driven
Argentina,Landslides,South America,2026,Hydrological (Climate),Climate-Driven
South Africa,Floods,Africa,2026,Hydrological (Climate),Climate-Driven
North Macedonia,Floods,Europe,2026,Hydrological (Climate),Climate-Driven
Malawi,Floods,Africa,2026,Hydrological (Climate),Climate-Driven
Serbia,Cold Wave,Europe,2026,Meteorological (Climate),Climate-Driven
Guatemala,Measles Outbreak,North America,2026,Biological (Non-Climate),Non-Climate
Ecuador,Floods,South America,2026,Hydrological (Climate),Climate-Driven
Zimbabwe,Floods,Africa,2026,Hydrological (Climate),Climate-Driven
Mozambique,Floods,Africa,2025,Hydrological (Climate),Climate-Driven
Chile,Wild Fires,South America,2025,Climatological (Climate),Climate-Driven
Gabon,Windstorms,Africa,2025,Meteorological (Climate),Climate-Driven
Morocco,Floods,Africa,2025,Hydrological (Climate),Climate-Driven
Bolivia,Floods,South America,2025,Hydrological (Climate),Climate-Driven
Congo,Floods,Africa,2025,Hydrological (Climate),Climate-Driven
Cuba,Arboviral Outbreak,North America,2025,Biological (Non-Climate),Non-Climate
Egypt,Floods,Africa,2025,Hydrological (Climate),Climate-Driven
Cabo Verde,Flash Floods,Africa,2025,Hydrological (Climate),Climate-Driven
South Sudan,Floods,Africa,2025,Hydrological (Climate),Climate-Driven
Sudan,Floods,Africa,2025,Hydrological (Climate),Climate-Driven
Honduras,Floods,North America,2025,Hydrological (Climate),Climate-Driven
Panama,River Pollution,North America,2025,Technological (Non-Climate),Non-Climate
Côte d'Ivoire,Cholera Outbreak,Africa,2025,Biological (Non-Climate),Non-Climate
Ghana,Cholera Outbreak,Africa,2024,Biological (Non-Climate),Non-Climate
Namibia,Drought,Africa,2024,Climatological (Climate),Climate-Driven
Niger,Diphtheria Outbreak,Africa,2023,Biological (Non-Climate),Non-Climate
Nigeria,Lassa Fever Outbreak,Africa,2023,Biological (Non-Climate),Non-Climate
Burundi,Cholera Outbreak,Africa,2023,Biological (Non-Climate),Non-Climate
Madagascar,Cyclone Hubert,Africa,2010,Meteorological (Climate),Climate-Driven
Kazakhstan,Floods,Asia,2010,Hydrological (Climate),Climate-Driven
China,Landslide,Asia,2010,Hydrological (Climate),Climate-Driven
Angola,Floods,Africa,2010,Hydrological (Climate),Climate-Driven
Southern Africa,Floods,Africa,2010,Hydrological (Climate),Climate-Driven
Turkey,Earthquakes,Asia,2010,Geophysical (Non-Climate),Non-Climate
Serbia,Floods,Europe,2010,Hydrological (Climate),Climate-Driven
Somalia,Floods,Africa,2010,Hydrological (Climate),Climate-Driven
Haiti,Floods and Mudslides,North America,2010,Hydrological (Climate),Climate-Driven
Cyprus,Floods,Europe,2010,Hydrological (Climate),Climate-Driven
Chile,Earthquake,South America,2010,Geophysical (Non-Climate),Non-Climate
Madeira,Floods and Mudslides,Europe,2010,Hydrological (Climate),Climate-Driven
Caribbean,Drought,North America,2010,Climatological (Climate),Climate-Driven
Pakistan,Avalanche,Asia,2010,Hydrological (Climate),Climate-Driven
Dominican Republic,Floods,North America,2010,Hydrological (Climate),Climate-Driven
Tonga,Cyclone Rene,Oceania,2010,Meteorological (Climate),Climate-Driven
Cook Islands,Tropical Cyclone Pat,Oceania,2010,Meteorological (Climate),Climate-Driven
Ecuador,Floods,South America,2010,Hydrological (Climate),Climate-Driven
Afghanistan,Floods and Avalanches,Asia,2010,Hydrological (Climate),Climate-Driven
Indonesia,Earthquake,Asia,2026,Geophysical (Non-Climate),Non-Climate
Colombia,Earthquake,South America,2026,Geophysical (Non-Climate),Non-Climate
Myanmar,Floods,Asia,2026,Hydrological (Climate),Climate-Driven
Afghanistan,Flash Floods,Asia,2026,Hydrological (Climate),Climate-Driven
India,Flash Floods,Asia,2026,Hydrological (Climate),Climate-Driven
Kyrgyzstan,Flash Floods,Asia,2026,Hydrological (Climate),Climate-Driven
Tajikistan,Floods,Asia,2026,Hydrological (Climate),Climate-Driven
Bangladesh,Flash Floods,Asia,2026,Hydrological (Climate),Climate-Driven
Georgia,Floods,Asia,2026,Hydrological (Climate),Climate-Driven
Central African Republic,Cholera Outbreak,Africa,2026,Biological (Non-Climate),Non-Climate
Venezuela,Earthquakes,South America,2026,Geophysical (Non-Climate),Non-Climate
Chad,Cholera Outbreak,Africa,2026,Biological (Non-Climate),Non-Climate
Philippines,Earthquake and Tsunami,Asia,2026,Geophysical (Non-Climate),Non-Climate
Armenia,Hailstorm,Asia,2026,Meteorological (Climate),Climate-Driven
Syria,Floods,Asia,2026,Hydrological (Climate),Climate-Driven
Central/Eastern Africa,Ebola Outbreak,Africa,2026,Biological (Non-Climate),Non-Climate
Sri Lanka,Dengue Outbreak,Asia,2026,Biological (Non-Climate),Non-Climate
Dominican Republic,Floods,North America,2026,Hydrological (Climate),Climate-Driven
Yemen,Floods,Asia,2026,Hydrological (Climate),Climate-Driven
Tanzania,Floods and Landslides,Africa,2026,Hydrological (Climate),Climate-Driven
Liberia,Windstorms,Africa,2026,Meteorological (Climate),Climate-Driven
Botswana,Floods,Africa,2026,Hydrological (Climate),Climate-Driven
Ethiopia,Floods and Landslides,Africa,2026,Hydrological (Climate),Climate-Driven
Kenya,Floods,Africa,2026,Hydrological (Climate),Climate-Driven
Suriname,Chikungunya Virus Outbreak,South America,2026,Biological (Non-Climate),Non-Climate
Brazil,Floods,South America,2026,Hydrological (Climate),Climate-Driven
Peru,Floods and Landslides,South America,2026,Hydrological (Climate),Climate-Driven
Angola,Floods,Africa,2026,Hydrological (Climate),Climate-Driven
Zambia,Cholera Outbreak,Africa,2026,Biological (Non-Climate),Non-Climate
Cameroon,Fires,Africa,2026,Technological (Non-Climate),Non-Climate
Somalia,Dengue Outbreak,Africa,2026,Biological (Non-Climate),Non-Climate
Rwanda,Flash Floods,Africa,2026,Hydrological (Climate),Climate-Driven
Algeria,Floods,Africa,2026,Hydrological (Climate),Climate-Driven
Argentina,Landslides,South America,2026,Hydrological (Climate),Climate-Driven
South Africa,Floods,Africa,2026,Hydrological (Climate),Climate-Driven
North Macedonia,Floods,Europe,2026,Hydrological (Climate),Climate-Driven
Malawi,Floods,Africa,2026,Hydrological (Climate),Climate-Driven
Serbia,Cold Wave,Europe,2026,Meteorological (Climate),Climate-Driven
Guatemala,Measles Outbreak,North America,2026,Biological (Non-Climate),Non-Climate
Ecuador,Floods,South America,2026,Hydrological (Climate),Climate-Driven
Zimbabwe,Floods,Africa,2026,Hydrological (Climate),Climate-Driven
Mozambique,Floods,Africa,2025,Hydrological (Climate),Climate-Driven
Chile,Wild Fires,South America,2025,Climatological (Climate),Climate-Driven
Gabon,Windstorms,Africa,2025,Meteorological (Climate),Climate-Driven
Morocco,Floods,Africa,2025,Hydrological (Climate),Climate-Driven
Bolivia,Floods,South America,2025,Hydrological (Climate),Climate-Driven
Congo,Floods,Africa,2025,Hydrological (Climate),Climate-Driven
Cuba,Arboviral Outbreak,North America,2025,Biological (Non-Climate),Non-Climate
Egypt,Floods,Africa,2025,Hydrological (Climate),Climate-Driven
Cabo Verde,Flash Floods,Africa,2025,Hydrological (Climate),Climate-Driven
South Sudan,Floods,Africa,2025,Hydrological (Climate),Climate-Driven
Sudan,Floods,Africa,2025,Hydrological (Climate),Climate-Driven
Honduras,Floods,North America,2025,Hydrological (Climate),Climate-Driven
Panama,River Pollution,North America,2025,Technological (Non-Climate),Non-Climate
Côte d'Ivoire,Cholera Outbreak,Africa,2025,Biological (Non-Climate),Non-Climate
Ghana,Cholera Outbreak,Africa,2024,Biological (Non-Climate),Non-Climate
Namibia,Drought,Africa,2024,Climatological (Climate),Climate-Driven
Niger,Diphtheria Outbreak,Africa,2023,Biological (Non-Climate),Non-Climate
Nigeria,Lassa Fever Outbreak,Africa,2023,Biological (Non-Climate),Non-Climate
Burundi,Cholera Outbreak,Africa,2023,Biological (Non-Climate),Non-Climate
Mexico,Floods and Landslides,North America,2010,Hydrological (Climate),Climate-Driven
French Polynesia,Cyclone Oli,Oceania,2010,Meteorological (Climate),Climate-Driven
Solomon Islands,Floods,Oceania,2010,Hydrological (Climate),Climate-Driven
Egypt,Floods,Africa,2010,Hydrological (Climate),Climate-Driven
occupied Palestinian territory,Floods,Asia,2010,Hydrological (Climate),Climate-Driven
Iran,Earthquakes,Asia,2010,Geophysical (Non-Climate),Non-Climate
Haiti,Earthquakes,North America,2010,Geophysical (Non-Climate),Non-Climate
Montenegro,Floods,Europe,2010,Hydrological (Climate),Climate-Driven
Mongolia,Dzud,Asia,2010,Climatological (Climate),Climate-Driven
Bolivia,Floods,South America,2010,Hydrological (Climate),Climate-Driven
Guatemala/Mexico,Cold Wave,North America,2010,Meteorological (Climate),Climate-Driven
Pakistan,Landslides and Floods,Asia,2010,Hydrological (Climate),Climate-Driven
South Asia,Cold Wave,Asia,2010,Meteorological (Climate),Climate-Driven
Solomon Islands,Earthquake,Oceania,2010,Geophysical (Non-Climate),Non-Climate
Tajikistan,Earthquake,Asia,2010,Geophysical (Non-Climate),Non-Climate
Central America,Drought,North America,2009,Climatological (Climate),Climate-Driven
Albania,Floods,Europe,2009,Hydrological (Climate),Climate-Driven
Morocco,Floods,Africa,2009,Hydrological (Climate),Climate-Driven
Kenya,Floods,Africa,2009,Hydrological (Climate),Climate-Driven
Europe,Cold Wave,Europe,2009,Meteorological (Climate),Climate-Driven
Indonesia,Earthquake,Asia,2026,Geophysical (Non-Climate),Non-Climate
Colombia,Earthquake,South America,2026,Geophysical (Non-Climate),Non-Climate
Myanmar,Floods,Asia,2026,Hydrological (Climate),Climate-Driven
Afghanistan,Flash Floods,Asia,2026,Hydrological (Climate),Climate-Driven
India,Flash Floods,Asia,2026,Hydrological (Climate),Climate-Driven
Kyrgyzstan,Flash Floods,Asia,2026,Hydrological (Climate),Climate-Driven
Tajikistan,Floods,Asia,2026,Hydrological (Climate),Climate-Driven
Bangladesh,Flash Floods,Asia,2026,Hydrological (Climate),Climate-Driven
Georgia,Floods,Asia,2026,Hydrological (Climate),Climate-Driven
Central African Republic,Cholera Outbreak,Africa,2026,Biological (Non-Climate),Non-Climate
Venezuela,Earthquakes,South America,2026,Geophysical (Non-Climate),Non-Climate
Chad,Cholera Outbreak,Africa,2026,Biological (Non-Climate),Non-Climate
Philippines,Earthquake and Tsunami,Asia,2026,Geophysical (Non-Climate),Non-Climate
Armenia,Hailstorm,Asia,2026,Meteorological (Climate),Climate-Driven
Syria,Floods,Asia,2026,Hydrological (Climate),Climate-Driven
Central/Eastern Africa,Ebola Outbreak,Africa,2026,Biological (Non-Climate),Non-Climate
Sri Lanka,Dengue Outbreak,Asia,2026,Biological (Non-Climate),Non-Climate
Dominican Republic,Floods,North America,2026,Hydrological (Climate),Climate-Driven
Yemen,Floods,Asia,2026,Hydrological (Climate),Climate-Driven
Tanzania,Floods and Landslides,Africa,2026,Hydrological (Climate),Climate-Driven
Liberia,Windstorms,Africa,2026,Meteorological (Climate),Climate-Driven
Botswana,Floods,Africa,2026,Hydrological (Climate),Climate-Driven
Ethiopia,Floods and Landslides,Africa,2026,Hydrological (Climate),Climate-Driven
Kenya,Floods,Africa,2026,Hydrological (Climate),Climate-Driven
Suriname,Chikungunya Virus Outbreak,South America,2026,Biological (Non-Climate),Non-Climate
Brazil,Floods,South America,2026,Hydrological (Climate),Climate-Driven
Peru,Floods and Landslides,South America,2026,Hydrological (Climate),Climate-Driven
Angola,Floods,Africa,2026,Hydrological (Climate),Climate-Driven
Zambia,Cholera Outbreak,Africa,2026,Biological (Non-Climate),Non-Climate
Cameroon,Fires,Africa,2026,Technological (Non-Climate),Non-Climate
Somalia,Dengue Outbreak,Africa,2026,Biological (Non-Climate),Non-Climate
Rwanda,Flash Floods,Africa,2026,Hydrological (Climate),Climate-Driven
Algeria,Floods,Africa,2026,Hydrological (Climate),Climate-Driven
Argentina,Landslides,South America,2026,Hydrological (Climate),Climate-Driven
South Africa,Floods,Africa,2026,Hydrological (Climate),Climate-Driven
North Macedonia,Floods,Europe,2026,Hydrological (Climate),Climate-Driven
Malawi,Floods,Africa,2026,Hydrological (Climate),Climate-Driven
Serbia,Cold Wave,Europe,2026,Meteorological (Climate),Climate-Driven
Guatemala,Measles Outbreak,North America,2026,Biological (Non-Climate),Non-Climate
Ecuador,Floods,South America,2026,Hydrological (Climate),Climate-Driven
Zimbabwe,Floods,Africa,2026,Hydrological (Climate),Climate-Driven
Mozambique,Floods,Africa,2025,Hydrological (Climate),Climate-Driven
Chile,Wild Fires,South America,2025,Climatological (Climate),Climate-Driven
Gabon,Windstorms,Africa,2025,Meteorological (Climate),Climate-Driven
Morocco,Floods,Africa,2025,Hydrological (Climate),Climate-Driven
Bolivia,Floods,South America,2025,Hydrological (Climate),Climate-Driven
Congo,Floods,Africa,2025,Hydrological (Climate),Climate-Driven
Cuba,Arboviral Outbreak,North America,2025,Biological (Non-Climate),Non-Climate
Egypt,Floods,Africa,2025,Hydrological (Climate),Climate-Driven
Cabo Verde,Flash Floods,Africa,2025,Hydrological (Climate),Climate-Driven
South Sudan,Floods,Africa,2025,Hydrological (Climate),Climate-Driven
Sudan,Floods,Africa,2025,Hydrological (Climate),Climate-Driven
Honduras,Floods,North America,2025,Hydrological (Climate),Climate-Driven
Panama,River Pollution,North America,2025,Technological (Non-Climate),Non-Climate
Côte d'Ivoire,Cholera Outbreak,Africa,2025,Biological (Non-Climate),Non-Climate
Ghana,Cholera Outbreak,Africa,2024,Biological (Non-Climate),Non-Climate
Namibia,Drought,Africa,2024,Climatological (Climate),Climate-Driven
Niger,Diphtheria Outbreak,Africa,2023,Biological (Non-Climate),Non-Climate
Nigeria,Lassa Fever Outbreak,Africa,2023,Biological (Non-Climate),Non-Climate
Burundi,Cholera Outbreak,Africa,2023,Biological (Non-Climate),Non-Climate
Peru,Floods and Landslides,South America,2009,Hydrological (Climate),Climate-Driven
Philippines,Mayon Volcano,Asia,2009,Geophysical (Non-Climate),Non-Climate
Fiji,Cyclone Mick,Oceania,2009,Meteorological (Climate),Climate-Driven
Malawi,Earthquake,Africa,2009,Geophysical (Non-Climate),Non-Climate
Angola,Floods,Africa,2009,Hydrological (Climate),Climate-Driven
Vanuatu,Gaua Volcano,Oceania,2009,Geophysical (Non-Climate),Non-Climate
Ecuador,Drought,South America,2009,Climatological (Climate),Climate-Driven
Saudi Arabia,Floods,Asia,2009,Hydrological (Climate),Climate-Driven
Argentina/Uruguay,Floods,South America,2009,Hydrological (Climate),Climate-Driven
Malaysia,Floods,Asia,2009,Hydrological (Climate),Climate-Driven
Sri Lanka,Flash Floods,Asia,2009,Hydrological (Climate),Climate-Driven
Serbia,Floods,Europe,2009,Hydrological (Climate),Climate-Driven
China,Heavy Snowfalls,Asia,2009,Meteorological (Climate),Climate-Driven
Tanzania,Floods and landslides,Africa,2009,Hydrological (Climate),Climate-Driven
Iraq,Floods,Asia,2009,Hydrological (Climate),Climate-Driven
Panama,Floods,North America,2009,Hydrological (Climate),Climate-Driven
Colombia,Floods,South America,2009,Hydrological (Climate),Climate-Driven
Thailand,Floods,Asia,2009,Hydrological (Climate),Climate-Driven
Brazil,Floods,South America,2009,Hydrological (Climate),Climate-Driven
Indonesia,Floods and Landslides,Asia,2009,Hydrological (Climate),Climate-Driven
Indonesia,Earthquake,Asia,2026,Geophysical (Non-Climate),Non-Climate
Colombia,Earthquake,South America,2026,Geophysical (Non-Climate),Non-Climate
Myanmar,Floods,Asia,2026,Hydrological (Climate),Climate-Driven
Afghanistan,Flash Floods,Asia,2026,Hydrological (Climate),Climate-Driven
India,Flash Floods,Asia,2026,Hydrological (Climate),Climate-Driven
Kyrgyzstan,Flash Floods,Asia,2026,Hydrological (Climate),Climate-Driven
Tajikistan,Floods,Asia,2026,Hydrological (Climate),Climate-Driven
Bangladesh,Flash Floods,Asia,2026,Hydrological (Climate),Climate-Driven
Georgia,Floods,Asia,2026,Hydrological (Climate),Climate-Driven
Central African Republic,Cholera Outbreak,Africa,2026,Biological (Non-Climate),Non-Climate
Venezuela,Earthquakes,South America,2026,Geophysical (Non-Climate),Non-Climate
Chad,Cholera Outbreak,Africa,2026,Biological (Non-Climate),Non-Climate
Philippines,Earthquake and Tsunami,Asia,2026,Geophysical (Non-Climate),Non-Climate
Armenia,Hailstorm,Asia,2026,Meteorological (Climate),Climate-Driven
Syria,Floods,Asia,2026,Hydrological (Climate),Climate-Driven
Central/Eastern Africa,Ebola Outbreak,Africa,2026,Biological (Non-Climate),Non-Climate
Sri Lanka,Dengue Outbreak,Asia,2026,Biological (Non-Climate),Non-Climate
Dominican Republic,Floods,North America,2026,Hydrological (Climate),Climate-Driven
Yemen,Floods,Asia,2026,Hydrological (Climate),Climate-Driven
Tanzania,Floods and Landslides,Africa,2026,Hydrological (Climate),Climate-Driven
Liberia,Windstorms,Africa,2026,Meteorological (Climate),Climate-Driven
Botswana,Floods,Africa,2026,Hydrological (Climate),Climate-Driven
Ethiopia,Floods and Landslides,Africa,2026,Hydrological (Climate),Climate-Driven
Kenya,Floods,Africa,2026,Hydrological (Climate),Climate-Driven
Suriname,Chikungunya Virus Outbreak,South America,2026,Biological (Non-Climate),Non-Climate
Brazil,Floods,South America,2026,Hydrological (Climate),Climate-Driven
Peru,Floods and Landslides,South America,2026,Hydrological (Climate),Climate-Driven
Angola,Floods,Africa,2026,Hydrological (Climate),Climate-Driven
Zambia,Cholera Outbreak,Africa,2026,Biological (Non-Climate),Non-Climate
Cameroon,Fires,Africa,2026,Technological (Non-Climate),Non-Climate
Somalia,Dengue Outbreak,Africa,2026,Biological (Non-Climate),Non-Climate
Rwanda,Flash Floods,Africa,2026,Hydrological (Climate),Climate-Driven
Algeria,Floods,Africa,2026,Hydrological (Climate),Climate-Driven
Argentina,Landslides,South America,2026,Hydrological (Climate),Climate-Driven
South Africa,Floods,Africa,2026,Hydrological (Climate),Climate-Driven
North Macedonia,Floods,Europe,2026,Hydrological (Climate),Climate-Driven
Malawi,Floods,Africa,2026,Hydrological (Climate),Climate-Driven
Serbia,Cold Wave,Europe,2026,Meteorological (Climate),Climate-Driven
Guatemala,Measles Outbreak,North America,2026,Biological (Non-Climate),Non-Climate
Ecuador,Floods,South America,2026,Hydrological (Climate),Climate-Driven
Zimbabwe,Floods,Africa,2026,Hydrological (Climate),Climate-Driven
Mozambique,Floods,Africa,2025,Hydrological (Climate),Climate-Driven
Chile,Wild Fires,South America,2025,Climatological (Climate),Climate-Driven
Gabon,Windstorms,Africa,2025,Meteorological (Climate),Climate-Driven
Morocco,Floods,Africa,2025,Hydrological (Climate),Climate-Driven
Bolivia,Floods,South America,2025,Hydrological (Climate),Climate-Driven
Congo,Floods,Africa,2025,Hydrological (Climate),Climate-Driven
Cuba,Arboviral Outbreak,North America,2025,Biological (Non-Climate),Non-Climate
Egypt,Floods,Africa,2025,Hydrological (Climate),Climate-Driven
Cabo Verde,Flash Floods,Africa,2025,Hydrological (Climate),Climate-Driven
South Sudan,Floods,Africa,2025,Hydrological (Climate),Climate-Driven
Sudan,Floods,Africa,2025,Hydrological (Climate),Climate-Driven
Honduras,Floods,North America,2025,Hydrological (Climate),Climate-Driven
Panama,River Pollution,North America,2025,Technological (Non-Climate),Non-Climate
Côte d'Ivoire,Cholera Outbreak,Africa,2025,Biological (Non-Climate),Non-Climate
Ghana,Cholera Outbreak,Africa,2024,Biological (Non-Climate),Non-Climate
Namibia,Drought,Africa,2024,Climatological (Climate),Climate-Driven
Niger,Diphtheria Outbreak,Africa,2023,Biological (Non-Climate),Non-Climate
Nigeria,Lassa Fever Outbreak,Africa,2023,Biological (Non-Climate),Non-Climate
Burundi,Cholera Outbreak,Africa,2023,Biological (Non-Climate),Non-Climate
Peru,Landslides,South America,2009,Hydrological (Climate),Climate-Driven
Philippines,Floods and Landslides,Asia,2009,Hydrological (Climate),Climate-Driven
China,Earthquake in Yunnan Province,Asia,2009,Geophysical (Non-Climate),Non-Climate
Cape Verde,Dengue Outbreak,Africa,2009,Biological (Non-Climate),Non-Climate
Somalia,Floods,Africa,2009,Hydrological (Climate),Climate-Driven
Paraguay,Floods,South America,2009,Hydrological (Climate),Climate-Driven
Cameroon,Cholera Outbreak,Africa,2009,Biological (Non-Climate),Non-Climate
Philippines,Typhoon Lupit,Asia,2009,Meteorological (Climate),Climate-Driven
Nicaragua,Dengue Outbreak,North America,2009,Biological (Non-Climate),Non-Climate
Bolivia,Drought,South America,2009,Climatological (Climate),Climate-Driven
Nepal,Floods and Landslides,Asia,2009,Hydrological (Climate),Climate-Driven
Italy,Floods,Europe,2009,Hydrological (Climate),Climate-Driven
India,Floods,Asia,2009,Hydrological (Climate),Climate-Driven
Colombia,Galeras Volcano,South America,2009,Geophysical (Non-Climate),Non-Climate
Indonesia,West Sumatra Earthquakes,Asia,2009,Geophysical (Non-Climate),Non-Climate
South Pacific,Tsunami,Oceania,2009,Geophysical (Non-Climate),Non-Climate
Indonesia,Earthquake,Asia,2026,Geophysical (Non-Climate),Non-Climate
Colombia,Earthquake,South America,2026,Geophysical (Non-Climate),Non-Climate
Myanmar,Floods,Asia,2026,Hydrological (Climate),Climate-Driven
Afghanistan,Flash Floods,Asia,2026,Hydrological (Climate),Climate-Driven
India,Flash Floods,Asia,2026,Hydrological (Climate),Climate-Driven
Kyrgyzstan,Flash Floods,Asia,2026,Hydrological (Climate),Climate-Driven
Tajikistan,Floods,Asia,2026,Hydrological (Climate),Climate-Driven
Bangladesh,Flash Floods,Asia,2026,Hydrological (Climate),Climate-Driven
Georgia,Floods,Asia,2026,Hydrological (Climate),Climate-Driven
Central African Republic,Cholera Outbreak,Africa,2026,Biological (Non-Climate),Non-Climate
Venezuela,Earthquakes,South America,2026,Geophysical (Non-Climate),Non-Climate
Chad,Cholera Outbreak,Africa,2026,Biological (Non-Climate),Non-Climate
Philippines,Earthquake and Tsunami,Asia,2026,Geophysical (Non-Climate),Non-Climate
Armenia,Hailstorm,Asia,2026,Meteorological (Climate),Climate-Driven
Syria,Floods,Asia,2026,Hydrological (Climate),Climate-Driven
Central/Eastern Africa,Ebola Outbreak,Africa,2026,Biological (Non-Climate),Non-Climate
Sri Lanka,Dengue Outbreak,Asia,2026,Biological (Non-Climate),Non-Climate
Dominican Republic,Floods,North America,2026,Hydrological (Climate),Climate-Driven
Yemen,Floods,Asia,2026,Hydrological (Climate),Climate-Driven
Tanzania,Floods and Landslides,Africa,2026,Hydrological (Climate),Climate-Driven
Liberia,Windstorms,Africa,2026,Meteorological (Climate),Climate-Driven
Botswana,Floods,Africa,2026,Hydrological (Climate),Climate-Driven
Ethiopia,Floods and Landslides,Africa,2026,Hydrological (Climate),Climate-Driven
Kenya,Floods,Africa,2026,Hydrological (Climate),Climate-Driven
Suriname,Chikungunya Virus Outbreak,South America,2026,Biological (Non-Climate),Non-Climate
Brazil,Floods,South America,2026,Hydrological (Climate),Climate-Driven
Peru,Floods and Landslides,South America,2026,Hydrological (Climate),Climate-Driven
Angola,Floods,Africa,2026,Hydrological (Climate),Climate-Driven
Zambia,Cholera Outbreak,Africa,2026,Biological (Non-Climate),Non-Climate
Cameroon,Fires,Africa,2026,Technological (Non-Climate),Non-Climate
Somalia,Dengue Outbreak,Africa,2026,Biological (Non-Climate),Non-Climate
Rwanda,Flash Floods,Africa,2026,Hydrological (Climate),Climate-Driven
Algeria,Floods,Africa,2026,Hydrological (Climate),Climate-Driven
Argentina,Landslides,South America,2026,Hydrological (Climate),Climate-Driven
South Africa,Floods,Africa,2026,Hydrological (Climate),Climate-Driven
North Macedonia,Floods,Europe,2026,Hydrological (Climate),Climate-Driven
Malawi,Floods,Africa,2026,Hydrological (Climate),Climate-Driven
Serbia,Cold Wave,Europe,2026,Meteorological (Climate),Climate-Driven
Guatemala,Measles Outbreak,North America,2026,Biological (Non-Climate),Non-Climate
Ecuador,Floods,South America,2026,Hydrological (Climate),Climate-Driven
Zimbabwe,Floods,Africa,2026,Hydrological (Climate),Climate-Driven
Mozambique,Floods,Africa,2025,Hydrological (Climate),Climate-Driven
Chile,Wild Fires,South America,2025,Climatological (Climate),Climate-Driven
Gabon,Windstorms,Africa,2025,Meteorological (Climate),Climate-Driven
Morocco,Floods,Africa,2025,Hydrological (Climate),Climate-Driven
Bolivia,Floods,South America,2025,Hydrological (Climate),Climate-Driven
Congo,Floods,Africa,2025,Hydrological (Climate),Climate-Driven
Cuba,Arboviral Outbreak,North America,2025,Biological (Non-Climate),Non-Climate
Egypt,Floods,Africa,2025,Hydrological (Climate),Climate-Driven
Cabo Verde,Flash Floods,Africa,2025,Hydrological (Climate),Climate-Driven
South Sudan,Floods,Africa,2025,Hydrological (Climate),Climate-Driven
Sudan,Floods,Africa,2025,Hydrological (Climate),Climate-Driven
Honduras,Floods,North America,2025,Hydrological (Climate),Climate-Driven
Panama,River Pollution,North America,2025,Technological (Non-Climate),Non-Climate
Côte d'Ivoire,Cholera Outbreak,Africa,2025,Biological (Non-Climate),Non-Climate
Ghana,Cholera Outbreak,Africa,2024,Biological (Non-Climate),Non-Climate
Namibia,Drought,Africa,2024,Climatological (Climate),Climate-Driven
Niger,Diphtheria Outbreak,Africa,2023,Biological (Non-Climate),Non-Climate
Nigeria,Lassa Fever Outbreak,Africa,2023,Biological (Non-Climate),Non-Climate
Burundi,Cholera Outbreak,Africa,2023,Biological (Non-Climate),Non-Climate
Haiti,Floods and Mudslides,North America,2009,Hydrological (Climate),Climate-Driven
Tunisia,Flash Floods,Africa,2009,Hydrological (Climate),Climate-Driven
Myanmar,Earthquake,Asia,2009,Geophysical (Non-Climate),Non-Climate
USA,Floods,North America,2009,Hydrological (Climate),Climate-Driven
Philippines,Flash Floods,Asia,2009,Hydrological (Climate),Climate-Driven
Azerbaijan,Floods,Asia,2009,Hydrological (Climate),Climate-Driven
Kenya,Floods,Africa,2009,Hydrological (Climate),Climate-Driven
Bhutan,Earthquake,Asia,2009,Geophysical (Non-Climate),Non-Climate
Philippines,Earthquake,Asia,2009,Geophysical (Non-Climate),Non-Climate
Indonesia,Flash Floods,Asia,2009,Hydrological (Climate),Climate-Driven
West Africa,Floods,Africa,2009,Hydrological (Climate),Climate-Driven
Mexico,Floods,North America,2009,Hydrological (Climate),Climate-Driven
Georgia,Earthquake,Asia,2009,Geophysical (Non-Climate),Non-Climate
Turkey,Floods,Asia,2009,Hydrological (Climate),Climate-Driven
Albania,Earthquake,Europe,2009,Geophysical (Non-Climate),Non-Climate
Argentina,Severe Local Storm,South America,2009,Meteorological (Climate),Climate-Driven
Chad,Floods,Africa,2009,Hydrological (Climate),Climate-Driven
Papua New Guinea,Cholera/Dysentery/Influenza Outbreaks,Oceania,2009,Biological (Non-Climate),Non-Climate
Indonesia,Earthquake,Asia,2026,Geophysical (Non-Climate),Non-Climate
Colombia,Earthquake,South America,2026,Geophysical (Non-Climate),Non-Climate
Myanmar,Floods,Asia,2026,Hydrological (Climate),Climate-Driven
Afghanistan,Flash Floods,Asia,2026,Hydrological (Climate),Climate-Driven
India,Flash Floods,Asia,2026,Hydrological (Climate),Climate-Driven
Kyrgyzstan,Flash Floods,Asia,2026,Hydrological (Climate),Climate-Driven
Tajikistan,Floods,Asia,2026,Hydrological (Climate),Climate-Driven
Bangladesh,Flash Floods,Asia,2026,Hydrological (Climate),Climate-Driven
Georgia,Floods,Asia,2026,Hydrological (Climate),Climate-Driven
Central African Republic,Cholera Outbreak,Africa,2026,Biological (Non-Climate),Non-Climate
Venezuela,Earthquakes,South America,2026,Geophysical (Non-Climate),Non-Climate
Chad,Cholera Outbreak,Africa,2026,Biological (Non-Climate),Non-Climate
Philippines,Earthquake and Tsunami,Asia,2026,Geophysical (Non-Climate),Non-Climate
Armenia,Hailstorm,Asia,2026,Meteorological (Climate),Climate-Driven
Syria,Floods,Asia,2026,Hydrological (Climate),Climate-Driven
Central/Eastern Africa,Ebola Outbreak,Africa,2026,Biological (Non-Climate),Non-Climate
Sri Lanka,Dengue Outbreak,Asia,2026,Biological (Non-Climate),Non-Climate
Dominican Republic,Floods,North America,2026,Hydrological (Climate),Climate-Driven
Yemen,Floods,Asia,2026,Hydrological (Climate),Climate-Driven
Tanzania,Floods and Landslides,Africa,2026,Hydrological (Climate),Climate-Driven
Liberia,Windstorms,Africa,2026,Meteorological (Climate),Climate-Driven
Botswana,Floods,Africa,2026,Hydrological (Climate),Climate-Driven
Ethiopia,Floods and Landslides,Africa,2026,Hydrological (Climate),Climate-Driven
Kenya,Floods,Africa,2026,Hydrological (Climate),Climate-Driven
Suriname,Chikungunya Virus Outbreak,South America,2026,Biological (Non-Climate),Non-Climate
Brazil,Floods,South America,2026,Hydrological (Climate),Climate-Driven
Peru,Floods and Landslides,South America,2026,Hydrological (Climate),Climate-Driven
Angola,Floods,Africa,2026,Hydrological (Climate),Climate-Driven
Zambia,Cholera Outbreak,Africa,2026,Biological (Non-Climate),Non-Climate
Cameroon,Fires,Africa,2026,Technological (Non-Climate),Non-Climate
Somalia,Dengue Outbreak,Africa,2026,Biological (Non-Climate),Non-Climate
Rwanda,Flash Floods,Africa,2026,Hydrological (Climate),Climate-Driven
Algeria,Floods,Africa,2026,Hydrological (Climate),Climate-Driven
Argentina,Landslides,South America,2026,Hydrological (Climate),Climate-Driven
South Africa,Floods,Africa,2026,Hydrological (Climate),Climate-Driven
North Macedonia,Floods,Europe,2026,Hydrological (Climate),Climate-Driven
Malawi,Floods,Africa,2026,Hydrological (Climate),Climate-Driven
Serbia,Cold Wave,Europe,2026,Meteorological (Climate),Climate-Driven
Guatemala,Measles Outbreak,North America,2026,Biological (Non-Climate),Non-Climate
Ecuador,Floods,South America,2026,Hydrological (Climate),Climate-Driven
Zimbabwe,Floods,Africa,2026,Hydrological (Climate),Climate-Driven
Mozambique,Floods,Africa,2025,Hydrological (Climate),Climate-Driven
Chile,Wild Fires,South America,2025,Climatological (Climate),Climate-Driven
Gabon,Windstorms,Africa,2025,Meteorological (Climate),Climate-Driven
Morocco,Floods,Africa,2025,Hydrological (Climate),Climate-Driven
Bolivia,Floods,South America,2025,Hydrological (Climate),Climate-Driven
Congo,Floods,Africa,2025,Hydrological (Climate),Climate-Driven
Cuba,Arboviral Outbreak,North America,2025,Biological (Non-Climate),Non-Climate
Egypt,Floods,Africa,2025,Hydrological (Climate),Climate-Driven
Cabo Verde,Flash Floods,Africa,2025,Hydrological (Climate),Climate-Driven
South Sudan,Floods,Africa,2025,Hydrological (Climate),Climate-Driven
Sudan,Floods,Africa,2025,Hydrological (Climate),Climate-Driven
Honduras,Floods,North America,2025,Hydrological (Climate),Climate-Driven
Panama,River Pollution,North America,2025,Technological (Non-Climate),Non-Climate
Côte d'Ivoire,Cholera Outbreak,Africa,2025,Biological (Non-Climate),Non-Climate
Ghana,Cholera Outbreak,Africa,2024,Biological (Non-Climate),Non-Climate
Namibia,Drought,Africa,2024,Climatological (Climate),Climate-Driven
Niger,Diphtheria Outbreak,Africa,2023,Biological (Non-Climate),Non-Climate
Nigeria,Lassa Fever Outbreak,Africa,2023,Biological (Non-Climate),Non-Climate
Burundi,Cholera Outbreak,Africa,2023,Biological (Non-Climate),Non-Climate
Guinea,Floods,Africa,2009,Hydrological (Climate),Climate-Driven
Liberia,Floods,Africa,2009,Hydrological (Climate),Climate-Driven
Gambia,Floods,Africa,2009,Hydrological (Climate),Climate-Driven
Mali,Floods,Africa,2009,Hydrological (Climate),Climate-Driven
Sri Lanka,Dengue Outbreak,Asia,2009,Biological (Non-Climate),Non-Climate
Niger,Floods,Africa,2009,Hydrological (Climate),Climate-Driven
Indonesia,West Java Earthquake,Asia,2009,Geophysical (Non-Climate),Non-Climate
Burkina Faso,Floods,Africa,2009,Hydrological (Climate),Climate-Driven
Guatemala,Food Insecurity,North America,2009,Climatological (Climate),Climate-Driven
Afghanistan,Flash Floods,Asia,2009,Hydrological (Climate),Climate-Driven
Sudan,Floods,Africa,2009,Hydrological (Climate),Climate-Driven
Mauritania,Floods,Africa,2009,Hydrological (Climate),Climate-Driven
Senegal,Floods,Africa,2009,Hydrological (Climate),Climate-Driven
Chile,Floods,South America,2009,Hydrological (Climate),Climate-Driven
Côte d'Ivoire,Floods,Africa,2009,Hydrological (Climate),Climate-Driven
Nigeria,Floods,Africa,2009,Hydrological (Climate),Climate-Driven
Greece,Forest Fire,Europe,2009,Climatological (Climate),Climate-Driven
Sri Lanka,Flash Floods,Asia,2009,Hydrological (Climate),Climate-Driven
Pakistan,Flash Floods,Asia,2009,Hydrological (Climate),Climate-Driven
Indonesia,Earthquake,Asia,2026,Geophysical (Non-Climate),Non-Climate
Colombia,Earthquake,South America,2026,Geophysical (Non-Climate),Non-Climate
Myanmar,Floods,Asia,2026,Hydrological (Climate),Climate-Driven
Afghanistan,Flash Floods,Asia,2026,Hydrological (Climate),Climate-Driven
India,Flash Floods,Asia,2026,Hydrological (Climate),Climate-Driven
Kyrgyzstan,Flash Floods,Asia,2026,Hydrological (Climate),Climate-Driven
Tajikistan,Floods,Asia,2026,Hydrological (Climate),Climate-Driven
Bangladesh,Flash Floods,Asia,2026,Hydrological (Climate),Climate-Driven
Georgia,Floods,Asia,2026,Hydrological (Climate),Climate-Driven
Central African Republic,Cholera Outbreak,Africa,2026,Biological (Non-Climate),Non-Climate
Venezuela,Earthquakes,South America,2026,Geophysical (Non-Climate),Non-Climate
Chad,Cholera Outbreak,Africa,2026,Biological (Non-Climate),Non-Climate
Philippines,Earthquake and Tsunami,Asia,2026,Geophysical (Non-Climate),Non-Climate
Armenia,Hailstorm,Asia,2026,Meteorological (Climate),Climate-Driven
Syria,Floods,Asia,2026,Hydrological (Climate),Climate-Driven
Central/Eastern Africa,Ebola Outbreak,Africa,2026,Biological (Non-Climate),Non-Climate
Sri Lanka,Dengue Outbreak,Asia,2026,Biological (Non-Climate),Non-Climate
Dominican Republic,Floods,North America,2026,Hydrological (Climate),Climate-Driven
Yemen,Floods,Asia,2026,Hydrological (Climate),Climate-Driven
Tanzania,Floods and Landslides,Africa,2026,Hydrological (Climate),Climate-Driven
Liberia,Windstorms,Africa,2026,Meteorological (Climate),Climate-Driven
Botswana,Floods,Africa,2026,Hydrological (Climate),Climate-Driven
Ethiopia,Floods and Landslides,Africa,2026,Hydrological (Climate),Climate-Driven
Kenya,Floods,Africa,2026,Hydrological (Climate),Climate-Driven
Suriname,Chikungunya Virus Outbreak,South America,2026,Biological (Non-Climate),Non-Climate
Brazil,Floods,South America,2026,Hydrological (Climate),Climate-Driven
Peru,Floods and Landslides,South America,2026,Hydrological (Climate),Climate-Driven
Angola,Floods,Africa,2026,Hydrological (Climate),Climate-Driven
Zambia,Cholera Outbreak,Africa,2026,Biological (Non-Climate),Non-Climate
Cameroon,Fires,Africa,2026,Technological (Non-Climate),Non-Climate
Somalia,Dengue Outbreak,Africa,2026,Biological (Non-Climate),Non-Climate
Rwanda,Flash Floods,Africa,2026,Hydrological (Climate),Climate-Driven
Algeria,Floods,Africa,2026,Hydrological (Climate),Climate-Driven
Argentina,Landslides,South America,2026,Hydrological (Climate),Climate-Driven
South Africa,Floods,Africa,2026,Hydrological (Climate),Climate-Driven
North Macedonia,Floods,Europe,2026,Hydrological (Climate),Climate-Driven
Malawi,Floods,Africa,2026,Hydrological (Climate),Climate-Driven
Serbia,Cold Wave,Europe,2026,Meteorological (Climate),Climate-Driven
Guatemala,Measles Outbreak,North America,2026,Biological (Non-Climate),Non-Climate
Ecuador,Floods,South America,2026,Hydrological (Climate),Climate-Driven
Zimbabwe,Floods,Africa,2026,Hydrological (Climate),Climate-Driven
Mozambique,Floods,Africa,2025,Hydrological (Climate),Climate-Driven
Chile,Wild Fires,South America,2025,Climatological (Climate),Climate-Driven
Gabon,Windstorms,Africa,2025,Meteorological (Climate),Climate-Driven
Morocco,Floods,Africa,2025,Hydrological (Climate),Climate-Driven
Bolivia,Floods,South America,2025,Hydrological (Climate),Climate-Driven
Congo,Floods,Africa,2025,Hydrological (Climate),Climate-Driven
Cuba,Arboviral Outbreak,North America,2025,Biological (Non-Climate),Non-Climate
Egypt,Floods,Africa,2025,Hydrological (Climate),Climate-Driven
Cabo Verde,Flash Floods,Africa,2025,Hydrological (Climate),Climate-Driven
South Sudan,Floods,Africa,2025,Hydrological (Climate),Climate-Driven
Sudan,Floods,Africa,2025,Hydrological (Climate),Climate-Driven
Honduras,Floods,North America,2025,Hydrological (Climate),Climate-Driven
Panama,River Pollution,North America,2025,Technological (Non-Climate),Non-Climate
Côte d'Ivoire,Cholera Outbreak,Africa,2025,Biological (Non-Climate),Non-Climate
Ghana,Cholera Outbreak,Africa,2024,Biological (Non-Climate),Non-Climate
Namibia,Drought,Africa,2024,Climatological (Climate),Climate-Driven
Niger,Diphtheria Outbreak,Africa,2023,Biological (Non-Climate),Non-Climate
Nigeria,Lassa Fever Outbreak,Africa,2023,Biological (Non-Climate),Non-Climate
Burundi,Cholera Outbreak,Africa,2023,Biological (Non-Climate),Non-Climate
Sierra Leone,Floods and Landslides,Africa,2009,Hydrological (Climate),Climate-Driven
Nicaragua,Floods,North America,2009,Hydrological (Climate),Climate-Driven
Niger,Floods,Africa,2009,Hydrological (Climate),Climate-Driven
Nepal,Floods and Landslides,Asia,2009,Hydrological (Climate),Climate-Driven
India/Bangladesh,Drought,Asia,2009,Climatological (Climate),Climate-Driven
Nicaragua,Tornado,North America,2009,Meteorological (Climate),Climate-Driven
Pakistan,Floods,Asia,2009,Hydrological (Climate),Climate-Driven
Bosnia and Herzegovina,Floods,Europe,2009,Hydrological (Climate),Climate-Driven
Mongolia,Floods,Asia,2009,Hydrological (Climate),Climate-Driven
South Africa,Floods,Africa,2009,Hydrological (Climate),Climate-Driven
Mexico,Floods,North America,2009,Hydrological (Climate),Climate-Driven
Ghana,Floods,Africa,2009,Hydrological (Climate),Climate-Driven
Gambia,Local Storm,Africa,2009,Meteorological (Climate),Climate-Driven
China,Earthquake in Yunnan Province,Asia,2009,Geophysical (Non-Climate),Non-Climate
Benin,Floods,Africa,2009,Hydrological (Climate),Climate-Driven
Panama,Earthquake,North America,2009,Geophysical (Non-Climate),Non-Climate
Viet Nam,Floods and Landslides,Asia,2009,Hydrological (Climate),Climate-Driven
Indonesia,Earthquake,Asia,2026,Geophysical (Non-Climate),Non-Climate
Colombia,Earthquake,South America,2026,Geophysical (Non-Climate),Non-Climate
Myanmar,Floods,Asia,2026,Hydrological (Climate),Climate-Driven
Afghanistan,Flash Floods,Asia,2026,Hydrological (Climate),Climate-Driven
India,Flash Floods,Asia,2026,Hydrological (Climate),Climate-Driven
Kyrgyzstan,Flash Floods,Asia,2026,Hydrological (Climate),Climate-Driven
Tajikistan,Floods,Asia,2026,Hydrological (Climate),Climate-Driven
Bangladesh,Flash Floods,Asia,2026,Hydrological (Climate),Climate-Driven
Georgia,Floods,Asia,2026,Hydrological (Climate),Climate-Driven
Central African Republic,Cholera Outbreak,Africa,2026,Biological (Non-Climate),Non-Climate
Venezuela,Earthquakes,South America,2026,Geophysical (Non-Climate),Non-Climate
Chad,Cholera Outbreak,Africa,2026,Biological (Non-Climate),Non-Climate
Philippines,Earthquake and Tsunami,Asia,2026,Geophysical (Non-Climate),Non-Climate
Armenia,Hailstorm,Asia,2026,Meteorological (Climate),Climate-Driven
Syria,Floods,Asia,2026,Hydrological (Climate),Climate-Driven
Central/Eastern Africa,Ebola Outbreak,Africa,2026,Biological (Non-Climate),Non-Climate
Sri Lanka,Dengue Outbreak,Asia,2026,Biological (Non-Climate),Non-Climate
Dominican Republic,Floods,North America,2026,Hydrological (Climate),Climate-Driven
Yemen,Floods,Asia,2026,Hydrological (Climate),Climate-Driven
Tanzania,Floods and Landslides,Africa,2026,Hydrological (Climate),Climate-Driven
Liberia,Windstorms,Africa,2026,Meteorological (Climate),Climate-Driven
Botswana,Floods,Africa,2026,Hydrological (Climate),Climate-Driven
Ethiopia,Floods and Landslides,Africa,2026,Hydrological (Climate),Climate-Driven
Kenya,Floods,Africa,2026,Hydrological (Climate),Climate-Driven
Suriname,Chikungunya Virus Outbreak,South America,2026,Biological (Non-Climate),Non-Climate
Brazil,Floods,South America,2026,Hydrological (Climate),Climate-Driven
Peru,Floods and Landslides,South America,2026,Hydrological (Climate),Climate-Driven
Angola,Floods,Africa,2026,Hydrological (Climate),Climate-Driven
Zambia,Cholera Outbreak,Africa,2026,Biological (Non-Climate),Non-Climate
Cameroon,Fires,Africa,2026,Technological (Non-Climate),Non-Climate
Somalia,Dengue Outbreak,Africa,2026,Biological (Non-Climate),Non-Climate
Rwanda,Flash Floods,Africa,2026,Hydrological (Climate),Climate-Driven
Algeria,Floods,Africa,2026,Hydrological (Climate),Climate-Driven
Argentina,Landslides,South America,2026,Hydrological (Climate),Climate-Driven
South Africa,Floods,Africa,2026,Hydrological (Climate),Climate-Driven
North Macedonia,Floods,Europe,2026,Hydrological (Climate),Climate-Driven
Malawi,Floods,Africa,2026,Hydrological (Climate),Climate-Driven
Serbia,Cold Wave,Europe,2026,Meteorological (Climate),Climate-Driven
Guatemala,Measles Outbreak,North America,2026,Biological (Non-Climate),Non-Climate
Ecuador,Floods,South America,2026,Hydrological (Climate),Climate-Driven
Zimbabwe,Floods,Africa,2026,Hydrological (Climate),Climate-Driven
Mozambique,Floods,Africa,2025,Hydrological (Climate),Climate-Driven
Chile,Wild Fires,South America,2025,Climatological (Climate),Climate-Driven
Gabon,Windstorms,Africa,2025,Meteorological (Climate),Climate-Driven
Morocco,Floods,Africa,2025,Hydrological (Climate),Climate-Driven
Bolivia,Floods,South America,2025,Hydrological (Climate),Climate-Driven
Congo,Floods,Africa,2025,Hydrological (Climate),Climate-Driven
Cuba,Arboviral Outbreak,North America,2025,Biological (Non-Climate),Non-Climate
Egypt,Floods,Africa,2025,Hydrological (Climate),Climate-Driven
Cabo Verde,Flash Floods,Africa,2025,Hydrological (Climate),Climate-Driven
South Sudan,Floods,Africa,2025,Hydrological (Climate),Climate-Driven
Sudan,Floods,Africa,2025,Hydrological (Climate),Climate-Driven
Honduras,Floods,North America,2025,Hydrological (Climate),Climate-Driven
Panama,River Pollution,North America,2025,Technological (Non-Climate),Non-Climate
Côte d'Ivoire,Cholera Outbreak,Africa,2025,Biological (Non-Climate),Non-Climate
Ghana,Cholera Outbreak,Africa,2024,Biological (Non-Climate),Non-Climate
Namibia,Drought,Africa,2024,Climatological (Climate),Climate-Driven
Niger,Diphtheria Outbreak,Africa,2023,Biological (Non-Climate),Non-Climate
Nigeria,Lassa Fever Outbreak,Africa,2023,Biological (Non-Climate),Non-Climate
Burundi,Cholera Outbreak,Africa,2023,Biological (Non-Climate),Non-Climate
Bangladesh,Floods and Landslides,Asia,2009,Hydrological (Climate),Climate-Driven
Myanmar,Floods and Landslides,Asia,2009,Hydrological (Climate),Climate-Driven
India,Floods,Asia,2009,Hydrological (Climate),Climate-Driven
Botswana,Floods,Africa,2009,Hydrological (Climate),Climate-Driven
Czech Republic,Floods,Europe,2009,Hydrological (Climate),Climate-Driven
Mexico,Tropical Storm Andres,North America,2009,Meteorological (Climate),Climate-Driven
Guatemala,Floods,North America,2009,Hydrological (Climate),Climate-Driven
Nicaragua,Landslides,North America,2009,Hydrological (Climate),Climate-Driven
Central African Republic,Floods,Africa,2009,Hydrological (Climate),Climate-Driven
Côte d'Ivoire,Mudslides,Africa,2009,Hydrological (Climate),Climate-Driven
Colombia,Galeras Volcano,South America,2009,Geophysical (Non-Climate),Non-Climate
China,Floods,Asia,2009,Hydrological (Climate),Climate-Driven
China,Severe Local Storm,Asia,2009,Meteorological (Climate),Climate-Driven
Peru,Cold Wave,South America,2009,Meteorological (Climate),Climate-Driven
Vanuatu,Earthquake,Oceania,2009,Geophysical (Non-Climate),Non-Climate
Honduras,Earthquake,North America,2009,Geophysical (Non-Climate),Non-Climate
Thailand,Floods and Flash Floods,Asia,2009,Hydrological (Climate),Climate-Driven
Argentina/Paraguay,Drought,South America,2009,Climatological (Climate),Climate-Driven
Papua New Guinea,Floods and Landslides,Oceania,2009,Hydrological (Climate),Climate-Driven
Indonesia,Earthquake,Asia,2026,Geophysical (Non-Climate),Non-Climate
Colombia,Earthquake,South America,2026,Geophysical (Non-Climate),Non-Climate
Myanmar,Floods,Asia,2026,Hydrological (Climate),Climate-Driven
Afghanistan,Flash Floods,Asia,2026,Hydrological (Climate),Climate-Driven
India,Flash Floods,Asia,2026,Hydrological (Climate),Climate-Driven
Kyrgyzstan,Flash Floods,Asia,2026,Hydrological (Climate),Climate-Driven
Tajikistan,Floods,Asia,2026,Hydrological (Climate),Climate-Driven
Bangladesh,Flash Floods,Asia,2026,Hydrological (Climate),Climate-Driven
Georgia,Floods,Asia,2026,Hydrological (Climate),Climate-Driven
Central African Republic,Cholera Outbreak,Africa,2026,Biological (Non-Climate),Non-Climate
Venezuela,Earthquakes,South America,2026,Geophysical (Non-Climate),Non-Climate
Chad,Cholera Outbreak,Africa,2026,Biological (Non-Climate),Non-Climate
Philippines,Earthquake and Tsunami,Asia,2026,Geophysical (Non-Climate),Non-Climate
Armenia,Hailstorm,Asia,2026,Meteorological (Climate),Climate-Driven
Syria,Floods,Asia,2026,Hydrological (Climate),Climate-Driven
Central/Eastern Africa,Ebola Outbreak,Africa,2026,Biological (Non-Climate),Non-Climate
Sri Lanka,Dengue Outbreak,Asia,2026,Biological (Non-Climate),Non-Climate
Dominican Republic,Floods,North America,2026,Hydrological (Climate),Climate-Driven
Yemen,Floods,Asia,2026,Hydrological (Climate),Climate-Driven
Tanzania,Floods and Landslides,Africa,2026,Hydrological (Climate),Climate-Driven
Liberia,Windstorms,Africa,2026,Meteorological (Climate),Climate-Driven
Botswana,Floods,Africa,2026,Hydrological (Climate),Climate-Driven
Ethiopia,Floods and Landslides,Africa,2026,Hydrological (Climate),Climate-Driven
Kenya,Floods,Africa,2026,Hydrological (Climate),Climate-Driven
Suriname,Chikungunya Virus Outbreak,South America,2026,Biological (Non-Climate),Non-Climate
Brazil,Floods,South America,2026,Hydrological (Climate),Climate-Driven
Peru,Floods and Landslides,South America,2026,Hydrological (Climate),Climate-Driven
Angola,Floods,Africa,2026,Hydrological (Climate),Climate-Driven
Zambia,Cholera Outbreak,Africa,2026,Biological (Non-Climate),Non-Climate
Cameroon,Fires,Africa,2026,Technological (Non-Climate),Non-Climate
Somalia,Dengue Outbreak,Africa,2026,Biological (Non-Climate),Non-Climate
Rwanda,Flash Floods,Africa,2026,Hydrological (Climate),Climate-Driven
Algeria,Floods,Africa,2026,Hydrological (Climate),Climate-Driven
Argentina,Landslides,South America,2026,Hydrological (Climate),Climate-Driven
South Africa,Floods,Africa,2026,Hydrological (Climate),Climate-Driven
North Macedonia,Floods,Europe,2026,Hydrological (Climate),Climate-Driven
Malawi,Floods,Africa,2026,Hydrological (Climate),Climate-Driven
Serbia,Cold Wave,Europe,2026,Meteorological (Climate),Climate-Driven
Guatemala,Measles Outbreak,North America,2026,Biological (Non-Climate),Non-Climate
Ecuador,Floods,South America,2026,Hydrological (Climate),Climate-Driven
Zimbabwe,Floods,Africa,2026,Hydrological (Climate),Climate-Driven
Mozambique,Floods,Africa,2025,Hydrological (Climate),Climate-Driven
Chile,Wild Fires,South America,2025,Climatological (Climate),Climate-Driven
Gabon,Windstorms,Africa,2025,Meteorological (Climate),Climate-Driven
Morocco,Floods,Africa,2025,Hydrological (Climate),Climate-Driven
Bolivia,Floods,South America,2025,Hydrological (Climate),Climate-Driven
Congo,Floods,Africa,2025,Hydrological (Climate),Climate-Driven
Cuba,Arboviral Outbreak,North America,2025,Biological (Non-Climate),Non-Climate
Egypt,Floods,Africa,2025,Hydrological (Climate),Climate-Driven
Cabo Verde,Flash Floods,Africa,2025,Hydrological (Climate),Climate-Driven
South Sudan,Floods,Africa,2025,Hydrological (Climate),Climate-Driven
Sudan,Floods,Africa,2025,Hydrological (Climate),Climate-Driven
Honduras,Floods,North America,2025,Hydrological (Climate),Climate-Driven
Panama,River Pollution,North America,2025,Technological (Non-Climate),Non-Climate
Côte d'Ivoire,Cholera Outbreak,Africa,2025,Biological (Non-Climate),Non-Climate
Ghana,Cholera Outbreak,Africa,2024,Biological (Non-Climate),Non-Climate
Namibia,Drought,Africa,2024,Climatological (Climate),Climate-Driven
Niger,Diphtheria Outbreak,Africa,2023,Biological (Non-Climate),Non-Climate
Nigeria,Lassa Fever Outbreak,Africa,2023,Biological (Non-Climate),Non-Climate
Burundi,Cholera Outbreak,Africa,2023,Biological (Non-Climate),Non-Climate
Cook Islands,Dengue Outbreak,Oceania,2009,Biological (Non-Climate),Non-Climate
Tanzania,Explosion,Africa,2009,Technological (Non-Climate),Non-Climate
Haiti,Floods,North America,2009,Hydrological (Climate),Climate-Driven
Panama,Floods,North America,2009,Hydrological (Climate),Climate-Driven
Dominican Republic,Floods,North America,2009,Hydrological (Climate),Climate-Driven
Philippines,Floods and Landslides,Asia,2009,Hydrological (Climate),Climate-Driven
India,Heat Wave,Asia,2009,Meteorological (Climate),Climate-Driven
El Salvador,Earthquake,North America,2009,Geophysical (Non-Climate),Non-Climate
Tajikistan,Floods,Asia,2009,Hydrological (Climate),Climate-Driven
Benin,Severe Local Storm,Africa,2009,Meteorological (Climate),Climate-Driven
Pakistan,Avalanche,Asia,2009,Hydrological (Climate),Climate-Driven
India,Severe Local Storm,Asia,2009,Meteorological (Climate),Climate-Driven
Brazil,Floods,South America,2009,Hydrological (Climate),Climate-Driven
Tajikistan,Mudslide,Asia,2009,Hydrological (Climate),Climate-Driven
Afghanistan,Floods,Asia,2009,Hydrological (Climate),Climate-Driven
Gabon,Violent Winds,Africa,2009,Meteorological (Climate),Climate-Driven
Indonesia,Earthquake,Asia,2026,Geophysical (Non-Climate),Non-Climate
Colombia,Earthquake,South America,2026,Geophysical (Non-Climate),Non-Climate
Myanmar,Floods,Asia,2026,Hydrological (Climate),Climate-Driven
Afghanistan,Flash Floods,Asia,2026,Hydrological (Climate),Climate-Driven
India,Flash Floods,Asia,2026,Hydrological (Climate),Climate-Driven
Kyrgyzstan,Flash Floods,Asia,2026,Hydrological (Climate),Climate-Driven
Tajikistan,Floods,Asia,2026,Hydrological (Climate),Climate-Driven
Bangladesh,Flash Floods,Asia,2026,Hydrological (Climate),Climate-Driven
Georgia,Floods,Asia,2026,Hydrological (Climate),Climate-Driven
Central African Republic,Cholera Outbreak,Africa,2026,Biological (Non-Climate),Non-Climate
Venezuela,Earthquakes,South America,2026,Geophysical (Non-Climate),Non-Climate
Chad,Cholera Outbreak,Africa,2026,Biological (Non-Climate),Non-Climate
Philippines,Earthquake and Tsunami,Asia,2026,Geophysical (Non-Climate),Non-Climate
Armenia,Hailstorm,Asia,2026,Meteorological (Climate),Climate-Driven
Syria,Floods,Asia,2026,Hydrological (Climate),Climate-Driven
Central/Eastern Africa,Ebola Outbreak,Africa,2026,Biological (Non-Climate),Non-Climate
Sri Lanka,Dengue Outbreak,Asia,2026,Biological (Non-Climate),Non-Climate
Dominican Republic,Floods,North America,2026,Hydrological (Climate),Climate-Driven
Yemen,Floods,Asia,2026,Hydrological (Climate),Climate-Driven
Tanzania,Floods and Landslides,Africa,2026,Hydrological (Climate),Climate-Driven
Liberia,Windstorms,Africa,2026,Meteorological (Climate),Climate-Driven
Botswana,Floods,Africa,2026,Hydrological (Climate),Climate-Driven
Ethiopia,Floods and Landslides,Africa,2026,Hydrological (Climate),Climate-Driven
Kenya,Floods,Africa,2026,Hydrological (Climate),Climate-Driven
Suriname,Chikungunya Virus Outbreak,South America,2026,Biological (Non-Climate),Non-Climate
Brazil,Floods,South America,2026,Hydrological (Climate),Climate-Driven
Peru,Floods and Landslides,South America,2026,Hydrological (Climate),Climate-Driven
Angola,Floods,Africa,2026,Hydrological (Climate),Climate-Driven
Zambia,Cholera Outbreak,Africa,2026,Biological (Non-Climate),Non-Climate
Cameroon,Fires,Africa,2026,Technological (Non-Climate),Non-Climate
Somalia,Dengue Outbreak,Africa,2026,Biological (Non-Climate),Non-Climate
Rwanda,Flash Floods,Africa,2026,Hydrological (Climate),Climate-Driven
Algeria,Floods,Africa,2026,Hydrological (Climate),Climate-Driven
Argentina,Landslides,South America,2026,Hydrological (Climate),Climate-Driven
South Africa,Floods,Africa,2026,Hydrological (Climate),Climate-Driven
North Macedonia,Floods,Europe,2026,Hydrological (Climate),Climate-Driven
Malawi,Floods,Africa,2026,Hydrological (Climate),Climate-Driven
Serbia,Cold Wave,Europe,2026,Meteorological (Climate),Climate-Driven
Guatemala,Measles Outbreak,North America,2026,Biological (Non-Climate),Non-Climate
Ecuador,Floods,South America,2026,Hydrological (Climate),Climate-Driven
Zimbabwe,Floods,Africa,2026,Hydrological (Climate),Climate-Driven
Mozambique,Floods,Africa,2025,Hydrological (Climate),Climate-Driven
Chile,Wild Fires,South America,2025,Climatological (Climate),Climate-Driven
Gabon,Windstorms,Africa,2025,Meteorological (Climate),Climate-Driven
Morocco,Floods,Africa,2025,Hydrological (Climate),Climate-Driven
Bolivia,Floods,South America,2025,Hydrological (Climate),Climate-Driven
Congo,Floods,Africa,2025,Hydrological (Climate),Climate-Driven
Cuba,Arboviral Outbreak,North America,2025,Biological (Non-Climate),Non-Climate
Egypt,Floods,Africa,2025,Hydrological (Climate),Climate-Driven
Cabo Verde,Flash Floods,Africa,2025,Hydrological (Climate),Climate-Driven
South Sudan,Floods,Africa,2025,Hydrological (Climate),Climate-Driven
Sudan,Floods,Africa,2025,Hydrological (Climate),Climate-Driven
Honduras,Floods,North America,2025,Hydrological (Climate),Climate-Driven
Panama,River Pollution,North America,2025,Technological (Non-Climate),Non-Climate
Côte d'Ivoire,Cholera Outbreak,Africa,2025,Biological (Non-Climate),Non-Climate
Ghana,Cholera Outbreak,Africa,2024,Biological (Non-Climate),Non-Climate
Namibia,Drought,Africa,2024,Climatological (Climate),Climate-Driven
Niger,Diphtheria Outbreak,Africa,2023,Biological (Non-Climate),Non-Climate
Nigeria,Lassa Fever Outbreak,Africa,2023,Biological (Non-Climate),Non-Climate
Burundi,Cholera Outbreak,Africa,2023,Biological (Non-Climate),Non-Climate
Bangladesh,Tropical Cyclone Bijli,Asia,2009,Meteorological (Climate),Climate-Driven
Afghanistan,Earthquake,Asia,2009,Geophysical (Non-Climate),Non-Climate
Vanuatu,Floods,Oceania,2009,Hydrological (Climate),Climate-Driven
Burundi,Floods,Africa,2009,Hydrological (Climate),Climate-Driven
Vanuatu,Ambrym Volcano,Oceania,2009,Geophysical (Non-Climate),Non-Climate
Madagascar,Tropical Cyclone Jade,Africa,2009,Meteorological (Climate),Climate-Driven
Italy,Earthquake,Europe,2009,Geophysical (Non-Climate),Non-Climate
India,Tornado,Asia,2009,Meteorological (Climate),Climate-Driven
Indonesia,Flash Floods,Asia,2009,Hydrological (Climate),Climate-Driven
Colombia,Floods and Landslides,South America,2009,Hydrological (Climate),Climate-Driven
Australia,Tropical Cyclone Hamish,Oceania,2009,Meteorological (Climate),Climate-Driven
Peru,Floods and Landslides,South America,2009,Hydrological (Climate),Climate-Driven
Pakistan,Earthquake,Asia,2009,Geophysical (Non-Climate),Non-Climate
Colombia,Galeras Volcano,South America,2009,Geophysical (Non-Climate),Non-Climate
Bolivia,Floods and Landslides,South America,2009,Hydrological (Climate),Climate-Driven
Bosnia and Herzegovina,Floods,Europe,2009,Hydrological (Climate),Climate-Driven
Indonesia,Earthquake in North Sulawesi,Asia,2009,Geophysical (Non-Climate),Non-Climate
Costa Rica,Floods,North America,2009,Hydrological (Climate),Climate-Driven
Argentina,Floods and Mudslides,South America,2009,Hydrological (Climate),Climate-Driven
Australia,Wild Fire,Oceania,2009,Climatological (Climate),Climate-Driven
Indonesia,Earthquake,Asia,2026,Geophysical (Non-Climate),Non-Climate
Colombia,Earthquake,South America,2026,Geophysical (Non-Climate),Non-Climate
Myanmar,Floods,Asia,2026,Hydrological (Climate),Climate-Driven
Afghanistan,Flash Floods,Asia,2026,Hydrological (Climate),Climate-Driven
India,Flash Floods,Asia,2026,Hydrological (Climate),Climate-Driven
Kyrgyzstan,Flash Floods,Asia,2026,Hydrological (Climate),Climate-Driven
Tajikistan,Floods,Asia,2026,Hydrological (Climate),Climate-Driven
Bangladesh,Flash Floods,Asia,2026,Hydrological (Climate),Climate-Driven
Georgia,Floods,Asia,2026,Hydrological (Climate),Climate-Driven
Central African Republic,Cholera Outbreak,Africa,2026,Biological (Non-Climate),Non-Climate
Venezuela,Earthquakes,South America,2026,Geophysical (Non-Climate),Non-Climate
Chad,Cholera Outbreak,Africa,2026,Biological (Non-Climate),Non-Climate
Philippines,Earthquake and Tsunami,Asia,2026,Geophysical (Non-Climate),Non-Climate
Armenia,Hailstorm,Asia,2026,Meteorological (Climate),Climate-Driven
Syria,Floods,Asia,2026,Hydrological (Climate),Climate-Driven
Central/Eastern Africa,Ebola Outbreak,Africa,2026,Biological (Non-Climate),Non-Climate
Sri Lanka,Dengue Outbreak,Asia,2026,Biological (Non-Climate),Non-Climate
Dominican Republic,Floods,North America,2026,Hydrological (Climate),Climate-Driven
Yemen,Floods,Asia,2026,Hydrological (Climate),Climate-Driven
Tanzania,Floods and Landslides,Africa,2026,Hydrological (Climate),Climate-Driven
Liberia,Windstorms,Africa,2026,Meteorological (Climate),Climate-Driven
Botswana,Floods,Africa,2026,Hydrological (Climate),Climate-Driven
Ethiopia,Floods and Landslides,Africa,2026,Hydrological (Climate),Climate-Driven
Kenya,Floods,Africa,2026,Hydrological (Climate),Climate-Driven
Suriname,Chikungunya Virus Outbreak,South America,2026,Biological (Non-Climate),Non-Climate
Brazil,Floods,South America,2026,Hydrological (Climate),Climate-Driven
Peru,Floods and Landslides,South America,2026,Hydrological (Climate),Climate-Driven
Angola,Floods,Africa,2026,Hydrological (Climate),Climate-Driven
Zambia,Cholera Outbreak,Africa,2026,Biological (Non-Climate),Non-Climate
Cameroon,Fires,Africa,2026,Technological (Non-Climate),Non-Climate
Somalia,Dengue Outbreak,Africa,2026,Biological (Non-Climate),Non-Climate
Rwanda,Flash Floods,Africa,2026,Hydrological (Climate),Climate-Driven
Algeria,Floods,Africa,2026,Hydrological (Climate),Climate-Driven
Argentina,Landslides,South America,2026,Hydrological (Climate),Climate-Driven
South Africa,Floods,Africa,2026,Hydrological (Climate),Climate-Driven
North Macedonia,Floods,Europe,2026,Hydrological (Climate),Climate-Driven
Malawi,Floods,Africa,2026,Hydrological (Climate),Climate-Driven
Serbia,Cold Wave,Europe,2026,Meteorological (Climate),Climate-Driven
Guatemala,Measles Outbreak,North America,2026,Biological (Non-Climate),Non-Climate
Ecuador,Floods,South America,2026,Hydrological (Climate),Climate-Driven
Zimbabwe,Floods,Africa,2026,Hydrological (Climate),Climate-Driven
Mozambique,Floods,Africa,2025,Hydrological (Climate),Climate-Driven
Chile,Wild Fires,South America,2025,Climatological (Climate),Climate-Driven
Gabon,Windstorms,Africa,2025,Meteorological (Climate),Climate-Driven
Morocco,Floods,Africa,2025,Hydrological (Climate),Climate-Driven
Bolivia,Floods,South America,2025,Hydrological (Climate),Climate-Driven
Congo,Floods,Africa,2025,Hydrological (Climate),Climate-Driven
Cuba,Arboviral Outbreak,North America,2025,Biological (Non-Climate),Non-Climate
Egypt,Floods,Africa,2025,Hydrological (Climate),Climate-Driven
Cabo Verde,Flash Floods,Africa,2025,Hydrological (Climate),Climate-Driven
South Sudan,Floods,Africa,2025,Hydrological (Climate),Climate-Driven
Sudan,Floods,Africa,2025,Hydrological (Climate),Climate-Driven
Honduras,Floods,North America,2025,Hydrological (Climate),Climate-Driven
Panama,River Pollution,North America,2025,Technological (Non-Climate),Non-Climate
Côte d'Ivoire,Cholera Outbreak,Africa,2025,Biological (Non-Climate),Non-Climate
Ghana,Cholera Outbreak,Africa,2024,Biological (Non-Climate),Non-Climate
Namibia,Drought,Africa,2024,Climatological (Climate),Climate-Driven
Niger,Diphtheria Outbreak,Africa,2023,Biological (Non-Climate),Non-Climate
Nigeria,Lassa Fever Outbreak,Africa,2023,Biological (Non-Climate),Non-Climate
Burundi,Cholera Outbreak,Africa,2023,Biological (Non-Climate),Non-Climate
Morocco,Floods,Africa,2009,Hydrological (Climate),Climate-Driven
China,Drought,Asia,2009,Climatological (Climate),Climate-Driven
Central African Republic,Severe Local Storm,Africa,2009,Meteorological (Climate),Climate-Driven
Solomon Islands,Floods,Oceania,2009,Hydrological (Climate),Climate-Driven
Mexico,Cold Wave,North America,2009,Meteorological (Climate),Climate-Driven
Dominican Republic,Floods,North America,2009,Hydrological (Climate),Climate-Driven
Peru,Landslides,South America,2009,Hydrological (Climate),Climate-Driven
Thailand,Drought,Asia,2009,Climatological (Climate),Climate-Driven
China,Earthquake in Xinjiang Region,Asia,2009,Geophysical (Non-Climate),Non-Climate
Bosnia and Herzegovina,Cold Wave,Europe,2009,Meteorological (Climate),Climate-Driven
Cameroon,Measles Outbreak,Africa,2009,Biological (Non-Climate),Non-Climate
Madagascar,Tropical Storm Eric,Africa,2009,Meteorological (Climate),Climate-Driven
Ecuador,Floods,South America,2009,Hydrological (Climate),Climate-Driven
Liberia,Insect Infestation,Africa,2009,Biological (Non-Climate),Non-Climate
Madagascar,Tropical Cyclone Fanele,Africa,2009,Meteorological (Climate),Climate-Driven
Afghanistan,Avalanche,Asia,2009,Hydrological (Climate),Climate-Driven
Uruguay,Drought,South America,2009,Climatological (Climate),Climate-Driven
South America,Dengue Outbreak,South America,2009,Biological (Non-Climate),Non-Climate
Fiji,Floods,Oceania,2009,Hydrological (Climate),Climate-Driven
Philippines,Floods and Landslides,Asia,2009,Hydrological (Climate),Climate-Driven
Indonesia,Earthquake,Asia,2026,Geophysical (Non-Climate),Non-Climate
Colombia,Earthquake,South America,2026,Geophysical (Non-Climate),Non-Climate
Myanmar,Floods,Asia,2026,Hydrological (Climate),Climate-Driven
Afghanistan,Flash Floods,Asia,2026,Hydrological (Climate),Climate-Driven
India,Flash Floods,Asia,2026,Hydrological (Climate),Climate-Driven
Kyrgyzstan,Flash Floods,Asia,2026,Hydrological (Climate),Climate-Driven
Tajikistan,Floods,Asia,2026,Hydrological (Climate),Climate-Driven
Bangladesh,Flash Floods,Asia,2026,Hydrological (Climate),Climate-Driven
Georgia,Floods,Asia,2026,Hydrological (Climate),Climate-Driven
Central African Republic,Cholera Outbreak,Africa,2026,Biological (Non-Climate),Non-Climate
Venezuela,Earthquakes,South America,2026,Geophysical (Non-Climate),Non-Climate
Chad,Cholera Outbreak,Africa,2026,Biological (Non-Climate),Non-Climate
Philippines,Earthquake and Tsunami,Asia,2026,Geophysical (Non-Climate),Non-Climate
Armenia,Hailstorm,Asia,2026,Meteorological (Climate),Climate-Driven
Syria,Floods,Asia,2026,Hydrological (Climate),Climate-Driven
Central/Eastern Africa,Ebola Outbreak,Africa,2026,Biological (Non-Climate),Non-Climate
Sri Lanka,Dengue Outbreak,Asia,2026,Biological (Non-Climate),Non-Climate
Dominican Republic,Floods,North America,2026,Hydrological (Climate),Climate-Driven
Yemen,Floods,Asia,2026,Hydrological (Climate),Climate-Driven
Tanzania,Floods and Landslides,Africa,2026,Hydrological (Climate),Climate-Driven
Liberia,Windstorms,Africa,2026,Meteorological (Climate),Climate-Driven
Botswana,Floods,Africa,2026,Hydrological (Climate),Climate-Driven
Ethiopia,Floods and Landslides,Africa,2026,Hydrological (Climate),Climate-Driven
Kenya,Floods,Africa,2026,Hydrological (Climate),Climate-Driven
Suriname,Chikungunya Virus Outbreak,South America,2026,Biological (Non-Climate),Non-Climate
Brazil,Floods,South America,2026,Hydrological (Climate),Climate-Driven
Peru,Floods and Landslides,South America,2026,Hydrological (Climate),Climate-Driven
Angola,Floods,Africa,2026,Hydrological (Climate),Climate-Driven
Zambia,Cholera Outbreak,Africa,2026,Biological (Non-Climate),Non-Climate
Cameroon,Fires,Africa,2026,Technological (Non-Climate),Non-Climate
Somalia,Dengue Outbreak,Africa,2026,Biological (Non-Climate),Non-Climate
Rwanda,Flash Floods,Africa,2026,Hydrological (Climate),Climate-Driven
Algeria,Floods,Africa,2026,Hydrological (Climate),Climate-Driven
Argentina,Landslides,South America,2026,Hydrological (Climate),Climate-Driven
South Africa,Floods,Africa,2026,Hydrological (Climate),Climate-Driven
North Macedonia,Floods,Europe,2026,Hydrological (Climate),Climate-Driven
Malawi,Floods,Africa,2026,Hydrological (Climate),Climate-Driven
Serbia,Cold Wave,Europe,2026,Meteorological (Climate),Climate-Driven
Guatemala,Measles Outbreak,North America,2026,Biological (Non-Climate),Non-Climate
Ecuador,Floods,South America,2026,Hydrological (Climate),Climate-Driven
Zimbabwe,Floods,Africa,2026,Hydrological (Climate),Climate-Driven
Mozambique,Floods,Africa,2025,Hydrological (Climate),Climate-Driven
Chile,Wild Fires,South America,2025,Climatological (Climate),Climate-Driven
Gabon,Windstorms,Africa,2025,Meteorological (Climate),Climate-Driven
Morocco,Floods,Africa,2025,Hydrological (Climate),Climate-Driven
Bolivia,Floods,South America,2025,Hydrological (Climate),Climate-Driven
Congo,Floods,Africa,2025,Hydrological (Climate),Climate-Driven
Cuba,Arboviral Outbreak,North America,2025,Biological (Non-Climate),Non-Climate
Egypt,Floods,Africa,2025,Hydrological (Climate),Climate-Driven
Cabo Verde,Flash Floods,Africa,2025,Hydrological (Climate),Climate-Driven
South Sudan,Floods,Africa,2025,Hydrological (Climate),Climate-Driven
Sudan,Floods,Africa,2025,Hydrological (Climate),Climate-Driven
Honduras,Floods,North America,2025,Hydrological (Climate),Climate-Driven
Panama,River Pollution,North America,2025,Technological (Non-Climate),Non-Climate
Côte d'Ivoire,Cholera Outbreak,Africa,2025,Biological (Non-Climate),Non-Climate
Ghana,Cholera Outbreak,Africa,2024,Biological (Non-Climate),Non-Climate
Namibia,Drought,Africa,2024,Climatological (Climate),Climate-Driven
Niger,Diphtheria Outbreak,Africa,2023,Biological (Non-Climate),Non-Climate
Nigeria,Lassa Fever Outbreak,Africa,2023,Biological (Non-Climate),Non-Climate
Burundi,Cholera Outbreak,Africa,2023,Biological (Non-Climate),Non-Climate
DR Congo,Ebola Outbreak,Africa,2008,Biological (Non-Climate),Non-Climate
Costa Rica,Earthquake,North America,2009,Geophysical (Non-Climate),Non-Climate
Southern Africa,Floods,Africa,2008,Hydrological (Climate),Climate-Driven
South Africa,Severe Local Storm,Africa,2009,Meteorological (Climate),Climate-Driven
Guatemala,Landslide,North America,2009,Hydrological (Climate),Climate-Driven
Indonesia,Earthquake,Asia,2009,Geophysical (Non-Climate),Non-Climate
India,Cold Wave,Asia,2009,Meteorological (Climate),Climate-Driven
Philippines,Landslides,Asia,2008,Hydrological (Climate),Climate-Driven
China,Earthquake,Asia,2008,Geophysical (Non-Climate),Non-Climate
Thailand,Floods,Asia,2008,Hydrological (Climate),Climate-Driven
Guyana,Floods,South America,2008,Hydrological (Climate),Climate-Driven
Thailand,Cold Wave,Asia,2008,Meteorological (Climate),Climate-Driven
Pacific Islands,Severe Sea Swell Floods,Oceania,2008,Hydrological (Climate),Climate-Driven
Malaysia,Floods and Landslides,Asia,2008,Hydrological (Climate),Climate-Driven
Papua New Guinea,Floods and Landslides,Oceania,2008,Hydrological (Climate),Climate-Driven
Nicaragua,Floods,North America,2008,Hydrological (Climate),Climate-Driven
Kyrgyzstan,Energy/Water/Food Insecurity,Asia,2008,Climatological (Climate),Climate-Driven
Colombia,Cold Wave,South America,2008,Meteorological (Climate),Climate-Driven
Indonesia,Earthquake,Asia,2026,Geophysical (Non-Climate),Non-Climate
Colombia,Earthquake,South America,2026,Geophysical (Non-Climate),Non-Climate
Myanmar,Floods,Asia,2026,Hydrological (Climate),Climate-Driven
Afghanistan,Flash Floods,Asia,2026,Hydrological (Climate),Climate-Driven
India,Flash Floods,Asia,2026,Hydrological (Climate),Climate-Driven
Kyrgyzstan,Flash Floods,Asia,2026,Hydrological (Climate),Climate-Driven
Tajikistan,Floods,Asia,2026,Hydrological (Climate),Climate-Driven
Bangladesh,Flash Floods,Asia,2026,Hydrological (Climate),Climate-Driven
Georgia,Floods,Asia,2026,Hydrological (Climate),Climate-Driven
Central African Republic,Cholera Outbreak,Africa,2026,Biological (Non-Climate),Non-Climate
Venezuela,Earthquakes,South America,2026,Geophysical (Non-Climate),Non-Climate
Chad,Cholera Outbreak,Africa,2026,Biological (Non-Climate),Non-Climate
Philippines,Earthquake and Tsunami,Asia,2026,Geophysical (Non-Climate),Non-Climate
Armenia,Hailstorm,Asia,2026,Meteorological (Climate),Climate-Driven
Syria,Floods,Asia,2026,Hydrological (Climate),Climate-Driven
Central/Eastern Africa,Ebola Outbreak,Africa,2026,Biological (Non-Climate),Non-Climate
Sri Lanka,Dengue Outbreak,Asia,2026,Biological (Non-Climate),Non-Climate
Dominican Republic,Floods,North America,2026,Hydrological (Climate),Climate-Driven
Yemen,Floods,Asia,2026,Hydrological (Climate),Climate-Driven
Tanzania,Floods and Landslides,Africa,2026,Hydrological (Climate),Climate-Driven
Liberia,Windstorms,Africa,2026,Meteorological (Climate),Climate-Driven
Botswana,Floods,Africa,2026,Hydrological (Climate),Climate-Driven
Ethiopia,Floods and Landslides,Africa,2026,Hydrological (Climate),Climate-Driven
Kenya,Floods,Africa,2026,Hydrological (Climate),Climate-Driven
Suriname,Chikungunya Virus Outbreak,South America,2026,Biological (Non-Climate),Non-Climate
Brazil,Floods,South America,2026,Hydrological (Climate),Climate-Driven
Peru,Floods and Landslides,South America,2026,Hydrological (Climate),Climate-Driven
Angola,Floods,Africa,2026,Hydrological (Climate),Climate-Driven
Zambia,Cholera Outbreak,Africa,2026,Biological (Non-Climate),Non-Climate
Cameroon,Fires,Africa,2026,Technological (Non-Climate),Non-Climate
Somalia,Dengue Outbreak,Africa,2026,Biological (Non-Climate),Non-Climate
Rwanda,Flash Floods,Africa,2026,Hydrological (Climate),Climate-Driven
Algeria,Floods,Africa,2026,Hydrological (Climate),Climate-Driven
Argentina,Landslides,South America,2026,Hydrological (Climate),Climate-Driven
South Africa,Floods,Africa,2026,Hydrological (Climate),Climate-Driven
North Macedonia,Floods,Europe,2026,Hydrological (Climate),Climate-Driven
Malawi,Floods,Africa,2026,Hydrological (Climate),Climate-Driven
Serbia,Cold Wave,Europe,2026,Meteorological (Climate),Climate-Driven
Guatemala,Measles Outbreak,North America,2026,Biological (Non-Climate),Non-Climate
Ecuador,Floods,South America,2026,Hydrological (Climate),Climate-Driven
Zimbabwe,Floods,Africa,2026,Hydrological (Climate),Climate-Driven
Mozambique,Floods,Africa,2025,Hydrological (Climate),Climate-Driven
Chile,Wild Fires,South America,2025,Climatological (Climate),Climate-Driven
Gabon,Windstorms,Africa,2025,Meteorological (Climate),Climate-Driven
Morocco,Floods,Africa,2025,Hydrological (Climate),Climate-Driven
Bolivia,Floods,South America,2025,Hydrological (Climate),Climate-Driven
Congo,Floods,Africa,2025,Hydrological (Climate),Climate-Driven
Cuba,Arboviral Outbreak,North America,2025,Biological (Non-Climate),Non-Climate
Egypt,Floods,Africa,2025,Hydrological (Climate),Climate-Driven
Cabo Verde,Flash Floods,Africa,2025,Hydrological (Climate),Climate-Driven
South Sudan,Floods,Africa,2025,Hydrological (Climate),Climate-Driven
Sudan,Floods,Africa,2025,Hydrological (Climate),Climate-Driven
Honduras,Floods,North America,2025,Hydrological (Climate),Climate-Driven
Panama,River Pollution,North America,2025,Technological (Non-Climate),Non-Climate
Côte d'Ivoire,Cholera Outbreak,Africa,2025,Biological (Non-Climate),Non-Climate
Ghana,Cholera Outbreak,Africa,2024,Biological (Non-Climate),Non-Climate
Namibia,Drought,Africa,2024,Climatological (Climate),Climate-Driven
Niger,Diphtheria Outbreak,Africa,2023,Biological (Non-Climate),Non-Climate
Nigeria,Lassa Fever Outbreak,Africa,2023,Biological (Non-Climate),Non-Climate
Burundi,Cholera Outbreak,Africa,2023,Biological (Non-Climate),Non-Climate
Brazil,Floods and Landslides,South America,2008,Hydrological (Climate),Climate-Driven
Costa Rica,Floods,North America,2008,Hydrological (Climate),Climate-Driven
Philippines,Flash Floods,Asia,2008,Hydrological (Climate),Climate-Driven
Panama,Floods,North America,2008,Hydrological (Climate),Climate-Driven
Cuba,Floods,North America,2008,Hydrological (Climate),Climate-Driven
Viet Nam,Tropical Storm Noul,Asia,2008,Meteorological (Climate),Climate-Driven
Ethiopia,Flash Floods,Africa,2008,Hydrological (Climate),Climate-Driven
Indonesia,Earthquake,Asia,2008,Geophysical (Non-Climate),Non-Climate
USA,Wild Fire,North America,2008,Climatological (Climate),Climate-Driven
Indonesia,Landslide,Asia,2008,Hydrological (Climate),Climate-Driven
occupied Palestinian territory,Flash Floods,Asia,2008,Hydrological (Climate),Climate-Driven
Bolivia,Severe Local Storm,South America,2008,Meteorological (Climate),Climate-Driven
Haiti,School Collapse,North America,2008,Technological (Non-Climate),Non-Climate
Colombia,Machín and Nevado del Huila Volcanoes,South America,2008,Geophysical (Non-Climate),Non-Climate
Peru,Floods,South America,2008,Hydrological (Climate),Climate-Driven
China,Landslides,Asia,2008,Hydrological (Climate),Climate-Driven
Bolivia,Drought,South America,2008,Climatological (Climate),Climate-Driven
Pakistan,Earthquake,Asia,2008,Geophysical (Non-Climate),Non-Climate
Indonesia,Earthquake,Asia,2026,Geophysical (Non-Climate),Non-Climate
Colombia,Earthquake,South America,2026,Geophysical (Non-Climate),Non-Climate
Myanmar,Floods,Asia,2026,Hydrological (Climate),Climate-Driven
Afghanistan,Flash Floods,Asia,2026,Hydrological (Climate),Climate-Driven
India,Flash Floods,Asia,2026,Hydrological (Climate),Climate-Driven
Kyrgyzstan,Flash Floods,Asia,2026,Hydrological (Climate),Climate-Driven
Tajikistan,Floods,Asia,2026,Hydrological (Climate),Climate-Driven
Bangladesh,Flash Floods,Asia,2026,Hydrological (Climate),Climate-Driven
Georgia,Floods,Asia,2026,Hydrological (Climate),Climate-Driven
Central African Republic,Cholera Outbreak,Africa,2026,Biological (Non-Climate),Non-Climate
Venezuela,Earthquakes,South America,2026,Geophysical (Non-Climate),Non-Climate
Chad,Cholera Outbreak,Africa,2026,Biological (Non-Climate),Non-Climate
Philippines,Earthquake and Tsunami,Asia,2026,Geophysical (Non-Climate),Non-Climate
Armenia,Hailstorm,Asia,2026,Meteorological (Climate),Climate-Driven
Syria,Floods,Asia,2026,Hydrological (Climate),Climate-Driven
Central/Eastern Africa,Ebola Outbreak,Africa,2026,Biological (Non-Climate),Non-Climate
Sri Lanka,Dengue Outbreak,Asia,2026,Biological (Non-Climate),Non-Climate
Dominican Republic,Floods,North America,2026,Hydrological (Climate),Climate-Driven
Yemen,Floods,Asia,2026,Hydrological (Climate),Climate-Driven
Tanzania,Floods and Landslides,Africa,2026,Hydrological (Climate),Climate-Driven
Liberia,Windstorms,Africa,2026,Meteorological (Climate),Climate-Driven
Botswana,Floods,Africa,2026,Hydrological (Climate),Climate-Driven
Ethiopia,Floods and Landslides,Africa,2026,Hydrological (Climate),Climate-Driven
Kenya,Floods,Africa,2026,Hydrological (Climate),Climate-Driven
Suriname,Chikungunya Virus Outbreak,South America,2026,Biological (Non-Climate),Non-Climate
Brazil,Floods,South America,2026,Hydrological (Climate),Climate-Driven
Peru,Floods and Landslides,South America,2026,Hydrological (Climate),Climate-Driven
Angola,Floods,Africa,2026,Hydrological (Climate),Climate-Driven
Zambia,Cholera Outbreak,Africa,2026,Biological (Non-Climate),Non-Climate
Cameroon,Fires,Africa,2026,Technological (Non-Climate),Non-Climate
Somalia,Dengue Outbreak,Africa,2026,Biological (Non-Climate),Non-Climate
Rwanda,Flash Floods,Africa,2026,Hydrological (Climate),Climate-Driven
Algeria,Floods,Africa,2026,Hydrological (Climate),Climate-Driven
Argentina,Landslides,South America,2026,Hydrological (Climate),Climate-Driven
South Africa,Floods,Africa,2026,Hydrological (Climate),Climate-Driven
North Macedonia,Floods,Europe,2026,Hydrological (Climate),Climate-Driven
Malawi,Floods,Africa,2026,Hydrological (Climate),Climate-Driven
Serbia,Cold Wave,Europe,2026,Meteorological (Climate),Climate-Driven
Guatemala,Measles Outbreak,North America,2026,Biological (Non-Climate),Non-Climate
Ecuador,Floods,South America,2026,Hydrological (Climate),Climate-Driven
Zimbabwe,Floods,Africa,2026,Hydrological (Climate),Climate-Driven
Mozambique,Floods,Africa,2025,Hydrological (Climate),Climate-Driven
Chile,Wild Fires,South America,2025,Climatological (Climate),Climate-Driven
Gabon,Windstorms,Africa,2025,Meteorological (Climate),Climate-Driven
Morocco,Floods,Africa,2025,Hydrological (Climate),Climate-Driven
Bolivia,Floods,South America,2025,Hydrological (Climate),Climate-Driven
Congo,Floods,Africa,2025,Hydrological (Climate),Climate-Driven
Cuba,Arboviral Outbreak,North America,2025,Biological (Non-Climate),Non-Climate
Egypt,Floods,Africa,2025,Hydrological (Climate),Climate-Driven
Cabo Verde,Flash Floods,Africa,2025,Hydrological (Climate),Climate-Driven
South Sudan,Floods,Africa,2025,Hydrological (Climate),Climate-Driven
Sudan,Floods,Africa,2025,Hydrological (Climate),Climate-Driven
Honduras,Floods,North America,2025,Hydrological (Climate),Climate-Driven
Panama,River Pollution,North America,2025,Technological (Non-Climate),Non-Climate
Côte d'Ivoire,Cholera Outbreak,Africa,2025,Biological (Non-Climate),Non-Climate
Ghana,Cholera Outbreak,Africa,2024,Biological (Non-Climate),Non-Climate
Namibia,Drought,Africa,2024,Climatological (Climate),Climate-Driven
Niger,Diphtheria Outbreak,Africa,2023,Biological (Non-Climate),Non-Climate
Nigeria,Lassa Fever Outbreak,Africa,2023,Biological (Non-Climate),Non-Climate
Burundi,Cholera Outbreak,Africa,2023,Biological (Non-Climate),Non-Climate
Sudan,Floods,Africa,2008,Hydrological (Climate),Climate-Driven
Indonesia,Floods,Asia,2008,Hydrological (Climate),Climate-Driven
Bangladesh,Tropical Storm Rashmi,Asia,2008,Meteorological (Climate),Climate-Driven
Yemen,Floods,Asia,2008,Hydrological (Climate),Climate-Driven
Morocco,Flash Floods,Africa,2008,Hydrological (Climate),Climate-Driven
Sri Lanka,Floods,Asia,2008,Hydrological (Climate),Climate-Driven
Central America,Floods,North America,2008,Hydrological (Climate),Climate-Driven
Honduras,Floods,North America,2008,Hydrological (Climate),Climate-Driven
Viet Nam,Floods,Asia,2008,Hydrological (Climate),Climate-Driven
El Salvador,Floods,North America,2008,Hydrological (Climate),Climate-Driven
Costa Rica,Floods,North America,2008,Hydrological (Climate),Climate-Driven
Russian Federation,Earthquake,Europe,2008,Geophysical (Non-Climate),Non-Climate
Mexico,Hurricane Norbert,North America,2008,Meteorological (Climate),Climate-Driven
Burundi,Floods,Africa,2008,Hydrological (Climate),Climate-Driven
DR Congo,Flash Floods,Africa,2008,Hydrological (Climate),Climate-Driven
Rwanda,Floods,Africa,2008,Hydrological (Climate),Climate-Driven
Kyrgyzstan,Earthquake,Asia,2008,Geophysical (Non-Climate),Non-Climate
China,Earthquake,Asia,2008,Geophysical (Non-Climate),Non-Climate
Indonesia,Earthquake,Asia,2026,Geophysical (Non-Climate),Non-Climate
Colombia,Earthquake,South America,2026,Geophysical (Non-Climate),Non-Climate
Myanmar,Floods,Asia,2026,Hydrological (Climate),Climate-Driven
Afghanistan,Flash Floods,Asia,2026,Hydrological (Climate),Climate-Driven
India,Flash Floods,Asia,2026,Hydrological (Climate),Climate-Driven
Kyrgyzstan,Flash Floods,Asia,2026,Hydrological (Climate),Climate-Driven
Tajikistan,Floods,Asia,2026,Hydrological (Climate),Climate-Driven
Bangladesh,Flash Floods,Asia,2026,Hydrological (Climate),Climate-Driven
Georgia,Floods,Asia,2026,Hydrological (Climate),Climate-Driven
Central African Republic,Cholera Outbreak,Africa,2026,Biological (Non-Climate),Non-Climate
Venezuela,Earthquakes,South America,2026,Geophysical (Non-Climate),Non-Climate
Chad,Cholera Outbreak,Africa,2026,Biological (Non-Climate),Non-Climate
Philippines,Earthquake and Tsunami,Asia,2026,Geophysical (Non-Climate),Non-Climate
Armenia,Hailstorm,Asia,2026,Meteorological (Climate),Climate-Driven
Syria,Floods,Asia,2026,Hydrological (Climate),Climate-Driven
Central/Eastern Africa,Ebola Outbreak,Africa,2026,Biological (Non-Climate),Non-Climate
Sri Lanka,Dengue Outbreak,Asia,2026,Biological (Non-Climate),Non-Climate
Dominican Republic,Floods,North America,2026,Hydrological (Climate),Climate-Driven
Yemen,Floods,Asia,2026,Hydrological (Climate),Climate-Driven
Tanzania,Floods and Landslides,Africa,2026,Hydrological (Climate),Climate-Driven
Liberia,Windstorms,Africa,2026,Meteorological (Climate),Climate-Driven
Botswana,Floods,Africa,2026,Hydrological (Climate),Climate-Driven
Ethiopia,Floods and Landslides,Africa,2026,Hydrological (Climate),Climate-Driven
Kenya,Floods,Africa,2026,Hydrological (Climate),Climate-Driven
Suriname,Chikungunya Virus Outbreak,South America,2026,Biological (Non-Climate),Non-Climate
Brazil,Floods,South America,2026,Hydrological (Climate),Climate-Driven
Peru,Floods and Landslides,South America,2026,Hydrological (Climate),Climate-Driven
Angola,Floods,Africa,2026,Hydrological (Climate),Climate-Driven
Zambia,Cholera Outbreak,Africa,2026,Biological (Non-Climate),Non-Climate
Cameroon,Fires,Africa,2026,Technological (Non-Climate),Non-Climate
Somalia,Dengue Outbreak,Africa,2026,Biological (Non-Climate),Non-Climate
Rwanda,Flash Floods,Africa,2026,Hydrological (Climate),Climate-Driven
Algeria,Floods,Africa,2026,Hydrological (Climate),Climate-Driven
Argentina,Landslides,South America,2026,Hydrological (Climate),Climate-Driven
South Africa,Floods,Africa,2026,Hydrological (Climate),Climate-Driven
North Macedonia,Floods,Europe,2026,Hydrological (Climate),Climate-Driven
Malawi,Floods,Africa,2026,Hydrological (Climate),Climate-Driven
Serbia,Cold Wave,Europe,2026,Meteorological (Climate),Climate-Driven
Guatemala,Measles Outbreak,North America,2026,Biological (Non-Climate),Non-Climate
Ecuador,Floods,South America,2026,Hydrological (Climate),Climate-Driven
Zimbabwe,Floods,Africa,2026,Hydrological (Climate),Climate-Driven
Mozambique,Floods,Africa,2025,Hydrological (Climate),Climate-Driven
Chile,Wild Fires,South America,2025,Climatological (Climate),Climate-Driven
Gabon,Windstorms,Africa,2025,Meteorological (Climate),Climate-Driven
Morocco,Floods,Africa,2025,Hydrological (Climate),Climate-Driven
Bolivia,Floods,South America,2025,Hydrological (Climate),Climate-Driven
Congo,Floods,Africa,2025,Hydrological (Climate),Climate-Driven
Cuba,Arboviral Outbreak,North America,2025,Biological (Non-Climate),Non-Climate
Egypt,Floods,Africa,2025,Hydrological (Climate),Climate-Driven
Cabo Verde,Flash Floods,Africa,2025,Hydrological (Climate),Climate-Driven
South Sudan,Floods,Africa,2025,Hydrological (Climate),Climate-Driven
Sudan,Floods,Africa,2025,Hydrological (Climate),Climate-Driven
Honduras,Floods,North America,2025,Hydrological (Climate),Climate-Driven
Panama,River Pollution,North America,2025,Technological (Non-Climate),Non-Climate
Côte d'Ivoire,Cholera Outbreak,Africa,2025,Biological (Non-Climate),Non-Climate
Ghana,Cholera Outbreak,Africa,2024,Biological (Non-Climate),Non-Climate
Namibia,Drought,Africa,2024,Climatological (Climate),Climate-Driven
Niger,Diphtheria Outbreak,Africa,2023,Biological (Non-Climate),Non-Climate
Nigeria,Lassa Fever Outbreak,Africa,2023,Biological (Non-Climate),Non-Climate
Burundi,Cholera Outbreak,Africa,2023,Biological (Non-Climate),Non-Climate
Somalia,Floods,Africa,2008,Hydrological (Climate),Climate-Driven
Kenya,Floods,Africa,2008,Hydrological (Climate),Climate-Driven
Nicaragua,Floods,North America,2008,Hydrological (Climate),Climate-Driven
Algeria,Flash Floods,Africa,2008,Hydrological (Climate),Climate-Driven
Tajikistan,Drought,Asia,2008,Climatological (Climate),Climate-Driven
Syria,Drought,Asia,2008,Climatological (Climate),Climate-Driven
Colombia,Floods and landslides,South America,2008,Hydrological (Climate),Climate-Driven
Dominican Republic,Floods,North America,2008,Hydrological (Climate),Climate-Driven
Colombia,Cold Wave,South America,2008,Meteorological (Climate),Climate-Driven
Guatemala,Floods,North America,2008,Hydrological (Climate),Climate-Driven
St. Vincent,Floods,North America,2008,Hydrological (Climate),Climate-Driven
Nepal,Floods and Landslides,Asia,2008,Hydrological (Climate),Climate-Driven
Uganda,Floods,Africa,2008,Hydrological (Climate),Climate-Driven
Mexico,Tropical Cyclone Lowell,North America,2008,Meteorological (Climate),Climate-Driven
Indonesia,Earthquake,Asia,2026,Geophysical (Non-Climate),Non-Climate
Colombia,Earthquake,South America,2026,Geophysical (Non-Climate),Non-Climate
Myanmar,Floods,Asia,2026,Hydrological (Climate),Climate-Driven
Afghanistan,Flash Floods,Asia,2026,Hydrological (Climate),Climate-Driven
India,Flash Floods,Asia,2026,Hydrological (Climate),Climate-Driven
Kyrgyzstan,Flash Floods,Asia,2026,Hydrological (Climate),Climate-Driven
Tajikistan,Floods,Asia,2026,Hydrological (Climate),Climate-Driven
Bangladesh,Flash Floods,Asia,2026,Hydrological (Climate),Climate-Driven
Georgia,Floods,Asia,2026,Hydrological (Climate),Climate-Driven
Central African Republic,Cholera Outbreak,Africa,2026,Biological (Non-Climate),Non-Climate
Venezuela,Earthquakes,South America,2026,Geophysical (Non-Climate),Non-Climate
Chad,Cholera Outbreak,Africa,2026,Biological (Non-Climate),Non-Climate
Philippines,Earthquake and Tsunami,Asia,2026,Geophysical (Non-Climate),Non-Climate
Armenia,Hailstorm,Asia,2026,Meteorological (Climate),Climate-Driven
Syria,Floods,Asia,2026,Hydrological (Climate),Climate-Driven
Central/Eastern Africa,Ebola Outbreak,Africa,2026,Biological (Non-Climate),Non-Climate
Sri Lanka,Dengue Outbreak,Asia,2026,Biological (Non-Climate),Non-Climate
Dominican Republic,Floods,North America,2026,Hydrological (Climate),Climate-Driven
Yemen,Floods,Asia,2026,Hydrological (Climate),Climate-Driven
Tanzania,Floods and Landslides,Africa,2026,Hydrological (Climate),Climate-Driven
Liberia,Windstorms,Africa,2026,Meteorological (Climate),Climate-Driven
Botswana,Floods,Africa,2026,Hydrological (Climate),Climate-Driven
Ethiopia,Floods and Landslides,Africa,2026,Hydrological (Climate),Climate-Driven
Kenya,Floods,Africa,2026,Hydrological (Climate),Climate-Driven
Suriname,Chikungunya Virus Outbreak,South America,2026,Biological (Non-Climate),Non-Climate
Brazil,Floods,South America,2026,Hydrological (Climate),Climate-Driven
Peru,Floods and Landslides,South America,2026,Hydrological (Climate),Climate-Driven
Angola,Floods,Africa,2026,Hydrological (Climate),Climate-Driven
Zambia,Cholera Outbreak,Africa,2026,Biological (Non-Climate),Non-Climate
Cameroon,Fires,Africa,2026,Technological (Non-Climate),Non-Climate
Somalia,Dengue Outbreak,Africa,2026,Biological (Non-Climate),Non-Climate
Rwanda,Flash Floods,Africa,2026,Hydrological (Climate),Climate-Driven
Algeria,Floods,Africa,2026,Hydrological (Climate),Climate-Driven
Argentina,Landslides,South America,2026,Hydrological (Climate),Climate-Driven
South Africa,Floods,Africa,2026,Hydrological (Climate),Climate-Driven
North Macedonia,Floods,Europe,2026,Hydrological (Climate),Climate-Driven
Malawi,Floods,Africa,2026,Hydrological (Climate),Climate-Driven
Serbia,Cold Wave,Europe,2026,Meteorological (Climate),Climate-Driven
Guatemala,Measles Outbreak,North America,2026,Biological (Non-Climate),Non-Climate
Ecuador,Floods,South America,2026,Hydrological (Climate),Climate-Driven
Zimbabwe,Floods,Africa,2026,Hydrological (Climate),Climate-Driven
Mozambique,Floods,Africa,2025,Hydrological (Climate),Climate-Driven
Chile,Wild Fires,South America,2025,Climatological (Climate),Climate-Driven
Gabon,Windstorms,Africa,2025,Meteorological (Climate),Climate-Driven
Morocco,Floods,Africa,2025,Hydrological (Climate),Climate-Driven
Bolivia,Floods,South America,2025,Hydrological (Climate),Climate-Driven
Congo,Floods,Africa,2025,Hydrological (Climate),Climate-Driven
Cuba,Arboviral Outbreak,North America,2025,Biological (Non-Climate),Non-Climate
Egypt,Floods,Africa,2025,Hydrological (Climate),Climate-Driven
Cabo Verde,Flash Floods,Africa,2025,Hydrological (Climate),Climate-Driven
South Sudan,Floods,Africa,2025,Hydrological (Climate),Climate-Driven
Sudan,Floods,Africa,2025,Hydrological (Climate),Climate-Driven
Honduras,Floods,North America,2025,Hydrological (Climate),Climate-Driven
Panama,River Pollution,North America,2025,Technological (Non-Climate),Non-Climate
Côte d'Ivoire,Cholera Outbreak,Africa,2025,Biological (Non-Climate),Non-Climate
Ghana,Cholera Outbreak,Africa,2024,Biological (Non-Climate),Non-Climate
Namibia,Drought,Africa,2024,Climatological (Climate),Climate-Driven
Niger,Diphtheria Outbreak,Africa,2023,Biological (Non-Climate),Non-Climate
Nigeria,Lassa Fever Outbreak,Africa,2023,Biological (Non-Climate),Non-Climate
Burundi,Cholera Outbreak,Africa,2023,Biological (Non-Climate),Non-Climate
Iran,Earthquake,Asia,2008,Geophysical (Non-Climate),Non-Climate
Paraguay,Drought,South America,2008,Climatological (Climate),Climate-Driven
Mexico,Floods,North America,2008,Hydrological (Climate),Climate-Driven
Philippines,Floods and Landslides,Asia,2008,Hydrological (Climate),Climate-Driven
Egypt,Landslide,Africa,2008,Hydrological (Climate),Climate-Driven
Panama,Floods,North America,2008,Hydrological (Climate),Climate-Driven
Chile,Floods,South America,2008,Hydrological (Climate),Climate-Driven
China,Earthquake in Sichuan Province,Asia,2008,Geophysical (Non-Climate),Non-Climate
China,Earthquake in Tibet,Asia,2008,Geophysical (Non-Climate),Non-Climate
Ethiopia,Flash Flood,Africa,2008,Hydrological (Climate),Climate-Driven
China,Earthquake in Yunnan Province,Asia,2008,Geophysical (Non-Climate),Non-Climate
Cameroon/Chad,Floods,Africa,2008,Hydrological (Climate),Climate-Driven
Sudan,Floods,Africa,2008,Hydrological (Climate),Climate-Driven
Paraguay,Severe Local Storm,South America,2008,Meteorological (Climate),Climate-Driven
Indonesia,Earthquake,Asia,2026,Geophysical (Non-Climate),Non-Climate
Colombia,Earthquake,South America,2026,Geophysical (Non-Climate),Non-Climate
Myanmar,Floods,Asia,2026,Hydrological (Climate),Climate-Driven
Afghanistan,Flash Floods,Asia,2026,Hydrological (Climate),Climate-Driven
India,Flash Floods,Asia,2026,Hydrological (Climate),Climate-Driven
Kyrgyzstan,Flash Floods,Asia,2026,Hydrological (Climate),Climate-Driven
Tajikistan,Floods,Asia,2026,Hydrological (Climate),Climate-Driven
Bangladesh,Flash Floods,Asia,2026,Hydrological (Climate),Climate-Driven
Georgia,Floods,Asia,2026,Hydrological (Climate),Climate-Driven
Central African Republic,Cholera Outbreak,Africa,2026,Biological (Non-Climate),Non-Climate
Venezuela,Earthquakes,South America,2026,Geophysical (Non-Climate),Non-Climate
Chad,Cholera Outbreak,Africa,2026,Biological (Non-Climate),Non-Climate
Philippines,Earthquake and Tsunami,Asia,2026,Geophysical (Non-Climate),Non-Climate
Armenia,Hailstorm,Asia,2026,Meteorological (Climate),Climate-Driven
Syria,Floods,Asia,2026,Hydrological (Climate),Climate-Driven
Central/Eastern Africa,Ebola Outbreak,Africa,2026,Biological (Non-Climate),Non-Climate
Sri Lanka,Dengue Outbreak,Asia,2026,Biological (Non-Climate),Non-Climate
Dominican Republic,Floods,North America,2026,Hydrological (Climate),Climate-Driven
Yemen,Floods,Asia,2026,Hydrological (Climate),Climate-Driven
Tanzania,Floods and Landslides,Africa,2026,Hydrological (Climate),Climate-Driven
Liberia,Windstorms,Africa,2026,Meteorological (Climate),Climate-Driven
Botswana,Floods,Africa,2026,Hydrological (Climate),Climate-Driven
Ethiopia,Floods and Landslides,Africa,2026,Hydrological (Climate),Climate-Driven
Kenya,Floods,Africa,2026,Hydrological (Climate),Climate-Driven
Suriname,Chikungunya Virus Outbreak,South America,2026,Biological (Non-Climate),Non-Climate
Brazil,Floods,South America,2026,Hydrological (Climate),Climate-Driven
Peru,Floods and Landslides,South America,2026,Hydrological (Climate),Climate-Driven
Angola,Floods,Africa,2026,Hydrological (Climate),Climate-Driven
Zambia,Cholera Outbreak,Africa,2026,Biological (Non-Climate),Non-Climate
Cameroon,Fires,Africa,2026,Technological (Non-Climate),Non-Climate
Somalia,Dengue Outbreak,Africa,2026,Biological (Non-Climate),Non-Climate
Rwanda,Flash Floods,Africa,2026,Hydrological (Climate),Climate-Driven
Algeria,Floods,Africa,2026,Hydrological (Climate),Climate-Driven
Argentina,Landslides,South America,2026,Hydrological (Climate),Climate-Driven
South Africa,Floods,Africa,2026,Hydrological (Climate),Climate-Driven
North Macedonia,Floods,Europe,2026,Hydrological (Climate),Climate-Driven
Malawi,Floods,Africa,2026,Hydrological (Climate),Climate-Driven
Serbia,Cold Wave,Europe,2026,Meteorological (Climate),Climate-Driven
Guatemala,Measles Outbreak,North America,2026,Biological (Non-Climate),Non-Climate
Ecuador,Floods,South America,2026,Hydrological (Climate),Climate-Driven
Zimbabwe,Floods,Africa,2026,Hydrological (Climate),Climate-Driven
Mozambique,Floods,Africa,2025,Hydrological (Climate),Climate-Driven
Chile,Wild Fires,South America,2025,Climatological (Climate),Climate-Driven
Gabon,Windstorms,Africa,2025,Meteorological (Climate),Climate-Driven
Morocco,Floods,Africa,2025,Hydrological (Climate),Climate-Driven
Bolivia,Floods,South America,2025,Hydrological (Climate),Climate-Driven
Congo,Floods,Africa,2025,Hydrological (Climate),Climate-Driven
Cuba,Arboviral Outbreak,North America,2025,Biological (Non-Climate),Non-Climate
Egypt,Floods,Africa,2025,Hydrological (Climate),Climate-Driven
Cabo Verde,Flash Floods,Africa,2025,Hydrological (Climate),Climate-Driven
South Sudan,Floods,Africa,2025,Hydrological (Climate),Climate-Driven
Sudan,Floods,Africa,2025,Hydrological (Climate),Climate-Driven
Honduras,Floods,North America,2025,Hydrological (Climate),Climate-Driven
Panama,River Pollution,North America,2025,Technological (Non-Climate),Non-Climate
Côte d'Ivoire,Cholera Outbreak,Africa,2025,Biological (Non-Climate),Non-Climate
Ghana,Cholera Outbreak,Africa,2024,Biological (Non-Climate),Non-Climate
Namibia,Drought,Africa,2024,Climatological (Climate),Climate-Driven
Niger,Diphtheria Outbreak,Africa,2023,Biological (Non-Climate),Non-Climate
Nigeria,Lassa Fever Outbreak,Africa,2023,Biological (Non-Climate),Non-Climate
Burundi,Cholera Outbreak,Africa,2023,Biological (Non-Climate),Non-Climate
Pakistan,Floods,Asia,2008,Hydrological (Climate),Climate-Driven
Ecuador,Volcano Reventador,South America,2008,Geophysical (Non-Climate),Non-Climate
Central and Eastern Europe,Floods,Europe,2008,Hydrological (Climate),Climate-Driven
Guatemala,Landslides,North America,2008,Hydrological (Climate),Climate-Driven
Philippines,Ferry Disaster/Toxic Cargo,Asia,2008,Technological (Non-Climate),Non-Climate
Madagascar,Rift Valley Fever Outbreak,Africa,2008,Biological (Non-Climate),Non-Climate
Peru,Cold Wave,South America,2008,Meteorological (Climate),Climate-Driven
Nepal,Floods and Landslides,Asia,2008,Hydrological (Climate),Climate-Driven
El Salvador,Floods,North America,2008,Hydrological (Climate),Climate-Driven
West Africa,Floods,Africa,2008,Hydrological (Climate),Climate-Driven
Nicaragua,Floods,North America,2008,Hydrological (Climate),Climate-Driven
Peru,Earthquake,South America,2008,Geophysical (Non-Climate),Non-Climate
USA,Floods,North America,2008,Hydrological (Climate),Climate-Driven
Bangladesh,Floods,Asia,2008,Hydrological (Climate),Climate-Driven
Indonesia,Earthquake,Asia,2026,Geophysical (Non-Climate),Non-Climate
Colombia,Earthquake,South America,2026,Geophysical (Non-Climate),Non-Climate
Myanmar,Floods,Asia,2026,Hydrological (Climate),Climate-Driven
Afghanistan,Flash Floods,Asia,2026,Hydrological (Climate),Climate-Driven
India,Flash Floods,Asia,2026,Hydrological (Climate),Climate-Driven
Kyrgyzstan,Flash Floods,Asia,2026,Hydrological (Climate),Climate-Driven
Tajikistan,Floods,Asia,2026,Hydrological (Climate),Climate-Driven
Bangladesh,Flash Floods,Asia,2026,Hydrological (Climate),Climate-Driven
Georgia,Floods,Asia,2026,Hydrological (Climate),Climate-Driven
Central African Republic,Cholera Outbreak,Africa,2026,Biological (Non-Climate),Non-Climate
Venezuela,Earthquakes,South America,2026,Geophysical (Non-Climate),Non-Climate
Chad,Cholera Outbreak,Africa,2026,Biological (Non-Climate),Non-Climate
Philippines,Earthquake and Tsunami,Asia,2026,Geophysical (Non-Climate),Non-Climate
Armenia,Hailstorm,Asia,2026,Meteorological (Climate),Climate-Driven
Syria,Floods,Asia,2026,Hydrological (Climate),Climate-Driven
Central/Eastern Africa,Ebola Outbreak,Africa,2026,Biological (Non-Climate),Non-Climate
Sri Lanka,Dengue Outbreak,Asia,2026,Biological (Non-Climate),Non-Climate
Dominican Republic,Floods,North America,2026,Hydrological (Climate),Climate-Driven
Yemen,Floods,Asia,2026,Hydrological (Climate),Climate-Driven
Tanzania,Floods and Landslides,Africa,2026,Hydrological (Climate),Climate-Driven
Liberia,Windstorms,Africa,2026,Meteorological (Climate),Climate-Driven
Botswana,Floods,Africa,2026,Hydrological (Climate),Climate-Driven
Ethiopia,Floods and Landslides,Africa,2026,Hydrological (Climate),Climate-Driven
Kenya,Floods,Africa,2026,Hydrological (Climate),Climate-Driven
Suriname,Chikungunya Virus Outbreak,South America,2026,Biological (Non-Climate),Non-Climate
Brazil,Floods,South America,2026,Hydrological (Climate),Climate-Driven
Peru,Floods and Landslides,South America,2026,Hydrological (Climate),Climate-Driven
Angola,Floods,Africa,2026,Hydrological (Climate),Climate-Driven
Zambia,Cholera Outbreak,Africa,2026,Biological (Non-Climate),Non-Climate
Cameroon,Fires,Africa,2026,Technological (Non-Climate),Non-Climate
Somalia,Dengue Outbreak,Africa,2026,Biological (Non-Climate),Non-Climate
Rwanda,Flash Floods,Africa,2026,Hydrological (Climate),Climate-Driven
Algeria,Floods,Africa,2026,Hydrological (Climate),Climate-Driven
Argentina,Landslides,South America,2026,Hydrological (Climate),Climate-Driven
South Africa,Floods,Africa,2026,Hydrological (Climate),Climate-Driven
North Macedonia,Floods,Europe,2026,Hydrological (Climate),Climate-Driven
Malawi,Floods,Africa,2026,Hydrological (Climate),Climate-Driven
Serbia,Cold Wave,Europe,2026,Meteorological (Climate),Climate-Driven
Guatemala,Measles Outbreak,North America,2026,Biological (Non-Climate),Non-Climate
Ecuador,Floods,South America,2026,Hydrological (Climate),Climate-Driven
Zimbabwe,Floods,Africa,2026,Hydrological (Climate),Climate-Driven
Mozambique,Floods,Africa,2025,Hydrological (Climate),Climate-Driven
Chile,Wild Fires,South America,2025,Climatological (Climate),Climate-Driven
Gabon,Windstorms,Africa,2025,Meteorological (Climate),Climate-Driven
Morocco,Floods,Africa,2025,Hydrological (Climate),Climate-Driven
Bolivia,Floods,South America,2025,Hydrological (Climate),Climate-Driven
Congo,Floods,Africa,2025,Hydrological (Climate),Climate-Driven
Cuba,Arboviral Outbreak,North America,2025,Biological (Non-Climate),Non-Climate
Egypt,Floods,Africa,2025,Hydrological (Climate),Climate-Driven
Cabo Verde,Flash Floods,Africa,2025,Hydrological (Climate),Climate-Driven
South Sudan,Floods,Africa,2025,Hydrological (Climate),Climate-Driven
Sudan,Floods,Africa,2025,Hydrological (Climate),Climate-Driven
Honduras,Floods,North America,2025,Hydrological (Climate),Climate-Driven
Panama,River Pollution,North America,2025,Technological (Non-Climate),Non-Climate
Côte d'Ivoire,Cholera Outbreak,Africa,2025,Biological (Non-Climate),Non-Climate
Ghana,Cholera Outbreak,Africa,2024,Biological (Non-Climate),Non-Climate
Namibia,Drought,Africa,2024,Climatological (Climate),Climate-Driven
Niger,Diphtheria Outbreak,Africa,2023,Biological (Non-Climate),Non-Climate
Nigeria,Lassa Fever Outbreak,Africa,2023,Biological (Non-Climate),Non-Climate
Burundi,Cholera Outbreak,Africa,2023,Biological (Non-Climate),Non-Climate
Suriname,Floods,South America,2008,Hydrological (Climate),Climate-Driven
South Africa,Floods,Africa,2008,Hydrological (Climate),Climate-Driven
Kenya,Flash Floods,Africa,2008,Hydrological (Climate),Climate-Driven
Somalia,Floods,Africa,2008,Hydrological (Climate),Climate-Driven
India,Floods,Asia,2008,Hydrological (Climate),Climate-Driven
Gambia,Severe Local Storm,Africa,2008,Meteorological (Climate),Climate-Driven
Philippines,Flash Floods,Asia,2008,Hydrological (Climate),Climate-Driven
Sri Lanka,Flash Floods,Asia,2008,Hydrological (Climate),Climate-Driven
Central America,Tropical Storm Arthur,North America,2008,Meteorological (Climate),Climate-Driven
Central America,Tropical Storm Alma,North America,2008,Meteorological (Climate),Climate-Driven
Colombia,Floods,South America,2008,Hydrological (Climate),Climate-Driven
Burkina Faso,Floods,Africa,2008,Hydrological (Climate),Climate-Driven
China,Floods,Asia,2008,Hydrological (Climate),Climate-Driven
Mongolia,Snowstorm,Asia,2008,Meteorological (Climate),Climate-Driven
Colombia,Earthquake,South America,2008,Geophysical (Non-Climate),Non-Climate
Chile,Floods,South America,2008,Hydrological (Climate),Climate-Driven
India,Heat Wave,Asia,2008,Meteorological (Climate),Climate-Driven
Philippines,Flash Floods,Asia,2008,Hydrological (Climate),Climate-Driven
Indonesia,Earthquake,Asia,2026,Geophysical (Non-Climate),Non-Climate
Colombia,Earthquake,South America,2026,Geophysical (Non-Climate),Non-Climate
Myanmar,Floods,Asia,2026,Hydrological (Climate),Climate-Driven
Afghanistan,Flash Floods,Asia,2026,Hydrological (Climate),Climate-Driven
India,Flash Floods,Asia,2026,Hydrological (Climate),Climate-Driven
Kyrgyzstan,Flash Floods,Asia,2026,Hydrological (Climate),Climate-Driven
Tajikistan,Floods,Asia,2026,Hydrological (Climate),Climate-Driven
Bangladesh,Flash Floods,Asia,2026,Hydrological (Climate),Climate-Driven
Georgia,Floods,Asia,2026,Hydrological (Climate),Climate-Driven
Central African Republic,Cholera Outbreak,Africa,2026,Biological (Non-Climate),Non-Climate
Venezuela,Earthquakes,South America,2026,Geophysical (Non-Climate),Non-Climate
Chad,Cholera Outbreak,Africa,2026,Biological (Non-Climate),Non-Climate
Philippines,Earthquake and Tsunami,Asia,2026,Geophysical (Non-Climate),Non-Climate
Armenia,Hailstorm,Asia,2026,Meteorological (Climate),Climate-Driven
Syria,Floods,Asia,2026,Hydrological (Climate),Climate-Driven
Central/Eastern Africa,Ebola Outbreak,Africa,2026,Biological (Non-Climate),Non-Climate
Sri Lanka,Dengue Outbreak,Asia,2026,Biological (Non-Climate),Non-Climate
Dominican Republic,Floods,North America,2026,Hydrological (Climate),Climate-Driven
Yemen,Floods,Asia,2026,Hydrological (Climate),Climate-Driven
Tanzania,Floods and Landslides,Africa,2026,Hydrological (Climate),Climate-Driven
Liberia,Windstorms,Africa,2026,Meteorological (Climate),Climate-Driven
Botswana,Floods,Africa,2026,Hydrological (Climate),Climate-Driven
Ethiopia,Floods and Landslides,Africa,2026,Hydrological (Climate),Climate-Driven
Kenya,Floods,Africa,2026,Hydrological (Climate),Climate-Driven
Suriname,Chikungunya Virus Outbreak,South America,2026,Biological (Non-Climate),Non-Climate
Brazil,Floods,South America,2026,Hydrological (Climate),Climate-Driven
Peru,Floods and Landslides,South America,2026,Hydrological (Climate),Climate-Driven
Angola,Floods,Africa,2026,Hydrological (Climate),Climate-Driven
Zambia,Cholera Outbreak,Africa,2026,Biological (Non-Climate),Non-Climate
Cameroon,Fires,Africa,2026,Technological (Non-Climate),Non-Climate
Somalia,Dengue Outbreak,Africa,2026,Biological (Non-Climate),Non-Climate
Rwanda,Flash Floods,Africa,2026,Hydrological (Climate),Climate-Driven
Algeria,Floods,Africa,2026,Hydrological (Climate),Climate-Driven
Argentina,Landslides,South America,2026,Hydrological (Climate),Climate-Driven
South Africa,Floods,Africa,2026,Hydrological (Climate),Climate-Driven
North Macedonia,Floods,Europe,2026,Hydrological (Climate),Climate-Driven
Malawi,Floods,Africa,2026,Hydrological (Climate),Climate-Driven
Serbia,Cold Wave,Europe,2026,Meteorological (Climate),Climate-Driven
Guatemala,Measles Outbreak,North America,2026,Biological (Non-Climate),Non-Climate
Ecuador,Floods,South America,2026,Hydrological (Climate),Climate-Driven
Zimbabwe,Floods,Africa,2026,Hydrological (Climate),Climate-Driven
Mozambique,Floods,Africa,2025,Hydrological (Climate),Climate-Driven
Chile,Wild Fires,South America,2025,Climatological (Climate),Climate-Driven
Gabon,Windstorms,Africa,2025,Meteorological (Climate),Climate-Driven
Morocco,Floods,Africa,2025,Hydrological (Climate),Climate-Driven
Bolivia,Floods,South America,2025,Hydrological (Climate),Climate-Driven
Congo,Floods,Africa,2025,Hydrological (Climate),Climate-Driven
Cuba,Arboviral Outbreak,North America,2025,Biological (Non-Climate),Non-Climate
Egypt,Floods,Africa,2025,Hydrological (Climate),Climate-Driven
Cabo Verde,Flash Floods,Africa,2025,Hydrological (Climate),Climate-Driven
South Sudan,Floods,Africa,2025,Hydrological (Climate),Climate-Driven
Sudan,Floods,Africa,2025,Hydrological (Climate),Climate-Driven
Honduras,Floods,North America,2025,Hydrological (Climate),Climate-Driven
Panama,River Pollution,North America,2025,Technological (Non-Climate),Non-Climate
Côte d'Ivoire,Cholera Outbreak,Africa,2025,Biological (Non-Climate),Non-Climate
Ghana,Cholera Outbreak,Africa,2024,Biological (Non-Climate),Non-Climate
Namibia,Drought,Africa,2024,Climatological (Climate),Climate-Driven
Niger,Diphtheria Outbreak,Africa,2023,Biological (Non-Climate),Non-Climate
Nigeria,Lassa Fever Outbreak,Africa,2023,Biological (Non-Climate),Non-Climate
Burundi,Cholera Outbreak,Africa,2023,Biological (Non-Climate),Non-Climate
China,Earthquake in Sichuan Province,Asia,2008,Geophysical (Non-Climate),Non-Climate
Mongolia,Hand/Foot/Mouth Disease Outbreak,Asia,2008,Biological (Non-Climate),Non-Climate
Brazil,Extratropical Cyclone,South America,2008,Meteorological (Climate),Climate-Driven
Myanmar,Tropical Cyclone Nargis,Asia,2008,Meteorological (Climate),Climate-Driven
Chile,Volcano Chaitén,South America,2008,Geophysical (Non-Climate),Non-Climate
Southeast Asia,Floods,Asia,2008,Hydrological (Climate),Climate-Driven
Sri Lanka,Floods,Asia,2008,Hydrological (Climate),Climate-Driven
China,Typhoon Neoguri,Asia,2008,Meteorological (Climate),Climate-Driven
DR Congo,Airplane Crash,Africa,2008,Technological (Non-Climate),Non-Climate
Colombia,Nevado del Huila Volcano,South America,2008,Geophysical (Non-Climate),Non-Climate
Papua New Guinea,Landslides,Oceania,2008,Hydrological (Climate),Climate-Driven
Tanzania,Technical Accident and Floods,Africa,2008,Technological (Non-Climate),Non-Climate
Argentina,Floods,South America,2008,Hydrological (Climate),Climate-Driven
Albania,Explosions,Europe,2008,Technological (Non-Climate),Non-Climate
Paraguay,Floods,South America,2008,Hydrological (Climate),Climate-Driven
Mozambique,Cyclone Jokwe,Africa,2008,Meteorological (Climate),Climate-Driven
Kazakhstan,Floods,Asia,2008,Hydrological (Climate),Climate-Driven
Peru,Floods,South America,2008,Hydrological (Climate),Climate-Driven
Indonesia,Earthquake,Asia,2008,Geophysical (Non-Climate),Non-Climate
Philippines,Floods and Landslides,Asia,2008,Hydrological (Climate),Climate-Driven
Indonesia,Earthquake,Asia,2026,Geophysical (Non-Climate),Non-Climate
Colombia,Earthquake,South America,2026,Geophysical (Non-Climate),Non-Climate
Myanmar,Floods,Asia,2026,Hydrological (Climate),Climate-Driven
Afghanistan,Flash Floods,Asia,2026,Hydrological (Climate),Climate-Driven
India,Flash Floods,Asia,2026,Hydrological (Climate),Climate-Driven
Kyrgyzstan,Flash Floods,Asia,2026,Hydrological (Climate),Climate-Driven
Tajikistan,Floods,Asia,2026,Hydrological (Climate),Climate-Driven
Bangladesh,Flash Floods,Asia,2026,Hydrological (Climate),Climate-Driven
Georgia,Floods,Asia,2026,Hydrological (Climate),Climate-Driven
Central African Republic,Cholera Outbreak,Africa,2026,Biological (Non-Climate),Non-Climate
Venezuela,Earthquakes,South America,2026,Geophysical (Non-Climate),Non-Climate
Chad,Cholera Outbreak,Africa,2026,Biological (Non-Climate),Non-Climate
Philippines,Earthquake and Tsunami,Asia,2026,Geophysical (Non-Climate),Non-Climate
Armenia,Hailstorm,Asia,2026,Meteorological (Climate),Climate-Driven
Syria,Floods,Asia,2026,Hydrological (Climate),Climate-Driven
Central/Eastern Africa,Ebola Outbreak,Africa,2026,Biological (Non-Climate),Non-Climate
Sri Lanka,Dengue Outbreak,Asia,2026,Biological (Non-Climate),Non-Climate
Dominican Republic,Floods,North America,2026,Hydrological (Climate),Climate-Driven
Yemen,Floods,Asia,2026,Hydrological (Climate),Climate-Driven
Tanzania,Floods and Landslides,Africa,2026,Hydrological (Climate),Climate-Driven
Liberia,Windstorms,Africa,2026,Meteorological (Climate),Climate-Driven
Botswana,Floods,Africa,2026,Hydrological (Climate),Climate-Driven
Ethiopia,Floods and Landslides,Africa,2026,Hydrological (Climate),Climate-Driven
Kenya,Floods,Africa,2026,Hydrological (Climate),Climate-Driven
Suriname,Chikungunya Virus Outbreak,South America,2026,Biological (Non-Climate),Non-Climate
Brazil,Floods,South America,2026,Hydrological (Climate),Climate-Driven
Peru,Floods and Landslides,South America,2026,Hydrological (Climate),Climate-Driven
Angola,Floods,Africa,2026,Hydrological (Climate),Climate-Driven
Zambia,Cholera Outbreak,Africa,2026,Biological (Non-Climate),Non-Climate
Cameroon,Fires,Africa,2026,Technological (Non-Climate),Non-Climate
Somalia,Dengue Outbreak,Africa,2026,Biological (Non-Climate),Non-Climate
Rwanda,Flash Floods,Africa,2026,Hydrological (Climate),Climate-Driven
Algeria,Floods,Africa,2026,Hydrological (Climate),Climate-Driven
Argentina,Landslides,South America,2026,Hydrological (Climate),Climate-Driven
South Africa,Floods,Africa,2026,Hydrological (Climate),Climate-Driven
North Macedonia,Floods,Europe,2026,Hydrological (Climate),Climate-Driven
Malawi,Floods,Africa,2026,Hydrological (Climate),Climate-Driven
Serbia,Cold Wave,Europe,2026,Meteorological (Climate),Climate-Driven
Guatemala,Measles Outbreak,North America,2026,Biological (Non-Climate),Non-Climate
Ecuador,Floods,South America,2026,Hydrological (Climate),Climate-Driven
Zimbabwe,Floods,Africa,2026,Hydrological (Climate),Climate-Driven
Mozambique,Floods,Africa,2025,Hydrological (Climate),Climate-Driven
Chile,Wild Fires,South America,2025,Climatological (Climate),Climate-Driven
Gabon,Windstorms,Africa,2025,Meteorological (Climate),Climate-Driven
Morocco,Floods,Africa,2025,Hydrological (Climate),Climate-Driven
Bolivia,Floods,South America,2025,Hydrological (Climate),Climate-Driven
Congo,Floods,Africa,2025,Hydrological (Climate),Climate-Driven
Cuba,Arboviral Outbreak,North America,2025,Biological (Non-Climate),Non-Climate
Egypt,Floods,Africa,2025,Hydrological (Climate),Climate-Driven
Cabo Verde,Flash Floods,Africa,2025,Hydrological (Climate),Climate-Driven
South Sudan,Floods,Africa,2025,Hydrological (Climate),Climate-Driven
Sudan,Floods,Africa,2025,Hydrological (Climate),Climate-Driven
Honduras,Floods,North America,2025,Hydrological (Climate),Climate-Driven
Panama,River Pollution,North America,2025,Technological (Non-Climate),Non-Climate
Côte d'Ivoire,Cholera Outbreak,Africa,2025,Biological (Non-Climate),Non-Climate
Ghana,Cholera Outbreak,Africa,2024,Biological (Non-Climate),Non-Climate
Namibia,Drought,Africa,2024,Climatological (Climate),Climate-Driven
Niger,Diphtheria Outbreak,Africa,2023,Biological (Non-Climate),Non-Climate
Nigeria,Lassa Fever Outbreak,Africa,2023,Biological (Non-Climate),Non-Climate
Burundi,Cholera Outbreak,Africa,2023,Biological (Non-Climate),Non-Climate
Madagascar,Cyclone Ivan,Africa,2008,Meteorological (Climate),Climate-Driven
Brazil/Paraguay,Dengue and Yellow Fever Outbreaks,South America,2008,Biological (Non-Climate),Non-Climate
India,Drought,Asia,2008,Climatological (Climate),Climate-Driven
Ecuador,Floods,South America,2008,Hydrological (Climate),Climate-Driven
Great Lakes,Earthquake,Africa,2008,Geophysical (Non-Climate),Non-Climate
South Pacific,Tropical Cyclone Gene,Oceania,2008,Meteorological (Climate),Climate-Driven
Tajikistan,Cold Wave,Asia,2008,Meteorological (Climate),Climate-Driven
China,Cold Wave,Asia,2008,Meteorological (Climate),Climate-Driven
Brazil,Floods,South America,2008,Hydrological (Climate),Climate-Driven
Tanzania,Floods,Africa,2008,Hydrological (Climate),Climate-Driven
Colombia,Volcanic Eruption,South America,2008,Geophysical (Non-Climate),Non-Climate
Afghanistan,Avalanches and Heavy Snowfalls,Asia,2008,Hydrological (Climate),Climate-Driven
Ecuador,Tungurahua Volcano,South America,2008,Geophysical (Non-Climate),Non-Climate
Chile,Volcano,South America,2008,Geophysical (Non-Climate),Non-Climate
Kyrgyzstan,Osh Earthquake,Asia,2008,Geophysical (Non-Climate),Non-Climate
Bolivia,Floods,South America,2007,Hydrological (Climate),Climate-Driven
Indonesia,Floods and Landslides,Asia,2007,Hydrological (Climate),Climate-Driven
Sri Lanka,Floods,Asia,2007,Hydrological (Climate),Climate-Driven
Southern Africa,Floods,Africa,2007,Hydrological (Climate),Climate-Driven
Caribbean,Tropical Storm Olga,North America,2007,Meteorological (Climate),Climate-Driven
Indonesia,Earthquake,Asia,2026,Geophysical (Non-Climate),Non-Climate
Colombia,Earthquake,South America,2026,Geophysical (Non-Climate),Non-Climate
Myanmar,Floods,Asia,2026,Hydrological (Climate),Climate-Driven
Afghanistan,Flash Floods,Asia,2026,Hydrological (Climate),Climate-Driven
India,Flash Floods,Asia,2026,Hydrological (Climate),Climate-Driven
Kyrgyzstan,Flash Floods,Asia,2026,Hydrological (Climate),Climate-Driven
Tajikistan,Floods,Asia,2026,Hydrological (Climate),Climate-Driven
Bangladesh,Flash Floods,Asia,2026,Hydrological (Climate),Climate-Driven
Georgia,Floods,Asia,2026,Hydrological (Climate),Climate-Driven
Central African Republic,Cholera Outbreak,Africa,2026,Biological (Non-Climate),Non-Climate
Venezuela,Earthquakes,South America,2026,Geophysical (Non-Climate),Non-Climate
Chad,Cholera Outbreak,Africa,2026,Biological (Non-Climate),Non-Climate
Philippines,Earthquake and Tsunami,Asia,2026,Geophysical (Non-Climate),Non-Climate
Armenia,Hailstorm,Asia,2026,Meteorological (Climate),Climate-Driven
Syria,Floods,Asia,2026,Hydrological (Climate),Climate-Driven
Central/Eastern Africa,Ebola Outbreak,Africa,2026,Biological (Non-Climate),Non-Climate
Sri Lanka,Dengue Outbreak,Asia,2026,Biological (Non-Climate),Non-Climate
Dominican Republic,Floods,North America,2026,Hydrological (Climate),Climate-Driven
Yemen,Floods,Asia,2026,Hydrological (Climate),Climate-Driven
Tanzania,Floods and Landslides,Africa,2026,Hydrological (Climate),Climate-Driven
Liberia,Windstorms,Africa,2026,Meteorological (Climate),Climate-Driven
Botswana,Floods,Africa,2026,Hydrological (Climate),Climate-Driven
Ethiopia,Floods and Landslides,Africa,2026,Hydrological (Climate),Climate-Driven
Kenya,Floods,Africa,2026,Hydrological (Climate),Climate-Driven
Suriname,Chikungunya Virus Outbreak,South America,2026,Biological (Non-Climate),Non-Climate
Brazil,Floods,South America,2026,Hydrological (Climate),Climate-Driven
Peru,Floods and Landslides,South America,2026,Hydrological (Climate),Climate-Driven
Angola,Floods,Africa,2026,Hydrological (Climate),Climate-Driven
Zambia,Cholera Outbreak,Africa,2026,Biological (Non-Climate),Non-Climate
Cameroon,Fires,Africa,2026,Technological (Non-Climate),Non-Climate
Somalia,Dengue Outbreak,Africa,2026,Biological (Non-Climate),Non-Climate
Rwanda,Flash Floods,Africa,2026,Hydrological (Climate),Climate-Driven
Algeria,Floods,Africa,2026,Hydrological (Climate),Climate-Driven
Argentina,Landslides,South America,2026,Hydrological (Climate),Climate-Driven
South Africa,Floods,Africa,2026,Hydrological (Climate),Climate-Driven
North Macedonia,Floods,Europe,2026,Hydrological (Climate),Climate-Driven
Malawi,Floods,Africa,2026,Hydrological (Climate),Climate-Driven
Serbia,Cold Wave,Europe,2026,Meteorological (Climate),Climate-Driven
Guatemala,Measles Outbreak,North America,2026,Biological (Non-Climate),Non-Climate
Ecuador,Floods,South America,2026,Hydrological (Climate),Climate-Driven
Zimbabwe,Floods,Africa,2026,Hydrological (Climate),Climate-Driven
Mozambique,Floods,Africa,2025,Hydrological (Climate),Climate-Driven
Chile,Wild Fires,South America,2025,Climatological (Climate),Climate-Driven
Gabon,Windstorms,Africa,2025,Meteorological (Climate),Climate-Driven
Morocco,Floods,Africa,2025,Hydrological (Climate),Climate-Driven
Bolivia,Floods,South America,2025,Hydrological (Climate),Climate-Driven
Congo,Floods,Africa,2025,Hydrological (Climate),Climate-Driven
Cuba,Arboviral Outbreak,North America,2025,Biological (Non-Climate),Non-Climate
Egypt,Floods,Africa,2025,Hydrological (Climate),Climate-Driven
Cabo Verde,Flash Floods,Africa,2025,Hydrological (Climate),Climate-Driven
South Sudan,Floods,Africa,2025,Hydrological (Climate),Climate-Driven
Sudan,Floods,Africa,2025,Hydrological (Climate),Climate-Driven
Honduras,Floods,North America,2025,Hydrological (Climate),Climate-Driven
Panama,River Pollution,North America,2025,Technological (Non-Climate),Non-Climate
Côte d'Ivoire,Cholera Outbreak,Africa,2025,Biological (Non-Climate),Non-Climate
Ghana,Cholera Outbreak,Africa,2024,Biological (Non-Climate),Non-Climate
Namibia,Drought,Africa,2024,Climatological (Climate),Climate-Driven
Niger,Diphtheria Outbreak,Africa,2023,Biological (Non-Climate),Non-Climate
Nigeria,Lassa Fever Outbreak,Africa,2023,Biological (Non-Climate),Non-Climate
Burundi,Cholera Outbreak,Africa,2023,Biological (Non-Climate),Non-Climate
Algeria,Explosion,Africa,2007,Technological (Non-Climate),Non-Climate
Fiji,Cyclone Daman,Oceania,2007,Meteorological (Climate),Climate-Driven
Malaysia,Floods,Asia,2007,Hydrological (Climate),Climate-Driven
Rep. of Korea,Hebei Spirit Oil Spill,Asia,2007,Technological (Non-Climate),Non-Climate
Kenya,Floods,Africa,2007,Hydrological (Climate),Climate-Driven
Uganda,Ebola Outbreak,Africa,2007,Biological (Non-Climate),Non-Climate
Montenegro,Floods,Europe,2007,Hydrological (Climate),Climate-Driven
Caribbean,Earthquake,North America,2007,Geophysical (Non-Climate),Non-Climate
Serbia,Floods,Europe,2007,Hydrological (Climate),Climate-Driven
Indonesia,Sumbawa Earthquake,Asia,2007,Geophysical (Non-Climate),Non-Climate
Papua New Guinea,Cyclone Guba,Oceania,2007,Meteorological (Climate),Climate-Driven
Philippines,Floods and Landslides,Asia,2007,Hydrological (Climate),Climate-Driven
Republic of Congo,Floods and Landslides,Africa,2007,Hydrological (Climate),Climate-Driven
Chile,Earthquake,South America,2007,Geophysical (Non-Climate),Non-Climate
Thailand,Floods,Asia,2007,Hydrological (Climate),Climate-Driven
Mexico,Tabasco and Chiapas Floods,North America,2007,Hydrological (Climate),Climate-Driven
DR Congo,Floods,Africa,2007,Hydrological (Climate),Climate-Driven
Guatemala,Floods,North America,2007,Hydrological (Climate),Climate-Driven
Indonesia,Earthquake,Asia,2026,Geophysical (Non-Climate),Non-Climate
Colombia,Earthquake,South America,2026,Geophysical (Non-Climate),Non-Climate
Myanmar,Floods,Asia,2026,Hydrological (Climate),Climate-Driven
Afghanistan,Flash Floods,Asia,2026,Hydrological (Climate),Climate-Driven
India,Flash Floods,Asia,2026,Hydrological (Climate),Climate-Driven
Kyrgyzstan,Flash Floods,Asia,2026,Hydrological (Climate),Climate-Driven
Tajikistan,Floods,Asia,2026,Hydrological (Climate),Climate-Driven
Bangladesh,Flash Floods,Asia,2026,Hydrological (Climate),Climate-Driven
Georgia,Floods,Asia,2026,Hydrological (Climate),Climate-Driven
Central African Republic,Cholera Outbreak,Africa,2026,Biological (Non-Climate),Non-Climate
Venezuela,Earthquakes,South America,2026,Geophysical (Non-Climate),Non-Climate
Chad,Cholera Outbreak,Africa,2026,Biological (Non-Climate),Non-Climate
Philippines,Earthquake and Tsunami,Asia,2026,Geophysical (Non-Climate),Non-Climate
Armenia,Hailstorm,Asia,2026,Meteorological (Climate),Climate-Driven
Syria,Floods,Asia,2026,Hydrological (Climate),Climate-Driven
Central/Eastern Africa,Ebola Outbreak,Africa,2026,Biological (Non-Climate),Non-Climate
Sri Lanka,Dengue Outbreak,Asia,2026,Biological (Non-Climate),Non-Climate
Dominican Republic,Floods,North America,2026,Hydrological (Climate),Climate-Driven
Yemen,Floods,Asia,2026,Hydrological (Climate),Climate-Driven
Tanzania,Floods and Landslides,Africa,2026,Hydrological (Climate),Climate-Driven
Liberia,Windstorms,Africa,2026,Meteorological (Climate),Climate-Driven
Botswana,Floods,Africa,2026,Hydrological (Climate),Climate-Driven
Ethiopia,Floods and Landslides,Africa,2026,Hydrological (Climate),Climate-Driven
Kenya,Floods,Africa,2026,Hydrological (Climate),Climate-Driven
Suriname,Chikungunya Virus Outbreak,South America,2026,Biological (Non-Climate),Non-Climate
Brazil,Floods,South America,2026,Hydrological (Climate),Climate-Driven
Peru,Floods and Landslides,South America,2026,Hydrological (Climate),Climate-Driven
Angola,Floods,Africa,2026,Hydrological (Climate),Climate-Driven
Zambia,Cholera Outbreak,Africa,2026,Biological (Non-Climate),Non-Climate
Cameroon,Fires,Africa,2026,Technological (Non-Climate),Non-Climate
Somalia,Dengue Outbreak,Africa,2026,Biological (Non-Climate),Non-Climate
Rwanda,Flash Floods,Africa,2026,Hydrological (Climate),Climate-Driven
Algeria,Floods,Africa,2026,Hydrological (Climate),Climate-Driven
Argentina,Landslides,South America,2026,Hydrological (Climate),Climate-Driven
South Africa,Floods,Africa,2026,Hydrological (Climate),Climate-Driven
North Macedonia,Floods,Europe,2026,Hydrological (Climate),Climate-Driven
Malawi,Floods,Africa,2026,Hydrological (Climate),Climate-Driven
Serbia,Cold Wave,Europe,2026,Meteorological (Climate),Climate-Driven
Guatemala,Measles Outbreak,North America,2026,Biological (Non-Climate),Non-Climate
Ecuador,Floods,South America,2026,Hydrological (Climate),Climate-Driven
Zimbabwe,Floods,Africa,2026,Hydrological (Climate),Climate-Driven
Mozambique,Floods,Africa,2025,Hydrological (Climate),Climate-Driven
Chile,Wild Fires,South America,2025,Climatological (Climate),Climate-Driven
Gabon,Windstorms,Africa,2025,Meteorological (Climate),Climate-Driven
Morocco,Floods,Africa,2025,Hydrological (Climate),Climate-Driven
Bolivia,Floods,South America,2025,Hydrological (Climate),Climate-Driven
Congo,Floods,Africa,2025,Hydrological (Climate),Climate-Driven
Cuba,Arboviral Outbreak,North America,2025,Biological (Non-Climate),Non-Climate
Egypt,Floods,Africa,2025,Hydrological (Climate),Climate-Driven
Cabo Verde,Flash Floods,Africa,2025,Hydrological (Climate),Climate-Driven
South Sudan,Floods,Africa,2025,Hydrological (Climate),Climate-Driven
Sudan,Floods,Africa,2025,Hydrological (Climate),Climate-Driven
Honduras,Floods,North America,2025,Hydrological (Climate),Climate-Driven
Panama,River Pollution,North America,2025,Technological (Non-Climate),Non-Climate
Côte d'Ivoire,Cholera Outbreak,Africa,2025,Biological (Non-Climate),Non-Climate
Ghana,Cholera Outbreak,Africa,2024,Biological (Non-Climate),Non-Climate
Namibia,Drought,Africa,2024,Climatological (Climate),Climate-Driven
Niger,Diphtheria Outbreak,Africa,2023,Biological (Non-Climate),Non-Climate
Nigeria,Lassa Fever Outbreak,Africa,2023,Biological (Non-Climate),Non-Climate
Burundi,Cholera Outbreak,Africa,2023,Biological (Non-Climate),Non-Climate
Nicaragua,Floods,North America,2007,Hydrological (Climate),Climate-Driven
Indonesia,Mt. Kelud Volcano,Asia,2007,Geophysical (Non-Climate),Non-Climate
Haiti,Floods,North America,2007,Hydrological (Climate),Climate-Driven
Philippines,Mudslide,Asia,2007,Hydrological (Climate),Climate-Driven
Tunisia,Flash Floods,Africa,2007,Hydrological (Climate),Climate-Driven
Moldova,Drought,Europe,2007,Climatological (Climate),Climate-Driven
Costa Rica,Floods,North America,2007,Hydrological (Climate),Climate-Driven
Sierra Leone,Floods,Africa,2007,Hydrological (Climate),Climate-Driven
Central African Republic,Floods,Africa,2007,Hydrological (Climate),Climate-Driven
Benin,Floods,Africa,2007,Hydrological (Climate),Climate-Driven
Rwanda,Floods,Africa,2007,Hydrological (Climate),Climate-Driven
Mexico,Floods,North America,2007,Hydrological (Climate),Climate-Driven
Togo,Floods,Africa,2007,Hydrological (Climate),Climate-Driven
Indonesia,Earthquake,Asia,2007,Geophysical (Non-Climate),Non-Climate
Romania,Floods,Europe,2007,Hydrological (Climate),Climate-Driven
Paraguay,Forest Fires,South America,2007,Climatological (Climate),Climate-Driven
Indonesia,Earthquake,Asia,2026,Geophysical (Non-Climate),Non-Climate
Colombia,Earthquake,South America,2026,Geophysical (Non-Climate),Non-Climate
Myanmar,Floods,Asia,2026,Hydrological (Climate),Climate-Driven
Afghanistan,Flash Floods,Asia,2026,Hydrological (Climate),Climate-Driven
India,Flash Floods,Asia,2026,Hydrological (Climate),Climate-Driven
Kyrgyzstan,Flash Floods,Asia,2026,Hydrological (Climate),Climate-Driven
Tajikistan,Floods,Asia,2026,Hydrological (Climate),Climate-Driven
Bangladesh,Flash Floods,Asia,2026,Hydrological (Climate),Climate-Driven
Georgia,Floods,Asia,2026,Hydrological (Climate),Climate-Driven
Central African Republic,Cholera Outbreak,Africa,2026,Biological (Non-Climate),Non-Climate
Venezuela,Earthquakes,South America,2026,Geophysical (Non-Climate),Non-Climate
Chad,Cholera Outbreak,Africa,2026,Biological (Non-Climate),Non-Climate
Philippines,Earthquake and Tsunami,Asia,2026,Geophysical (Non-Climate),Non-Climate
Armenia,Hailstorm,Asia,2026,Meteorological (Climate),Climate-Driven
Syria,Floods,Asia,2026,Hydrological (Climate),Climate-Driven
Central/Eastern Africa,Ebola Outbreak,Africa,2026,Biological (Non-Climate),Non-Climate
Sri Lanka,Dengue Outbreak,Asia,2026,Biological (Non-Climate),Non-Climate
Dominican Republic,Floods,North America,2026,Hydrological (Climate),Climate-Driven
Yemen,Floods,Asia,2026,Hydrological (Climate),Climate-Driven
Tanzania,Floods and Landslides,Africa,2026,Hydrological (Climate),Climate-Driven
Liberia,Windstorms,Africa,2026,Meteorological (Climate),Climate-Driven
Botswana,Floods,Africa,2026,Hydrological (Climate),Climate-Driven
Ethiopia,Floods and Landslides,Africa,2026,Hydrological (Climate),Climate-Driven
Kenya,Floods,Africa,2026,Hydrological (Climate),Climate-Driven
Suriname,Chikungunya Virus Outbreak,South America,2026,Biological (Non-Climate),Non-Climate
Brazil,Floods,South America,2026,Hydrological (Climate),Climate-Driven
Peru,Floods and Landslides,South America,2026,Hydrological (Climate),Climate-Driven
Angola,Floods,Africa,2026,Hydrological (Climate),Climate-Driven
Zambia,Cholera Outbreak,Africa,2026,Biological (Non-Climate),Non-Climate
Cameroon,Fires,Africa,2026,Technological (Non-Climate),Non-Climate
Somalia,Dengue Outbreak,Africa,2026,Biological (Non-Climate),Non-Climate
Rwanda,Flash Floods,Africa,2026,Hydrological (Climate),Climate-Driven
Algeria,Floods,Africa,2026,Hydrological (Climate),Climate-Driven
Argentina,Landslides,South America,2026,Hydrological (Climate),Climate-Driven
South Africa,Floods,Africa,2026,Hydrological (Climate),Climate-Driven
North Macedonia,Floods,Europe,2026,Hydrological (Climate),Climate-Driven
Malawi,Floods,Africa,2026,Hydrological (Climate),Climate-Driven
Serbia,Cold Wave,Europe,2026,Meteorological (Climate),Climate-Driven
Guatemala,Measles Outbreak,North America,2026,Biological (Non-Climate),Non-Climate
Ecuador,Floods,South America,2026,Hydrological (Climate),Climate-Driven
Zimbabwe,Floods,Africa,2026,Hydrological (Climate),Climate-Driven
Mozambique,Floods,Africa,2025,Hydrological (Climate),Climate-Driven
Chile,Wild Fires,South America,2025,Climatological (Climate),Climate-Driven
Gabon,Windstorms,Africa,2025,Meteorological (Climate),Climate-Driven
Morocco,Floods,Africa,2025,Hydrological (Climate),Climate-Driven
Bolivia,Floods,South America,2025,Hydrological (Climate),Climate-Driven
Congo,Floods,Africa,2025,Hydrological (Climate),Climate-Driven
Cuba,Arboviral Outbreak,North America,2025,Biological (Non-Climate),Non-Climate
Egypt,Floods,Africa,2025,Hydrological (Climate),Climate-Driven
Cabo Verde,Flash Floods,Africa,2025,Hydrological (Climate),Climate-Driven
South Sudan,Floods,Africa,2025,Hydrological (Climate),Climate-Driven
Sudan,Floods,Africa,2025,Hydrological (Climate),Climate-Driven
Honduras,Floods,North America,2025,Hydrological (Climate),Climate-Driven
Panama,River Pollution,North America,2025,Technological (Non-Climate),Non-Climate
Côte d'Ivoire,Cholera Outbreak,Africa,2025,Biological (Non-Climate),Non-Climate
Ghana,Cholera Outbreak,Africa,2024,Biological (Non-Climate),Non-Climate
Namibia,Drought,Africa,2024,Climatological (Climate),Climate-Driven
Niger,Diphtheria Outbreak,Africa,2023,Biological (Non-Climate),Non-Climate
Nigeria,Lassa Fever Outbreak,Africa,2023,Biological (Non-Climate),Non-Climate
Burundi,Cholera Outbreak,Africa,2023,Biological (Non-Climate),Non-Climate
Chad,Floods,Africa,2007,Hydrological (Climate),Climate-Driven
Cameroon,Floods,Africa,2007,Hydrological (Climate),Climate-Driven
Niger,Floods,Africa,2007,Hydrological (Climate),Climate-Driven
Ethiopia,Floods,Africa,2007,Hydrological (Climate),Climate-Driven
Liberia,Floods,Africa,2007,Hydrological (Climate),Climate-Driven
Greece,Forest Fires,Europe,2007,Climatological (Climate),Climate-Driven
Indonesia,Volcano Karangetang,Asia,2007,Geophysical (Non-Climate),Non-Climate
Uganda,Floods,Africa,2007,Hydrological (Climate),Climate-Driven
Kenya,Floods,Africa,2007,Hydrological (Climate),Climate-Driven
Peru,Earthquake,South America,2007,Geophysical (Non-Climate),Non-Climate
Côte d'Ivoire,Floods,Africa,2007,Hydrological (Climate),Climate-Driven
Senegal,Floods,Africa,2007,Hydrological (Climate),Climate-Driven
DPR Korea,Floods,Asia,2007,Hydrological (Climate),Climate-Driven
East Africa,Floods,Africa,2007,Hydrological (Climate),Climate-Driven
Mauritania,Floods,Africa,2007,Hydrological (Climate),Climate-Driven
Kenya,Landslides,Africa,2007,Hydrological (Climate),Climate-Driven
Philippines,Floods and Landslides,Asia,2007,Hydrological (Climate),Climate-Driven
Indonesia,Earthquake,Asia,2026,Geophysical (Non-Climate),Non-Climate
Colombia,Earthquake,South America,2026,Geophysical (Non-Climate),Non-Climate
Myanmar,Floods,Asia,2026,Hydrological (Climate),Climate-Driven
Afghanistan,Flash Floods,Asia,2026,Hydrological (Climate),Climate-Driven
India,Flash Floods,Asia,2026,Hydrological (Climate),Climate-Driven
Kyrgyzstan,Flash Floods,Asia,2026,Hydrological (Climate),Climate-Driven
Tajikistan,Floods,Asia,2026,Hydrological (Climate),Climate-Driven
Bangladesh,Flash Floods,Asia,2026,Hydrological (Climate),Climate-Driven
Georgia,Floods,Asia,2026,Hydrological (Climate),Climate-Driven
Central African Republic,Cholera Outbreak,Africa,2026,Biological (Non-Climate),Non-Climate
Venezuela,Earthquakes,South America,2026,Geophysical (Non-Climate),Non-Climate
Chad,Cholera Outbreak,Africa,2026,Biological (Non-Climate),Non-Climate
Philippines,Earthquake and Tsunami,Asia,2026,Geophysical (Non-Climate),Non-Climate
Armenia,Hailstorm,Asia,2026,Meteorological (Climate),Climate-Driven
Syria,Floods,Asia,2026,Hydrological (Climate),Climate-Driven
Central/Eastern Africa,Ebola Outbreak,Africa,2026,Biological (Non-Climate),Non-Climate
Sri Lanka,Dengue Outbreak,Asia,2026,Biological (Non-Climate),Non-Climate
Dominican Republic,Floods,North America,2026,Hydrological (Climate),Climate-Driven
Yemen,Floods,Asia,2026,Hydrological (Climate),Climate-Driven
Tanzania,Floods and Landslides,Africa,2026,Hydrological (Climate),Climate-Driven
Liberia,Windstorms,Africa,2026,Meteorological (Climate),Climate-Driven
Botswana,Floods,Africa,2026,Hydrological (Climate),Climate-Driven
Ethiopia,Floods and Landslides,Africa,2026,Hydrological (Climate),Climate-Driven
Kenya,Floods,Africa,2026,Hydrological (Climate),Climate-Driven
Suriname,Chikungunya Virus Outbreak,South America,2026,Biological (Non-Climate),Non-Climate
Brazil,Floods,South America,2026,Hydrological (Climate),Climate-Driven
Peru,Floods and Landslides,South America,2026,Hydrological (Climate),Climate-Driven
Angola,Floods,Africa,2026,Hydrological (Climate),Climate-Driven
Zambia,Cholera Outbreak,Africa,2026,Biological (Non-Climate),Non-Climate
Cameroon,Fires,Africa,2026,Technological (Non-Climate),Non-Climate
Somalia,Dengue Outbreak,Africa,2026,Biological (Non-Climate),Non-Climate
Rwanda,Flash Floods,Africa,2026,Hydrological (Climate),Climate-Driven
Algeria,Floods,Africa,2026,Hydrological (Climate),Climate-Driven
Argentina,Landslides,South America,2026,Hydrological (Climate),Climate-Driven
South Africa,Floods,Africa,2026,Hydrological (Climate),Climate-Driven
North Macedonia,Floods,Europe,2026,Hydrological (Climate),Climate-Driven
Malawi,Floods,Africa,2026,Hydrological (Climate),Climate-Driven
Serbia,Cold Wave,Europe,2026,Meteorological (Climate),Climate-Driven
Guatemala,Measles Outbreak,North America,2026,Biological (Non-Climate),Non-Climate
Ecuador,Floods,South America,2026,Hydrological (Climate),Climate-Driven
Zimbabwe,Floods,Africa,2026,Hydrological (Climate),Climate-Driven
Mozambique,Floods,Africa,2025,Hydrological (Climate),Climate-Driven
Chile,Wild Fires,South America,2025,Climatological (Climate),Climate-Driven
Gabon,Windstorms,Africa,2025,Meteorological (Climate),Climate-Driven
Morocco,Floods,Africa,2025,Hydrological (Climate),Climate-Driven
Bolivia,Floods,South America,2025,Hydrological (Climate),Climate-Driven
Congo,Floods,Africa,2025,Hydrological (Climate),Climate-Driven
Cuba,Arboviral Outbreak,North America,2025,Biological (Non-Climate),Non-Climate
Egypt,Floods,Africa,2025,Hydrological (Climate),Climate-Driven
Cabo Verde,Flash Floods,Africa,2025,Hydrological (Climate),Climate-Driven
South Sudan,Floods,Africa,2025,Hydrological (Climate),Climate-Driven
Sudan,Floods,Africa,2025,Hydrological (Climate),Climate-Driven
Honduras,Floods,North America,2025,Hydrological (Climate),Climate-Driven
Panama,River Pollution,North America,2025,Technological (Non-Climate),Non-Climate
Côte d'Ivoire,Cholera Outbreak,Africa,2025,Biological (Non-Climate),Non-Climate
Ghana,Cholera Outbreak,Africa,2024,Biological (Non-Climate),Non-Climate
Namibia,Drought,Africa,2024,Climatological (Climate),Climate-Driven
Niger,Diphtheria Outbreak,Africa,2023,Biological (Non-Climate),Non-Climate
Nigeria,Lassa Fever Outbreak,Africa,2023,Biological (Non-Climate),Non-Climate
Burundi,Cholera Outbreak,Africa,2023,Biological (Non-Climate),Non-Climate
Viet Nam,Floods,Asia,2007,Hydrological (Climate),Climate-Driven
Nigeria,Floods,Africa,2007,Hydrological (Climate),Climate-Driven
Burkina Faso,Floods,Africa,2007,Hydrological (Climate),Climate-Driven
Swaziland,Fires,Africa,2007,Technological (Non-Climate),Non-Climate
Russian Federation,Earthquake on Sakhalin Island,Europe,2007,Geophysical (Non-Climate),Non-Climate
Uganda,Marburg Fever Outbreak,Africa,2007,Biological (Non-Climate),Non-Climate
The former Yugoslav Republic of Macedonia,Forest Fires,Europe,2007,Climatological (Climate),Climate-Driven
Gambia,Floods and Landslide,Africa,2007,Hydrological (Climate),Climate-Driven
Timor-Leste,Floods and Landslides,Asia,2007,Hydrological (Climate),Climate-Driven
United Kingdom,Floods,Europe,2007,Hydrological (Climate),Climate-Driven
Ukraine,Storm,Europe,2007,Meteorological (Climate),Climate-Driven
Indonesia,Floods and Landslides,Asia,2007,Hydrological (Climate),Climate-Driven
Tajikistan,Earthquake and Mudslides,Asia,2007,Geophysical (Non-Climate),Non-Climate
Central/Eastern Europe,Heat Wave,Europe,2007,Meteorological (Climate),Climate-Driven
West Africa,Floods,Africa,2007,Hydrological (Climate),Climate-Driven
Mali,Floods,Africa,2007,Hydrological (Climate),Climate-Driven
Nepal,Landslide in Baglung,Asia,2007,Hydrological (Climate),Climate-Driven
Sudan,Floods,Africa,2007,Hydrological (Climate),Climate-Driven
Indonesia,Volcanic Eruption Mt. Gamkonora,Asia,2007,Geophysical (Non-Climate),Non-Climate
Afghanistan,Flash Floods and Landslide,Asia,2007,Hydrological (Climate),Climate-Driven
Indonesia,Earthquake,Asia,2026,Geophysical (Non-Climate),Non-Climate
Colombia,Earthquake,South America,2026,Geophysical (Non-Climate),Non-Climate
Myanmar,Floods,Asia,2026,Hydrological (Climate),Climate-Driven
Afghanistan,Flash Floods,Asia,2026,Hydrological (Climate),Climate-Driven
India,Flash Floods,Asia,2026,Hydrological (Climate),Climate-Driven
Kyrgyzstan,Flash Floods,Asia,2026,Hydrological (Climate),Climate-Driven
Tajikistan,Floods,Asia,2026,Hydrological (Climate),Climate-Driven
Bangladesh,Flash Floods,Asia,2026,Hydrological (Climate),Climate-Driven
Georgia,Floods,Asia,2026,Hydrological (Climate),Climate-Driven
Central African Republic,Cholera Outbreak,Africa,2026,Biological (Non-Climate),Non-Climate
Venezuela,Earthquakes,South America,2026,Geophysical (Non-Climate),Non-Climate
Chad,Cholera Outbreak,Africa,2026,Biological (Non-Climate),Non-Climate
Philippines,Earthquake and Tsunami,Asia,2026,Geophysical (Non-Climate),Non-Climate
Armenia,Hailstorm,Asia,2026,Meteorological (Climate),Climate-Driven
Syria,Floods,Asia,2026,Hydrological (Climate),Climate-Driven
Central/Eastern Africa,Ebola Outbreak,Africa,2026,Biological (Non-Climate),Non-Climate
Sri Lanka,Dengue Outbreak,Asia,2026,Biological (Non-Climate),Non-Climate
Dominican Republic,Floods,North America,2026,Hydrological (Climate),Climate-Driven
Yemen,Floods,Asia,2026,Hydrological (Climate),Climate-Driven
Tanzania,Floods and Landslides,Africa,2026,Hydrological (Climate),Climate-Driven
Liberia,Windstorms,Africa,2026,Meteorological (Climate),Climate-Driven
Botswana,Floods,Africa,2026,Hydrological (Climate),Climate-Driven
Ethiopia,Floods and Landslides,Africa,2026,Hydrological (Climate),Climate-Driven
Kenya,Floods,Africa,2026,Hydrological (Climate),Climate-Driven
Suriname,Chikungunya Virus Outbreak,South America,2026,Biological (Non-Climate),Non-Climate
Brazil,Floods,South America,2026,Hydrological (Climate),Climate-Driven
Peru,Floods and Landslides,South America,2026,Hydrological (Climate),Climate-Driven
Angola,Floods,Africa,2026,Hydrological (Climate),Climate-Driven
Zambia,Cholera Outbreak,Africa,2026,Biological (Non-Climate),Non-Climate
Cameroon,Fires,Africa,2026,Technological (Non-Climate),Non-Climate
Somalia,Dengue Outbreak,Africa,2026,Biological (Non-Climate),Non-Climate
Rwanda,Flash Floods,Africa,2026,Hydrological (Climate),Climate-Driven
Algeria,Floods,Africa,2026,Hydrological (Climate),Climate-Driven
Argentina,Landslides,South America,2026,Hydrological (Climate),Climate-Driven
South Africa,Floods,Africa,2026,Hydrological (Climate),Climate-Driven
North Macedonia,Floods,Europe,2026,Hydrological (Climate),Climate-Driven
Malawi,Floods,Africa,2026,Hydrological (Climate),Climate-Driven
Serbia,Cold Wave,Europe,2026,Meteorological (Climate),Climate-Driven
Guatemala,Measles Outbreak,North America,2026,Biological (Non-Climate),Non-Climate
Ecuador,Floods,South America,2026,Hydrological (Climate),Climate-Driven
Zimbabwe,Floods,Africa,2026,Hydrological (Climate),Climate-Driven
Mozambique,Floods,Africa,2025,Hydrological (Climate),Climate-Driven
Chile,Wild Fires,South America,2025,Climatological (Climate),Climate-Driven
Gabon,Windstorms,Africa,2025,Meteorological (Climate),Climate-Driven
Morocco,Floods,Africa,2025,Hydrological (Climate),Climate-Driven
Bolivia,Floods,South America,2025,Hydrological (Climate),Climate-Driven
Congo,Floods,Africa,2025,Hydrological (Climate),Climate-Driven
Cuba,Arboviral Outbreak,North America,2025,Biological (Non-Climate),Non-Climate
Egypt,Floods,Africa,2025,Hydrological (Climate),Climate-Driven
Cabo Verde,Flash Floods,Africa,2025,Hydrological (Climate),Climate-Driven
South Sudan,Floods,Africa,2025,Hydrological (Climate),Climate-Driven
Sudan,Floods,Africa,2025,Hydrological (Climate),Climate-Driven
Honduras,Floods,North America,2025,Hydrological (Climate),Climate-Driven
Panama,River Pollution,North America,2025,Technological (Non-Climate),Non-Climate
Côte d'Ivoire,Cholera Outbreak,Africa,2025,Biological (Non-Climate),Non-Climate
Ghana,Cholera Outbreak,Africa,2024,Biological (Non-Climate),Non-Climate
Namibia,Drought,Africa,2024,Climatological (Climate),Climate-Driven
Niger,Diphtheria Outbreak,Africa,2023,Biological (Non-Climate),Non-Climate
Nigeria,Lassa Fever Outbreak,Africa,2023,Biological (Non-Climate),Non-Climate
Burundi,Cholera Outbreak,Africa,2023,Biological (Non-Climate),Non-Climate
Peru,Cold Wave,South America,2007,Meteorological (Climate),Climate-Driven
Panama,Floods,North America,2007,Hydrological (Climate),Climate-Driven
Ecuador,Floods,South America,2007,Hydrological (Climate),Climate-Driven
India,Flash Floods/Floods,Asia,2007,Hydrological (Climate),Climate-Driven
South Asia,Floods,Asia,2007,Hydrological (Climate),Climate-Driven
Pakistan,Floods/Cyclone,Asia,2007,Hydrological (Climate),Climate-Driven
Nepal,Flash Floods/Floods,Asia,2007,Hydrological (Climate),Climate-Driven
China,Floods,Asia,2007,Hydrological (Climate),Climate-Driven
Bangladesh/Myanmar,Floods and Landslides,Asia,2007,Hydrological (Climate),Climate-Driven
South Asia,Heat Wave,Asia,2007,Meteorological (Climate),Climate-Driven
Oman/Iran,Cyclone Gonu,Asia,2007,Meteorological (Climate),Climate-Driven
China,Earthquake in Yunnan Province,Asia,2007,Geophysical (Non-Climate),Non-Climate
China,Floods and Landslides in the Southwest,Asia,2007,Hydrological (Climate),Climate-Driven
Colombia,Floods and Landslides,South America,2007,Hydrological (Climate),Climate-Driven
Maldives,Coastal Flooding,Asia,2007,Hydrological (Climate),Climate-Driven
Bangladesh,Cyclone,Asia,2007,Meteorological (Climate),Climate-Driven
Uruguay,Floods,South America,2007,Hydrological (Climate),Climate-Driven
Sri Lanka,Floods,Asia,2007,Hydrological (Climate),Climate-Driven
North Africa,Floods,Africa,2007,Hydrological (Climate),Climate-Driven
Kenya,Floods,Africa,2007,Hydrological (Climate),Climate-Driven
Indonesia,Earthquake,Asia,2026,Geophysical (Non-Climate),Non-Climate
Colombia,Earthquake,South America,2026,Geophysical (Non-Climate),Non-Climate
Myanmar,Floods,Asia,2026,Hydrological (Climate),Climate-Driven
Afghanistan,Flash Floods,Asia,2026,Hydrological (Climate),Climate-Driven
India,Flash Floods,Asia,2026,Hydrological (Climate),Climate-Driven
Kyrgyzstan,Flash Floods,Asia,2026,Hydrological (Climate),Climate-Driven
Tajikistan,Floods,Asia,2026,Hydrological (Climate),Climate-Driven
Bangladesh,Flash Floods,Asia,2026,Hydrological (Climate),Climate-Driven
Georgia,Floods,Asia,2026,Hydrological (Climate),Climate-Driven
Central African Republic,Cholera Outbreak,Africa,2026,Biological (Non-Climate),Non-Climate
Venezuela,Earthquakes,South America,2026,Geophysical (Non-Climate),Non-Climate
Chad,Cholera Outbreak,Africa,2026,Biological (Non-Climate),Non-Climate
Philippines,Earthquake and Tsunami,Asia,2026,Geophysical (Non-Climate),Non-Climate
Armenia,Hailstorm,Asia,2026,Meteorological (Climate),Climate-Driven
Syria,Floods,Asia,2026,Hydrological (Climate),Climate-Driven
Central/Eastern Africa,Ebola Outbreak,Africa,2026,Biological (Non-Climate),Non-Climate
Sri Lanka,Dengue Outbreak,Asia,2026,Biological (Non-Climate),Non-Climate
Dominican Republic,Floods,North America,2026,Hydrological (Climate),Climate-Driven
Yemen,Floods,Asia,2026,Hydrological (Climate),Climate-Driven
Tanzania,Floods and Landslides,Africa,2026,Hydrological (Climate),Climate-Driven
Liberia,Windstorms,Africa,2026,Meteorological (Climate),Climate-Driven
Botswana,Floods,Africa,2026,Hydrological (Climate),Climate-Driven
Ethiopia,Floods and Landslides,Africa,2026,Hydrological (Climate),Climate-Driven
Kenya,Floods,Africa,2026,Hydrological (Climate),Climate-Driven
Suriname,Chikungunya Virus Outbreak,South America,2026,Biological (Non-Climate),Non-Climate
Brazil,Floods,South America,2026,Hydrological (Climate),Climate-Driven
Peru,Floods and Landslides,South America,2026,Hydrological (Climate),Climate-Driven
Angola,Floods,Africa,2026,Hydrological (Climate),Climate-Driven
Zambia,Cholera Outbreak,Africa,2026,Biological (Non-Climate),Non-Climate
Cameroon,Fires,Africa,2026,Technological (Non-Climate),Non-Climate
Somalia,Dengue Outbreak,Africa,2026,Biological (Non-Climate),Non-Climate
Rwanda,Flash Floods,Africa,2026,Hydrological (Climate),Climate-Driven
Algeria,Floods,Africa,2026,Hydrological (Climate),Climate-Driven
Argentina,Landslides,South America,2026,Hydrological (Climate),Climate-Driven
South Africa,Floods,Africa,2026,Hydrological (Climate),Climate-Driven
North Macedonia,Floods,Europe,2026,Hydrological (Climate),Climate-Driven
Malawi,Floods,Africa,2026,Hydrological (Climate),Climate-Driven
Serbia,Cold Wave,Europe,2026,Meteorological (Climate),Climate-Driven
Guatemala,Measles Outbreak,North America,2026,Biological (Non-Climate),Non-Climate
Ecuador,Floods,South America,2026,Hydrological (Climate),Climate-Driven
Zimbabwe,Floods,Africa,2026,Hydrological (Climate),Climate-Driven
Mozambique,Floods,Africa,2025,Hydrological (Climate),Climate-Driven
Chile,Wild Fires,South America,2025,Climatological (Climate),Climate-Driven
Gabon,Windstorms,Africa,2025,Meteorological (Climate),Climate-Driven
Morocco,Floods,Africa,2025,Hydrological (Climate),Climate-Driven
Bolivia,Floods,South America,2025,Hydrological (Climate),Climate-Driven
Congo,Floods,Africa,2025,Hydrological (Climate),Climate-Driven
Cuba,Arboviral Outbreak,North America,2025,Biological (Non-Climate),Non-Climate
Egypt,Floods,Africa,2025,Hydrological (Climate),Climate-Driven
Cabo Verde,Flash Floods,Africa,2025,Hydrological (Climate),Climate-Driven
South Sudan,Floods,Africa,2025,Hydrological (Climate),Climate-Driven
Sudan,Floods,Africa,2025,Hydrological (Climate),Climate-Driven
Honduras,Floods,North America,2025,Hydrological (Climate),Climate-Driven
Panama,River Pollution,North America,2025,Technological (Non-Climate),Non-Climate
Côte d'Ivoire,Cholera Outbreak,Africa,2025,Biological (Non-Climate),Non-Climate
Ghana,Cholera Outbreak,Africa,2024,Biological (Non-Climate),Non-Climate
Namibia,Drought,Africa,2024,Climatological (Climate),Climate-Driven
Niger,Diphtheria Outbreak,Africa,2023,Biological (Non-Climate),Non-Climate
Nigeria,Lassa Fever Outbreak,Africa,2023,Biological (Non-Climate),Non-Climate
Burundi,Cholera Outbreak,Africa,2023,Biological (Non-Climate),Non-Climate
Afghanistan,Floods,Asia,2007,Hydrological (Climate),Climate-Driven
Colombia,Nevado del Huila Volcano Avalanches,South America,2007,Geophysical (Non-Climate),Non-Climate
Tajikistan,Floods,Asia,2007,Hydrological (Climate),Climate-Driven
Solomon Islands,Earthquake and Tsunami,Oceania,2007,Geophysical (Non-Climate),Non-Climate
Argentina,Floods,South America,2007,Hydrological (Climate),Climate-Driven
occupied Palestinian territory,Waste Water Treatment Plant Floods,Asia,2007,Technological (Non-Climate),Non-Climate
Haiti,Floods,North America,2007,Hydrological (Climate),Climate-Driven
South Asia,Floods and Landslides,Asia,2007,Hydrological (Climate),Climate-Driven
Afghanistan,Floods and Avalanche,Asia,2007,Hydrological (Climate),Climate-Driven
Madagascar,Cyclone Indlala,Africa,2007,Meteorological (Climate),Climate-Driven
Indonesia,Earthquake,Asia,2007,Geophysical (Non-Climate),Non-Climate
Indonesia,Landslides,Asia,2007,Hydrological (Climate),Climate-Driven
Paraguay,Dengue Outbreak,South America,2007,Biological (Non-Climate),Non-Climate
Swaziland,Heavy Hail Storm,Africa,2007,Meteorological (Climate),Climate-Driven
Southern Africa,Cyclone Favio,Africa,2007,Meteorological (Climate),Climate-Driven
Fiji,Floods,Oceania,2007,Hydrological (Climate),Climate-Driven
Indonesia,Floods,Asia,2007,Hydrological (Climate),Climate-Driven
Argentina,Floods,South America,2007,Hydrological (Climate),Climate-Driven
USA,Florida Storm and Tornado,North America,2007,Meteorological (Climate),Climate-Driven
Indonesia,Northern Molucca Sea Earthquake,Asia,2007,Geophysical (Non-Climate),Non-Climate
Indonesia,Earthquake,Asia,2026,Geophysical (Non-Climate),Non-Climate
Colombia,Earthquake,South America,2026,Geophysical (Non-Climate),Non-Climate
Myanmar,Floods,Asia,2026,Hydrological (Climate),Climate-Driven
Afghanistan,Flash Floods,Asia,2026,Hydrological (Climate),Climate-Driven
India,Flash Floods,Asia,2026,Hydrological (Climate),Climate-Driven
Kyrgyzstan,Flash Floods,Asia,2026,Hydrological (Climate),Climate-Driven
Tajikistan,Floods,Asia,2026,Hydrological (Climate),Climate-Driven
Bangladesh,Flash Floods,Asia,2026,Hydrological (Climate),Climate-Driven
Georgia,Floods,Asia,2026,Hydrological (Climate),Climate-Driven
Central African Republic,Cholera Outbreak,Africa,2026,Biological (Non-Climate),Non-Climate
Venezuela,Earthquakes,South America,2026,Geophysical (Non-Climate),Non-Climate
Chad,Cholera Outbreak,Africa,2026,Biological (Non-Climate),Non-Climate
Philippines,Earthquake and Tsunami,Asia,2026,Geophysical (Non-Climate),Non-Climate
Armenia,Hailstorm,Asia,2026,Meteorological (Climate),Climate-Driven
Syria,Floods,Asia,2026,Hydrological (Climate),Climate-Driven
Central/Eastern Africa,Ebola Outbreak,Africa,2026,Biological (Non-Climate),Non-Climate
Sri Lanka,Dengue Outbreak,Asia,2026,Biological (Non-Climate),Non-Climate
Dominican Republic,Floods,North America,2026,Hydrological (Climate),Climate-Driven
Yemen,Floods,Asia,2026,Hydrological (Climate),Climate-Driven
Tanzania,Floods and Landslides,Africa,2026,Hydrological (Climate),Climate-Driven
Liberia,Windstorms,Africa,2026,Meteorological (Climate),Climate-Driven
Botswana,Floods,Africa,2026,Hydrological (Climate),Climate-Driven
Ethiopia,Floods and Landslides,Africa,2026,Hydrological (Climate),Climate-Driven
Kenya,Floods,Africa,2026,Hydrological (Climate),Climate-Driven
Suriname,Chikungunya Virus Outbreak,South America,2026,Biological (Non-Climate),Non-Climate
Brazil,Floods,South America,2026,Hydrological (Climate),Climate-Driven
Peru,Floods and Landslides,South America,2026,Hydrological (Climate),Climate-Driven
Angola,Floods,Africa,2026,Hydrological (Climate),Climate-Driven
Zambia,Cholera Outbreak,Africa,2026,Biological (Non-Climate),Non-Climate
Cameroon,Fires,Africa,2026,Technological (Non-Climate),Non-Climate
Somalia,Dengue Outbreak,Africa,2026,Biological (Non-Climate),Non-Climate
Rwanda,Flash Floods,Africa,2026,Hydrological (Climate),Climate-Driven
Algeria,Floods,Africa,2026,Hydrological (Climate),Climate-Driven
Argentina,Landslides,South America,2026,Hydrological (Climate),Climate-Driven
South Africa,Floods,Africa,2026,Hydrological (Climate),Climate-Driven
North Macedonia,Floods,Europe,2026,Hydrological (Climate),Climate-Driven
Malawi,Floods,Africa,2026,Hydrological (Climate),Climate-Driven
Serbia,Cold Wave,Europe,2026,Meteorological (Climate),Climate-Driven
Guatemala,Measles Outbreak,North America,2026,Biological (Non-Climate),Non-Climate
Ecuador,Floods,South America,2026,Hydrological (Climate),Climate-Driven
Zimbabwe,Floods,Africa,2026,Hydrological (Climate),Climate-Driven
Mozambique,Floods,Africa,2025,Hydrological (Climate),Climate-Driven
Chile,Wild Fires,South America,2025,Climatological (Climate),Climate-Driven
Gabon,Windstorms,Africa,2025,Meteorological (Climate),Climate-Driven
Morocco,Floods,Africa,2025,Hydrological (Climate),Climate-Driven
Bolivia,Floods,South America,2025,Hydrological (Climate),Climate-Driven
Congo,Floods,Africa,2025,Hydrological (Climate),Climate-Driven
Cuba,Arboviral Outbreak,North America,2025,Biological (Non-Climate),Non-Climate
Egypt,Floods,Africa,2025,Hydrological (Climate),Climate-Driven
Cabo Verde,Flash Floods,Africa,2025,Hydrological (Climate),Climate-Driven
South Sudan,Floods,Africa,2025,Hydrological (Climate),Climate-Driven
Sudan,Floods,Africa,2025,Hydrological (Climate),Climate-Driven
Honduras,Floods,North America,2025,Hydrological (Climate),Climate-Driven
Panama,River Pollution,North America,2025,Technological (Non-Climate),Non-Climate
Côte d'Ivoire,Cholera Outbreak,Africa,2025,Biological (Non-Climate),Non-Climate
Ghana,Cholera Outbreak,Africa,2024,Biological (Non-Climate),Non-Climate
Namibia,Drought,Africa,2024,Climatological (Climate),Climate-Driven
Niger,Diphtheria Outbreak,Africa,2023,Biological (Non-Climate),Non-Climate
Nigeria,Lassa Fever Outbreak,Africa,2023,Biological (Non-Climate),Non-Climate
Burundi,Cholera Outbreak,Africa,2023,Biological (Non-Climate),Non-Climate
Bolivia,Floods,South America,2007,Hydrological (Climate),Climate-Driven
Southern Africa,Floods,Africa,2007,Hydrological (Climate),Climate-Driven
Comoros,Karthala Volcano,Africa,2007,Geophysical (Non-Climate),Non-Climate
Peru,Floods,South America,2007,Hydrological (Climate),Climate-Driven
Sri Lanka,Flash Floods,Asia,2007,Hydrological (Climate),Climate-Driven
Montserrat,Volcanic Eruption,North America,2007,Geophysical (Non-Climate),Non-Climate
Brazil,Mudslide,South America,2007,Hydrological (Climate),Climate-Driven
Philippines,Floods and Landslides,Asia,2007,Hydrological (Climate),Climate-Driven
Madagascar,Cyclone Clovis,Africa,2007,Meteorological (Climate),Climate-Driven
South Asia,Cold Wave,Asia,2007,Meteorological (Climate),Climate-Driven
El Salvador,Seismic swarm,North America,2006,Geophysical (Non-Climate),Non-Climate
Kyrgyzstan,Earthquake,Asia,2006,Geophysical (Non-Climate),Non-Climate
Taiwan (China),Earthquake,Asia,2006,Geophysical (Non-Climate),Non-Climate
Madagascar,Cyclone Bondo,Africa,2006,Meteorological (Climate),Climate-Driven
Indonesia,Floods,Asia,2006,Hydrological (Climate),Climate-Driven
Sri Lanka,Floods,Asia,2006,Hydrological (Climate),Climate-Driven
Burundi,Floods,Africa,2006,Hydrological (Climate),Climate-Driven
Malaysia,Floods,Asia,2006,Hydrological (Climate),Climate-Driven
Indonesia,North and West Sumatra Earthquake,Asia,2006,Geophysical (Non-Climate),Non-Climate
Indonesia,Aceh Earthquake,Asia,2006,Geophysical (Non-Climate),Non-Climate
Indonesia,Earthquake,Asia,2026,Geophysical (Non-Climate),Non-Climate
Colombia,Earthquake,South America,2026,Geophysical (Non-Climate),Non-Climate
Myanmar,Floods,Asia,2026,Hydrological (Climate),Climate-Driven
Afghanistan,Flash Floods,Asia,2026,Hydrological (Climate),Climate-Driven
India,Flash Floods,Asia,2026,Hydrological (Climate),Climate-Driven
Kyrgyzstan,Flash Floods,Asia,2026,Hydrological (Climate),Climate-Driven
Tajikistan,Floods,Asia,2026,Hydrological (Climate),Climate-Driven
Bangladesh,Flash Floods,Asia,2026,Hydrological (Climate),Climate-Driven
Georgia,Floods,Asia,2026,Hydrological (Climate),Climate-Driven
Central African Republic,Cholera Outbreak,Africa,2026,Biological (Non-Climate),Non-Climate
Venezuela,Earthquakes,South America,2026,Geophysical (Non-Climate),Non-Climate
Chad,Cholera Outbreak,Africa,2026,Biological (Non-Climate),Non-Climate
Philippines,Earthquake and Tsunami,Asia,2026,Geophysical (Non-Climate),Non-Climate
Armenia,Hailstorm,Asia,2026,Meteorological (Climate),Climate-Driven
Syria,Floods,Asia,2026,Hydrological (Climate),Climate-Driven
Central/Eastern Africa,Ebola Outbreak,Africa,2026,Biological (Non-Climate),Non-Climate
Sri Lanka,Dengue Outbreak,Asia,2026,Biological (Non-Climate),Non-Climate
Dominican Republic,Floods,North America,2026,Hydrological (Climate),Climate-Driven
Yemen,Floods,Asia,2026,Hydrological (Climate),Climate-Driven
Tanzania,Floods and Landslides,Africa,2026,Hydrological (Climate),Climate-Driven
Liberia,Windstorms,Africa,2026,Meteorological (Climate),Climate-Driven
Botswana,Floods,Africa,2026,Hydrological (Climate),Climate-Driven
Ethiopia,Floods and Landslides,Africa,2026,Hydrological (Climate),Climate-Driven
Kenya,Floods,Africa,2026,Hydrological (Climate),Climate-Driven
Suriname,Chikungunya Virus Outbreak,South America,2026,Biological (Non-Climate),Non-Climate
Brazil,Floods,South America,2026,Hydrological (Climate),Climate-Driven
Peru,Floods and Landslides,South America,2026,Hydrological (Climate),Climate-Driven
Angola,Floods,Africa,2026,Hydrological (Climate),Climate-Driven
Zambia,Cholera Outbreak,Africa,2026,Biological (Non-Climate),Non-Climate
Cameroon,Fires,Africa,2026,Technological (Non-Climate),Non-Climate
Somalia,Dengue Outbreak,Africa,2026,Biological (Non-Climate),Non-Climate
Rwanda,Flash Floods,Africa,2026,Hydrological (Climate),Climate-Driven
Algeria,Floods,Africa,2026,Hydrological (Climate),Climate-Driven
Argentina,Landslides,South America,2026,Hydrological (Climate),Climate-Driven
South Africa,Floods,Africa,2026,Hydrological (Climate),Climate-Driven
North Macedonia,Floods,Europe,2026,Hydrological (Climate),Climate-Driven
Malawi,Floods,Africa,2026,Hydrological (Climate),Climate-Driven
Serbia,Cold Wave,Europe,2026,Meteorological (Climate),Climate-Driven
Guatemala,Measles Outbreak,North America,2026,Biological (Non-Climate),Non-Climate
Ecuador,Floods,South America,2026,Hydrological (Climate),Climate-Driven
Zimbabwe,Floods,Africa,2026,Hydrological (Climate),Climate-Driven
Mozambique,Floods,Africa,2025,Hydrological (Climate),Climate-Driven
Chile,Wild Fires,South America,2025,Climatological (Climate),Climate-Driven
Gabon,Windstorms,Africa,2025,Meteorological (Climate),Climate-Driven
Morocco,Floods,Africa,2025,Hydrological (Climate),Climate-Driven
Bolivia,Floods,South America,2025,Hydrological (Climate),Climate-Driven
Congo,Floods,Africa,2025,Hydrological (Climate),Climate-Driven
Cuba,Arboviral Outbreak,North America,2025,Biological (Non-Climate),Non-Climate
Egypt,Floods,Africa,2025,Hydrological (Climate),Climate-Driven
Cabo Verde,Flash Floods,Africa,2025,Hydrological (Climate),Climate-Driven
South Sudan,Floods,Africa,2025,Hydrological (Climate),Climate-Driven
Sudan,Floods,Africa,2025,Hydrological (Climate),Climate-Driven
Honduras,Floods,North America,2025,Hydrological (Climate),Climate-Driven
Panama,River Pollution,North America,2025,Technological (Non-Climate),Non-Climate
Côte d'Ivoire,Cholera Outbreak,Africa,2025,Biological (Non-Climate),Non-Climate
Ghana,Cholera Outbreak,Africa,2024,Biological (Non-Climate),Non-Climate
Namibia,Drought,Africa,2024,Climatological (Climate),Climate-Driven
Niger,Diphtheria Outbreak,Africa,2023,Biological (Non-Climate),Non-Climate
Nigeria,Lassa Fever Outbreak,Africa,2023,Biological (Non-Climate),Non-Climate
Burundi,Cholera Outbreak,Africa,2023,Biological (Non-Climate),Non-Climate
Indonesia,Landslide,Asia,2006,Hydrological (Climate),Climate-Driven
Southeast Asia,Typhoon Durian,Asia,2006,Meteorological (Climate),Climate-Driven
Republic of Congo,Floods and Landslides,Africa,2006,Hydrological (Climate),Climate-Driven
Jamaica,Floods,North America,2006,Hydrological (Climate),Climate-Driven
Haiti,Floods,North America,2006,Hydrological (Climate),Climate-Driven
Indonesia,Sidoarjo mudflow and gas pipe explosion,Asia,2006,Technological (Non-Climate),Non-Climate
Horn of Africa,Floods,Africa,2006,Hydrological (Climate),Climate-Driven
Tanzania,Heavy Rains,Africa,2006,Meteorological (Climate),Climate-Driven
Afghanistan,Floods,Asia,2006,Hydrological (Climate),Climate-Driven
DPR Korea,Floods,Asia,2006,Hydrological (Climate),Climate-Driven
Turkey,Floods,Asia,2006,Hydrological (Climate),Climate-Driven
Sri Lanka,Floods,Asia,2006,Hydrological (Climate),Climate-Driven
Bangladesh,Storm,Asia,2006,Meteorological (Climate),Climate-Driven
Panama,Floods,North America,2006,Hydrological (Climate),Climate-Driven
Papua New Guinea,Volcanic Eruption,Oceania,2006,Geophysical (Non-Climate),Non-Climate
Guinea,Floods,Africa,2006,Hydrological (Climate),Climate-Driven
Indonesia,Earthquake,Asia,2026,Geophysical (Non-Climate),Non-Climate
Colombia,Earthquake,South America,2026,Geophysical (Non-Climate),Non-Climate
Myanmar,Floods,Asia,2026,Hydrological (Climate),Climate-Driven
Afghanistan,Flash Floods,Asia,2026,Hydrological (Climate),Climate-Driven
India,Flash Floods,Asia,2026,Hydrological (Climate),Climate-Driven
Kyrgyzstan,Flash Floods,Asia,2026,Hydrological (Climate),Climate-Driven
Tajikistan,Floods,Asia,2026,Hydrological (Climate),Climate-Driven
Bangladesh,Flash Floods,Asia,2026,Hydrological (Climate),Climate-Driven
Georgia,Floods,Asia,2026,Hydrological (Climate),Climate-Driven
Central African Republic,Cholera Outbreak,Africa,2026,Biological (Non-Climate),Non-Climate
Venezuela,Earthquakes,South America,2026,Geophysical (Non-Climate),Non-Climate
Chad,Cholera Outbreak,Africa,2026,Biological (Non-Climate),Non-Climate
Philippines,Earthquake and Tsunami,Asia,2026,Geophysical (Non-Climate),Non-Climate
Armenia,Hailstorm,Asia,2026,Meteorological (Climate),Climate-Driven
Syria,Floods,Asia,2026,Hydrological (Climate),Climate-Driven
Central/Eastern Africa,Ebola Outbreak,Africa,2026,Biological (Non-Climate),Non-Climate
Sri Lanka,Dengue Outbreak,Asia,2026,Biological (Non-Climate),Non-Climate
Dominican Republic,Floods,North America,2026,Hydrological (Climate),Climate-Driven
Yemen,Floods,Asia,2026,Hydrological (Climate),Climate-Driven
Tanzania,Floods and Landslides,Africa,2026,Hydrological (Climate),Climate-Driven
Liberia,Windstorms,Africa,2026,Meteorological (Climate),Climate-Driven
Botswana,Floods,Africa,2026,Hydrological (Climate),Climate-Driven
Ethiopia,Floods and Landslides,Africa,2026,Hydrological (Climate),Climate-Driven
Kenya,Floods,Africa,2026,Hydrological (Climate),Climate-Driven
Suriname,Chikungunya Virus Outbreak,South America,2026,Biological (Non-Climate),Non-Climate
Brazil,Floods,South America,2026,Hydrological (Climate),Climate-Driven
Peru,Floods and Landslides,South America,2026,Hydrological (Climate),Climate-Driven
Angola,Floods,Africa,2026,Hydrological (Climate),Climate-Driven
Zambia,Cholera Outbreak,Africa,2026,Biological (Non-Climate),Non-Climate
Cameroon,Fires,Africa,2026,Technological (Non-Climate),Non-Climate
Somalia,Dengue Outbreak,Africa,2026,Biological (Non-Climate),Non-Climate
Rwanda,Flash Floods,Africa,2026,Hydrological (Climate),Climate-Driven
Algeria,Floods,Africa,2026,Hydrological (Climate),Climate-Driven
Argentina,Landslides,South America,2026,Hydrological (Climate),Climate-Driven
South Africa,Floods,Africa,2026,Hydrological (Climate),Climate-Driven
North Macedonia,Floods,Europe,2026,Hydrological (Climate),Climate-Driven
Malawi,Floods,Africa,2026,Hydrological (Climate),Climate-Driven
Serbia,Cold Wave,Europe,2026,Meteorological (Climate),Climate-Driven
Guatemala,Measles Outbreak,North America,2026,Biological (Non-Climate),Non-Climate
Ecuador,Floods,South America,2026,Hydrological (Climate),Climate-Driven
Zimbabwe,Floods,Africa,2026,Hydrological (Climate),Climate-Driven
Mozambique,Floods,Africa,2025,Hydrological (Climate),Climate-Driven
Chile,Wild Fires,South America,2025,Climatological (Climate),Climate-Driven
Gabon,Windstorms,Africa,2025,Meteorological (Climate),Climate-Driven
Morocco,Floods,Africa,2025,Hydrological (Climate),Climate-Driven
Bolivia,Floods,South America,2025,Hydrological (Climate),Climate-Driven
Congo,Floods,Africa,2025,Hydrological (Climate),Climate-Driven
Cuba,Arboviral Outbreak,North America,2025,Biological (Non-Climate),Non-Climate
Egypt,Floods,Africa,2025,Hydrological (Climate),Climate-Driven
Cabo Verde,Flash Floods,Africa,2025,Hydrological (Climate),Climate-Driven
South Sudan,Floods,Africa,2025,Hydrological (Climate),Climate-Driven
Sudan,Floods,Africa,2025,Hydrological (Climate),Climate-Driven
Honduras,Floods,North America,2025,Hydrological (Climate),Climate-Driven
Panama,River Pollution,North America,2025,Technological (Non-Climate),Non-Climate
Côte d'Ivoire,Cholera Outbreak,Africa,2025,Biological (Non-Climate),Non-Climate
Ghana,Cholera Outbreak,Africa,2024,Biological (Non-Climate),Non-Climate
Namibia,Drought,Africa,2024,Climatological (Climate),Climate-Driven
Niger,Diphtheria Outbreak,Africa,2023,Biological (Non-Climate),Non-Climate
Nigeria,Lassa Fever Outbreak,Africa,2023,Biological (Non-Climate),Non-Climate
Burundi,Cholera Outbreak,Africa,2023,Biological (Non-Climate),Non-Climate
Mexico,Tropical Storm Lane,North America,2006,Meteorological (Climate),Climate-Driven
Caribbean,Hurricane Florence,North America,2006,Meteorological (Climate),Climate-Driven
Niger,Floods,Africa,2006,Hydrological (Climate),Climate-Driven
Mexico,Hurricane John,North America,2006,Meteorological (Climate),Climate-Driven
Cambodia,Floods,Asia,2006,Hydrological (Climate),Climate-Driven
Bangladesh,Floods,Asia,2006,Hydrological (Climate),Climate-Driven
Nepal,Floods,Asia,2006,Hydrological (Climate),Climate-Driven
Caribbean,Tropical Storm Ernesto,North America,2006,Meteorological (Climate),Climate-Driven
Thailand,Floods,Asia,2006,Hydrological (Climate),Climate-Driven
Indonesia,Fires and Haze,Asia,2006,Climatological (Climate),Climate-Driven
Uganda,Floods,Africa,2006,Hydrological (Climate),Climate-Driven
Sudan,Floods,Africa,2006,Hydrological (Climate),Climate-Driven
FYR Macedonia,Floods,Europe,2006,Hydrological (Climate),Climate-Driven
Burkina Faso,Floods,Africa,2006,Hydrological (Climate),Climate-Driven
Philippines,Mayon Volcano,Asia,2006,Geophysical (Non-Climate),Non-Climate
Haiti,Floods,North America,2006,Hydrological (Climate),Climate-Driven
Swaziland,Storm,Africa,2006,Meteorological (Climate),Climate-Driven
Ethiopia,Floods,Africa,2006,Hydrological (Climate),Climate-Driven
Indonesia,Earthquake,Asia,2026,Geophysical (Non-Climate),Non-Climate
Colombia,Earthquake,South America,2026,Geophysical (Non-Climate),Non-Climate
Myanmar,Floods,Asia,2026,Hydrological (Climate),Climate-Driven
Afghanistan,Flash Floods,Asia,2026,Hydrological (Climate),Climate-Driven
India,Flash Floods,Asia,2026,Hydrological (Climate),Climate-Driven
Kyrgyzstan,Flash Floods,Asia,2026,Hydrological (Climate),Climate-Driven
Tajikistan,Floods,Asia,2026,Hydrological (Climate),Climate-Driven
Bangladesh,Flash Floods,Asia,2026,Hydrological (Climate),Climate-Driven
Georgia,Floods,Asia,2026,Hydrological (Climate),Climate-Driven
Central African Republic,Cholera Outbreak,Africa,2026,Biological (Non-Climate),Non-Climate
Venezuela,Earthquakes,South America,2026,Geophysical (Non-Climate),Non-Climate
Chad,Cholera Outbreak,Africa,2026,Biological (Non-Climate),Non-Climate
Philippines,Earthquake and Tsunami,Asia,2026,Geophysical (Non-Climate),Non-Climate
Armenia,Hailstorm,Asia,2026,Meteorological (Climate),Climate-Driven
Syria,Floods,Asia,2026,Hydrological (Climate),Climate-Driven
Central/Eastern Africa,Ebola Outbreak,Africa,2026,Biological (Non-Climate),Non-Climate
Sri Lanka,Dengue Outbreak,Asia,2026,Biological (Non-Climate),Non-Climate
Dominican Republic,Floods,North America,2026,Hydrological (Climate),Climate-Driven
Yemen,Floods,Asia,2026,Hydrological (Climate),Climate-Driven
Tanzania,Floods and Landslides,Africa,2026,Hydrological (Climate),Climate-Driven
Liberia,Windstorms,Africa,2026,Meteorological (Climate),Climate-Driven
Botswana,Floods,Africa,2026,Hydrological (Climate),Climate-Driven
Ethiopia,Floods and Landslides,Africa,2026,Hydrological (Climate),Climate-Driven
Kenya,Floods,Africa,2026,Hydrological (Climate),Climate-Driven
Suriname,Chikungunya Virus Outbreak,South America,2026,Biological (Non-Climate),Non-Climate
Brazil,Floods,South America,2026,Hydrological (Climate),Climate-Driven
Peru,Floods and Landslides,South America,2026,Hydrological (Climate),Climate-Driven
Angola,Floods,Africa,2026,Hydrological (Climate),Climate-Driven
Zambia,Cholera Outbreak,Africa,2026,Biological (Non-Climate),Non-Climate
Cameroon,Fires,Africa,2026,Technological (Non-Climate),Non-Climate
Somalia,Dengue Outbreak,Africa,2026,Biological (Non-Climate),Non-Climate
Rwanda,Flash Floods,Africa,2026,Hydrological (Climate),Climate-Driven
Algeria,Floods,Africa,2026,Hydrological (Climate),Climate-Driven
Argentina,Landslides,South America,2026,Hydrological (Climate),Climate-Driven
South Africa,Floods,Africa,2026,Hydrological (Climate),Climate-Driven
North Macedonia,Floods,Europe,2026,Hydrological (Climate),Climate-Driven
Malawi,Floods,Africa,2026,Hydrological (Climate),Climate-Driven
Serbia,Cold Wave,Europe,2026,Meteorological (Climate),Climate-Driven
Guatemala,Measles Outbreak,North America,2026,Biological (Non-Climate),Non-Climate
Ecuador,Floods,South America,2026,Hydrological (Climate),Climate-Driven
Zimbabwe,Floods,Africa,2026,Hydrological (Climate),Climate-Driven
Mozambique,Floods,Africa,2025,Hydrological (Climate),Climate-Driven
Chile,Wild Fires,South America,2025,Climatological (Climate),Climate-Driven
Gabon,Windstorms,Africa,2025,Meteorological (Climate),Climate-Driven
Morocco,Floods,Africa,2025,Hydrological (Climate),Climate-Driven
Bolivia,Floods,South America,2025,Hydrological (Climate),Climate-Driven
Congo,Floods,Africa,2025,Hydrological (Climate),Climate-Driven
Cuba,Arboviral Outbreak,North America,2025,Biological (Non-Climate),Non-Climate
Egypt,Floods,Africa,2025,Hydrological (Climate),Climate-Driven
Cabo Verde,Flash Floods,Africa,2025,Hydrological (Climate),Climate-Driven
South Sudan,Floods,Africa,2025,Hydrological (Climate),Climate-Driven
Sudan,Floods,Africa,2025,Hydrological (Climate),Climate-Driven
Honduras,Floods,North America,2025,Hydrological (Climate),Climate-Driven
Panama,River Pollution,North America,2025,Technological (Non-Climate),Non-Climate
Côte d'Ivoire,Cholera Outbreak,Africa,2025,Biological (Non-Climate),Non-Climate
Ghana,Cholera Outbreak,Africa,2024,Biological (Non-Climate),Non-Climate
Namibia,Drought,Africa,2024,Climatological (Climate),Climate-Driven
Niger,Diphtheria Outbreak,Africa,2023,Biological (Non-Climate),Non-Climate
Nigeria,Lassa Fever Outbreak,Africa,2023,Biological (Non-Climate),Non-Climate
Burundi,Cholera Outbreak,Africa,2023,Biological (Non-Climate),Non-Climate
Afghanistan/Tajikistan,Earthquake,Asia,2006,Geophysical (Non-Climate),Non-Climate
Rep. of Korea,Floods,Asia,2006,Hydrological (Climate),Climate-Driven
Papua New Guinea,Mt Karai Volcano,Oceania,2006,Geophysical (Non-Climate),Non-Climate
DPR Korea,Floods,Asia,2006,Hydrological (Climate),Climate-Driven
Indonesia,West Java Earthquake and Tsunami,Asia,2006,Geophysical (Non-Climate),Non-Climate
China,Tropical Storm Bilis,Asia,2006,Meteorological (Climate),Climate-Driven
Chile,Floods,South America,2006,Hydrological (Climate),Climate-Driven
Ukraine,Floods,Europe,2006,Hydrological (Climate),Climate-Driven
Pakistan,Mudslides and Floods,Asia,2006,Hydrological (Climate),Climate-Driven
Mauritania,Floods,Africa,2006,Hydrological (Climate),Climate-Driven
Romania,Floods,Europe,2006,Hydrological (Climate),Climate-Driven
India,Floods,Asia,2006,Hydrological (Climate),Climate-Driven
Indonesia,Flash Floods and Landslides,Asia,2006,Hydrological (Climate),Climate-Driven
China,Floods,Asia,2006,Hydrological (Climate),Climate-Driven
Comoros,Karthala Volcano,Africa,2006,Geophysical (Non-Climate),Non-Climate
Indonesia,Earthquake,Asia,2006,Geophysical (Non-Climate),Non-Climate
Thailand,Floods,Asia,2006,Hydrological (Climate),Climate-Driven
Ecuador,Tungurahua Volcano,South America,2006,Geophysical (Non-Climate),Non-Climate
Tanzania,Floods,Africa,2006,Hydrological (Climate),Climate-Driven
Indonesia,Earthquake,Asia,2026,Geophysical (Non-Climate),Non-Climate
Colombia,Earthquake,South America,2026,Geophysical (Non-Climate),Non-Climate
Myanmar,Floods,Asia,2026,Hydrological (Climate),Climate-Driven
Afghanistan,Flash Floods,Asia,2026,Hydrological (Climate),Climate-Driven
India,Flash Floods,Asia,2026,Hydrological (Climate),Climate-Driven
Kyrgyzstan,Flash Floods,Asia,2026,Hydrological (Climate),Climate-Driven
Tajikistan,Floods,Asia,2026,Hydrological (Climate),Climate-Driven
Bangladesh,Flash Floods,Asia,2026,Hydrological (Climate),Climate-Driven
Georgia,Floods,Asia,2026,Hydrological (Climate),Climate-Driven
Central African Republic,Cholera Outbreak,Africa,2026,Biological (Non-Climate),Non-Climate
Venezuela,Earthquakes,South America,2026,Geophysical (Non-Climate),Non-Climate
Chad,Cholera Outbreak,Africa,2026,Biological (Non-Climate),Non-Climate
Philippines,Earthquake and Tsunami,Asia,2026,Geophysical (Non-Climate),Non-Climate
Armenia,Hailstorm,Asia,2026,Meteorological (Climate),Climate-Driven
Syria,Floods,Asia,2026,Hydrological (Climate),Climate-Driven
Central/Eastern Africa,Ebola Outbreak,Africa,2026,Biological (Non-Climate),Non-Climate
Sri Lanka,Dengue Outbreak,Asia,2026,Biological (Non-Climate),Non-Climate
Dominican Republic,Floods,North America,2026,Hydrological (Climate),Climate-Driven
Yemen,Floods,Asia,2026,Hydrological (Climate),Climate-Driven
Tanzania,Floods and Landslides,Africa,2026,Hydrological (Climate),Climate-Driven
Liberia,Windstorms,Africa,2026,Meteorological (Climate),Climate-Driven
Botswana,Floods,Africa,2026,Hydrological (Climate),Climate-Driven
Ethiopia,Floods and Landslides,Africa,2026,Hydrological (Climate),Climate-Driven
Kenya,Floods,Africa,2026,Hydrological (Climate),Climate-Driven
Suriname,Chikungunya Virus Outbreak,South America,2026,Biological (Non-Climate),Non-Climate
Brazil,Floods,South America,2026,Hydrological (Climate),Climate-Driven
Peru,Floods and Landslides,South America,2026,Hydrological (Climate),Climate-Driven
Angola,Floods,Africa,2026,Hydrological (Climate),Climate-Driven
Zambia,Cholera Outbreak,Africa,2026,Biological (Non-Climate),Non-Climate
Cameroon,Fires,Africa,2026,Technological (Non-Climate),Non-Climate
Somalia,Dengue Outbreak,Africa,2026,Biological (Non-Climate),Non-Climate
Rwanda,Flash Floods,Africa,2026,Hydrological (Climate),Climate-Driven
Algeria,Floods,Africa,2026,Hydrological (Climate),Climate-Driven
Argentina,Landslides,South America,2026,Hydrological (Climate),Climate-Driven
South Africa,Floods,Africa,2026,Hydrological (Climate),Climate-Driven
North Macedonia,Floods,Europe,2026,Hydrological (Climate),Climate-Driven
Malawi,Floods,Africa,2026,Hydrological (Climate),Climate-Driven
Serbia,Cold Wave,Europe,2026,Meteorological (Climate),Climate-Driven
Guatemala,Measles Outbreak,North America,2026,Biological (Non-Climate),Non-Climate
Ecuador,Floods,South America,2026,Hydrological (Climate),Climate-Driven
Zimbabwe,Floods,Africa,2026,Hydrological (Climate),Climate-Driven
Mozambique,Floods,Africa,2025,Hydrological (Climate),Climate-Driven
Chile,Wild Fires,South America,2025,Climatological (Climate),Climate-Driven
Gabon,Windstorms,Africa,2025,Meteorological (Climate),Climate-Driven
Morocco,Floods,Africa,2025,Hydrological (Climate),Climate-Driven
Bolivia,Floods,South America,2025,Hydrological (Climate),Climate-Driven
Congo,Floods,Africa,2025,Hydrological (Climate),Climate-Driven
Cuba,Arboviral Outbreak,North America,2025,Biological (Non-Climate),Non-Climate
Egypt,Floods,Africa,2025,Hydrological (Climate),Climate-Driven
Cabo Verde,Flash Floods,Africa,2025,Hydrological (Climate),Climate-Driven
South Sudan,Floods,Africa,2025,Hydrological (Climate),Climate-Driven
Sudan,Floods,Africa,2025,Hydrological (Climate),Climate-Driven
Honduras,Floods,North America,2025,Hydrological (Climate),Climate-Driven
Panama,River Pollution,North America,2025,Technological (Non-Climate),Non-Climate
Côte d'Ivoire,Cholera Outbreak,Africa,2025,Biological (Non-Climate),Non-Climate
Ghana,Cholera Outbreak,Africa,2024,Biological (Non-Climate),Non-Climate
Namibia,Drought,Africa,2024,Climatological (Climate),Climate-Driven
Niger,Diphtheria Outbreak,Africa,2023,Biological (Non-Climate),Non-Climate
Nigeria,Lassa Fever Outbreak,Africa,2023,Biological (Non-Climate),Non-Climate
Burundi,Cholera Outbreak,Africa,2023,Biological (Non-Climate),Non-Climate
Tajikistan,Floods and Mudslides,Asia,2006,Hydrological (Climate),Climate-Driven
Vanuatu,Lopevi Volcano,Oceania,2006,Geophysical (Non-Climate),Non-Climate
Suriname,Floods,South America,2006,Hydrological (Climate),Climate-Driven
Myanmar,Cyclone Mala,Asia,2006,Meteorological (Climate),Climate-Driven
Afghanistan,Floods,Asia,2006,Hydrological (Climate),Climate-Driven
Peru,Ubinas Volcano,South America,2006,Geophysical (Non-Climate),Non-Climate
Argentina,Floods,South America,2006,Hydrological (Climate),Climate-Driven
Russian Federation,Earthquake,Europe,2006,Geophysical (Non-Climate),Non-Climate
Indonesia,Mt. Merapi Volcano,Asia,2006,Geophysical (Non-Climate),Non-Climate
DR Congo,Floods,Africa,2006,Hydrological (Climate),Climate-Driven
Kenya,Flash Floods,Africa,2006,Hydrological (Climate),Climate-Driven
Colombia,Floods,South America,2006,Hydrological (Climate),Climate-Driven
Iran,Earthquake,Asia,2006,Geophysical (Non-Climate),Non-Climate
Australia,Tropical Cyclones,Oceania,2006,Meteorological (Climate),Climate-Driven
Colombia,Galeras Volcano,South America,2006,Geophysical (Non-Climate),Non-Climate
Serbia and Montenegro,Floods and Landslides,Europe,2006,Hydrological (Climate),Climate-Driven
Central Europe,Floods,Europe,2006,Hydrological (Climate),Climate-Driven
Algeria,Earthquake,Africa,2006,Geophysical (Non-Climate),Non-Climate
Indonesia,Earthquake,Asia,2026,Geophysical (Non-Climate),Non-Climate
Colombia,Earthquake,South America,2026,Geophysical (Non-Climate),Non-Climate
Myanmar,Floods,Asia,2026,Hydrological (Climate),Climate-Driven
Afghanistan,Flash Floods,Asia,2026,Hydrological (Climate),Climate-Driven
India,Flash Floods,Asia,2026,Hydrological (Climate),Climate-Driven
Kyrgyzstan,Flash Floods,Asia,2026,Hydrological (Climate),Climate-Driven
Tajikistan,Floods,Asia,2026,Hydrological (Climate),Climate-Driven
Bangladesh,Flash Floods,Asia,2026,Hydrological (Climate),Climate-Driven
Georgia,Floods,Asia,2026,Hydrological (Climate),Climate-Driven
Central African Republic,Cholera Outbreak,Africa,2026,Biological (Non-Climate),Non-Climate
Venezuela,Earthquakes,South America,2026,Geophysical (Non-Climate),Non-Climate
Chad,Cholera Outbreak,Africa,2026,Biological (Non-Climate),Non-Climate
Philippines,Earthquake and Tsunami,Asia,2026,Geophysical (Non-Climate),Non-Climate
Armenia,Hailstorm,Asia,2026,Meteorological (Climate),Climate-Driven
Syria,Floods,Asia,2026,Hydrological (Climate),Climate-Driven
Central/Eastern Africa,Ebola Outbreak,Africa,2026,Biological (Non-Climate),Non-Climate
Sri Lanka,Dengue Outbreak,Asia,2026,Biological (Non-Climate),Non-Climate
Dominican Republic,Floods,North America,2026,Hydrological (Climate),Climate-Driven
Yemen,Floods,Asia,2026,Hydrological (Climate),Climate-Driven
Tanzania,Floods and Landslides,Africa,2026,Hydrological (Climate),Climate-Driven
Liberia,Windstorms,Africa,2026,Meteorological (Climate),Climate-Driven
Botswana,Floods,Africa,2026,Hydrological (Climate),Climate-Driven
Ethiopia,Floods and Landslides,Africa,2026,Hydrological (Climate),Climate-Driven
Kenya,Floods,Africa,2026,Hydrological (Climate),Climate-Driven
Suriname,Chikungunya Virus Outbreak,South America,2026,Biological (Non-Climate),Non-Climate
Brazil,Floods,South America,2026,Hydrological (Climate),Climate-Driven
Peru,Floods and Landslides,South America,2026,Hydrological (Climate),Climate-Driven
Angola,Floods,Africa,2026,Hydrological (Climate),Climate-Driven
Zambia,Cholera Outbreak,Africa,2026,Biological (Non-Climate),Non-Climate
Cameroon,Fires,Africa,2026,Technological (Non-Climate),Non-Climate
Somalia,Dengue Outbreak,Africa,2026,Biological (Non-Climate),Non-Climate
Rwanda,Flash Floods,Africa,2026,Hydrological (Climate),Climate-Driven
Algeria,Floods,Africa,2026,Hydrological (Climate),Climate-Driven
Argentina,Landslides,South America,2026,Hydrological (Climate),Climate-Driven
South Africa,Floods,Africa,2026,Hydrological (Climate),Climate-Driven
North Macedonia,Floods,Europe,2026,Hydrological (Climate),Climate-Driven
Malawi,Floods,Africa,2026,Hydrological (Climate),Climate-Driven
Serbia,Cold Wave,Europe,2026,Meteorological (Climate),Climate-Driven
Guatemala,Measles Outbreak,North America,2026,Biological (Non-Climate),Non-Climate
Ecuador,Floods,South America,2026,Hydrological (Climate),Climate-Driven
Zimbabwe,Floods,Africa,2026,Hydrological (Climate),Climate-Driven
Mozambique,Floods,Africa,2025,Hydrological (Climate),Climate-Driven
Chile,Wild Fires,South America,2025,Climatological (Climate),Climate-Driven
Gabon,Windstorms,Africa,2025,Meteorological (Climate),Climate-Driven
Morocco,Floods,Africa,2025,Hydrological (Climate),Climate-Driven
Bolivia,Floods,South America,2025,Hydrological (Climate),Climate-Driven
Congo,Floods,Africa,2025,Hydrological (Climate),Climate-Driven
Cuba,Arboviral Outbreak,North America,2025,Biological (Non-Climate),Non-Climate
Egypt,Floods,Africa,2025,Hydrological (Climate),Climate-Driven
Cabo Verde,Flash Floods,Africa,2025,Hydrological (Climate),Climate-Driven
South Sudan,Floods,Africa,2025,Hydrological (Climate),Climate-Driven
Sudan,Floods,Africa,2025,Hydrological (Climate),Climate-Driven
Honduras,Floods,North America,2025,Hydrological (Climate),Climate-Driven
Panama,River Pollution,North America,2025,Technological (Non-Climate),Non-Climate
Côte d'Ivoire,Cholera Outbreak,Africa,2025,Biological (Non-Climate),Non-Climate
Ghana,Cholera Outbreak,Africa,2024,Biological (Non-Climate),Non-Climate
Namibia,Drought,Africa,2024,Climatological (Climate),Climate-Driven
Niger,Diphtheria Outbreak,Africa,2023,Biological (Non-Climate),Non-Climate
Nigeria,Lassa Fever Outbreak,Africa,2023,Biological (Non-Climate),Non-Climate
Burundi,Cholera Outbreak,Africa,2023,Biological (Non-Climate),Non-Climate
Ecuador,Floods,South America,2006,Hydrological (Climate),Climate-Driven
DR Congo,Tornado,Africa,2006,Meteorological (Climate),Climate-Driven
Bangladesh,Tornado,Asia,2006,Meteorological (Climate),Climate-Driven
Belarus/Russian Fed./Ukraine and Moldova,Severe Weather,Europe,2006,Meteorological (Climate),Climate-Driven
Kyrgyzstan,Heavy Snowfalls,Asia,2006,Meteorological (Climate),Climate-Driven
Peru,Floods,South America,2006,Hydrological (Climate),Climate-Driven
Namibia,Floods in Mariental,Africa,2006,Hydrological (Climate),Climate-Driven
Serbia and Montenegro,Floods,Europe,2006,Hydrological (Climate),Climate-Driven
Indonesia,Floods and Landslides,Asia,2006,Hydrological (Climate),Climate-Driven
Mozambique,Earthquake,Africa,2006,Geophysical (Non-Climate),Non-Climate
Yemen,Floods,Asia,2006,Hydrological (Climate),Climate-Driven
Papua New Guinea,Floods,Oceania,2006,Hydrological (Climate),Climate-Driven
Philippines,Floods and Landslides,Asia,2006,Hydrological (Climate),Climate-Driven
Algeria,Tindouf Floods,Africa,2006,Hydrological (Climate),Climate-Driven
Timor-Leste,Flash Floods,Asia,2006,Hydrological (Climate),Climate-Driven
Madagascar,Cyclone Boloeste,Africa,2006,Meteorological (Climate),Climate-Driven
Iraq,Floods,Asia,2006,Hydrological (Climate),Climate-Driven
Afghanistan,Severe Winter,Asia,2006,Meteorological (Climate),Climate-Driven
Malawi,Floods,Africa,2006,Hydrological (Climate),Climate-Driven
Bolivia,Floods,South America,2006,Hydrological (Climate),Climate-Driven
Indonesia,Earthquake,Asia,2026,Geophysical (Non-Climate),Non-Climate
Colombia,Earthquake,South America,2026,Geophysical (Non-Climate),Non-Climate
Myanmar,Floods,Asia,2026,Hydrological (Climate),Climate-Driven
Afghanistan,Flash Floods,Asia,2026,Hydrological (Climate),Climate-Driven
India,Flash Floods,Asia,2026,Hydrological (Climate),Climate-Driven
Kyrgyzstan,Flash Floods,Asia,2026,Hydrological (Climate),Climate-Driven
Tajikistan,Floods,Asia,2026,Hydrological (Climate),Climate-Driven
Bangladesh,Flash Floods,Asia,2026,Hydrological (Climate),Climate-Driven
Georgia,Floods,Asia,2026,Hydrological (Climate),Climate-Driven
Central African Republic,Cholera Outbreak,Africa,2026,Biological (Non-Climate),Non-Climate
Venezuela,Earthquakes,South America,2026,Geophysical (Non-Climate),Non-Climate
Chad,Cholera Outbreak,Africa,2026,Biological (Non-Climate),Non-Climate
Philippines,Earthquake and Tsunami,Asia,2026,Geophysical (Non-Climate),Non-Climate
Armenia,Hailstorm,Asia,2026,Meteorological (Climate),Climate-Driven
Syria,Floods,Asia,2026,Hydrological (Climate),Climate-Driven
Central/Eastern Africa,Ebola Outbreak,Africa,2026,Biological (Non-Climate),Non-Climate
Sri Lanka,Dengue Outbreak,Asia,2026,Biological (Non-Climate),Non-Climate
Dominican Republic,Floods,North America,2026,Hydrological (Climate),Climate-Driven
Yemen,Floods,Asia,2026,Hydrological (Climate),Climate-Driven
Tanzania,Floods and Landslides,Africa,2026,Hydrological (Climate),Climate-Driven
Liberia,Windstorms,Africa,2026,Meteorological (Climate),Climate-Driven
Botswana,Floods,Africa,2026,Hydrological (Climate),Climate-Driven
Ethiopia,Floods and Landslides,Africa,2026,Hydrological (Climate),Climate-Driven
Kenya,Floods,Africa,2026,Hydrological (Climate),Climate-Driven
Suriname,Chikungunya Virus Outbreak,South America,2026,Biological (Non-Climate),Non-Climate
Brazil,Floods,South America,2026,Hydrological (Climate),Climate-Driven
Peru,Floods and Landslides,South America,2026,Hydrological (Climate),Climate-Driven
Angola,Floods,Africa,2026,Hydrological (Climate),Climate-Driven
Zambia,Cholera Outbreak,Africa,2026,Biological (Non-Climate),Non-Climate
Cameroon,Fires,Africa,2026,Technological (Non-Climate),Non-Climate
Somalia,Dengue Outbreak,Africa,2026,Biological (Non-Climate),Non-Climate
Rwanda,Flash Floods,Africa,2026,Hydrological (Climate),Climate-Driven
Algeria,Floods,Africa,2026,Hydrological (Climate),Climate-Driven
Argentina,Landslides,South America,2026,Hydrological (Climate),Climate-Driven
South Africa,Floods,Africa,2026,Hydrological (Climate),Climate-Driven
North Macedonia,Floods,Europe,2026,Hydrological (Climate),Climate-Driven
Malawi,Floods,Africa,2026,Hydrological (Climate),Climate-Driven
Serbia,Cold Wave,Europe,2026,Meteorological (Climate),Climate-Driven
Guatemala,Measles Outbreak,North America,2026,Biological (Non-Climate),Non-Climate
Ecuador,Floods,South America,2026,Hydrological (Climate),Climate-Driven
Zimbabwe,Floods,Africa,2026,Hydrological (Climate),Climate-Driven
Mozambique,Floods,Africa,2025,Hydrological (Climate),Climate-Driven
Chile,Wild Fires,South America,2025,Climatological (Climate),Climate-Driven
Gabon,Windstorms,Africa,2025,Meteorological (Climate),Climate-Driven
Morocco,Floods,Africa,2025,Hydrological (Climate),Climate-Driven
Bolivia,Floods,South America,2025,Hydrological (Climate),Climate-Driven
Congo,Floods,Africa,2025,Hydrological (Climate),Climate-Driven
Cuba,Arboviral Outbreak,North America,2025,Biological (Non-Climate),Non-Climate
Egypt,Floods,Africa,2025,Hydrological (Climate),Climate-Driven
Cabo Verde,Flash Floods,Africa,2025,Hydrological (Climate),Climate-Driven
South Sudan,Floods,Africa,2025,Hydrological (Climate),Climate-Driven
Sudan,Floods,Africa,2025,Hydrological (Climate),Climate-Driven
Honduras,Floods,North America,2025,Hydrological (Climate),Climate-Driven
Panama,River Pollution,North America,2025,Technological (Non-Climate),Non-Climate
Côte d'Ivoire,Cholera Outbreak,Africa,2025,Biological (Non-Climate),Non-Climate
Ghana,Cholera Outbreak,Africa,2024,Biological (Non-Climate),Non-Climate
Namibia,Drought,Africa,2024,Climatological (Climate),Climate-Driven
Niger,Diphtheria Outbreak,Africa,2023,Biological (Non-Climate),Non-Climate
Nigeria,Lassa Fever Outbreak,Africa,2023,Biological (Non-Climate),Non-Climate
Burundi,Cholera Outbreak,Africa,2023,Biological (Non-Climate),Non-Climate
Tajikistan,Avalanche,Asia,2006,Hydrological (Climate),Climate-Driven
Guyana,Floods,South America,2006,Hydrological (Climate),Climate-Driven
Bangladesh and India,Cold Wave,Asia,2006,Meteorological (Climate),Climate-Driven
China,Xinjiang Snowfall,Asia,2006,Meteorological (Climate),Climate-Driven
Indonesia,Flash Floods and Landslides,Asia,2006,Hydrological (Climate),Climate-Driven
Yemen,Landslide,Asia,2005,Hydrological (Climate),Climate-Driven
Thailand,Floods,Asia,2005,Hydrological (Climate),Climate-Driven
Afghanistan,Earthquake,Asia,2005,Geophysical (Non-Climate),Non-Climate
Bosnia and Herzegovina,Floods,Europe,2005,Hydrological (Climate),Climate-Driven
Philippines,Floods and Landslides,Asia,2005,Hydrological (Climate),Climate-Driven
East Africa,Earthquake,Africa,2005,Geophysical (Non-Climate),Non-Climate
Vanuatu,Ambae Volcano,Oceania,2005,Geophysical (Non-Climate),Non-Climate
Comoros,Karthala Volcano,Africa,2005,Geophysical (Non-Climate),Non-Climate
Iran,Qeshm Earthquake,Asia,2005,Geophysical (Non-Climate),Non-Climate
China,Earthquake,Asia,2005,Geophysical (Non-Climate),Non-Climate
Sri Lanka,Floods,Asia,2005,Hydrological (Climate),Climate-Driven
China,Chemical Spill,Asia,2005,Technological (Non-Climate),Non-Climate
Honduras,Tropical Storm Gamma,North America,2005,Meteorological (Climate),Climate-Driven
Colombia,Volcanic Activity,South America,2005,Geophysical (Non-Climate),Non-Climate
Colombia,Floods,South America,2005,Hydrological (Climate),Climate-Driven
Indonesia,Earthquake,Asia,2026,Geophysical (Non-Climate),Non-Climate
Colombia,Earthquake,South America,2026,Geophysical (Non-Climate),Non-Climate
Myanmar,Floods,Asia,2026,Hydrological (Climate),Climate-Driven
Afghanistan,Flash Floods,Asia,2026,Hydrological (Climate),Climate-Driven
India,Flash Floods,Asia,2026,Hydrological (Climate),Climate-Driven
Kyrgyzstan,Flash Floods,Asia,2026,Hydrological (Climate),Climate-Driven
Tajikistan,Floods,Asia,2026,Hydrological (Climate),Climate-Driven
Bangladesh,Flash Floods,Asia,2026,Hydrological (Climate),Climate-Driven
Georgia,Floods,Asia,2026,Hydrological (Climate),Climate-Driven
Central African Republic,Cholera Outbreak,Africa,2026,Biological (Non-Climate),Non-Climate
Venezuela,Earthquakes,South America,2026,Geophysical (Non-Climate),Non-Climate
Chad,Cholera Outbreak,Africa,2026,Biological (Non-Climate),Non-Climate
Philippines,Earthquake and Tsunami,Asia,2026,Geophysical (Non-Climate),Non-Climate
Armenia,Hailstorm,Asia,2026,Meteorological (Climate),Climate-Driven
Syria,Floods,Asia,2026,Hydrological (Climate),Climate-Driven
Central/Eastern Africa,Ebola Outbreak,Africa,2026,Biological (Non-Climate),Non-Climate
Sri Lanka,Dengue Outbreak,Asia,2026,Biological (Non-Climate),Non-Climate
Dominican Republic,Floods,North America,2026,Hydrological (Climate),Climate-Driven
Yemen,Floods,Asia,2026,Hydrological (Climate),Climate-Driven
Tanzania,Floods and Landslides,Africa,2026,Hydrological (Climate),Climate-Driven
Liberia,Windstorms,Africa,2026,Meteorological (Climate),Climate-Driven
Botswana,Floods,Africa,2026,Hydrological (Climate),Climate-Driven
Ethiopia,Floods and Landslides,Africa,2026,Hydrological (Climate),Climate-Driven
Kenya,Floods,Africa,2026,Hydrological (Climate),Climate-Driven
Suriname,Chikungunya Virus Outbreak,South America,2026,Biological (Non-Climate),Non-Climate
Brazil,Floods,South America,2026,Hydrological (Climate),Climate-Driven
Peru,Floods and Landslides,South America,2026,Hydrological (Climate),Climate-Driven
Angola,Floods,Africa,2026,Hydrological (Climate),Climate-Driven
Zambia,Cholera Outbreak,Africa,2026,Biological (Non-Climate),Non-Climate
Cameroon,Fires,Africa,2026,Technological (Non-Climate),Non-Climate
Somalia,Dengue Outbreak,Africa,2026,Biological (Non-Climate),Non-Climate
Rwanda,Flash Floods,Africa,2026,Hydrological (Climate),Climate-Driven
Algeria,Floods,Africa,2026,Hydrological (Climate),Climate-Driven
Argentina,Landslides,South America,2026,Hydrological (Climate),Climate-Driven
South Africa,Floods,Africa,2026,Hydrological (Climate),Climate-Driven
North Macedonia,Floods,Europe,2026,Hydrological (Climate),Climate-Driven
Malawi,Floods,Africa,2026,Hydrological (Climate),Climate-Driven
Serbia,Cold Wave,Europe,2026,Meteorological (Climate),Climate-Driven
Guatemala,Measles Outbreak,North America,2026,Biological (Non-Climate),Non-Climate
Ecuador,Floods,South America,2026,Hydrological (Climate),Climate-Driven
Zimbabwe,Floods,Africa,2026,Hydrological (Climate),Climate-Driven
Mozambique,Floods,Africa,2025,Hydrological (Climate),Climate-Driven
Chile,Wild Fires,South America,2025,Climatological (Climate),Climate-Driven
Gabon,Windstorms,Africa,2025,Meteorological (Climate),Climate-Driven
Morocco,Floods,Africa,2025,Hydrological (Climate),Climate-Driven
Bolivia,Floods,South America,2025,Hydrological (Climate),Climate-Driven
Congo,Floods,Africa,2025,Hydrological (Climate),Climate-Driven
Cuba,Arboviral Outbreak,North America,2025,Biological (Non-Climate),Non-Climate
Egypt,Floods,Africa,2025,Hydrological (Climate),Climate-Driven
Cabo Verde,Flash Floods,Africa,2025,Hydrological (Climate),Climate-Driven
South Sudan,Floods,Africa,2025,Hydrological (Climate),Climate-Driven
Sudan,Floods,Africa,2025,Hydrological (Climate),Climate-Driven
Honduras,Floods,North America,2025,Hydrological (Climate),Climate-Driven
Panama,River Pollution,North America,2025,Technological (Non-Climate),Non-Climate
Côte d'Ivoire,Cholera Outbreak,Africa,2025,Biological (Non-Climate),Non-Climate
Ghana,Cholera Outbreak,Africa,2024,Biological (Non-Climate),Non-Climate
Namibia,Drought,Africa,2024,Climatological (Climate),Climate-Driven
Niger,Diphtheria Outbreak,Africa,2023,Biological (Non-Climate),Non-Climate
Nigeria,Lassa Fever Outbreak,Africa,2023,Biological (Non-Climate),Non-Climate
Burundi,Cholera Outbreak,Africa,2023,Biological (Non-Climate),Non-Climate
Southwestern Caribbean,Hurricane Beta,North America,2005,Meteorological (Climate),Climate-Driven
India,Floods,Asia,2005,Hydrological (Climate),Climate-Driven
Viet Nam,Floods,Asia,2005,Hydrological (Climate),Climate-Driven
Haiti,Tropical Storm Alpha/Floods,North America,2005,Meteorological (Climate),Climate-Driven
Indonesia,Landslides,Asia,2005,Hydrological (Climate),Climate-Driven
Caribbean,Hurricane Wilma,North America,2005,Meteorological (Climate),Climate-Driven
Paraguay,Drought,South America,2005,Climatological (Climate),Climate-Driven
Sudan,Floods,Africa,2005,Hydrological (Climate),Climate-Driven
Bangladesh,Floods,Asia,2005,Hydrological (Climate),Climate-Driven
South Asia,Earthquake,Asia,2005,Geophysical (Non-Climate),Non-Climate
Central America,Hurricane Stan,North America,2005,Meteorological (Climate),Climate-Driven
El Salvador,Floods,North America,2005,Hydrological (Climate),Climate-Driven
Nepal,Floods,Asia,2005,Hydrological (Climate),Climate-Driven
Fiji,Floods,Oceania,2005,Hydrological (Climate),Climate-Driven
Costa Rica,Floods,North America,2005,Hydrological (Climate),Climate-Driven
Peru,Earthquake,South America,2005,Geophysical (Non-Climate),Non-Climate
Bolivia,Fire,South America,2005,Technological (Non-Climate),Non-Climate
Bay of Bengal (India & Bangladesh),Storms,Asia,2005,Meteorological (Climate),Climate-Driven
Indonesia,Earthquake,Asia,2026,Geophysical (Non-Climate),Non-Climate
Colombia,Earthquake,South America,2026,Geophysical (Non-Climate),Non-Climate
Myanmar,Floods,Asia,2026,Hydrological (Climate),Climate-Driven
Afghanistan,Flash Floods,Asia,2026,Hydrological (Climate),Climate-Driven
India,Flash Floods,Asia,2026,Hydrological (Climate),Climate-Driven
Kyrgyzstan,Flash Floods,Asia,2026,Hydrological (Climate),Climate-Driven
Tajikistan,Floods,Asia,2026,Hydrological (Climate),Climate-Driven
Bangladesh,Flash Floods,Asia,2026,Hydrological (Climate),Climate-Driven
Georgia,Floods,Asia,2026,Hydrological (Climate),Climate-Driven
Central African Republic,Cholera Outbreak,Africa,2026,Biological (Non-Climate),Non-Climate
Venezuela,Earthquakes,South America,2026,Geophysical (Non-Climate),Non-Climate
Chad,Cholera Outbreak,Africa,2026,Biological (Non-Climate),Non-Climate
Philippines,Earthquake and Tsunami,Asia,2026,Geophysical (Non-Climate),Non-Climate
Armenia,Hailstorm,Asia,2026,Meteorological (Climate),Climate-Driven
Syria,Floods,Asia,2026,Hydrological (Climate),Climate-Driven
Central/Eastern Africa,Ebola Outbreak,Africa,2026,Biological (Non-Climate),Non-Climate
Sri Lanka,Dengue Outbreak,Asia,2026,Biological (Non-Climate),Non-Climate
Dominican Republic,Floods,North America,2026,Hydrological (Climate),Climate-Driven
Yemen,Floods,Asia,2026,Hydrological (Climate),Climate-Driven
Tanzania,Floods and Landslides,Africa,2026,Hydrological (Climate),Climate-Driven
Liberia,Windstorms,Africa,2026,Meteorological (Climate),Climate-Driven
Botswana,Floods,Africa,2026,Hydrological (Climate),Climate-Driven
Ethiopia,Floods and Landslides,Africa,2026,Hydrological (Climate),Climate-Driven
Kenya,Floods,Africa,2026,Hydrological (Climate),Climate-Driven
Suriname,Chikungunya Virus Outbreak,South America,2026,Biological (Non-Climate),Non-Climate
Brazil,Floods,South America,2026,Hydrological (Climate),Climate-Driven
Peru,Floods and Landslides,South America,2026,Hydrological (Climate),Climate-Driven
Angola,Floods,Africa,2026,Hydrological (Climate),Climate-Driven
Zambia,Cholera Outbreak,Africa,2026,Biological (Non-Climate),Non-Climate
Cameroon,Fires,Africa,2026,Technological (Non-Climate),Non-Climate
Somalia,Dengue Outbreak,Africa,2026,Biological (Non-Climate),Non-Climate
Rwanda,Flash Floods,Africa,2026,Hydrological (Climate),Climate-Driven
Algeria,Floods,Africa,2026,Hydrological (Climate),Climate-Driven
Argentina,Landslides,South America,2026,Hydrological (Climate),Climate-Driven
South Africa,Floods,Africa,2026,Hydrological (Climate),Climate-Driven
North Macedonia,Floods,Europe,2026,Hydrological (Climate),Climate-Driven
Malawi,Floods,Africa,2026,Hydrological (Climate),Climate-Driven
Serbia,Cold Wave,Europe,2026,Meteorological (Climate),Climate-Driven
Guatemala,Measles Outbreak,North America,2026,Biological (Non-Climate),Non-Climate
Ecuador,Floods,South America,2026,Hydrological (Climate),Climate-Driven
Zimbabwe,Floods,Africa,2026,Hydrological (Climate),Climate-Driven
Mozambique,Floods,Africa,2025,Hydrological (Climate),Climate-Driven
Chile,Wild Fires,South America,2025,Climatological (Climate),Climate-Driven
Gabon,Windstorms,Africa,2025,Meteorological (Climate),Climate-Driven
Morocco,Floods,Africa,2025,Hydrological (Climate),Climate-Driven
Bolivia,Floods,South America,2025,Hydrological (Climate),Climate-Driven
Congo,Floods,Africa,2025,Hydrological (Climate),Climate-Driven
Cuba,Arboviral Outbreak,North America,2025,Biological (Non-Climate),Non-Climate
Egypt,Floods,Africa,2025,Hydrological (Climate),Climate-Driven
Cabo Verde,Flash Floods,Africa,2025,Hydrological (Climate),Climate-Driven
South Sudan,Floods,Africa,2025,Hydrological (Climate),Climate-Driven
Sudan,Floods,Africa,2025,Hydrological (Climate),Climate-Driven
Honduras,Floods,North America,2025,Hydrological (Climate),Climate-Driven
Panama,River Pollution,North America,2025,Technological (Non-Climate),Non-Climate
Côte d'Ivoire,Cholera Outbreak,Africa,2025,Biological (Non-Climate),Non-Climate
Ghana,Cholera Outbreak,Africa,2024,Biological (Non-Climate),Non-Climate
Namibia,Drought,Africa,2024,Climatological (Climate),Climate-Driven
Niger,Diphtheria Outbreak,Africa,2023,Biological (Non-Climate),Non-Climate
Nigeria,Lassa Fever Outbreak,Africa,2023,Biological (Non-Climate),Non-Climate
Burundi,Cholera Outbreak,Africa,2023,Biological (Non-Climate),Non-Climate
El Salvador,Volcanic Activity,North America,2005,Geophysical (Non-Climate),Non-Climate
Myanmar,Floods,Asia,2005,Hydrological (Climate),Climate-Driven
Moldova,Floods,Europe,2005,Hydrological (Climate),Climate-Driven
China,Typhoon Talim,Asia,2005,Meteorological (Climate),Climate-Driven
Indonesia,Landslide,Asia,2005,Hydrological (Climate),Climate-Driven
Thailand,Floods,Asia,2005,Hydrological (Climate),Climate-Driven
USA,Hurricane Katrina,North America,2005,Meteorological (Climate),Climate-Driven
Nigeria,Floods,Africa,2005,Hydrological (Climate),Climate-Driven
Uruguay,Heavy Storm,South America,2005,Meteorological (Climate),Climate-Driven
Sierra Leone,Floods,Africa,2005,Hydrological (Climate),Climate-Driven
Papua New Guinea,Floods and High Tides,Oceania,2005,Hydrological (Climate),Climate-Driven
Central African Republic,Floods,Africa,2005,Hydrological (Climate),Climate-Driven
Indonesia,Fires,Asia,2005,Technological (Non-Climate),Non-Climate
The former Yugoslav Republic of Macedonia,Floods,Europe,2005,Hydrological (Climate),Climate-Driven
Sudan,Floods,Africa,2005,Hydrological (Climate),Climate-Driven
Guatemala,Floods,North America,2005,Hydrological (Climate),Climate-Driven
Caribbean,Hurricane Emily,North America,2005,Meteorological (Climate),Climate-Driven
Caribbean,Hurricane Dennis,North America,2005,Meteorological (Climate),Climate-Driven
Bosnia and Herzegovina,Floods,Europe,2005,Hydrological (Climate),Climate-Driven
Pakistan,Floods,Asia,2005,Hydrological (Climate),Climate-Driven
Indonesia,Earthquake,Asia,2026,Geophysical (Non-Climate),Non-Climate
Colombia,Earthquake,South America,2026,Geophysical (Non-Climate),Non-Climate
Myanmar,Floods,Asia,2026,Hydrological (Climate),Climate-Driven
Afghanistan,Flash Floods,Asia,2026,Hydrological (Climate),Climate-Driven
India,Flash Floods,Asia,2026,Hydrological (Climate),Climate-Driven
Kyrgyzstan,Flash Floods,Asia,2026,Hydrological (Climate),Climate-Driven
Tajikistan,Floods,Asia,2026,Hydrological (Climate),Climate-Driven
Bangladesh,Flash Floods,Asia,2026,Hydrological (Climate),Climate-Driven
Georgia,Floods,Asia,2026,Hydrological (Climate),Climate-Driven
Central African Republic,Cholera Outbreak,Africa,2026,Biological (Non-Climate),Non-Climate
Venezuela,Earthquakes,South America,2026,Geophysical (Non-Climate),Non-Climate
Chad,Cholera Outbreak,Africa,2026,Biological (Non-Climate),Non-Climate
Philippines,Earthquake and Tsunami,Asia,2026,Geophysical (Non-Climate),Non-Climate
Armenia,Hailstorm,Asia,2026,Meteorological (Climate),Climate-Driven
Syria,Floods,Asia,2026,Hydrological (Climate),Climate-Driven
Central/Eastern Africa,Ebola Outbreak,Africa,2026,Biological (Non-Climate),Non-Climate
Sri Lanka,Dengue Outbreak,Asia,2026,Biological (Non-Climate),Non-Climate
Dominican Republic,Floods,North America,2026,Hydrological (Climate),Climate-Driven
Yemen,Floods,Asia,2026,Hydrological (Climate),Climate-Driven
Tanzania,Floods and Landslides,Africa,2026,Hydrological (Climate),Climate-Driven
Liberia,Windstorms,Africa,2026,Meteorological (Climate),Climate-Driven
Botswana,Floods,Africa,2026,Hydrological (Climate),Climate-Driven
Ethiopia,Floods and Landslides,Africa,2026,Hydrological (Climate),Climate-Driven
Kenya,Floods,Africa,2026,Hydrological (Climate),Climate-Driven
Suriname,Chikungunya Virus Outbreak,South America,2026,Biological (Non-Climate),Non-Climate
Brazil,Floods,South America,2026,Hydrological (Climate),Climate-Driven
Peru,Floods and Landslides,South America,2026,Hydrological (Climate),Climate-Driven
Angola,Floods,Africa,2026,Hydrological (Climate),Climate-Driven
Zambia,Cholera Outbreak,Africa,2026,Biological (Non-Climate),Non-Climate
Cameroon,Fires,Africa,2026,Technological (Non-Climate),Non-Climate
Somalia,Dengue Outbreak,Africa,2026,Biological (Non-Climate),Non-Climate
Rwanda,Flash Floods,Africa,2026,Hydrological (Climate),Climate-Driven
Algeria,Floods,Africa,2026,Hydrological (Climate),Climate-Driven
Argentina,Landslides,South America,2026,Hydrological (Climate),Climate-Driven
South Africa,Floods,Africa,2026,Hydrological (Climate),Climate-Driven
North Macedonia,Floods,Europe,2026,Hydrological (Climate),Climate-Driven
Malawi,Floods,Africa,2026,Hydrological (Climate),Climate-Driven
Serbia,Cold Wave,Europe,2026,Meteorological (Climate),Climate-Driven
Guatemala,Measles Outbreak,North America,2026,Biological (Non-Climate),Non-Climate
Ecuador,Floods,South America,2026,Hydrological (Climate),Climate-Driven
Zimbabwe,Floods,Africa,2026,Hydrological (Climate),Climate-Driven
Mozambique,Floods,Africa,2025,Hydrological (Climate),Climate-Driven
Chile,Wild Fires,South America,2025,Climatological (Climate),Climate-Driven
Gabon,Windstorms,Africa,2025,Meteorological (Climate),Climate-Driven
Morocco,Floods,Africa,2025,Hydrological (Climate),Climate-Driven
Bolivia,Floods,South America,2025,Hydrological (Climate),Climate-Driven
Congo,Floods,Africa,2025,Hydrological (Climate),Climate-Driven
Cuba,Arboviral Outbreak,North America,2025,Biological (Non-Climate),Non-Climate
Egypt,Floods,Africa,2025,Hydrological (Climate),Climate-Driven
Cabo Verde,Flash Floods,Africa,2025,Hydrological (Climate),Climate-Driven
South Sudan,Floods,Africa,2025,Hydrological (Climate),Climate-Driven
Sudan,Floods,Africa,2025,Hydrological (Climate),Climate-Driven
Honduras,Floods,North America,2025,Hydrological (Climate),Climate-Driven
Panama,River Pollution,North America,2025,Technological (Non-Climate),Non-Climate
Côte d'Ivoire,Cholera Outbreak,Africa,2025,Biological (Non-Climate),Non-Climate
Ghana,Cholera Outbreak,Africa,2024,Biological (Non-Climate),Non-Climate
Namibia,Drought,Africa,2024,Climatological (Climate),Climate-Driven
Niger,Diphtheria Outbreak,Africa,2023,Biological (Non-Climate),Non-Climate
Nigeria,Lassa Fever Outbreak,Africa,2023,Biological (Non-Climate),Non-Climate
Burundi,Cholera Outbreak,Africa,2023,Biological (Non-Climate),Non-Climate
El Salvador,Floods,North America,2005,Hydrological (Climate),Climate-Driven
DPR Korea,Floods,Asia,2005,Hydrological (Climate),Climate-Driven
India,Floods,Asia,2005,Hydrological (Climate),Climate-Driven
Kyrgyzstan,Floods,Asia,2005,Hydrological (Climate),Climate-Driven
Afghanistan,Cholera Outbreak,Asia,2005,Biological (Non-Climate),Non-Climate
Bulgaria,Floods,Europe,2005,Hydrological (Climate),Climate-Driven
Afghanistan,Floods,Asia,2005,Hydrological (Climate),Climate-Driven
Guatemala,Mudslide,North America,2005,Hydrological (Climate),Climate-Driven
Chile,Earthquake,South America,2005,Geophysical (Non-Climate),Non-Climate
Papua New Guinea,Langila Volcano,Oceania,2005,Geophysical (Non-Climate),Non-Climate
Tajikistan,Floods,Asia,2005,Hydrological (Climate),Climate-Driven
China,Floods,Asia,2005,Hydrological (Climate),Climate-Driven
Romania,Floods,Europe,2005,Hydrological (Climate),Climate-Driven
El Salvador,Tropical Storm Adrian,North America,2005,Meteorological (Climate),Climate-Driven
Tajikistan,Flash Floods,Asia,2005,Hydrological (Climate),Climate-Driven
Yemen,Floods,Asia,2005,Hydrological (Climate),Climate-Driven
Somalia,Heavy rains,Africa,2005,Meteorological (Climate),Climate-Driven
Georgia,Floods,Asia,2005,Hydrological (Climate),Climate-Driven
Horn of Africa,Floods,Africa,2005,Hydrological (Climate),Climate-Driven
Indonesia,Earthquake,Asia,2026,Geophysical (Non-Climate),Non-Climate
Colombia,Earthquake,South America,2026,Geophysical (Non-Climate),Non-Climate
Myanmar,Floods,Asia,2026,Hydrological (Climate),Climate-Driven
Afghanistan,Flash Floods,Asia,2026,Hydrological (Climate),Climate-Driven
India,Flash Floods,Asia,2026,Hydrological (Climate),Climate-Driven
Kyrgyzstan,Flash Floods,Asia,2026,Hydrological (Climate),Climate-Driven
Tajikistan,Floods,Asia,2026,Hydrological (Climate),Climate-Driven
Bangladesh,Flash Floods,Asia,2026,Hydrological (Climate),Climate-Driven
Georgia,Floods,Asia,2026,Hydrological (Climate),Climate-Driven
Central African Republic,Cholera Outbreak,Africa,2026,Biological (Non-Climate),Non-Climate
Venezuela,Earthquakes,South America,2026,Geophysical (Non-Climate),Non-Climate
Chad,Cholera Outbreak,Africa,2026,Biological (Non-Climate),Non-Climate
Philippines,Earthquake and Tsunami,Asia,2026,Geophysical (Non-Climate),Non-Climate
Armenia,Hailstorm,Asia,2026,Meteorological (Climate),Climate-Driven
Syria,Floods,Asia,2026,Hydrological (Climate),Climate-Driven
Central/Eastern Africa,Ebola Outbreak,Africa,2026,Biological (Non-Climate),Non-Climate
Sri Lanka,Dengue Outbreak,Asia,2026,Biological (Non-Climate),Non-Climate
Dominican Republic,Floods,North America,2026,Hydrological (Climate),Climate-Driven
Yemen,Floods,Asia,2026,Hydrological (Climate),Climate-Driven
Tanzania,Floods and Landslides,Africa,2026,Hydrological (Climate),Climate-Driven
Liberia,Windstorms,Africa,2026,Meteorological (Climate),Climate-Driven
Botswana,Floods,Africa,2026,Hydrological (Climate),Climate-Driven
Ethiopia,Floods and Landslides,Africa,2026,Hydrological (Climate),Climate-Driven
Kenya,Floods,Africa,2026,Hydrological (Climate),Climate-Driven
Suriname,Chikungunya Virus Outbreak,South America,2026,Biological (Non-Climate),Non-Climate
Brazil,Floods,South America,2026,Hydrological (Climate),Climate-Driven
Peru,Floods and Landslides,South America,2026,Hydrological (Climate),Climate-Driven
Angola,Floods,Africa,2026,Hydrological (Climate),Climate-Driven
Zambia,Cholera Outbreak,Africa,2026,Biological (Non-Climate),Non-Climate
Cameroon,Fires,Africa,2026,Technological (Non-Climate),Non-Climate
Somalia,Dengue Outbreak,Africa,2026,Biological (Non-Climate),Non-Climate
Rwanda,Flash Floods,Africa,2026,Hydrological (Climate),Climate-Driven
Algeria,Floods,Africa,2026,Hydrological (Climate),Climate-Driven
Argentina,Landslides,South America,2026,Hydrological (Climate),Climate-Driven
South Africa,Floods,Africa,2026,Hydrological (Climate),Climate-Driven
North Macedonia,Floods,Europe,2026,Hydrological (Climate),Climate-Driven
Malawi,Floods,Africa,2026,Hydrological (Climate),Climate-Driven
Serbia,Cold Wave,Europe,2026,Meteorological (Climate),Climate-Driven
Guatemala,Measles Outbreak,North America,2026,Biological (Non-Climate),Non-Climate
Ecuador,Floods,South America,2026,Hydrological (Climate),Climate-Driven
Zimbabwe,Floods,Africa,2026,Hydrological (Climate),Climate-Driven
Mozambique,Floods,Africa,2025,Hydrological (Climate),Climate-Driven
Chile,Wild Fires,South America,2025,Climatological (Climate),Climate-Driven
Gabon,Windstorms,Africa,2025,Meteorological (Climate),Climate-Driven
Morocco,Floods,Africa,2025,Hydrological (Climate),Climate-Driven
Bolivia,Floods,South America,2025,Hydrological (Climate),Climate-Driven
Congo,Floods,Africa,2025,Hydrological (Climate),Climate-Driven
Cuba,Arboviral Outbreak,North America,2025,Biological (Non-Climate),Non-Climate
Egypt,Floods,Africa,2025,Hydrological (Climate),Climate-Driven
Cabo Verde,Flash Floods,Africa,2025,Hydrological (Climate),Climate-Driven
South Sudan,Floods,Africa,2025,Hydrological (Climate),Climate-Driven
Sudan,Floods,Africa,2025,Hydrological (Climate),Climate-Driven
Honduras,Floods,North America,2025,Hydrological (Climate),Climate-Driven
Panama,River Pollution,North America,2025,Technological (Non-Climate),Non-Climate
Côte d'Ivoire,Cholera Outbreak,Africa,2025,Biological (Non-Climate),Non-Climate
Ghana,Cholera Outbreak,Africa,2024,Biological (Non-Climate),Non-Climate
Namibia,Drought,Africa,2024,Climatological (Climate),Climate-Driven
Niger,Diphtheria Outbreak,Africa,2023,Biological (Non-Climate),Non-Climate
Nigeria,Lassa Fever Outbreak,Africa,2023,Biological (Non-Climate),Non-Climate
Burundi,Cholera Outbreak,Africa,2023,Biological (Non-Climate),Non-Climate
Indonesia,Flash Floods,Asia,2005,Hydrological (Climate),Climate-Driven
Tanzania,Floods,Africa,2005,Hydrological (Climate),Climate-Driven
Serbia and Montenegro and Romania,Floods,Europe,2005,Hydrological (Climate),Climate-Driven
Djibouti,Drought,Africa,2005,Climatological (Climate),Climate-Driven
Comoros,Karthala Volcanic Eruption,Africa,2005,Geophysical (Non-Climate),Non-Climate
Senegal,Cholera Outbreak,Africa,2005,Biological (Non-Climate),Non-Climate
Indonesia,Mentawai Earthquake,Asia,2005,Geophysical (Non-Climate),Non-Climate
Indonesia,Earthquake,Asia,2005,Geophysical (Non-Climate),Non-Climate
Bangladesh,Tornado,Asia,2005,Meteorological (Climate),Climate-Driven
Afghanistan,Floods,Asia,2005,Hydrological (Climate),Climate-Driven
Serbia and Montenegro,Snowfalls,Europe,2005,Meteorological (Climate),Climate-Driven
Angola,Floods,Africa,2005,Hydrological (Climate),Climate-Driven
Madagascar,Floods,Africa,2005,Hydrological (Climate),Climate-Driven
Iran,Saravan Earthquake,Asia,2005,Geophysical (Non-Climate),Non-Climate
Turkey,Bingol Earthquake,Asia,2005,Geophysical (Non-Climate),Non-Climate
South Africa,Earthquake,Africa,2005,Geophysical (Non-Climate),Non-Climate
Albania,Snowfalls,Europe,2005,Meteorological (Climate),Climate-Driven
India,Avalanches,Asia,2005,Hydrological (Climate),Climate-Driven
Iran,Earthquake,Asia,2005,Geophysical (Non-Climate),Non-Climate
Indonesia,Earthquake,Asia,2026,Geophysical (Non-Climate),Non-Climate
Colombia,Earthquake,South America,2026,Geophysical (Non-Climate),Non-Climate
Myanmar,Floods,Asia,2026,Hydrological (Climate),Climate-Driven
Afghanistan,Flash Floods,Asia,2026,Hydrological (Climate),Climate-Driven
India,Flash Floods,Asia,2026,Hydrological (Climate),Climate-Driven
Kyrgyzstan,Flash Floods,Asia,2026,Hydrological (Climate),Climate-Driven
Tajikistan,Floods,Asia,2026,Hydrological (Climate),Climate-Driven
Bangladesh,Flash Floods,Asia,2026,Hydrological (Climate),Climate-Driven
Georgia,Floods,Asia,2026,Hydrological (Climate),Climate-Driven
Central African Republic,Cholera Outbreak,Africa,2026,Biological (Non-Climate),Non-Climate
Venezuela,Earthquakes,South America,2026,Geophysical (Non-Climate),Non-Climate
Chad,Cholera Outbreak,Africa,2026,Biological (Non-Climate),Non-Climate
Philippines,Earthquake and Tsunami,Asia,2026,Geophysical (Non-Climate),Non-Climate
Armenia,Hailstorm,Asia,2026,Meteorological (Climate),Climate-Driven
Syria,Floods,Asia,2026,Hydrological (Climate),Climate-Driven
Central/Eastern Africa,Ebola Outbreak,Africa,2026,Biological (Non-Climate),Non-Climate
Sri Lanka,Dengue Outbreak,Asia,2026,Biological (Non-Climate),Non-Climate
Dominican Republic,Floods,North America,2026,Hydrological (Climate),Climate-Driven
Yemen,Floods,Asia,2026,Hydrological (Climate),Climate-Driven
Tanzania,Floods and Landslides,Africa,2026,Hydrological (Climate),Climate-Driven
Liberia,Windstorms,Africa,2026,Meteorological (Climate),Climate-Driven
Botswana,Floods,Africa,2026,Hydrological (Climate),Climate-Driven
Ethiopia,Floods and Landslides,Africa,2026,Hydrological (Climate),Climate-Driven
Kenya,Floods,Africa,2026,Hydrological (Climate),Climate-Driven
Suriname,Chikungunya Virus Outbreak,South America,2026,Biological (Non-Climate),Non-Climate
Brazil,Floods,South America,2026,Hydrological (Climate),Climate-Driven
Peru,Floods and Landslides,South America,2026,Hydrological (Climate),Climate-Driven
Angola,Floods,Africa,2026,Hydrological (Climate),Climate-Driven
Zambia,Cholera Outbreak,Africa,2026,Biological (Non-Climate),Non-Climate
Cameroon,Fires,Africa,2026,Technological (Non-Climate),Non-Climate
Somalia,Dengue Outbreak,Africa,2026,Biological (Non-Climate),Non-Climate
Rwanda,Flash Floods,Africa,2026,Hydrological (Climate),Climate-Driven
Algeria,Floods,Africa,2026,Hydrological (Climate),Climate-Driven
Argentina,Landslides,South America,2026,Hydrological (Climate),Climate-Driven
South Africa,Floods,Africa,2026,Hydrological (Climate),Climate-Driven
North Macedonia,Floods,Europe,2026,Hydrological (Climate),Climate-Driven
Malawi,Floods,Africa,2026,Hydrological (Climate),Climate-Driven
Serbia,Cold Wave,Europe,2026,Meteorological (Climate),Climate-Driven
Guatemala,Measles Outbreak,North America,2026,Biological (Non-Climate),Non-Climate
Ecuador,Floods,South America,2026,Hydrological (Climate),Climate-Driven
Zimbabwe,Floods,Africa,2026,Hydrological (Climate),Climate-Driven
Mozambique,Floods,Africa,2025,Hydrological (Climate),Climate-Driven
Chile,Wild Fires,South America,2025,Climatological (Climate),Climate-Driven
Gabon,Windstorms,Africa,2025,Meteorological (Climate),Climate-Driven
Morocco,Floods,Africa,2025,Hydrological (Climate),Climate-Driven
Bolivia,Floods,South America,2025,Hydrological (Climate),Climate-Driven
Congo,Floods,Africa,2025,Hydrological (Climate),Climate-Driven
Cuba,Arboviral Outbreak,North America,2025,Biological (Non-Climate),Non-Climate
Egypt,Floods,Africa,2025,Hydrological (Climate),Climate-Driven
Cabo Verde,Flash Floods,Africa,2025,Hydrological (Climate),Climate-Driven
South Sudan,Floods,Africa,2025,Hydrological (Climate),Climate-Driven
Sudan,Floods,Africa,2025,Hydrological (Climate),Climate-Driven
Honduras,Floods,North America,2025,Hydrological (Climate),Climate-Driven
Panama,River Pollution,North America,2025,Technological (Non-Climate),Non-Climate
Côte d'Ivoire,Cholera Outbreak,Africa,2025,Biological (Non-Climate),Non-Climate
Ghana,Cholera Outbreak,Africa,2024,Biological (Non-Climate),Non-Climate
Namibia,Drought,Africa,2024,Climatological (Climate),Climate-Driven
Niger,Diphtheria Outbreak,Africa,2023,Biological (Non-Climate),Non-Climate
Nigeria,Lassa Fever Outbreak,Africa,2023,Biological (Non-Climate),Non-Climate
Burundi,Cholera Outbreak,Africa,2023,Biological (Non-Climate),Non-Climate
DR Congo,Pneumonic Plague Outbreak,Africa,2005,Biological (Non-Climate),Non-Climate
Cook Islands,Tropical Cyclone Olaf,Oceania,2005,Meteorological (Climate),Climate-Driven
Colombia,Floods,South America,2005,Hydrological (Climate),Climate-Driven
Afghanistan,Severe Winter Conditions,Asia,2005,Meteorological (Climate),Climate-Driven
Pakistan,Rains and Snowfall,Asia,2005,Meteorological (Climate),Climate-Driven
Venezuela,Floods,South America,2005,Hydrological (Climate),Climate-Driven
Papua New Guinea,Manam Volcano Eruption,Oceania,2005,Geophysical (Non-Climate),Non-Climate
Tajikistan,Snow Avalanches,Asia,2005,,Non-Climate
Swaziland,Storm Damage,Africa,2005,Meteorological (Climate),Climate-Driven
Turkey,Earthquake,Asia,2005,Geophysical (Non-Climate),Non-Climate
Indonesia,Sulawesi Earthquake,Asia,2005,Geophysical (Non-Climate),Non-Climate
Guyana,Floods,South America,2005,Hydrological (Climate),Climate-Driven
Costa Rica,Floods,North America,2005,Hydrological (Climate),Climate-Driven
South Asia,Earthquake and Tsunami,Asia,2004,Geophysical (Non-Climate),Non-Climate
Albania,Floods,Europe,2004,Hydrological (Climate),Climate-Driven
Indonesia,Papua Earthquake,Asia,2004,Geophysical (Non-Climate),Non-Climate
Zambia,Cholera Outbreak,Africa,2004,Biological (Non-Climate),Non-Climate
Papua New Guinea,Manam Volcano,Oceania,2004,Geophysical (Non-Climate),Non-Climate
Southeast Asia,Typhoons and Tropical Storm,Asia,2004,Meteorological (Climate),Climate-Driven
Slovak Republic,Wind Storms,Europe,2004,Meteorological (Climate),Climate-Driven
Indonesia,Earthquake,Asia,2026,Geophysical (Non-Climate),Non-Climate
Colombia,Earthquake,South America,2026,Geophysical (Non-Climate),Non-Climate
Myanmar,Floods,Asia,2026,Hydrological (Climate),Climate-Driven
Afghanistan,Flash Floods,Asia,2026,Hydrological (Climate),Climate-Driven
India,Flash Floods,Asia,2026,Hydrological (Climate),Climate-Driven
Kyrgyzstan,Flash Floods,Asia,2026,Hydrological (Climate),Climate-Driven
Tajikistan,Floods,Asia,2026,Hydrological (Climate),Climate-Driven
Bangladesh,Flash Floods,Asia,2026,Hydrological (Climate),Climate-Driven
Georgia,Floods,Asia,2026,Hydrological (Climate),Climate-Driven
Central African Republic,Cholera Outbreak,Africa,2026,Biological (Non-Climate),Non-Climate
Venezuela,Earthquakes,South America,2026,Geophysical (Non-Climate),Non-Climate
Chad,Cholera Outbreak,Africa,2026,Biological (Non-Climate),Non-Climate
Philippines,Earthquake and Tsunami,Asia,2026,Geophysical (Non-Climate),Non-Climate
Armenia,Hailstorm,Asia,2026,Meteorological (Climate),Climate-Driven
Syria,Floods,Asia,2026,Hydrological (Climate),Climate-Driven
Central/Eastern Africa,Ebola Outbreak,Africa,2026,Biological (Non-Climate),Non-Climate
Sri Lanka,Dengue Outbreak,Asia,2026,Biological (Non-Climate),Non-Climate
Dominican Republic,Floods,North America,2026,Hydrological (Climate),Climate-Driven
Yemen,Floods,Asia,2026,Hydrological (Climate),Climate-Driven
Tanzania,Floods and Landslides,Africa,2026,Hydrological (Climate),Climate-Driven
Liberia,Windstorms,Africa,2026,Meteorological (Climate),Climate-Driven
Botswana,Floods,Africa,2026,Hydrological (Climate),Climate-Driven
Ethiopia,Floods and Landslides,Africa,2026,Hydrological (Climate),Climate-Driven
Kenya,Floods,Africa,2026,Hydrological (Climate),Climate-Driven
Suriname,Chikungunya Virus Outbreak,South America,2026,Biological (Non-Climate),Non-Climate
Brazil,Floods,South America,2026,Hydrological (Climate),Climate-Driven
Peru,Floods and Landslides,South America,2026,Hydrological (Climate),Climate-Driven
Angola,Floods,Africa,2026,Hydrological (Climate),Climate-Driven
Zambia,Cholera Outbreak,Africa,2026,Biological (Non-Climate),Non-Climate
Cameroon,Fires,Africa,2026,Technological (Non-Climate),Non-Climate
Somalia,Dengue Outbreak,Africa,2026,Biological (Non-Climate),Non-Climate
Rwanda,Flash Floods,Africa,2026,Hydrological (Climate),Climate-Driven
Algeria,Floods,Africa,2026,Hydrological (Climate),Climate-Driven
Argentina,Landslides,South America,2026,Hydrological (Climate),Climate-Driven
South Africa,Floods,Africa,2026,Hydrological (Climate),Climate-Driven
North Macedonia,Floods,Europe,2026,Hydrological (Climate),Climate-Driven
Malawi,Floods,Africa,2026,Hydrological (Climate),Climate-Driven
Serbia,Cold Wave,Europe,2026,Meteorological (Climate),Climate-Driven
Guatemala,Measles Outbreak,North America,2026,Biological (Non-Climate),Non-Climate
Ecuador,Floods,South America,2026,Hydrological (Climate),Climate-Driven
Zimbabwe,Floods,Africa,2026,Hydrological (Climate),Climate-Driven
Mozambique,Floods,Africa,2025,Hydrological (Climate),Climate-Driven
Chile,Wild Fires,South America,2025,Climatological (Climate),Climate-Driven
Gabon,Windstorms,Africa,2025,Meteorological (Climate),Climate-Driven
Morocco,Floods,Africa,2025,Hydrological (Climate),Climate-Driven
Bolivia,Floods,South America,2025,Hydrological (Climate),Climate-Driven
Congo,Floods,Africa,2025,Hydrological (Climate),Climate-Driven
Cuba,Arboviral Outbreak,North America,2025,Biological (Non-Climate),Non-Climate
Egypt,Floods,Africa,2025,Hydrological (Climate),Climate-Driven
Cabo Verde,Flash Floods,Africa,2025,Hydrological (Climate),Climate-Driven
South Sudan,Floods,Africa,2025,Hydrological (Climate),Climate-Driven
Sudan,Floods,Africa,2025,Hydrological (Climate),Climate-Driven
Honduras,Floods,North America,2025,Hydrological (Climate),Climate-Driven
Panama,River Pollution,North America,2025,Technological (Non-Climate),Non-Climate
Côte d'Ivoire,Cholera Outbreak,Africa,2025,Biological (Non-Climate),Non-Climate
Ghana,Cholera Outbreak,Africa,2024,Biological (Non-Climate),Non-Climate
Namibia,Drought,Africa,2024,Climatological (Climate),Climate-Driven
Niger,Diphtheria Outbreak,Africa,2023,Biological (Non-Climate),Non-Climate
Nigeria,Lassa Fever Outbreak,Africa,2023,Biological (Non-Climate),Non-Climate
Burundi,Cholera Outbreak,Africa,2023,Biological (Non-Climate),Non-Climate
Costa Rica,Earthquake,North America,2004,Geophysical (Non-Climate),Non-Climate
Bolivia,Drought,South America,2004,Climatological (Climate),Climate-Driven
Indonesia,Alor Earthquake,Asia,2004,Geophysical (Non-Climate),Non-Climate
Colombia,Earthquake,South America,2004,Geophysical (Non-Climate),Non-Climate
Costa Rica,Floods,North America,2004,Hydrological (Climate),Climate-Driven
Central African Republic,Floods,Africa,2004,Hydrological (Climate),Climate-Driven
Senegal,Cholera Outbreak,Africa,2004,Biological (Non-Climate),Non-Climate
Panama,Floods,North America,2004,Hydrological (Climate),Climate-Driven
Japan,Earthquake,Asia,2004,Geophysical (Non-Climate),Non-Climate
Japan,Typhoon Tokage,Asia,2004,Meteorological (Climate),Climate-Driven
Colombia,Floods,South America,2004,Hydrological (Climate),Climate-Driven
Panama,Floods,North America,2004,Hydrological (Climate),Climate-Driven
Caribbean,Tropical Storm Jeanne,North America,2004,Meteorological (Climate),Climate-Driven
China,Floods,Asia,2004,Hydrological (Climate),Climate-Driven
Indonesia,Volcanic Eruption Mt. Egon,Asia,2004,Geophysical (Non-Climate),Non-Climate
East and South Asia,Typhoon Aere and Typhoon Chaba,Asia,2004,Meteorological (Climate),Climate-Driven
China,Zhejiang Typhoon Rananim,Asia,2004,Meteorological (Climate),Climate-Driven
China,Earthquake,Asia,2004,Geophysical (Non-Climate),Non-Climate
Indonesia,Earthquake,Asia,2026,Geophysical (Non-Climate),Non-Climate
Colombia,Earthquake,South America,2026,Geophysical (Non-Climate),Non-Climate
Myanmar,Floods,Asia,2026,Hydrological (Climate),Climate-Driven
Afghanistan,Flash Floods,Asia,2026,Hydrological (Climate),Climate-Driven
India,Flash Floods,Asia,2026,Hydrological (Climate),Climate-Driven
Kyrgyzstan,Flash Floods,Asia,2026,Hydrological (Climate),Climate-Driven
Tajikistan,Floods,Asia,2026,Hydrological (Climate),Climate-Driven
Bangladesh,Flash Floods,Asia,2026,Hydrological (Climate),Climate-Driven
Georgia,Floods,Asia,2026,Hydrological (Climate),Climate-Driven
Central African Republic,Cholera Outbreak,Africa,2026,Biological (Non-Climate),Non-Climate
Venezuela,Earthquakes,South America,2026,Geophysical (Non-Climate),Non-Climate
Chad,Cholera Outbreak,Africa,2026,Biological (Non-Climate),Non-Climate
Philippines,Earthquake and Tsunami,Asia,2026,Geophysical (Non-Climate),Non-Climate
Armenia,Hailstorm,Asia,2026,Meteorological (Climate),Climate-Driven
Syria,Floods,Asia,2026,Hydrological (Climate),Climate-Driven
Central/Eastern Africa,Ebola Outbreak,Africa,2026,Biological (Non-Climate),Non-Climate
Sri Lanka,Dengue Outbreak,Asia,2026,Biological (Non-Climate),Non-Climate
Dominican Republic,Floods,North America,2026,Hydrological (Climate),Climate-Driven
Yemen,Floods,Asia,2026,Hydrological (Climate),Climate-Driven
Tanzania,Floods and Landslides,Africa,2026,Hydrological (Climate),Climate-Driven
Liberia,Windstorms,Africa,2026,Meteorological (Climate),Climate-Driven
Botswana,Floods,Africa,2026,Hydrological (Climate),Climate-Driven
Ethiopia,Floods and Landslides,Africa,2026,Hydrological (Climate),Climate-Driven
Kenya,Floods,Africa,2026,Hydrological (Climate),Climate-Driven
Suriname,Chikungunya Virus Outbreak,South America,2026,Biological (Non-Climate),Non-Climate
Brazil,Floods,South America,2026,Hydrological (Climate),Climate-Driven
Peru,Floods and Landslides,South America,2026,Hydrological (Climate),Climate-Driven
Angola,Floods,Africa,2026,Hydrological (Climate),Climate-Driven
Zambia,Cholera Outbreak,Africa,2026,Biological (Non-Climate),Non-Climate
Cameroon,Fires,Africa,2026,Technological (Non-Climate),Non-Climate
Somalia,Dengue Outbreak,Africa,2026,Biological (Non-Climate),Non-Climate
Rwanda,Flash Floods,Africa,2026,Hydrological (Climate),Climate-Driven
Algeria,Floods,Africa,2026,Hydrological (Climate),Climate-Driven
Argentina,Landslides,South America,2026,Hydrological (Climate),Climate-Driven
South Africa,Floods,Africa,2026,Hydrological (Climate),Climate-Driven
North Macedonia,Floods,Europe,2026,Hydrological (Climate),Climate-Driven
Malawi,Floods,Africa,2026,Hydrological (Climate),Climate-Driven
Serbia,Cold Wave,Europe,2026,Meteorological (Climate),Climate-Driven
Guatemala,Measles Outbreak,North America,2026,Biological (Non-Climate),Non-Climate
Ecuador,Floods,South America,2026,Hydrological (Climate),Climate-Driven
Zimbabwe,Floods,Africa,2026,Hydrological (Climate),Climate-Driven
Mozambique,Floods,Africa,2025,Hydrological (Climate),Climate-Driven
Chile,Wild Fires,South America,2025,Climatological (Climate),Climate-Driven
Gabon,Windstorms,Africa,2025,Meteorological (Climate),Climate-Driven
Morocco,Floods,Africa,2025,Hydrological (Climate),Climate-Driven
Bolivia,Floods,South America,2025,Hydrological (Climate),Climate-Driven
Congo,Floods,Africa,2025,Hydrological (Climate),Climate-Driven
Cuba,Arboviral Outbreak,North America,2025,Biological (Non-Climate),Non-Climate
Egypt,Floods,Africa,2025,Hydrological (Climate),Climate-Driven
Cabo Verde,Flash Floods,Africa,2025,Hydrological (Climate),Climate-Driven
South Sudan,Floods,Africa,2025,Hydrological (Climate),Climate-Driven
Sudan,Floods,Africa,2025,Hydrological (Climate),Climate-Driven
Honduras,Floods,North America,2025,Hydrological (Climate),Climate-Driven
Panama,River Pollution,North America,2025,Technological (Non-Climate),Non-Climate
Côte d'Ivoire,Cholera Outbreak,Africa,2025,Biological (Non-Climate),Non-Climate
Ghana,Cholera Outbreak,Africa,2024,Biological (Non-Climate),Non-Climate
Namibia,Drought,Africa,2024,Climatological (Climate),Climate-Driven
Niger,Diphtheria Outbreak,Africa,2023,Biological (Non-Climate),Non-Climate
Nigeria,Lassa Fever Outbreak,Africa,2023,Biological (Non-Climate),Non-Climate
Burundi,Cholera Outbreak,Africa,2023,Biological (Non-Climate),Non-Climate
Caribbean,Hurricane Charley,North America,2004,Meteorological (Climate),Climate-Driven
DPR Korea,Floods,Asia,2004,Hydrological (Climate),Climate-Driven
Romania,Floods,Europe,2004,Hydrological (Climate),Climate-Driven
Paraguay,Gas explosion/Fire,South America,2004,Technological (Non-Climate),Non-Climate
Viet Nam,Floods,Asia,2004,Hydrological (Climate),Climate-Driven
Afghanistan,Floods,Asia,2004,Hydrological (Climate),Climate-Driven
Tajikistan,Floods,Asia,2004,Hydrological (Climate),Climate-Driven
Japan,Floods and Mudslides,Asia,2004,Hydrological (Climate),Climate-Driven
Nepal,Floods and Landslides,Asia,2004,Hydrological (Climate),Climate-Driven
Peru,Severe Cold and Snowstorms,South America,2004,Meteorological (Climate),Climate-Driven
Turkey,Earthquake,Asia,2004,Geophysical (Non-Climate),Non-Climate
Nicaragua,Mudslides,North America,2004,Hydrological (Climate),Climate-Driven
Bangladesh,Floods,Asia,2004,Hydrological (Climate),Climate-Driven
India,Floods,Asia,2004,Hydrological (Climate),Climate-Driven
Former Yugoslav Republic of Macedonia,Floods,Europe,2004,Hydrological (Climate),Climate-Driven
Indonesia,Volcanic Activity Mt. Awu,Asia,2004,Geophysical (Non-Climate),Non-Climate
Gambia,Storm in Upper River Division,Africa,2004,Meteorological (Climate),Climate-Driven
China,Floods,Asia,2004,Hydrological (Climate),Climate-Driven
Indonesia,Earthquake,Asia,2026,Geophysical (Non-Climate),Non-Climate
Colombia,Earthquake,South America,2026,Geophysical (Non-Climate),Non-Climate
Myanmar,Floods,Asia,2026,Hydrological (Climate),Climate-Driven
Afghanistan,Flash Floods,Asia,2026,Hydrological (Climate),Climate-Driven
India,Flash Floods,Asia,2026,Hydrological (Climate),Climate-Driven
Kyrgyzstan,Flash Floods,Asia,2026,Hydrological (Climate),Climate-Driven
Tajikistan,Floods,Asia,2026,Hydrological (Climate),Climate-Driven
Bangladesh,Flash Floods,Asia,2026,Hydrological (Climate),Climate-Driven
Georgia,Floods,Asia,2026,Hydrological (Climate),Climate-Driven
Central African Republic,Cholera Outbreak,Africa,2026,Biological (Non-Climate),Non-Climate
Venezuela,Earthquakes,South America,2026,Geophysical (Non-Climate),Non-Climate
Chad,Cholera Outbreak,Africa,2026,Biological (Non-Climate),Non-Climate
Philippines,Earthquake and Tsunami,Asia,2026,Geophysical (Non-Climate),Non-Climate
Armenia,Hailstorm,Asia,2026,Meteorological (Climate),Climate-Driven
Syria,Floods,Asia,2026,Hydrological (Climate),Climate-Driven
Central/Eastern Africa,Ebola Outbreak,Africa,2026,Biological (Non-Climate),Non-Climate
Sri Lanka,Dengue Outbreak,Asia,2026,Biological (Non-Climate),Non-Climate
Dominican Republic,Floods,North America,2026,Hydrological (Climate),Climate-Driven
Yemen,Floods,Asia,2026,Hydrological (Climate),Climate-Driven
Tanzania,Floods and Landslides,Africa,2026,Hydrological (Climate),Climate-Driven
Liberia,Windstorms,Africa,2026,Meteorological (Climate),Climate-Driven
Botswana,Floods,Africa,2026,Hydrological (Climate),Climate-Driven
Ethiopia,Floods and Landslides,Africa,2026,Hydrological (Climate),Climate-Driven
Kenya,Floods,Africa,2026,Hydrological (Climate),Climate-Driven
Suriname,Chikungunya Virus Outbreak,South America,2026,Biological (Non-Climate),Non-Climate
Brazil,Floods,South America,2026,Hydrological (Climate),Climate-Driven
Peru,Floods and Landslides,South America,2026,Hydrological (Climate),Climate-Driven
Angola,Floods,Africa,2026,Hydrological (Climate),Climate-Driven
Zambia,Cholera Outbreak,Africa,2026,Biological (Non-Climate),Non-Climate
Cameroon,Fires,Africa,2026,Technological (Non-Climate),Non-Climate
Somalia,Dengue Outbreak,Africa,2026,Biological (Non-Climate),Non-Climate
Rwanda,Flash Floods,Africa,2026,Hydrological (Climate),Climate-Driven
Algeria,Floods,Africa,2026,Hydrological (Climate),Climate-Driven
Argentina,Landslides,South America,2026,Hydrological (Climate),Climate-Driven
South Africa,Floods,Africa,2026,Hydrological (Climate),Climate-Driven
North Macedonia,Floods,Europe,2026,Hydrological (Climate),Climate-Driven
Malawi,Floods,Africa,2026,Hydrological (Climate),Climate-Driven
Serbia,Cold Wave,Europe,2026,Meteorological (Climate),Climate-Driven
Guatemala,Measles Outbreak,North America,2026,Biological (Non-Climate),Non-Climate
Ecuador,Floods,South America,2026,Hydrological (Climate),Climate-Driven
Zimbabwe,Floods,Africa,2026,Hydrological (Climate),Climate-Driven
Mozambique,Floods,Africa,2025,Hydrological (Climate),Climate-Driven
Chile,Wild Fires,South America,2025,Climatological (Climate),Climate-Driven
Gabon,Windstorms,Africa,2025,Meteorological (Climate),Climate-Driven
Morocco,Floods,Africa,2025,Hydrological (Climate),Climate-Driven
Bolivia,Floods,South America,2025,Hydrological (Climate),Climate-Driven
Congo,Floods,Africa,2025,Hydrological (Climate),Climate-Driven
Cuba,Arboviral Outbreak,North America,2025,Biological (Non-Climate),Non-Climate
Egypt,Floods,Africa,2025,Hydrological (Climate),Climate-Driven
Cabo Verde,Flash Floods,Africa,2025,Hydrological (Climate),Climate-Driven
South Sudan,Floods,Africa,2025,Hydrological (Climate),Climate-Driven
Sudan,Floods,Africa,2025,Hydrological (Climate),Climate-Driven
Honduras,Floods,North America,2025,Hydrological (Climate),Climate-Driven
Panama,River Pollution,North America,2025,Technological (Non-Climate),Non-Climate
Côte d'Ivoire,Cholera Outbreak,Africa,2025,Biological (Non-Climate),Non-Climate
Ghana,Cholera Outbreak,Africa,2024,Biological (Non-Climate),Non-Climate
Namibia,Drought,Africa,2024,Climatological (Climate),Climate-Driven
Niger,Diphtheria Outbreak,Africa,2023,Biological (Non-Climate),Non-Climate
Nigeria,Lassa Fever Outbreak,Africa,2023,Biological (Non-Climate),Non-Climate
Burundi,Cholera Outbreak,Africa,2023,Biological (Non-Climate),Non-Climate
Iran,Earthquake,Asia,2004,Geophysical (Non-Climate),Non-Climate
Myanmar,Storm,Asia,2004,Meteorological (Climate),Climate-Driven
Dominican Republic and Haiti,Floods,North America,2004,Hydrological (Climate),Climate-Driven
Costa Rica,Floods,North America,2004,Hydrological (Climate),Climate-Driven
Colombia,Floods,South America,2004,Hydrological (Climate),Climate-Driven
Kenya,Floods,Africa,2004,Hydrological (Climate),Climate-Driven
Algeria,Torrential Rains,Africa,2004,Meteorological (Climate),Climate-Driven
Zambia,Floods,Africa,2004,Hydrological (Climate),Climate-Driven
DPR Korea,Explosion in Ryongchon County,Asia,2004,Technological (Non-Climate),Non-Climate
India-Manipur,Floods,Asia,2004,Hydrological (Climate),Climate-Driven
Russian Federation,Floods,Europe,2004,Hydrological (Climate),Climate-Driven
Kyrgyzstan,Landslides,Asia,2004,Hydrological (Climate),Climate-Driven
Djibouti,Floods,Africa,2004,Hydrological (Climate),Climate-Driven
Bangladesh,Tornado,Asia,2004,Meteorological (Climate),Climate-Driven
Fiji,Floods,Oceania,2004,Hydrological (Climate),Climate-Driven
Micronesia,Typhoon Sudal,Oceania,2004,Meteorological (Climate),Climate-Driven
Afghanistan,Earthquake,Asia,2004,Geophysical (Non-Climate),Non-Climate
Bosnia and Herzegovina,Floods,Europe,2004,Hydrological (Climate),Climate-Driven
Mexico,Floods,North America,2004,Hydrological (Climate),Climate-Driven
Namibia,Floods,Africa,2004,Hydrological (Climate),Climate-Driven
Indonesia,Earthquake,Asia,2026,Geophysical (Non-Climate),Non-Climate
Colombia,Earthquake,South America,2026,Geophysical (Non-Climate),Non-Climate
Myanmar,Floods,Asia,2026,Hydrological (Climate),Climate-Driven
Afghanistan,Flash Floods,Asia,2026,Hydrological (Climate),Climate-Driven
India,Flash Floods,Asia,2026,Hydrological (Climate),Climate-Driven
Kyrgyzstan,Flash Floods,Asia,2026,Hydrological (Climate),Climate-Driven
Tajikistan,Floods,Asia,2026,Hydrological (Climate),Climate-Driven
Bangladesh,Flash Floods,Asia,2026,Hydrological (Climate),Climate-Driven
Georgia,Floods,Asia,2026,Hydrological (Climate),Climate-Driven
Central African Republic,Cholera Outbreak,Africa,2026,Biological (Non-Climate),Non-Climate
Venezuela,Earthquakes,South America,2026,Geophysical (Non-Climate),Non-Climate
Chad,Cholera Outbreak,Africa,2026,Biological (Non-Climate),Non-Climate
Philippines,Earthquake and Tsunami,Asia,2026,Geophysical (Non-Climate),Non-Climate
Armenia,Hailstorm,Asia,2026,Meteorological (Climate),Climate-Driven
Syria,Floods,Asia,2026,Hydrological (Climate),Climate-Driven
Central/Eastern Africa,Ebola Outbreak,Africa,2026,Biological (Non-Climate),Non-Climate
Sri Lanka,Dengue Outbreak,Asia,2026,Biological (Non-Climate),Non-Climate
Dominican Republic,Floods,North America,2026,Hydrological (Climate),Climate-Driven
Yemen,Floods,Asia,2026,Hydrological (Climate),Climate-Driven
Tanzania,Floods and Landslides,Africa,2026,Hydrological (Climate),Climate-Driven
Liberia,Windstorms,Africa,2026,Meteorological (Climate),Climate-Driven
Botswana,Floods,Africa,2026,Hydrological (Climate),Climate-Driven
Ethiopia,Floods and Landslides,Africa,2026,Hydrological (Climate),Climate-Driven
Kenya,Floods,Africa,2026,Hydrological (Climate),Climate-Driven
Suriname,Chikungunya Virus Outbreak,South America,2026,Biological (Non-Climate),Non-Climate
Brazil,Floods,South America,2026,Hydrological (Climate),Climate-Driven
Peru,Floods and Landslides,South America,2026,Hydrological (Climate),Climate-Driven
Angola,Floods,Africa,2026,Hydrological (Climate),Climate-Driven
Zambia,Cholera Outbreak,Africa,2026,Biological (Non-Climate),Non-Climate
Cameroon,Fires,Africa,2026,Technological (Non-Climate),Non-Climate
Somalia,Dengue Outbreak,Africa,2026,Biological (Non-Climate),Non-Climate
Rwanda,Flash Floods,Africa,2026,Hydrological (Climate),Climate-Driven
Algeria,Floods,Africa,2026,Hydrological (Climate),Climate-Driven
Argentina,Landslides,South America,2026,Hydrological (Climate),Climate-Driven
South Africa,Floods,Africa,2026,Hydrological (Climate),Climate-Driven
North Macedonia,Floods,Europe,2026,Hydrological (Climate),Climate-Driven
Malawi,Floods,Africa,2026,Hydrological (Climate),Climate-Driven
Serbia,Cold Wave,Europe,2026,Meteorological (Climate),Climate-Driven
Guatemala,Measles Outbreak,North America,2026,Biological (Non-Climate),Non-Climate
Ecuador,Floods,South America,2026,Hydrological (Climate),Climate-Driven
Zimbabwe,Floods,Africa,2026,Hydrological (Climate),Climate-Driven
Mozambique,Floods,Africa,2025,Hydrological (Climate),Climate-Driven
Chile,Wild Fires,South America,2025,Climatological (Climate),Climate-Driven
Gabon,Windstorms,Africa,2025,Meteorological (Climate),Climate-Driven
Morocco,Floods,Africa,2025,Hydrological (Climate),Climate-Driven
Bolivia,Floods,South America,2025,Hydrological (Climate),Climate-Driven
Congo,Floods,Africa,2025,Hydrological (Climate),Climate-Driven
Cuba,Arboviral Outbreak,North America,2025,Biological (Non-Climate),Non-Climate
Egypt,Floods,Africa,2025,Hydrological (Climate),Climate-Driven
Cabo Verde,Flash Floods,Africa,2025,Hydrological (Climate),Climate-Driven
South Sudan,Floods,Africa,2025,Hydrological (Climate),Climate-Driven
Sudan,Floods,Africa,2025,Hydrological (Climate),Climate-Driven
Honduras,Floods,North America,2025,Hydrological (Climate),Climate-Driven
Panama,River Pollution,North America,2025,Technological (Non-Climate),Non-Climate
Côte d'Ivoire,Cholera Outbreak,Africa,2025,Biological (Non-Climate),Non-Climate
Ghana,Cholera Outbreak,Africa,2024,Biological (Non-Climate),Non-Climate
Namibia,Drought,Africa,2024,Climatological (Climate),Climate-Driven
Niger,Diphtheria Outbreak,Africa,2023,Biological (Non-Climate),Non-Climate
Nigeria,Lassa Fever Outbreak,Africa,2023,Biological (Non-Climate),Non-Climate
Burundi,Cholera Outbreak,Africa,2023,Biological (Non-Climate),Non-Climate
Turkey,Earthquake,Asia,2004,Geophysical (Non-Climate),Non-Climate
China,Earthquake in Inner Mongolia,Asia,2004,Geophysical (Non-Climate),Non-Climate
Spain,Madrid Explosion,Europe,2004,Technological (Non-Climate),Non-Climate
Madagascar,Cyclone Gafilo,Africa,2004,Meteorological (Climate),Climate-Driven
Vanuatu,Cyclone Ivy,Oceania,2004,Meteorological (Climate),Climate-Driven
Morocco,Earthquake,Africa,2004,Geophysical (Non-Climate),Non-Climate
New Zealand,Floods,Oceania,2004,Hydrological (Climate),Climate-Driven
Iran,Chemical Train Derailment and Explosion,Asia,2004,Technological (Non-Climate),Non-Climate
Pakistan,Earthquake,Asia,2004,Geophysical (Non-Climate),Non-Climate
Jordan and neighboring countries,Earthquake,Asia,2004,Geophysical (Non-Climate),Non-Climate
Indonesia,Earthquake,Asia,2004,Geophysical (Non-Climate),Non-Climate
Madagascar,Cyclone Elita,Africa,2004,Meteorological (Climate),Climate-Driven
Indonesia,Volcano Mt. Egon,Asia,2004,Geophysical (Non-Climate),Non-Climate
Afghanistan,Floods,Asia,2004,Hydrological (Climate),Climate-Driven
Timor-Leste,Floods,Asia,2003,Hydrological (Climate),Climate-Driven
Peru,Heavy Rains,South America,2004,Meteorological (Climate),Climate-Driven
Bolivia,Floods,South America,2004,Hydrological (Climate),Climate-Driven
Pacific,Cyclone Heta,Oceania,2004,Meteorological (Climate),Climate-Driven
Indonesia,Earthquake,Asia,2004,Geophysical (Non-Climate),Non-Climate
Indonesia,Earthquake,Asia,2026,Geophysical (Non-Climate),Non-Climate
Colombia,Earthquake,South America,2026,Geophysical (Non-Climate),Non-Climate
Myanmar,Floods,Asia,2026,Hydrological (Climate),Climate-Driven
Afghanistan,Flash Floods,Asia,2026,Hydrological (Climate),Climate-Driven
India,Flash Floods,Asia,2026,Hydrological (Climate),Climate-Driven
Kyrgyzstan,Flash Floods,Asia,2026,Hydrological (Climate),Climate-Driven
Tajikistan,Floods,Asia,2026,Hydrological (Climate),Climate-Driven
Bangladesh,Flash Floods,Asia,2026,Hydrological (Climate),Climate-Driven
Georgia,Floods,Asia,2026,Hydrological (Climate),Climate-Driven
Central African Republic,Cholera Outbreak,Africa,2026,Biological (Non-Climate),Non-Climate
Venezuela,Earthquakes,South America,2026,Geophysical (Non-Climate),Non-Climate
Chad,Cholera Outbreak,Africa,2026,Biological (Non-Climate),Non-Climate
Philippines,Earthquake and Tsunami,Asia,2026,Geophysical (Non-Climate),Non-Climate
Armenia,Hailstorm,Asia,2026,Meteorological (Climate),Climate-Driven
Syria,Floods,Asia,2026,Hydrological (Climate),Climate-Driven
Central/Eastern Africa,Ebola Outbreak,Africa,2026,Biological (Non-Climate),Non-Climate
Sri Lanka,Dengue Outbreak,Asia,2026,Biological (Non-Climate),Non-Climate
Dominican Republic,Floods,North America,2026,Hydrological (Climate),Climate-Driven
Yemen,Floods,Asia,2026,Hydrological (Climate),Climate-Driven
Tanzania,Floods and Landslides,Africa,2026,Hydrological (Climate),Climate-Driven
Liberia,Windstorms,Africa,2026,Meteorological (Climate),Climate-Driven
Botswana,Floods,Africa,2026,Hydrological (Climate),Climate-Driven
Ethiopia,Floods and Landslides,Africa,2026,Hydrological (Climate),Climate-Driven
Kenya,Floods,Africa,2026,Hydrological (Climate),Climate-Driven
Suriname,Chikungunya Virus Outbreak,South America,2026,Biological (Non-Climate),Non-Climate
Brazil,Floods,South America,2026,Hydrological (Climate),Climate-Driven
Peru,Floods and Landslides,South America,2026,Hydrological (Climate),Climate-Driven
Angola,Floods,Africa,2026,Hydrological (Climate),Climate-Driven
Zambia,Cholera Outbreak,Africa,2026,Biological (Non-Climate),Non-Climate
Cameroon,Fires,Africa,2026,Technological (Non-Climate),Non-Climate
Somalia,Dengue Outbreak,Africa,2026,Biological (Non-Climate),Non-Climate
Rwanda,Flash Floods,Africa,2026,Hydrological (Climate),Climate-Driven
Algeria,Floods,Africa,2026,Hydrological (Climate),Climate-Driven
Argentina,Landslides,South America,2026,Hydrological (Climate),Climate-Driven
South Africa,Floods,Africa,2026,Hydrological (Climate),Climate-Driven
North Macedonia,Floods,Europe,2026,Hydrological (Climate),Climate-Driven
Malawi,Floods,Africa,2026,Hydrological (Climate),Climate-Driven
Serbia,Cold Wave,Europe,2026,Meteorological (Climate),Climate-Driven
Guatemala,Measles Outbreak,North America,2026,Biological (Non-Climate),Non-Climate
Ecuador,Floods,South America,2026,Hydrological (Climate),Climate-Driven
Zimbabwe,Floods,Africa,2026,Hydrological (Climate),Climate-Driven
Mozambique,Floods,Africa,2025,Hydrological (Climate),Climate-Driven
Chile,Wild Fires,South America,2025,Climatological (Climate),Climate-Driven
Gabon,Windstorms,Africa,2025,Meteorological (Climate),Climate-Driven
Morocco,Floods,Africa,2025,Hydrological (Climate),Climate-Driven
Bolivia,Floods,South America,2025,Hydrological (Climate),Climate-Driven
Congo,Floods,Africa,2025,Hydrological (Climate),Climate-Driven
Cuba,Arboviral Outbreak,North America,2025,Biological (Non-Climate),Non-Climate
Egypt,Floods,Africa,2025,Hydrological (Climate),Climate-Driven
Cabo Verde,Flash Floods,Africa,2025,Hydrological (Climate),Climate-Driven
South Sudan,Floods,Africa,2025,Hydrological (Climate),Climate-Driven
Sudan,Floods,Africa,2025,Hydrological (Climate),Climate-Driven
Honduras,Floods,North America,2025,Hydrological (Climate),Climate-Driven
Panama,River Pollution,North America,2025,Technological (Non-Climate),Non-Climate
Côte d'Ivoire,Cholera Outbreak,Africa,2025,Biological (Non-Climate),Non-Climate
Ghana,Cholera Outbreak,Africa,2024,Biological (Non-Climate),Non-Climate
Namibia,Drought,Africa,2024,Climatological (Climate),Climate-Driven
Niger,Diphtheria Outbreak,Africa,2023,Biological (Non-Climate),Non-Climate
Nigeria,Lassa Fever Outbreak,Africa,2023,Biological (Non-Climate),Non-Climate
Burundi,Cholera Outbreak,Africa,2023,Biological (Non-Climate),Non-Climate
China,Gas Well Explosion in Chongqing,Asia,2003,Technological (Non-Climate),Non-Climate
Iran,Earthquake,Asia,2003,Geophysical (Non-Climate),Non-Climate
Haiti,Floods,North America,2003,Hydrological (Climate),Climate-Driven
Costa Rica/Panama,Earthquake,North America,2003,Geophysical (Non-Climate),Non-Climate
Philippines,Floods and Landslides,Asia,2003,Hydrological (Climate),Climate-Driven
Colombia,Floods,South America,2003,Hydrological (Climate),Climate-Driven
Caribbean,Tropical Storm Odette,North America,2003,Meteorological (Climate),Climate-Driven
FYR Macedonia,Floods,Europe,2003,Hydrological (Climate),Climate-Driven
Micronesia,Typhoon Lupit,Oceania,2003,Meteorological (Climate),Climate-Driven
Dominican Republic,Floods,North America,2003,Hydrological (Climate),Climate-Driven
Indonesia,Floods,Asia,2003,Hydrological (Climate),Climate-Driven
China,Gansu Earthquake,Asia,2003,Geophysical (Non-Climate),Non-Climate
Viet Nam,Floods,Asia,2003,Hydrological (Climate),Climate-Driven
DR Congo,Severe storms,Africa,2003,Meteorological (Climate),Climate-Driven
Mexico,Hurricane Olaf,North America,2003,Meteorological (Climate),Climate-Driven
Mexico,Tropical Storm Larry,North America,2003,Meteorological (Climate),Climate-Driven
Japan,Hokkaido Earthquake,Asia,2003,Geophysical (Non-Climate),Non-Climate
Mexico,Floods,North America,2003,Hydrological (Climate),Climate-Driven
Mexico,Hurricane Marty,North America,2003,Meteorological (Climate),Climate-Driven
Dominican Republic,Earthquake,North America,2003,Geophysical (Non-Climate),Non-Climate
Indonesia,Earthquake,Asia,2026,Geophysical (Non-Climate),Non-Climate
Colombia,Earthquake,South America,2026,Geophysical (Non-Climate),Non-Climate
Myanmar,Floods,Asia,2026,Hydrological (Climate),Climate-Driven
Afghanistan,Flash Floods,Asia,2026,Hydrological (Climate),Climate-Driven
India,Flash Floods,Asia,2026,Hydrological (Climate),Climate-Driven
Kyrgyzstan,Flash Floods,Asia,2026,Hydrological (Climate),Climate-Driven
Tajikistan,Floods,Asia,2026,Hydrological (Climate),Climate-Driven
Bangladesh,Flash Floods,Asia,2026,Hydrological (Climate),Climate-Driven
Georgia,Floods,Asia,2026,Hydrological (Climate),Climate-Driven
Central African Republic,Cholera Outbreak,Africa,2026,Biological (Non-Climate),Non-Climate
Venezuela,Earthquakes,South America,2026,Geophysical (Non-Climate),Non-Climate
Chad,Cholera Outbreak,Africa,2026,Biological (Non-Climate),Non-Climate
Philippines,Earthquake and Tsunami,Asia,2026,Geophysical (Non-Climate),Non-Climate
Armenia,Hailstorm,Asia,2026,Meteorological (Climate),Climate-Driven
Syria,Floods,Asia,2026,Hydrological (Climate),Climate-Driven
Central/Eastern Africa,Ebola Outbreak,Africa,2026,Biological (Non-Climate),Non-Climate
Sri Lanka,Dengue Outbreak,Asia,2026,Biological (Non-Climate),Non-Climate
Dominican Republic,Floods,North America,2026,Hydrological (Climate),Climate-Driven
Yemen,Floods,Asia,2026,Hydrological (Climate),Climate-Driven
Tanzania,Floods and Landslides,Africa,2026,Hydrological (Climate),Climate-Driven
Liberia,Windstorms,Africa,2026,Meteorological (Climate),Climate-Driven
Botswana,Floods,Africa,2026,Hydrological (Climate),Climate-Driven
Ethiopia,Floods and Landslides,Africa,2026,Hydrological (Climate),Climate-Driven
Kenya,Floods,Africa,2026,Hydrological (Climate),Climate-Driven
Suriname,Chikungunya Virus Outbreak,South America,2026,Biological (Non-Climate),Non-Climate
Brazil,Floods,South America,2026,Hydrological (Climate),Climate-Driven
Peru,Floods and Landslides,South America,2026,Hydrological (Climate),Climate-Driven
Angola,Floods,Africa,2026,Hydrological (Climate),Climate-Driven
Zambia,Cholera Outbreak,Africa,2026,Biological (Non-Climate),Non-Climate
Cameroon,Fires,Africa,2026,Technological (Non-Climate),Non-Climate
Somalia,Dengue Outbreak,Africa,2026,Biological (Non-Climate),Non-Climate
Rwanda,Flash Floods,Africa,2026,Hydrological (Climate),Climate-Driven
Algeria,Floods,Africa,2026,Hydrological (Climate),Climate-Driven
Argentina,Landslides,South America,2026,Hydrological (Climate),Climate-Driven
South Africa,Floods,Africa,2026,Hydrological (Climate),Climate-Driven
North Macedonia,Floods,Europe,2026,Hydrological (Climate),Climate-Driven
Malawi,Floods,Africa,2026,Hydrological (Climate),Climate-Driven
Serbia,Cold Wave,Europe,2026,Meteorological (Climate),Climate-Driven
Guatemala,Measles Outbreak,North America,2026,Biological (Non-Climate),Non-Climate
Ecuador,Floods,South America,2026,Hydrological (Climate),Climate-Driven
Zimbabwe,Floods,Africa,2026,Hydrological (Climate),Climate-Driven
Mozambique,Floods,Africa,2025,Hydrological (Climate),Climate-Driven
Chile,Wild Fires,South America,2025,Climatological (Climate),Climate-Driven
Gabon,Windstorms,Africa,2025,Meteorological (Climate),Climate-Driven
Morocco,Floods,Africa,2025,Hydrological (Climate),Climate-Driven
Bolivia,Floods,South America,2025,Hydrological (Climate),Climate-Driven
Congo,Floods,Africa,2025,Hydrological (Climate),Climate-Driven
Cuba,Arboviral Outbreak,North America,2025,Biological (Non-Climate),Non-Climate
Egypt,Floods,Africa,2025,Hydrological (Climate),Climate-Driven
Cabo Verde,Flash Floods,Africa,2025,Hydrological (Climate),Climate-Driven
South Sudan,Floods,Africa,2025,Hydrological (Climate),Climate-Driven
Sudan,Floods,Africa,2025,Hydrological (Climate),Climate-Driven
Honduras,Floods,North America,2025,Hydrological (Climate),Climate-Driven
Panama,River Pollution,North America,2025,Technological (Non-Climate),Non-Climate
Côte d'Ivoire,Cholera Outbreak,Africa,2025,Biological (Non-Climate),Non-Climate
Ghana,Cholera Outbreak,Africa,2024,Biological (Non-Climate),Non-Climate
Namibia,Drought,Africa,2024,Climatological (Climate),Climate-Driven
Niger,Diphtheria Outbreak,Africa,2023,Biological (Non-Climate),Non-Climate
Nigeria,Lassa Fever Outbreak,Africa,2023,Biological (Non-Climate),Non-Climate
Burundi,Cholera Outbreak,Africa,2023,Biological (Non-Climate),Non-Climate
Bosnia and Herzegovina,Drought,Europe,2003,Climatological (Climate),Climate-Driven
Honduras,Floods,North America,2003,Hydrological (Climate),Climate-Driven
Nigeria,Floods,Africa,2003,Hydrological (Climate),Climate-Driven
Sahelian Countries,Heavy Rains and Floods,Africa,2003,Hydrological (Climate),Climate-Driven
Gambia,Squall in Upper River Division,Africa,2003,Meteorological (Climate),Climate-Driven
Mexico,Hurricane Ignacio,North America,2003,Meteorological (Climate),Climate-Driven
China,Earthquake,Asia,2003,Geophysical (Non-Climate),Non-Climate
Panama,Earthquake,North America,2003,Geophysical (Non-Climate),Non-Climate
Portugal,Forest Fires,Europe,2003,Climatological (Climate),Climate-Driven
India,Floods,Asia,2003,Hydrological (Climate),Climate-Driven
Papua New Guinea,Landslide,Oceania,2003,Hydrological (Climate),Climate-Driven
Sudan,Floods,Africa,2003,Hydrological (Climate),Climate-Driven
Pakistan,Floods,Asia,2003,Hydrological (Climate),Climate-Driven
Peru,Cold Wave,South America,2003,Meteorological (Climate),Climate-Driven
Japan,Earthquake,Asia,2003,Geophysical (Non-Climate),Non-Climate
Cameroon,Landslide,Africa,2003,Hydrological (Climate),Climate-Driven
Mongolia,Flash Floods,Asia,2003,Hydrological (Climate),Climate-Driven
China,Earthquake,Asia,2003,Geophysical (Non-Climate),Non-Climate
Indonesia,Earthquake,Asia,2026,Geophysical (Non-Climate),Non-Climate
Colombia,Earthquake,South America,2026,Geophysical (Non-Climate),Non-Climate
Myanmar,Floods,Asia,2026,Hydrological (Climate),Climate-Driven
Afghanistan,Flash Floods,Asia,2026,Hydrological (Climate),Climate-Driven
India,Flash Floods,Asia,2026,Hydrological (Climate),Climate-Driven
Kyrgyzstan,Flash Floods,Asia,2026,Hydrological (Climate),Climate-Driven
Tajikistan,Floods,Asia,2026,Hydrological (Climate),Climate-Driven
Bangladesh,Flash Floods,Asia,2026,Hydrological (Climate),Climate-Driven
Georgia,Floods,Asia,2026,Hydrological (Climate),Climate-Driven
Central African Republic,Cholera Outbreak,Africa,2026,Biological (Non-Climate),Non-Climate
Venezuela,Earthquakes,South America,2026,Geophysical (Non-Climate),Non-Climate
Chad,Cholera Outbreak,Africa,2026,Biological (Non-Climate),Non-Climate
Philippines,Earthquake and Tsunami,Asia,2026,Geophysical (Non-Climate),Non-Climate
Armenia,Hailstorm,Asia,2026,Meteorological (Climate),Climate-Driven
Syria,Floods,Asia,2026,Hydrological (Climate),Climate-Driven
Central/Eastern Africa,Ebola Outbreak,Africa,2026,Biological (Non-Climate),Non-Climate
Sri Lanka,Dengue Outbreak,Asia,2026,Biological (Non-Climate),Non-Climate
Dominican Republic,Floods,North America,2026,Hydrological (Climate),Climate-Driven
Yemen,Floods,Asia,2026,Hydrological (Climate),Climate-Driven
Tanzania,Floods and Landslides,Africa,2026,Hydrological (Climate),Climate-Driven
Liberia,Windstorms,Africa,2026,Meteorological (Climate),Climate-Driven
Botswana,Floods,Africa,2026,Hydrological (Climate),Climate-Driven
Ethiopia,Floods and Landslides,Africa,2026,Hydrological (Climate),Climate-Driven
Kenya,Floods,Africa,2026,Hydrological (Climate),Climate-Driven
Suriname,Chikungunya Virus Outbreak,South America,2026,Biological (Non-Climate),Non-Climate
Brazil,Floods,South America,2026,Hydrological (Climate),Climate-Driven
Peru,Floods and Landslides,South America,2026,Hydrological (Climate),Climate-Driven
Angola,Floods,Africa,2026,Hydrological (Climate),Climate-Driven
Zambia,Cholera Outbreak,Africa,2026,Biological (Non-Climate),Non-Climate
Cameroon,Fires,Africa,2026,Technological (Non-Climate),Non-Climate
Somalia,Dengue Outbreak,Africa,2026,Biological (Non-Climate),Non-Climate
Rwanda,Flash Floods,Africa,2026,Hydrological (Climate),Climate-Driven
Algeria,Floods,Africa,2026,Hydrological (Climate),Climate-Driven
Argentina,Landslides,South America,2026,Hydrological (Climate),Climate-Driven
South Africa,Floods,Africa,2026,Hydrological (Climate),Climate-Driven
North Macedonia,Floods,Europe,2026,Hydrological (Climate),Climate-Driven
Malawi,Floods,Africa,2026,Hydrological (Climate),Climate-Driven
Serbia,Cold Wave,Europe,2026,Meteorological (Climate),Climate-Driven
Guatemala,Measles Outbreak,North America,2026,Biological (Non-Climate),Non-Climate
Ecuador,Floods,South America,2026,Hydrological (Climate),Climate-Driven
Zimbabwe,Floods,Africa,2026,Hydrological (Climate),Climate-Driven
Mozambique,Floods,Africa,2025,Hydrological (Climate),Climate-Driven
Chile,Wild Fires,South America,2025,Climatological (Climate),Climate-Driven
Gabon,Windstorms,Africa,2025,Meteorological (Climate),Climate-Driven
Morocco,Floods,Africa,2025,Hydrological (Climate),Climate-Driven
Bolivia,Floods,South America,2025,Hydrological (Climate),Climate-Driven
Congo,Floods,Africa,2025,Hydrological (Climate),Climate-Driven
Cuba,Arboviral Outbreak,North America,2025,Biological (Non-Climate),Non-Climate
Egypt,Floods,Africa,2025,Hydrological (Climate),Climate-Driven
Cabo Verde,Flash Floods,Africa,2025,Hydrological (Climate),Climate-Driven
South Sudan,Floods,Africa,2025,Hydrological (Climate),Climate-Driven
Sudan,Floods,Africa,2025,Hydrological (Climate),Climate-Driven
Honduras,Floods,North America,2025,Hydrological (Climate),Climate-Driven
Panama,River Pollution,North America,2025,Technological (Non-Climate),Non-Climate
Côte d'Ivoire,Cholera Outbreak,Africa,2025,Biological (Non-Climate),Non-Climate
Ghana,Cholera Outbreak,Africa,2024,Biological (Non-Climate),Non-Climate
Namibia,Drought,Africa,2024,Climatological (Climate),Climate-Driven
Niger,Diphtheria Outbreak,Africa,2023,Biological (Non-Climate),Non-Climate
Nigeria,Lassa Fever Outbreak,Africa,2023,Biological (Non-Climate),Non-Climate
Burundi,Cholera Outbreak,Africa,2023,Biological (Non-Climate),Non-Climate
Nepal,Floods and Landslides,Asia,2003,Hydrological (Climate),Climate-Driven
Ecuador,Volcano Tungurahua,South America,2003,Geophysical (Non-Climate),Non-Climate
Caribbean,Tropical Storm Claudette,North America,2003,Meteorological (Climate),Climate-Driven
China,Floods,Asia,2003,Hydrological (Climate),Climate-Driven
Bangladesh,Flash Floods and Landslides,Asia,2003,Hydrological (Climate),Climate-Driven
Timor-Leste,Floods,Asia,2003,Hydrological (Climate),Climate-Driven
India,Floods,Asia,2003,Hydrological (Climate),Climate-Driven
Tajikistan,Floods,Asia,2003,Hydrological (Climate),Climate-Driven
India,Heat Wave,Asia,2003,Meteorological (Climate),Climate-Driven
Kazakhstan,Earthquake,Asia,2003,Geophysical (Non-Climate),Non-Climate
China,Floods,Asia,2003,Hydrological (Climate),Climate-Driven
Algeria,Earthquake,Africa,2003,Geophysical (Non-Climate),Non-Climate
Sri Lanka,Floods,Asia,2003,Hydrological (Climate),Climate-Driven
Namibia,Floods,Africa,2003,Hydrological (Climate),Climate-Driven
Madagascar,Tropical Cyclone Manou,Africa,2003,Meteorological (Climate),Climate-Driven
Horn of Africa,Floods,Africa,2003,Hydrological (Climate),Climate-Driven
Papua New Guinea,Landslide,Oceania,2003,Hydrological (Climate),Climate-Driven
Indonesia,Earthquake,Asia,2026,Geophysical (Non-Climate),Non-Climate
Colombia,Earthquake,South America,2026,Geophysical (Non-Climate),Non-Climate
Myanmar,Floods,Asia,2026,Hydrological (Climate),Climate-Driven
Afghanistan,Flash Floods,Asia,2026,Hydrological (Climate),Climate-Driven
India,Flash Floods,Asia,2026,Hydrological (Climate),Climate-Driven
Kyrgyzstan,Flash Floods,Asia,2026,Hydrological (Climate),Climate-Driven
Tajikistan,Floods,Asia,2026,Hydrological (Climate),Climate-Driven
Bangladesh,Flash Floods,Asia,2026,Hydrological (Climate),Climate-Driven
Georgia,Floods,Asia,2026,Hydrological (Climate),Climate-Driven
Central African Republic,Cholera Outbreak,Africa,2026,Biological (Non-Climate),Non-Climate
Venezuela,Earthquakes,South America,2026,Geophysical (Non-Climate),Non-Climate
Chad,Cholera Outbreak,Africa,2026,Biological (Non-Climate),Non-Climate
Philippines,Earthquake and Tsunami,Asia,2026,Geophysical (Non-Climate),Non-Climate
Armenia,Hailstorm,Asia,2026,Meteorological (Climate),Climate-Driven
Syria,Floods,Asia,2026,Hydrological (Climate),Climate-Driven
Central/Eastern Africa,Ebola Outbreak,Africa,2026,Biological (Non-Climate),Non-Climate
Sri Lanka,Dengue Outbreak,Asia,2026,Biological (Non-Climate),Non-Climate
Dominican Republic,Floods,North America,2026,Hydrological (Climate),Climate-Driven
Yemen,Floods,Asia,2026,Hydrological (Climate),Climate-Driven
Tanzania,Floods and Landslides,Africa,2026,Hydrological (Climate),Climate-Driven
Liberia,Windstorms,Africa,2026,Meteorological (Climate),Climate-Driven
Botswana,Floods,Africa,2026,Hydrological (Climate),Climate-Driven
Ethiopia,Floods and Landslides,Africa,2026,Hydrological (Climate),Climate-Driven
Kenya,Floods,Africa,2026,Hydrological (Climate),Climate-Driven
Suriname,Chikungunya Virus Outbreak,South America,2026,Biological (Non-Climate),Non-Climate
Brazil,Floods,South America,2026,Hydrological (Climate),Climate-Driven
Peru,Floods and Landslides,South America,2026,Hydrological (Climate),Climate-Driven
Angola,Floods,Africa,2026,Hydrological (Climate),Climate-Driven
Zambia,Cholera Outbreak,Africa,2026,Biological (Non-Climate),Non-Climate
Cameroon,Fires,Africa,2026,Technological (Non-Climate),Non-Climate
Somalia,Dengue Outbreak,Africa,2026,Biological (Non-Climate),Non-Climate
Rwanda,Flash Floods,Africa,2026,Hydrological (Climate),Climate-Driven
Algeria,Floods,Africa,2026,Hydrological (Climate),Climate-Driven
Argentina,Landslides,South America,2026,Hydrological (Climate),Climate-Driven
South Africa,Floods,Africa,2026,Hydrological (Climate),Climate-Driven
North Macedonia,Floods,Europe,2026,Hydrological (Climate),Climate-Driven
Malawi,Floods,Africa,2026,Hydrological (Climate),Climate-Driven
Serbia,Cold Wave,Europe,2026,Meteorological (Climate),Climate-Driven
Guatemala,Measles Outbreak,North America,2026,Biological (Non-Climate),Non-Climate
Ecuador,Floods,South America,2026,Hydrological (Climate),Climate-Driven
Zimbabwe,Floods,Africa,2026,Hydrological (Climate),Climate-Driven
Mozambique,Floods,Africa,2025,Hydrological (Climate),Climate-Driven
Chile,Wild Fires,South America,2025,Climatological (Climate),Climate-Driven
Gabon,Windstorms,Africa,2025,Meteorological (Climate),Climate-Driven
Morocco,Floods,Africa,2025,Hydrological (Climate),Climate-Driven
Bolivia,Floods,South America,2025,Hydrological (Climate),Climate-Driven
Congo,Floods,Africa,2025,Hydrological (Climate),Climate-Driven
Cuba,Arboviral Outbreak,North America,2025,Biological (Non-Climate),Non-Climate
Egypt,Floods,Africa,2025,Hydrological (Climate),Climate-Driven
Cabo Verde,Flash Floods,Africa,2025,Hydrological (Climate),Climate-Driven
South Sudan,Floods,Africa,2025,Hydrological (Climate),Climate-Driven
Sudan,Floods,Africa,2025,Hydrological (Climate),Climate-Driven
Honduras,Floods,North America,2025,Hydrological (Climate),Climate-Driven
Panama,River Pollution,North America,2025,Technological (Non-Climate),Non-Climate
Côte d'Ivoire,Cholera Outbreak,Africa,2025,Biological (Non-Climate),Non-Climate
Ghana,Cholera Outbreak,Africa,2024,Biological (Non-Climate),Non-Climate
Namibia,Drought,Africa,2024,Climatological (Climate),Climate-Driven
Niger,Diphtheria Outbreak,Africa,2023,Biological (Non-Climate),Non-Climate
Nigeria,Lassa Fever Outbreak,Africa,2023,Biological (Non-Climate),Non-Climate
Burundi,Cholera Outbreak,Africa,2023,Biological (Non-Climate),Non-Climate
Azerbaijan,Floods and Landslides,Asia,2003,Hydrological (Climate),Climate-Driven
Bangladesh,Tropical Storm,Asia,2003,Meteorological (Climate),Climate-Driven
Turkey,Earthquake,Asia,2003,Geophysical (Non-Climate),Non-Climate
Argentina,Floods,South America,2003,Hydrological (Climate),Climate-Driven
Guatemala,Landslide,North America,2003,Hydrological (Climate),Climate-Driven
Kyrgyzstan,Landslide,Asia,2003,Hydrological (Climate),Climate-Driven
India,Cyclonic Storm,Asia,2003,Meteorological (Climate),Climate-Driven
Indonesia,Landslides,Asia,2003,Hydrological (Climate),Climate-Driven
Bolivia,Landslide,South America,2003,Hydrological (Climate),Climate-Driven
New Caledonia,Tropical Cyclone,Oceania,2003,Meteorological (Climate),Climate-Driven
Mozambique,Cyclone,Africa,2003,Meteorological (Climate),Climate-Driven
Tajikistan,Landslide,Asia,2003,Hydrological (Climate),Climate-Driven
China,Earthquake,Asia,2003,Geophysical (Non-Climate),Non-Climate
Pakistan,Storm,Asia,2003,Meteorological (Climate),Climate-Driven
Argentina,Floods,South America,2003,Hydrological (Climate),Climate-Driven
DR Congo,Tropical Storm in Yumbi,Africa,2003,Meteorological (Climate),Climate-Driven
Indonesia,Landslides,Asia,2003,Hydrological (Climate),Climate-Driven
Brazil,Floods,South America,2003,Hydrological (Climate),Climate-Driven
Turkey,Earthquake,Asia,2003,Geophysical (Non-Climate),Non-Climate
Indonesia,Earthquake,Asia,2026,Geophysical (Non-Climate),Non-Climate
Colombia,Earthquake,South America,2026,Geophysical (Non-Climate),Non-Climate
Myanmar,Floods,Asia,2026,Hydrological (Climate),Climate-Driven
Afghanistan,Flash Floods,Asia,2026,Hydrological (Climate),Climate-Driven
India,Flash Floods,Asia,2026,Hydrological (Climate),Climate-Driven
Kyrgyzstan,Flash Floods,Asia,2026,Hydrological (Climate),Climate-Driven
Tajikistan,Floods,Asia,2026,Hydrological (Climate),Climate-Driven
Bangladesh,Flash Floods,Asia,2026,Hydrological (Climate),Climate-Driven
Georgia,Floods,Asia,2026,Hydrological (Climate),Climate-Driven
Central African Republic,Cholera Outbreak,Africa,2026,Biological (Non-Climate),Non-Climate
Venezuela,Earthquakes,South America,2026,Geophysical (Non-Climate),Non-Climate
Chad,Cholera Outbreak,Africa,2026,Biological (Non-Climate),Non-Climate
Philippines,Earthquake and Tsunami,Asia,2026,Geophysical (Non-Climate),Non-Climate
Armenia,Hailstorm,Asia,2026,Meteorological (Climate),Climate-Driven
Syria,Floods,Asia,2026,Hydrological (Climate),Climate-Driven
Central/Eastern Africa,Ebola Outbreak,Africa,2026,Biological (Non-Climate),Non-Climate
Sri Lanka,Dengue Outbreak,Asia,2026,Biological (Non-Climate),Non-Climate
Dominican Republic,Floods,North America,2026,Hydrological (Climate),Climate-Driven
Yemen,Floods,Asia,2026,Hydrological (Climate),Climate-Driven
Tanzania,Floods and Landslides,Africa,2026,Hydrological (Climate),Climate-Driven
Liberia,Windstorms,Africa,2026,Meteorological (Climate),Climate-Driven
Botswana,Floods,Africa,2026,Hydrological (Climate),Climate-Driven
Ethiopia,Floods and Landslides,Africa,2026,Hydrological (Climate),Climate-Driven
Kenya,Floods,Africa,2026,Hydrological (Climate),Climate-Driven
Suriname,Chikungunya Virus Outbreak,South America,2026,Biological (Non-Climate),Non-Climate
Brazil,Floods,South America,2026,Hydrological (Climate),Climate-Driven
Peru,Floods and Landslides,South America,2026,Hydrological (Climate),Climate-Driven
Angola,Floods,Africa,2026,Hydrological (Climate),Climate-Driven
Zambia,Cholera Outbreak,Africa,2026,Biological (Non-Climate),Non-Climate
Cameroon,Fires,Africa,2026,Technological (Non-Climate),Non-Climate
Somalia,Dengue Outbreak,Africa,2026,Biological (Non-Climate),Non-Climate
Rwanda,Flash Floods,Africa,2026,Hydrological (Climate),Climate-Driven
Algeria,Floods,Africa,2026,Hydrological (Climate),Climate-Driven
Argentina,Landslides,South America,2026,Hydrological (Climate),Climate-Driven
South Africa,Floods,Africa,2026,Hydrological (Climate),Climate-Driven
North Macedonia,Floods,Europe,2026,Hydrological (Climate),Climate-Driven
Malawi,Floods,Africa,2026,Hydrological (Climate),Climate-Driven
Serbia,Cold Wave,Europe,2026,Meteorological (Climate),Climate-Driven
Guatemala,Measles Outbreak,North America,2026,Biological (Non-Climate),Non-Climate
Ecuador,Floods,South America,2026,Hydrological (Climate),Climate-Driven
Zimbabwe,Floods,Africa,2026,Hydrological (Climate),Climate-Driven
Mozambique,Floods,Africa,2025,Hydrological (Climate),Climate-Driven
Chile,Wild Fires,South America,2025,Climatological (Climate),Climate-Driven
Gabon,Windstorms,Africa,2025,Meteorological (Climate),Climate-Driven
Morocco,Floods,Africa,2025,Hydrological (Climate),Climate-Driven
Bolivia,Floods,South America,2025,Hydrological (Climate),Climate-Driven
Congo,Floods,Africa,2025,Hydrological (Climate),Climate-Driven
Cuba,Arboviral Outbreak,North America,2025,Biological (Non-Climate),Non-Climate
Egypt,Floods,Africa,2025,Hydrological (Climate),Climate-Driven
Cabo Verde,Flash Floods,Africa,2025,Hydrological (Climate),Climate-Driven
South Sudan,Floods,Africa,2025,Hydrological (Climate),Climate-Driven
Sudan,Floods,Africa,2025,Hydrological (Climate),Climate-Driven
Honduras,Floods,North America,2025,Hydrological (Climate),Climate-Driven
Panama,River Pollution,North America,2025,Technological (Non-Climate),Non-Climate
Côte d'Ivoire,Cholera Outbreak,Africa,2025,Biological (Non-Climate),Non-Climate
Ghana,Cholera Outbreak,Africa,2024,Biological (Non-Climate),Non-Climate
Namibia,Drought,Africa,2024,Climatological (Climate),Climate-Driven
Niger,Diphtheria Outbreak,Africa,2023,Biological (Non-Climate),Non-Climate
Nigeria,Lassa Fever Outbreak,Africa,2023,Biological (Non-Climate),Non-Climate
Burundi,Cholera Outbreak,Africa,2023,Biological (Non-Climate),Non-Climate
Peru,Floods,South America,2003,Hydrological (Climate),Climate-Driven
Madagascar,Floods,Africa,2003,Hydrological (Climate),Climate-Driven
Tunisia,Floods,Africa,2003,Hydrological (Climate),Climate-Driven
Mexico,Earthquake,North America,2003,Geophysical (Non-Climate),Non-Climate
Malawi,Floods,Africa,2003,Hydrological (Climate),Climate-Driven
Fiji,Cyclone Ami,Oceania,2003,Meteorological (Climate),Climate-Driven
India,Cold Wave,Asia,2003,Meteorological (Climate),Climate-Driven
Mozambique,Floods,Africa,2003,Hydrological (Climate),Climate-Driven
Bolivia,Floods,South America,2003,Hydrological (Climate),Climate-Driven
Sri Lanka,Floods,Asia,2002,Hydrological (Climate),Climate-Driven
South Asia,Cold Wave,Asia,2002,Meteorological (Climate),Climate-Driven
FYR of Macedonia,Floods,Europe,2002,Hydrological (Climate),Climate-Driven
Vanuatu,Earthquake,Oceania,2002,Geophysical (Non-Climate),Non-Climate
Costa Rica/Panama,Floods,North America,2002,Hydrological (Climate),Climate-Driven
Mongolia,Dzud,Asia,2002,Climatological (Climate),Climate-Driven
Morocco,Floods,Africa,2002,Hydrological (Climate),Climate-Driven
Indonesia,Floods,Asia,2002,Hydrological (Climate),Climate-Driven
India,Cyclone,Asia,2002,Meteorological (Climate),Climate-Driven
Indonesia,Earthquake,Asia,2026,Geophysical (Non-Climate),Non-Climate
Colombia,Earthquake,South America,2026,Geophysical (Non-Climate),Non-Climate
Myanmar,Floods,Asia,2026,Hydrological (Climate),Climate-Driven
Afghanistan,Flash Floods,Asia,2026,Hydrological (Climate),Climate-Driven
India,Flash Floods,Asia,2026,Hydrological (Climate),Climate-Driven
Kyrgyzstan,Flash Floods,Asia,2026,Hydrological (Climate),Climate-Driven
Tajikistan,Floods,Asia,2026,Hydrological (Climate),Climate-Driven
Bangladesh,Flash Floods,Asia,2026,Hydrological (Climate),Climate-Driven
Georgia,Floods,Asia,2026,Hydrological (Climate),Climate-Driven
Central African Republic,Cholera Outbreak,Africa,2026,Biological (Non-Climate),Non-Climate
Venezuela,Earthquakes,South America,2026,Geophysical (Non-Climate),Non-Climate
Chad,Cholera Outbreak,Africa,2026,Biological (Non-Climate),Non-Climate
Philippines,Earthquake and Tsunami,Asia,2026,Geophysical (Non-Climate),Non-Climate
Armenia,Hailstorm,Asia,2026,Meteorological (Climate),Climate-Driven
Syria,Floods,Asia,2026,Hydrological (Climate),Climate-Driven
Central/Eastern Africa,Ebola Outbreak,Africa,2026,Biological (Non-Climate),Non-Climate
Sri Lanka,Dengue Outbreak,Asia,2026,Biological (Non-Climate),Non-Climate
Dominican Republic,Floods,North America,2026,Hydrological (Climate),Climate-Driven
Yemen,Floods,Asia,2026,Hydrological (Climate),Climate-Driven
Tanzania,Floods and Landslides,Africa,2026,Hydrological (Climate),Climate-Driven
Liberia,Windstorms,Africa,2026,Meteorological (Climate),Climate-Driven
Botswana,Floods,Africa,2026,Hydrological (Climate),Climate-Driven
Ethiopia,Floods and Landslides,Africa,2026,Hydrological (Climate),Climate-Driven
Kenya,Floods,Africa,2026,Hydrological (Climate),Climate-Driven
Suriname,Chikungunya Virus Outbreak,South America,2026,Biological (Non-Climate),Non-Climate
Brazil,Floods,South America,2026,Hydrological (Climate),Climate-Driven
Peru,Floods and Landslides,South America,2026,Hydrological (Climate),Climate-Driven
Angola,Floods,Africa,2026,Hydrological (Climate),Climate-Driven
Zambia,Cholera Outbreak,Africa,2026,Biological (Non-Climate),Non-Climate
Cameroon,Fires,Africa,2026,Technological (Non-Climate),Non-Climate
Somalia,Dengue Outbreak,Africa,2026,Biological (Non-Climate),Non-Climate
Rwanda,Flash Floods,Africa,2026,Hydrological (Climate),Climate-Driven
Algeria,Floods,Africa,2026,Hydrological (Climate),Climate-Driven
Argentina,Landslides,South America,2026,Hydrological (Climate),Climate-Driven
South Africa,Floods,Africa,2026,Hydrological (Climate),Climate-Driven
North Macedonia,Floods,Europe,2026,Hydrological (Climate),Climate-Driven
Malawi,Floods,Africa,2026,Hydrological (Climate),Climate-Driven
Serbia,Cold Wave,Europe,2026,Meteorological (Climate),Climate-Driven
Guatemala,Measles Outbreak,North America,2026,Biological (Non-Climate),Non-Climate
Ecuador,Floods,South America,2026,Hydrological (Climate),Climate-Driven
Zimbabwe,Floods,Africa,2026,Hydrological (Climate),Climate-Driven
Mozambique,Floods,Africa,2025,Hydrological (Climate),Climate-Driven
Chile,Wild Fires,South America,2025,Climatological (Climate),Climate-Driven
Gabon,Windstorms,Africa,2025,Meteorological (Climate),Climate-Driven
Morocco,Floods,Africa,2025,Hydrological (Climate),Climate-Driven
Bolivia,Floods,South America,2025,Hydrological (Climate),Climate-Driven
Congo,Floods,Africa,2025,Hydrological (Climate),Climate-Driven
Cuba,Arboviral Outbreak,North America,2025,Biological (Non-Climate),Non-Climate
Egypt,Floods,Africa,2025,Hydrological (Climate),Climate-Driven
Cabo Verde,Flash Floods,Africa,2025,Hydrological (Climate),Climate-Driven
South Sudan,Floods,Africa,2025,Hydrological (Climate),Climate-Driven
Sudan,Floods,Africa,2025,Hydrological (Climate),Climate-Driven
Honduras,Floods,North America,2025,Hydrological (Climate),Climate-Driven
Panama,River Pollution,North America,2025,Technological (Non-Climate),Non-Climate
Côte d'Ivoire,Cholera Outbreak,Africa,2025,Biological (Non-Climate),Non-Climate
Ghana,Cholera Outbreak,Africa,2024,Biological (Non-Climate),Non-Climate
Namibia,Drought,Africa,2024,Climatological (Climate),Climate-Driven
Niger,Diphtheria Outbreak,Africa,2023,Biological (Non-Climate),Non-Climate
Nigeria,Lassa Fever Outbreak,Africa,2023,Biological (Non-Climate),Non-Climate
Burundi,Cholera Outbreak,Africa,2023,Biological (Non-Climate),Non-Climate
Pakistan,Earthquakes,Asia,2002,Geophysical (Non-Climate),Non-Climate
Ecuador,Volcanic Eruption,South America,2002,Geophysical (Non-Climate),Non-Climate
Mexico,Hurricane Kenna,North America,2002,Meteorological (Climate),Climate-Driven
Paraguay,Drought,South America,2002,Climatological (Climate),Climate-Driven
Indonesia,Earthquake,Asia,2002,Geophysical (Non-Climate),Non-Climate
Albania,Floods,Europe,2002,Hydrological (Climate),Climate-Driven
Mauritania,Drought,Africa,2002,Climatological (Climate),Climate-Driven
Caribbean,Tropical Storm Lili,North America,2002,Meteorological (Climate),Climate-Driven
Russian Federation,Avalanche,Europe,2002,Hydrological (Climate),Climate-Driven
Caribbean,Tropical Storm Isidore,North America,2002,Meteorological (Climate),Climate-Driven
Guatemala,Landslide,North America,2002,Hydrological (Climate),Climate-Driven
Seychelles,Tropical Depression,Africa,2002,Meteorological (Climate),Climate-Driven
Central America,High Tides and Floods,North America,2002,Hydrological (Climate),Climate-Driven
Papua New Guinea,Earthquake,Oceania,2002,Geophysical (Non-Climate),Non-Climate
Thailand,Floods,Asia,2002,Hydrological (Climate),Climate-Driven
DPR Korea,Typhoon Rusa,Asia,2002,Meteorological (Climate),Climate-Driven
Algeria,Floods,Africa,2002,Hydrological (Climate),Climate-Driven
Lao PDR,Floods,Asia,2002,Hydrological (Climate),Climate-Driven
Myanmar,Floods,Asia,2002,Hydrological (Climate),Climate-Driven
Indonesia,Earthquake,Asia,2026,Geophysical (Non-Climate),Non-Climate
Colombia,Earthquake,South America,2026,Geophysical (Non-Climate),Non-Climate
Myanmar,Floods,Asia,2026,Hydrological (Climate),Climate-Driven
Afghanistan,Flash Floods,Asia,2026,Hydrological (Climate),Climate-Driven
India,Flash Floods,Asia,2026,Hydrological (Climate),Climate-Driven
Kyrgyzstan,Flash Floods,Asia,2026,Hydrological (Climate),Climate-Driven
Tajikistan,Floods,Asia,2026,Hydrological (Climate),Climate-Driven
Bangladesh,Flash Floods,Asia,2026,Hydrological (Climate),Climate-Driven
Georgia,Floods,Asia,2026,Hydrological (Climate),Climate-Driven
Central African Republic,Cholera Outbreak,Africa,2026,Biological (Non-Climate),Non-Climate
Venezuela,Earthquakes,South America,2026,Geophysical (Non-Climate),Non-Climate
Chad,Cholera Outbreak,Africa,2026,Biological (Non-Climate),Non-Climate
Philippines,Earthquake and Tsunami,Asia,2026,Geophysical (Non-Climate),Non-Climate
Armenia,Hailstorm,Asia,2026,Meteorological (Climate),Climate-Driven
Syria,Floods,Asia,2026,Hydrological (Climate),Climate-Driven
Central/Eastern Africa,Ebola Outbreak,Africa,2026,Biological (Non-Climate),Non-Climate
Sri Lanka,Dengue Outbreak,Asia,2026,Biological (Non-Climate),Non-Climate
Dominican Republic,Floods,North America,2026,Hydrological (Climate),Climate-Driven
Yemen,Floods,Asia,2026,Hydrological (Climate),Climate-Driven
Tanzania,Floods and Landslides,Africa,2026,Hydrological (Climate),Climate-Driven
Liberia,Windstorms,Africa,2026,Meteorological (Climate),Climate-Driven
Botswana,Floods,Africa,2026,Hydrological (Climate),Climate-Driven
Ethiopia,Floods and Landslides,Africa,2026,Hydrological (Climate),Climate-Driven
Kenya,Floods,Africa,2026,Hydrological (Climate),Climate-Driven
Suriname,Chikungunya Virus Outbreak,South America,2026,Biological (Non-Climate),Non-Climate
Brazil,Floods,South America,2026,Hydrological (Climate),Climate-Driven
Peru,Floods and Landslides,South America,2026,Hydrological (Climate),Climate-Driven
Angola,Floods,Africa,2026,Hydrological (Climate),Climate-Driven
Zambia,Cholera Outbreak,Africa,2026,Biological (Non-Climate),Non-Climate
Cameroon,Fires,Africa,2026,Technological (Non-Climate),Non-Climate
Somalia,Dengue Outbreak,Africa,2026,Biological (Non-Climate),Non-Climate
Rwanda,Flash Floods,Africa,2026,Hydrological (Climate),Climate-Driven
Algeria,Floods,Africa,2026,Hydrological (Climate),Climate-Driven
Argentina,Landslides,South America,2026,Hydrological (Climate),Climate-Driven
South Africa,Floods,Africa,2026,Hydrological (Climate),Climate-Driven
North Macedonia,Floods,Europe,2026,Hydrological (Climate),Climate-Driven
Malawi,Floods,Africa,2026,Hydrological (Climate),Climate-Driven
Serbia,Cold Wave,Europe,2026,Meteorological (Climate),Climate-Driven
Guatemala,Measles Outbreak,North America,2026,Biological (Non-Climate),Non-Climate
Ecuador,Floods,South America,2026,Hydrological (Climate),Climate-Driven
Zimbabwe,Floods,Africa,2026,Hydrological (Climate),Climate-Driven
Mozambique,Floods,Africa,2025,Hydrological (Climate),Climate-Driven
Chile,Wild Fires,South America,2025,Climatological (Climate),Climate-Driven
Gabon,Windstorms,Africa,2025,Meteorological (Climate),Climate-Driven
Morocco,Floods,Africa,2025,Hydrological (Climate),Climate-Driven
Bolivia,Floods,South America,2025,Hydrological (Climate),Climate-Driven
Congo,Floods,Africa,2025,Hydrological (Climate),Climate-Driven
Cuba,Arboviral Outbreak,North America,2025,Biological (Non-Climate),Non-Climate
Egypt,Floods,Africa,2025,Hydrological (Climate),Climate-Driven
Cabo Verde,Flash Floods,Africa,2025,Hydrological (Climate),Climate-Driven
South Sudan,Floods,Africa,2025,Hydrological (Climate),Climate-Driven
Sudan,Floods,Africa,2025,Hydrological (Climate),Climate-Driven
Honduras,Floods,North America,2025,Hydrological (Climate),Climate-Driven
Panama,River Pollution,North America,2025,Technological (Non-Climate),Non-Climate
Côte d'Ivoire,Cholera Outbreak,Africa,2025,Biological (Non-Climate),Non-Climate
Ghana,Cholera Outbreak,Africa,2024,Biological (Non-Climate),Non-Climate
Namibia,Drought,Africa,2024,Climatological (Climate),Climate-Driven
Niger,Diphtheria Outbreak,Africa,2023,Biological (Non-Climate),Non-Climate
Nigeria,Lassa Fever Outbreak,Africa,2023,Biological (Non-Climate),Non-Climate
Burundi,Cholera Outbreak,Africa,2023,Biological (Non-Climate),Non-Climate
Viet Nam,Floods,Asia,2002,Hydrological (Climate),Climate-Driven
Cambodia,Floods,Asia,2002,Hydrological (Climate),Climate-Driven
Bolivia,Forest Fires,South America,2002,Climatological (Climate),Climate-Driven
Mexico,Floods,North America,2002,Hydrological (Climate),Climate-Driven
Czech Republic,Floods,Europe,2002,Hydrological (Climate),Climate-Driven
Iran,Flash Floods,Asia,2002,Hydrological (Climate),Climate-Driven
Russian Federation,Floods,Europe,2002,Hydrological (Climate),Climate-Driven
Papua New Guinea,Volcanic Eruption,Oceania,2002,Geophysical (Non-Climate),Non-Climate
Cambodia,Drought,Asia,2002,Climatological (Climate),Climate-Driven
DPR Korea,Floods,Asia,2002,Hydrological (Climate),Climate-Driven
Tajikistan,Floods,Asia,2002,Hydrological (Climate),Climate-Driven
India,Drought,Asia,2002,Climatological (Climate),Climate-Driven
El Salvador and Honduras,Dengue Outbreak,North America,2002,Biological (Non-Climate),Non-Climate
Venezuela,Floods,South America,2002,Hydrological (Climate),Climate-Driven
Sri Lanka,Drought,Asia,2002,Climatological (Climate),Climate-Driven
Bangladesh,Floods,Asia,2002,Hydrological (Climate),Climate-Driven
Peru,Snowstorms,South America,2002,Meteorological (Climate),Climate-Driven
Nepal,Floods and Landslides,Asia,2002,Hydrological (Climate),Climate-Driven
Bolivia,Snowstorms,South America,2002,Meteorological (Climate),Climate-Driven
India,Floods,Asia,2002,Hydrological (Climate),Climate-Driven
Indonesia,Earthquake,Asia,2026,Geophysical (Non-Climate),Non-Climate
Colombia,Earthquake,South America,2026,Geophysical (Non-Climate),Non-Climate
Myanmar,Floods,Asia,2026,Hydrological (Climate),Climate-Driven
Afghanistan,Flash Floods,Asia,2026,Hydrological (Climate),Climate-Driven
India,Flash Floods,Asia,2026,Hydrological (Climate),Climate-Driven
Kyrgyzstan,Flash Floods,Asia,2026,Hydrological (Climate),Climate-Driven
Tajikistan,Floods,Asia,2026,Hydrological (Climate),Climate-Driven
Bangladesh,Flash Floods,Asia,2026,Hydrological (Climate),Climate-Driven
Georgia,Floods,Asia,2026,Hydrological (Climate),Climate-Driven
Central African Republic,Cholera Outbreak,Africa,2026,Biological (Non-Climate),Non-Climate
Venezuela,Earthquakes,South America,2026,Geophysical (Non-Climate),Non-Climate
Chad,Cholera Outbreak,Africa,2026,Biological (Non-Climate),Non-Climate
Philippines,Earthquake and Tsunami,Asia,2026,Geophysical (Non-Climate),Non-Climate
Armenia,Hailstorm,Asia,2026,Meteorological (Climate),Climate-Driven
Syria,Floods,Asia,2026,Hydrological (Climate),Climate-Driven
Central/Eastern Africa,Ebola Outbreak,Africa,2026,Biological (Non-Climate),Non-Climate
Sri Lanka,Dengue Outbreak,Asia,2026,Biological (Non-Climate),Non-Climate
Dominican Republic,Floods,North America,2026,Hydrological (Climate),Climate-Driven
Yemen,Floods,Asia,2026,Hydrological (Climate),Climate-Driven
Tanzania,Floods and Landslides,Africa,2026,Hydrological (Climate),Climate-Driven
Liberia,Windstorms,Africa,2026,Meteorological (Climate),Climate-Driven
Botswana,Floods,Africa,2026,Hydrological (Climate),Climate-Driven
Ethiopia,Floods and Landslides,Africa,2026,Hydrological (Climate),Climate-Driven
Kenya,Floods,Africa,2026,Hydrological (Climate),Climate-Driven
Suriname,Chikungunya Virus Outbreak,South America,2026,Biological (Non-Climate),Non-Climate
Brazil,Floods,South America,2026,Hydrological (Climate),Climate-Driven
Peru,Floods and Landslides,South America,2026,Hydrological (Climate),Climate-Driven
Angola,Floods,Africa,2026,Hydrological (Climate),Climate-Driven
Zambia,Cholera Outbreak,Africa,2026,Biological (Non-Climate),Non-Climate
Cameroon,Fires,Africa,2026,Technological (Non-Climate),Non-Climate
Somalia,Dengue Outbreak,Africa,2026,Biological (Non-Climate),Non-Climate
Rwanda,Flash Floods,Africa,2026,Hydrological (Climate),Climate-Driven
Algeria,Floods,Africa,2026,Hydrological (Climate),Climate-Driven
Argentina,Landslides,South America,2026,Hydrological (Climate),Climate-Driven
South Africa,Floods,Africa,2026,Hydrological (Climate),Climate-Driven
North Macedonia,Floods,Europe,2026,Hydrological (Climate),Climate-Driven
Malawi,Floods,Africa,2026,Hydrological (Climate),Climate-Driven
Serbia,Cold Wave,Europe,2026,Meteorological (Climate),Climate-Driven
Guatemala,Measles Outbreak,North America,2026,Biological (Non-Climate),Non-Climate
Ecuador,Floods,South America,2026,Hydrological (Climate),Climate-Driven
Zimbabwe,Floods,Africa,2026,Hydrological (Climate),Climate-Driven
Mozambique,Floods,Africa,2025,Hydrological (Climate),Climate-Driven
Chile,Wild Fires,South America,2025,Climatological (Climate),Climate-Driven
Gabon,Windstorms,Africa,2025,Meteorological (Climate),Climate-Driven
Morocco,Floods,Africa,2025,Hydrological (Climate),Climate-Driven
Bolivia,Floods,South America,2025,Hydrological (Climate),Climate-Driven
Congo,Floods,Africa,2025,Hydrological (Climate),Climate-Driven
Cuba,Arboviral Outbreak,North America,2025,Biological (Non-Climate),Non-Climate
Egypt,Floods,Africa,2025,Hydrological (Climate),Climate-Driven
Cabo Verde,Flash Floods,Africa,2025,Hydrological (Climate),Climate-Driven
South Sudan,Floods,Africa,2025,Hydrological (Climate),Climate-Driven
Sudan,Floods,Africa,2025,Hydrological (Climate),Climate-Driven
Honduras,Floods,North America,2025,Hydrological (Climate),Climate-Driven
Panama,River Pollution,North America,2025,Technological (Non-Climate),Non-Climate
Côte d'Ivoire,Cholera Outbreak,Africa,2025,Biological (Non-Climate),Non-Climate
Ghana,Cholera Outbreak,Africa,2024,Biological (Non-Climate),Non-Climate
Namibia,Drought,Africa,2024,Climatological (Climate),Climate-Driven
Niger,Diphtheria Outbreak,Africa,2023,Biological (Non-Climate),Non-Climate
Nigeria,Lassa Fever Outbreak,Africa,2023,Biological (Non-Climate),Non-Climate
Burundi,Cholera Outbreak,Africa,2023,Biological (Non-Climate),Non-Climate
Russian Federation,Floods,Europe,2002,Hydrological (Climate),Climate-Driven
Iran,Earthquake,Asia,2002,Geophysical (Non-Climate),Non-Climate
Yugoslavia,Floods,Europe,2002,Hydrological (Climate),Climate-Driven
Honduras,Rains,North America,2002,Meteorological (Climate),Climate-Driven
Ghana,Floods,Africa,2002,Hydrological (Climate),Climate-Driven
China,Floods,Asia,2002,Hydrological (Climate),Climate-Driven
Syria,Collapse of Dam/Floods,Asia,2002,Technological (Non-Climate),Non-Climate
Colombia,Rains,South America,2002,Meteorological (Climate),Climate-Driven
Haiti,Floods,North America,2002,Hydrological (Climate),Climate-Driven
Nicaragua,Rains,North America,2002,Meteorological (Climate),Climate-Driven
Jamaica,Floods,North America,2002,Hydrological (Climate),Climate-Driven
Chile,Floods,South America,2002,Hydrological (Climate),Climate-Driven
Paraguay,Floods,South America,2002,Hydrological (Climate),Climate-Driven
Costa Rica,Floods,North America,2002,Hydrological (Climate),Climate-Driven
Kenya,Floods,Africa,2002,Hydrological (Climate),Climate-Driven
Madagascar,Tropical Cyclone Kesiny,Africa,2002,Meteorological (Climate),Climate-Driven
Bangladesh,Tropical Storms,Asia,2002,Meteorological (Climate),Climate-Driven
Georgia,Earthquake,Asia,2002,Geophysical (Non-Climate),Non-Climate
Afghanistan,Floods,Asia,2002,Hydrological (Climate),Climate-Driven
Indonesia,Earthquake,Asia,2026,Geophysical (Non-Climate),Non-Climate
Colombia,Earthquake,South America,2026,Geophysical (Non-Climate),Non-Climate
Myanmar,Floods,Asia,2026,Hydrological (Climate),Climate-Driven
Afghanistan,Flash Floods,Asia,2026,Hydrological (Climate),Climate-Driven
India,Flash Floods,Asia,2026,Hydrological (Climate),Climate-Driven
Kyrgyzstan,Flash Floods,Asia,2026,Hydrological (Climate),Climate-Driven
Tajikistan,Floods,Asia,2026,Hydrological (Climate),Climate-Driven
Bangladesh,Flash Floods,Asia,2026,Hydrological (Climate),Climate-Driven
Georgia,Floods,Asia,2026,Hydrological (Climate),Climate-Driven
Central African Republic,Cholera Outbreak,Africa,2026,Biological (Non-Climate),Non-Climate
Venezuela,Earthquakes,South America,2026,Geophysical (Non-Climate),Non-Climate
Chad,Cholera Outbreak,Africa,2026,Biological (Non-Climate),Non-Climate
Philippines,Earthquake and Tsunami,Asia,2026,Geophysical (Non-Climate),Non-Climate
Armenia,Hailstorm,Asia,2026,Meteorological (Climate),Climate-Driven
Syria,Floods,Asia,2026,Hydrological (Climate),Climate-Driven
Central/Eastern Africa,Ebola Outbreak,Africa,2026,Biological (Non-Climate),Non-Climate
Sri Lanka,Dengue Outbreak,Asia,2026,Biological (Non-Climate),Non-Climate
Dominican Republic,Floods,North America,2026,Hydrological (Climate),Climate-Driven
Yemen,Floods,Asia,2026,Hydrological (Climate),Climate-Driven
Tanzania,Floods and Landslides,Africa,2026,Hydrological (Climate),Climate-Driven
Liberia,Windstorms,Africa,2026,Meteorological (Climate),Climate-Driven
Botswana,Floods,Africa,2026,Hydrological (Climate),Climate-Driven
Ethiopia,Floods and Landslides,Africa,2026,Hydrological (Climate),Climate-Driven
Kenya,Floods,Africa,2026,Hydrological (Climate),Climate-Driven
Suriname,Chikungunya Virus Outbreak,South America,2026,Biological (Non-Climate),Non-Climate
Brazil,Floods,South America,2026,Hydrological (Climate),Climate-Driven
Peru,Floods and Landslides,South America,2026,Hydrological (Climate),Climate-Driven
Angola,Floods,Africa,2026,Hydrological (Climate),Climate-Driven
Zambia,Cholera Outbreak,Africa,2026,Biological (Non-Climate),Non-Climate
Cameroon,Fires,Africa,2026,Technological (Non-Climate),Non-Climate
Somalia,Dengue Outbreak,Africa,2026,Biological (Non-Climate),Non-Climate
Rwanda,Flash Floods,Africa,2026,Hydrological (Climate),Climate-Driven
Algeria,Floods,Africa,2026,Hydrological (Climate),Climate-Driven
Argentina,Landslides,South America,2026,Hydrological (Climate),Climate-Driven
South Africa,Floods,Africa,2026,Hydrological (Climate),Climate-Driven
North Macedonia,Floods,Europe,2026,Hydrological (Climate),Climate-Driven
Malawi,Floods,Africa,2026,Hydrological (Climate),Climate-Driven
Serbia,Cold Wave,Europe,2026,Meteorological (Climate),Climate-Driven
Guatemala,Measles Outbreak,North America,2026,Biological (Non-Climate),Non-Climate
Ecuador,Floods,South America,2026,Hydrological (Climate),Climate-Driven
Zimbabwe,Floods,Africa,2026,Hydrological (Climate),Climate-Driven
Mozambique,Floods,Africa,2025,Hydrological (Climate),Climate-Driven
Chile,Wild Fires,South America,2025,Climatological (Climate),Climate-Driven
Gabon,Windstorms,Africa,2025,Meteorological (Climate),Climate-Driven
Morocco,Floods,Africa,2025,Hydrological (Climate),Climate-Driven
Bolivia,Floods,South America,2025,Hydrological (Climate),Climate-Driven
Congo,Floods,Africa,2025,Hydrological (Climate),Climate-Driven
Cuba,Arboviral Outbreak,North America,2025,Biological (Non-Climate),Non-Climate
Egypt,Floods,Africa,2025,Hydrological (Climate),Climate-Driven
Cabo Verde,Flash Floods,Africa,2025,Hydrological (Climate),Climate-Driven
South Sudan,Floods,Africa,2025,Hydrological (Climate),Climate-Driven
Sudan,Floods,Africa,2025,Hydrological (Climate),Climate-Driven
Honduras,Floods,North America,2025,Hydrological (Climate),Climate-Driven
Panama,River Pollution,North America,2025,Technological (Non-Climate),Non-Climate
Côte d'Ivoire,Cholera Outbreak,Africa,2025,Biological (Non-Climate),Non-Climate
Ghana,Cholera Outbreak,Africa,2024,Biological (Non-Climate),Non-Climate
Namibia,Drought,Africa,2024,Climatological (Climate),Climate-Driven
Niger,Diphtheria Outbreak,Africa,2023,Biological (Non-Climate),Non-Climate
Nigeria,Lassa Fever Outbreak,Africa,2023,Biological (Non-Climate),Non-Climate
Burundi,Cholera Outbreak,Africa,2023,Biological (Non-Climate),Non-Climate
Ethiopia,Floods,Africa,2002,Hydrological (Climate),Climate-Driven
Papua New Guinea,Landslide,Oceania,2002,Hydrological (Climate),Climate-Driven
Taiwan (China),Earthquake,Asia,2002,Geophysical (Non-Climate),Non-Climate
Viet Nam,Forest Fire,Asia,2002,Climatological (Climate),Climate-Driven
Madagascar,Tropical Cyclone Hary,Africa,2002,Meteorological (Climate),Climate-Driven
Ecuador,Floods,South America,2002,Hydrological (Climate),Climate-Driven
Micronesia,Typhoon Mitag,Oceania,2002,Meteorological (Climate),Climate-Driven
Djibouti,Toxic Pollution,Africa,2002,Technological (Non-Climate),Non-Climate
Philippines,Earthquake,Asia,2002,Geophysical (Non-Climate),Non-Climate
Afghanistan,Earthquakes,Asia,2002,Geophysical (Non-Climate),Non-Climate
Bolivia,Floods,South America,2002,Hydrological (Climate),Climate-Driven
Iran,Earthquake,Asia,2002,Geophysical (Non-Climate),Non-Climate
Guatemala,Volcano de Fuego,North America,2002,Geophysical (Non-Climate),Non-Climate
Mexico,Volcano de Colima,North America,2002,Geophysical (Non-Climate),Non-Climate
Turkey,Earthquake,Asia,2002,Geophysical (Non-Climate),Non-Climate
Peru,Floods,South America,2002,Hydrological (Climate),Climate-Driven
Indonesia,Floods,Asia,2002,Hydrological (Climate),Climate-Driven
Nigeria,Ammunition Dump Explosion,Africa,2002,Technological (Non-Climate),Non-Climate
Senegal,Floods,Africa,2002,Hydrological (Climate),Climate-Driven
Mauritius,Tropical Cyclone Dina,Africa,2002,Meteorological (Climate),Climate-Driven
Indonesia,Earthquake,Asia,2026,Geophysical (Non-Climate),Non-Climate
Colombia,Earthquake,South America,2026,Geophysical (Non-Climate),Non-Climate
Myanmar,Floods,Asia,2026,Hydrological (Climate),Climate-Driven
Afghanistan,Flash Floods,Asia,2026,Hydrological (Climate),Climate-Driven
India,Flash Floods,Asia,2026,Hydrological (Climate),Climate-Driven
Kyrgyzstan,Flash Floods,Asia,2026,Hydrological (Climate),Climate-Driven
Tajikistan,Floods,Asia,2026,Hydrological (Climate),Climate-Driven
Bangladesh,Flash Floods,Asia,2026,Hydrological (Climate),Climate-Driven
Georgia,Floods,Asia,2026,Hydrological (Climate),Climate-Driven
Central African Republic,Cholera Outbreak,Africa,2026,Biological (Non-Climate),Non-Climate
Venezuela,Earthquakes,South America,2026,Geophysical (Non-Climate),Non-Climate
Chad,Cholera Outbreak,Africa,2026,Biological (Non-Climate),Non-Climate
Philippines,Earthquake and Tsunami,Asia,2026,Geophysical (Non-Climate),Non-Climate
Armenia,Hailstorm,Asia,2026,Meteorological (Climate),Climate-Driven
Syria,Floods,Asia,2026,Hydrological (Climate),Climate-Driven
Central/Eastern Africa,Ebola Outbreak,Africa,2026,Biological (Non-Climate),Non-Climate
Sri Lanka,Dengue Outbreak,Asia,2026,Biological (Non-Climate),Non-Climate
Dominican Republic,Floods,North America,2026,Hydrological (Climate),Climate-Driven
Yemen,Floods,Asia,2026,Hydrological (Climate),Climate-Driven
Tanzania,Floods and Landslides,Africa,2026,Hydrological (Climate),Climate-Driven
Liberia,Windstorms,Africa,2026,Meteorological (Climate),Climate-Driven
Botswana,Floods,Africa,2026,Hydrological (Climate),Climate-Driven
Ethiopia,Floods and Landslides,Africa,2026,Hydrological (Climate),Climate-Driven
Kenya,Floods,Africa,2026,Hydrological (Climate),Climate-Driven
Suriname,Chikungunya Virus Outbreak,South America,2026,Biological (Non-Climate),Non-Climate
Brazil,Floods,South America,2026,Hydrological (Climate),Climate-Driven
Peru,Floods and Landslides,South America,2026,Hydrological (Climate),Climate-Driven
Angola,Floods,Africa,2026,Hydrological (Climate),Climate-Driven
Zambia,Cholera Outbreak,Africa,2026,Biological (Non-Climate),Non-Climate
Cameroon,Fires,Africa,2026,Technological (Non-Climate),Non-Climate
Somalia,Dengue Outbreak,Africa,2026,Biological (Non-Climate),Non-Climate
Rwanda,Flash Floods,Africa,2026,Hydrological (Climate),Climate-Driven
Algeria,Floods,Africa,2026,Hydrological (Climate),Climate-Driven
Argentina,Landslides,South America,2026,Hydrological (Climate),Climate-Driven
South Africa,Floods,Africa,2026,Hydrological (Climate),Climate-Driven
North Macedonia,Floods,Europe,2026,Hydrological (Climate),Climate-Driven
Malawi,Floods,Africa,2026,Hydrological (Climate),Climate-Driven
Serbia,Cold Wave,Europe,2026,Meteorological (Climate),Climate-Driven
Guatemala,Measles Outbreak,North America,2026,Biological (Non-Climate),Non-Climate
Ecuador,Floods,South America,2026,Hydrological (Climate),Climate-Driven
Zimbabwe,Floods,Africa,2026,Hydrological (Climate),Climate-Driven
Mozambique,Floods,Africa,2025,Hydrological (Climate),Climate-Driven
Chile,Wild Fires,South America,2025,Climatological (Climate),Climate-Driven
Gabon,Windstorms,Africa,2025,Meteorological (Climate),Climate-Driven
Morocco,Floods,Africa,2025,Hydrological (Climate),Climate-Driven
Bolivia,Floods,South America,2025,Hydrological (Climate),Climate-Driven
Congo,Floods,Africa,2025,Hydrological (Climate),Climate-Driven
Cuba,Arboviral Outbreak,North America,2025,Biological (Non-Climate),Non-Climate
Egypt,Floods,Africa,2025,Hydrological (Climate),Climate-Driven
Cabo Verde,Flash Floods,Africa,2025,Hydrological (Climate),Climate-Driven
South Sudan,Floods,Africa,2025,Hydrological (Climate),Climate-Driven
Sudan,Floods,Africa,2025,Hydrological (Climate),Climate-Driven
Honduras,Floods,North America,2025,Hydrological (Climate),Climate-Driven
Panama,River Pollution,North America,2025,Technological (Non-Climate),Non-Climate
Côte d'Ivoire,Cholera Outbreak,Africa,2025,Biological (Non-Climate),Non-Climate
Ghana,Cholera Outbreak,Africa,2024,Biological (Non-Climate),Non-Climate
Namibia,Drought,Africa,2024,Climatological (Climate),Climate-Driven
Niger,Diphtheria Outbreak,Africa,2023,Biological (Non-Climate),Non-Climate
Nigeria,Lassa Fever Outbreak,Africa,2023,Biological (Non-Climate),Non-Climate
Burundi,Cholera Outbreak,Africa,2023,Biological (Non-Climate),Non-Climate
DR Congo,Volcano Nyiragongo,Africa,2002,Geophysical (Non-Climate),Non-Climate
Iran,Flash Floods,Asia,2002,Hydrological (Climate),Climate-Driven
Tajikistan,Earthquake,Asia,2002,Geophysical (Non-Climate),Non-Climate
Madagascar,Tropical Storm Cyprien,Africa,2002,Meteorological (Climate),Climate-Driven
Vanuatu,Earthquake,Oceania,2002,Geophysical (Non-Climate),Non-Climate
Tonga,Tropical Cyclone Waka,Oceania,2001,Meteorological (Climate),Climate-Driven
Brazil,Floods,South America,2001,Hydrological (Climate),Climate-Driven
Cook Islands,Tropical Cyclone Trina,Oceania,2001,Meteorological (Climate),Climate-Driven
Algeria,Floods,Africa,2001,Hydrological (Climate),Climate-Driven
Caribbean,Hurricane Michelle,North America,2001,Meteorological (Climate),Climate-Driven
DPR Korea,Floods,Asia,2001,Hydrological (Climate),Climate-Driven
Caribbean,Hurricane Iris,North America,2001,Meteorological (Climate),Climate-Driven
Caribbean,Tropical Storm Jerry,North America,2001,Meteorological (Climate),Climate-Driven
Mexico,Tropical Storm Lorena,North America,2001,Meteorological (Climate),Climate-Driven
Viet Nam,Floods,Asia,2001,Hydrological (Climate),Climate-Driven
Mexico,Hurricane Juliette,North America,2001,Meteorological (Climate),Climate-Driven
Mali,Floods,Africa,2001,Hydrological (Climate),Climate-Driven
Guinea,Floods,Africa,2001,Hydrological (Climate),Climate-Driven
Chad,Floods,Africa,2001,Hydrological (Climate),Climate-Driven
Indonesia,Earthquake,Asia,2026,Geophysical (Non-Climate),Non-Climate
Colombia,Earthquake,South America,2026,Geophysical (Non-Climate),Non-Climate
Myanmar,Floods,Asia,2026,Hydrological (Climate),Climate-Driven
Afghanistan,Flash Floods,Asia,2026,Hydrological (Climate),Climate-Driven
India,Flash Floods,Asia,2026,Hydrological (Climate),Climate-Driven
Kyrgyzstan,Flash Floods,Asia,2026,Hydrological (Climate),Climate-Driven
Tajikistan,Floods,Asia,2026,Hydrological (Climate),Climate-Driven
Bangladesh,Flash Floods,Asia,2026,Hydrological (Climate),Climate-Driven
Georgia,Floods,Asia,2026,Hydrological (Climate),Climate-Driven
Central African Republic,Cholera Outbreak,Africa,2026,Biological (Non-Climate),Non-Climate
Venezuela,Earthquakes,South America,2026,Geophysical (Non-Climate),Non-Climate
Chad,Cholera Outbreak,Africa,2026,Biological (Non-Climate),Non-Climate
Philippines,Earthquake and Tsunami,Asia,2026,Geophysical (Non-Climate),Non-Climate
Armenia,Hailstorm,Asia,2026,Meteorological (Climate),Climate-Driven
Syria,Floods,Asia,2026,Hydrological (Climate),Climate-Driven
Central/Eastern Africa,Ebola Outbreak,Africa,2026,Biological (Non-Climate),Non-Climate
Sri Lanka,Dengue Outbreak,Asia,2026,Biological (Non-Climate),Non-Climate
Dominican Republic,Floods,North America,2026,Hydrological (Climate),Climate-Driven
Yemen,Floods,Asia,2026,Hydrological (Climate),Climate-Driven
Tanzania,Floods and Landslides,Africa,2026,Hydrological (Climate),Climate-Driven
Liberia,Windstorms,Africa,2026,Meteorological (Climate),Climate-Driven
Botswana,Floods,Africa,2026,Hydrological (Climate),Climate-Driven
Ethiopia,Floods and Landslides,Africa,2026,Hydrological (Climate),Climate-Driven
Kenya,Floods,Africa,2026,Hydrological (Climate),Climate-Driven
Suriname,Chikungunya Virus Outbreak,South America,2026,Biological (Non-Climate),Non-Climate
Brazil,Floods,South America,2026,Hydrological (Climate),Climate-Driven
Peru,Floods and Landslides,South America,2026,Hydrological (Climate),Climate-Driven
Angola,Floods,Africa,2026,Hydrological (Climate),Climate-Driven
Zambia,Cholera Outbreak,Africa,2026,Biological (Non-Climate),Non-Climate
Cameroon,Fires,Africa,2026,Technological (Non-Climate),Non-Climate
Somalia,Dengue Outbreak,Africa,2026,Biological (Non-Climate),Non-Climate
Rwanda,Flash Floods,Africa,2026,Hydrological (Climate),Climate-Driven
Algeria,Floods,Africa,2026,Hydrological (Climate),Climate-Driven
Argentina,Landslides,South America,2026,Hydrological (Climate),Climate-Driven
South Africa,Floods,Africa,2026,Hydrological (Climate),Climate-Driven
North Macedonia,Floods,Europe,2026,Hydrological (Climate),Climate-Driven
Malawi,Floods,Africa,2026,Hydrological (Climate),Climate-Driven
Serbia,Cold Wave,Europe,2026,Meteorological (Climate),Climate-Driven
Guatemala,Measles Outbreak,North America,2026,Biological (Non-Climate),Non-Climate
Ecuador,Floods,South America,2026,Hydrological (Climate),Climate-Driven
Zimbabwe,Floods,Africa,2026,Hydrological (Climate),Climate-Driven
Mozambique,Floods,Africa,2025,Hydrological (Climate),Climate-Driven
Chile,Wild Fires,South America,2025,Climatological (Climate),Climate-Driven
Gabon,Windstorms,Africa,2025,Meteorological (Climate),Climate-Driven
Morocco,Floods,Africa,2025,Hydrological (Climate),Climate-Driven
Bolivia,Floods,South America,2025,Hydrological (Climate),Climate-Driven
Congo,Floods,Africa,2025,Hydrological (Climate),Climate-Driven
Cuba,Arboviral Outbreak,North America,2025,Biological (Non-Climate),Non-Climate
Egypt,Floods,Africa,2025,Hydrological (Climate),Climate-Driven
Cabo Verde,Flash Floods,Africa,2025,Hydrological (Climate),Climate-Driven
South Sudan,Floods,Africa,2025,Hydrological (Climate),Climate-Driven
Sudan,Floods,Africa,2025,Hydrological (Climate),Climate-Driven
Honduras,Floods,North America,2025,Hydrological (Climate),Climate-Driven
Panama,River Pollution,North America,2025,Technological (Non-Climate),Non-Climate
Côte d'Ivoire,Cholera Outbreak,Africa,2025,Biological (Non-Climate),Non-Climate
Ghana,Cholera Outbreak,Africa,2024,Biological (Non-Climate),Non-Climate
Namibia,Drought,Africa,2024,Climatological (Climate),Climate-Driven
Niger,Diphtheria Outbreak,Africa,2023,Biological (Non-Climate),Non-Climate
Nigeria,Lassa Fever Outbreak,Africa,2023,Biological (Non-Climate),Non-Climate
Burundi,Cholera Outbreak,Africa,2023,Biological (Non-Climate),Non-Climate
Sri Lanka,Drought,Asia,2001,Climatological (Climate),Climate-Driven
Cambodia,Floods,Asia,2001,Hydrological (Climate),Climate-Driven
Ecuador,Volcano Tungurahua,South America,2001,Geophysical (Non-Climate),Non-Climate
Caribbean,Tropical Storm Chantal,North America,2001,Meteorological (Climate),Climate-Driven
Thailand,Floods,Asia,2001,Hydrological (Climate),Climate-Driven
Iran,Floods,Asia,2001,Hydrological (Climate),Climate-Driven
Sudan,Floods,Africa,2001,Hydrological (Climate),Climate-Driven
Indonesia,Floods and Landslides,Asia,2001,Hydrological (Climate),Climate-Driven
Poland,Floods,Europe,2001,Hydrological (Climate),Climate-Driven
Pakistan,Floods,Asia,2001,Hydrological (Climate),Climate-Driven
Central America,Drought,North America,2001,Climatological (Climate),Climate-Driven
Iran,Floods,Asia,2001,Hydrological (Climate),Climate-Driven
Rep. of Korea,Floods,Asia,2001,Hydrological (Climate),Climate-Driven
India,Floods,Asia,2001,Hydrological (Climate),Climate-Driven
Iran,Drought,Asia,2001,Climatological (Climate),Climate-Driven
China,Typhoon Durian,Asia,2001,Meteorological (Climate),Climate-Driven
Ghana,Floods,Africa,2001,Hydrological (Climate),Climate-Driven
China,Typhoon Chebi,Asia,2001,Meteorological (Climate),Climate-Driven
East Timor,Floods,Asia,2001,Hydrological (Climate),Climate-Driven
Indonesia,Earthquake,Asia,2026,Geophysical (Non-Climate),Non-Climate
Colombia,Earthquake,South America,2026,Geophysical (Non-Climate),Non-Climate
Myanmar,Floods,Asia,2026,Hydrological (Climate),Climate-Driven
Afghanistan,Flash Floods,Asia,2026,Hydrological (Climate),Climate-Driven
India,Flash Floods,Asia,2026,Hydrological (Climate),Climate-Driven
Kyrgyzstan,Flash Floods,Asia,2026,Hydrological (Climate),Climate-Driven
Tajikistan,Floods,Asia,2026,Hydrological (Climate),Climate-Driven
Bangladesh,Flash Floods,Asia,2026,Hydrological (Climate),Climate-Driven
Georgia,Floods,Asia,2026,Hydrological (Climate),Climate-Driven
Central African Republic,Cholera Outbreak,Africa,2026,Biological (Non-Climate),Non-Climate
Venezuela,Earthquakes,South America,2026,Geophysical (Non-Climate),Non-Climate
Chad,Cholera Outbreak,Africa,2026,Biological (Non-Climate),Non-Climate
Philippines,Earthquake and Tsunami,Asia,2026,Geophysical (Non-Climate),Non-Climate
Armenia,Hailstorm,Asia,2026,Meteorological (Climate),Climate-Driven
Syria,Floods,Asia,2026,Hydrological (Climate),Climate-Driven
Central/Eastern Africa,Ebola Outbreak,Africa,2026,Biological (Non-Climate),Non-Climate
Sri Lanka,Dengue Outbreak,Asia,2026,Biological (Non-Climate),Non-Climate
Dominican Republic,Floods,North America,2026,Hydrological (Climate),Climate-Driven
Yemen,Floods,Asia,2026,Hydrological (Climate),Climate-Driven
Tanzania,Floods and Landslides,Africa,2026,Hydrological (Climate),Climate-Driven
Liberia,Windstorms,Africa,2026,Meteorological (Climate),Climate-Driven
Botswana,Floods,Africa,2026,Hydrological (Climate),Climate-Driven
Ethiopia,Floods and Landslides,Africa,2026,Hydrological (Climate),Climate-Driven
Kenya,Floods,Africa,2026,Hydrological (Climate),Climate-Driven
Suriname,Chikungunya Virus Outbreak,South America,2026,Biological (Non-Climate),Non-Climate
Brazil,Floods,South America,2026,Hydrological (Climate),Climate-Driven
Peru,Floods and Landslides,South America,2026,Hydrological (Climate),Climate-Driven
Angola,Floods,Africa,2026,Hydrological (Climate),Climate-Driven
Zambia,Cholera Outbreak,Africa,2026,Biological (Non-Climate),Non-Climate
Cameroon,Fires,Africa,2026,Technological (Non-Climate),Non-Climate
Somalia,Dengue Outbreak,Africa,2026,Biological (Non-Climate),Non-Climate
Rwanda,Flash Floods,Africa,2026,Hydrological (Climate),Climate-Driven
Algeria,Floods,Africa,2026,Hydrological (Climate),Climate-Driven
Argentina,Landslides,South America,2026,Hydrological (Climate),Climate-Driven
South Africa,Floods,Africa,2026,Hydrological (Climate),Climate-Driven
North Macedonia,Floods,Europe,2026,Hydrological (Climate),Climate-Driven
Malawi,Floods,Africa,2026,Hydrological (Climate),Climate-Driven
Serbia,Cold Wave,Europe,2026,Meteorological (Climate),Climate-Driven
Guatemala,Measles Outbreak,North America,2026,Biological (Non-Climate),Non-Climate
Ecuador,Floods,South America,2026,Hydrological (Climate),Climate-Driven
Zimbabwe,Floods,Africa,2026,Hydrological (Climate),Climate-Driven
Mozambique,Floods,Africa,2025,Hydrological (Climate),Climate-Driven
Chile,Wild Fires,South America,2025,Climatological (Climate),Climate-Driven
Gabon,Windstorms,Africa,2025,Meteorological (Climate),Climate-Driven
Morocco,Floods,Africa,2025,Hydrological (Climate),Climate-Driven
Bolivia,Floods,South America,2025,Hydrological (Climate),Climate-Driven
Congo,Floods,Africa,2025,Hydrological (Climate),Climate-Driven
Cuba,Arboviral Outbreak,North America,2025,Biological (Non-Climate),Non-Climate
Egypt,Floods,Africa,2025,Hydrological (Climate),Climate-Driven
Cabo Verde,Flash Floods,Africa,2025,Hydrological (Climate),Climate-Driven
South Sudan,Floods,Africa,2025,Hydrological (Climate),Climate-Driven
Sudan,Floods,Africa,2025,Hydrological (Climate),Climate-Driven
Honduras,Floods,North America,2025,Hydrological (Climate),Climate-Driven
Panama,River Pollution,North America,2025,Technological (Non-Climate),Non-Climate
Côte d'Ivoire,Cholera Outbreak,Africa,2025,Biological (Non-Climate),Non-Climate
Ghana,Cholera Outbreak,Africa,2024,Biological (Non-Climate),Non-Climate
Namibia,Drought,Africa,2024,Climatological (Climate),Climate-Driven
Niger,Diphtheria Outbreak,Africa,2023,Biological (Non-Climate),Non-Climate
Nigeria,Lassa Fever Outbreak,Africa,2023,Biological (Non-Climate),Non-Climate
Burundi,Cholera Outbreak,Africa,2023,Biological (Non-Climate),Non-Climate
Philippines,Mayon Volcano,Asia,2001,Geophysical (Non-Climate),Non-Climate
Peru,Earthquake,South America,2001,Geophysical (Non-Climate),Non-Climate
Ecuador,Floods and Landslides,South America,2001,Hydrological (Climate),Climate-Driven
Tajikistan,Drought,Asia,2001,Climatological (Climate),Climate-Driven
Uzbekistan,Drought,Asia,2001,Climatological (Climate),Climate-Driven
Vanuatu,Lopevi Volcanic Eruption,Oceania,2001,Geophysical (Non-Climate),Non-Climate
Uruguay,Floods,South America,2001,Hydrological (Climate),Climate-Driven
Pakistan,Drought,Asia,2001,Climatological (Climate),Climate-Driven
India,Cyclone,Asia,2001,Meteorological (Climate),Climate-Driven
Russian Federation,Floods,Europe,2001,Hydrological (Climate),Climate-Driven
Iran,Floods,Asia,2001,Hydrological (Climate),Climate-Driven
Samoa,Floods,Oceania,2001,Hydrological (Climate),Climate-Driven
Angola,Floods,Africa,2001,Hydrological (Climate),Climate-Driven
Vanuatu,Tropical Cyclone Sose,Oceania,2001,Meteorological (Climate),Climate-Driven
Zambia,Floods and Drought,Africa,2001,Hydrological (Climate),Climate-Driven
Brazil,Oil Platform Accident,South America,2001,Technological (Non-Climate),Non-Climate
Peru,Floods,South America,2001,Hydrological (Climate),Climate-Driven
Romania,Floods,Europe,2001,Hydrological (Climate),Climate-Driven
Hungary,Floods,Europe,2001,Hydrological (Climate),Climate-Driven
Ukraine,Floods,Europe,2001,Hydrological (Climate),Climate-Driven
Indonesia,Earthquake,Asia,2026,Geophysical (Non-Climate),Non-Climate
Colombia,Earthquake,South America,2026,Geophysical (Non-Climate),Non-Climate
Myanmar,Floods,Asia,2026,Hydrological (Climate),Climate-Driven
Afghanistan,Flash Floods,Asia,2026,Hydrological (Climate),Climate-Driven
India,Flash Floods,Asia,2026,Hydrological (Climate),Climate-Driven
Kyrgyzstan,Flash Floods,Asia,2026,Hydrological (Climate),Climate-Driven
Tajikistan,Floods,Asia,2026,Hydrological (Climate),Climate-Driven
Bangladesh,Flash Floods,Asia,2026,Hydrological (Climate),Climate-Driven
Georgia,Floods,Asia,2026,Hydrological (Climate),Climate-Driven
Central African Republic,Cholera Outbreak,Africa,2026,Biological (Non-Climate),Non-Climate
Venezuela,Earthquakes,South America,2026,Geophysical (Non-Climate),Non-Climate
Chad,Cholera Outbreak,Africa,2026,Biological (Non-Climate),Non-Climate
Philippines,Earthquake and Tsunami,Asia,2026,Geophysical (Non-Climate),Non-Climate
Armenia,Hailstorm,Asia,2026,Meteorological (Climate),Climate-Driven
Syria,Floods,Asia,2026,Hydrological (Climate),Climate-Driven
Central/Eastern Africa,Ebola Outbreak,Africa,2026,Biological (Non-Climate),Non-Climate
Sri Lanka,Dengue Outbreak,Asia,2026,Biological (Non-Climate),Non-Climate
Dominican Republic,Floods,North America,2026,Hydrological (Climate),Climate-Driven
Yemen,Floods,Asia,2026,Hydrological (Climate),Climate-Driven
Tanzania,Floods and Landslides,Africa,2026,Hydrological (Climate),Climate-Driven
Liberia,Windstorms,Africa,2026,Meteorological (Climate),Climate-Driven
Botswana,Floods,Africa,2026,Hydrological (Climate),Climate-Driven
Ethiopia,Floods and Landslides,Africa,2026,Hydrological (Climate),Climate-Driven
Kenya,Floods,Africa,2026,Hydrological (Climate),Climate-Driven
Suriname,Chikungunya Virus Outbreak,South America,2026,Biological (Non-Climate),Non-Climate
Brazil,Floods,South America,2026,Hydrological (Climate),Climate-Driven
Peru,Floods and Landslides,South America,2026,Hydrological (Climate),Climate-Driven
Angola,Floods,Africa,2026,Hydrological (Climate),Climate-Driven
Zambia,Cholera Outbreak,Africa,2026,Biological (Non-Climate),Non-Climate
Cameroon,Fires,Africa,2026,Technological (Non-Climate),Non-Climate
Somalia,Dengue Outbreak,Africa,2026,Biological (Non-Climate),Non-Climate
Rwanda,Flash Floods,Africa,2026,Hydrological (Climate),Climate-Driven
Algeria,Floods,Africa,2026,Hydrological (Climate),Climate-Driven
Argentina,Landslides,South America,2026,Hydrological (Climate),Climate-Driven
South Africa,Floods,Africa,2026,Hydrological (Climate),Climate-Driven
North Macedonia,Floods,Europe,2026,Hydrological (Climate),Climate-Driven
Malawi,Floods,Africa,2026,Hydrological (Climate),Climate-Driven
Serbia,Cold Wave,Europe,2026,Meteorological (Climate),Climate-Driven
Guatemala,Measles Outbreak,North America,2026,Biological (Non-Climate),Non-Climate
Ecuador,Floods,South America,2026,Hydrological (Climate),Climate-Driven
Zimbabwe,Floods,Africa,2026,Hydrological (Climate),Climate-Driven
Mozambique,Floods,Africa,2025,Hydrological (Climate),Climate-Driven
Chile,Wild Fires,South America,2025,Climatological (Climate),Climate-Driven
Gabon,Windstorms,Africa,2025,Meteorological (Climate),Climate-Driven
Morocco,Floods,Africa,2025,Hydrological (Climate),Climate-Driven
Bolivia,Floods,South America,2025,Hydrological (Climate),Climate-Driven
Congo,Floods,Africa,2025,Hydrological (Climate),Climate-Driven
Cuba,Arboviral Outbreak,North America,2025,Biological (Non-Climate),Non-Climate
Egypt,Floods,Africa,2025,Hydrological (Climate),Climate-Driven
Cabo Verde,Flash Floods,Africa,2025,Hydrological (Climate),Climate-Driven
South Sudan,Floods,Africa,2025,Hydrological (Climate),Climate-Driven
Sudan,Floods,Africa,2025,Hydrological (Climate),Climate-Driven
Honduras,Floods,North America,2025,Hydrological (Climate),Climate-Driven
Panama,River Pollution,North America,2025,Technological (Non-Climate),Non-Climate
Côte d'Ivoire,Cholera Outbreak,Africa,2025,Biological (Non-Climate),Non-Climate
Ghana,Cholera Outbreak,Africa,2024,Biological (Non-Climate),Non-Climate
Namibia,Drought,Africa,2024,Climatological (Climate),Climate-Driven
Niger,Diphtheria Outbreak,Africa,2023,Biological (Non-Climate),Non-Climate
Nigeria,Lassa Fever Outbreak,Africa,2023,Biological (Non-Climate),Non-Climate
Burundi,Cholera Outbreak,Africa,2023,Biological (Non-Climate),Non-Climate
Zimbabwe,Floods,Africa,2001,Hydrological (Climate),Climate-Driven
DR Congo,Volcanic Activity Nyamulagira,Africa,2001,Geophysical (Non-Climate),Non-Climate
Afghanistan,Earthquake,Asia,2001,Geophysical (Non-Climate),Non-Climate
Malawi,Floods,Africa,2001,Hydrological (Climate),Climate-Driven
Indonesia,Earthquake,Asia,2001,Geophysical (Non-Climate),Non-Climate
El Salvador,Earthquake,North America,2001,Geophysical (Non-Climate),Non-Climate
Afghanistan,Cold Wave,Asia,2001,Meteorological (Climate),Climate-Driven
Mozambique,Floods,Africa,2001,Hydrological (Climate),Climate-Driven
Pakistan,Earthquake,Asia,2001,Geophysical (Non-Climate),Non-Climate
India,Earthquake,Asia,2001,Geophysical (Non-Climate),Non-Climate
Bolivia,Floods,South America,2001,Hydrological (Climate),Climate-Driven
Ecuador,Galapagos Islands Oil Spill,South America,2001,Technological (Non-Climate),Non-Climate
El Salvador,Earthquake,North America,2001,Geophysical (Non-Climate),Non-Climate
Mexico,Popocatépetl volcanic activity,North America,2000,Geophysical (Non-Climate),Non-Climate
Mongolia,Dzud,Asia,2000,Climatological (Climate),Climate-Driven
Fiji,Floods,Oceania,2000,Hydrological (Climate),Climate-Driven
Ukraine,Cold wave,Europe,2000,Meteorological (Climate),Climate-Driven
Turkmenistan,Earthquake,Asia,2000,Geophysical (Non-Climate),Non-Climate
Indonesia,Earthquake,Asia,2026,Geophysical (Non-Climate),Non-Climate
Colombia,Earthquake,South America,2026,Geophysical (Non-Climate),Non-Climate
Myanmar,Floods,Asia,2026,Hydrological (Climate),Climate-Driven
Afghanistan,Flash Floods,Asia,2026,Hydrological (Climate),Climate-Driven
India,Flash Floods,Asia,2026,Hydrological (Climate),Climate-Driven
Kyrgyzstan,Flash Floods,Asia,2026,Hydrological (Climate),Climate-Driven
Tajikistan,Floods,Asia,2026,Hydrological (Climate),Climate-Driven
Bangladesh,Flash Floods,Asia,2026,Hydrological (Climate),Climate-Driven
Georgia,Floods,Asia,2026,Hydrological (Climate),Climate-Driven
Central African Republic,Cholera Outbreak,Africa,2026,Biological (Non-Climate),Non-Climate
Venezuela,Earthquakes,South America,2026,Geophysical (Non-Climate),Non-Climate
Chad,Cholera Outbreak,Africa,2026,Biological (Non-Climate),Non-Climate
Philippines,Earthquake and Tsunami,Asia,2026,Geophysical (Non-Climate),Non-Climate
Armenia,Hailstorm,Asia,2026,Meteorological (Climate),Climate-Driven
Syria,Floods,Asia,2026,Hydrological (Climate),Climate-Driven
Central/Eastern Africa,Ebola Outbreak,Africa,2026,Biological (Non-Climate),Non-Climate
Sri Lanka,Dengue Outbreak,Asia,2026,Biological (Non-Climate),Non-Climate
Dominican Republic,Floods,North America,2026,Hydrological (Climate),Climate-Driven
Yemen,Floods,Asia,2026,Hydrological (Climate),Climate-Driven
Tanzania,Floods and Landslides,Africa,2026,Hydrological (Climate),Climate-Driven
Liberia,Windstorms,Africa,2026,Meteorological (Climate),Climate-Driven
Botswana,Floods,Africa,2026,Hydrological (Climate),Climate-Driven
Ethiopia,Floods and Landslides,Africa,2026,Hydrological (Climate),Climate-Driven
Kenya,Floods,Africa,2026,Hydrological (Climate),Climate-Driven
Suriname,Chikungunya Virus Outbreak,South America,2026,Biological (Non-Climate),Non-Climate
Brazil,Floods,South America,2026,Hydrological (Climate),Climate-Driven
Peru,Floods and Landslides,South America,2026,Hydrological (Climate),Climate-Driven
Angola,Floods,Africa,2026,Hydrological (Climate),Climate-Driven
Zambia,Cholera Outbreak,Africa,2026,Biological (Non-Climate),Non-Climate
Cameroon,Fires,Africa,2026,Technological (Non-Climate),Non-Climate
Somalia,Dengue Outbreak,Africa,2026,Biological (Non-Climate),Non-Climate
Rwanda,Flash Floods,Africa,2026,Hydrological (Climate),Climate-Driven
Algeria,Floods,Africa,2026,Hydrological (Climate),Climate-Driven
Argentina,Landslides,South America,2026,Hydrological (Climate),Climate-Driven
South Africa,Floods,Africa,2026,Hydrological (Climate),Climate-Driven
North Macedonia,Floods,Europe,2026,Hydrological (Climate),Climate-Driven
Malawi,Floods,Africa,2026,Hydrological (Climate),Climate-Driven
Serbia,Cold Wave,Europe,2026,Meteorological (Climate),Climate-Driven
Guatemala,Measles Outbreak,North America,2026,Biological (Non-Climate),Non-Climate
Ecuador,Floods,South America,2026,Hydrological (Climate),Climate-Driven
Zimbabwe,Floods,Africa,2026,Hydrological (Climate),Climate-Driven
Mozambique,Floods,Africa,2025,Hydrological (Climate),Climate-Driven
Chile,Wild Fires,South America,2025,Climatological (Climate),Climate-Driven
Gabon,Windstorms,Africa,2025,Meteorological (Climate),Climate-Driven
Morocco,Floods,Africa,2025,Hydrological (Climate),Climate-Driven
Bolivia,Floods,South America,2025,Hydrological (Climate),Climate-Driven
Congo,Floods,Africa,2025,Hydrological (Climate),Climate-Driven
Cuba,Arboviral Outbreak,North America,2025,Biological (Non-Climate),Non-Climate
Egypt,Floods,Africa,2025,Hydrological (Climate),Climate-Driven
Cabo Verde,Flash Floods,Africa,2025,Hydrological (Climate),Climate-Driven
South Sudan,Floods,Africa,2025,Hydrological (Climate),Climate-Driven
Sudan,Floods,Africa,2025,Hydrological (Climate),Climate-Driven
Honduras,Floods,North America,2025,Hydrological (Climate),Climate-Driven
Panama,River Pollution,North America,2025,Technological (Non-Climate),Non-Climate
Côte d'Ivoire,Cholera Outbreak,Africa,2025,Biological (Non-Climate),Non-Climate
Ghana,Cholera Outbreak,Africa,2024,Biological (Non-Climate),Non-Climate
Namibia,Drought,Africa,2024,Climatological (Climate),Climate-Driven
Niger,Diphtheria Outbreak,Africa,2023,Biological (Non-Climate),Non-Climate
Nigeria,Lassa Fever Outbreak,Africa,2023,Biological (Non-Climate),Non-Climate
Burundi,Cholera Outbreak,Africa,2023,Biological (Non-Climate),Non-Climate
Moldova,Storm/Rain/Frost,Europe,2000,Meteorological (Climate),Climate-Driven
Azerbaijan,Earthquake,Asia,2000,Geophysical (Non-Climate),Non-Climate
Indonesia,Floods,Asia,2000,Hydrological (Climate),Climate-Driven
Sri Lanka,Floods,Asia,2000,Hydrological (Climate),Climate-Driven
Venezuela,Floods,South America,2000,Hydrological (Climate),Climate-Driven
Papua New Guinea,Earthquake,Oceania,2000,Geophysical (Non-Climate),Non-Climate
Bangladesh,Tropical Cyclonic Storm,Asia,2000,Meteorological (Climate),Climate-Driven
India,Cyclone,Asia,2000,Meteorological (Climate),Climate-Driven
Tanzania,Earthquake,Africa,2000,Geophysical (Non-Climate),Non-Climate
Caribbean,Hurricane Keith and Tropical Storm Joyce,North America,2000,Meteorological (Climate),Climate-Driven
Lao People's Democratic Republic,Floods,Asia,2000,Hydrological (Climate),Climate-Driven
DPR Korea,Typhoon Prapiroon,Asia,2000,Meteorological (Climate),Climate-Driven
Viet Nam,Floods,Asia,2000,Hydrological (Climate),Climate-Driven
Caribbean,Hurricane Debby,North America,2000,Meteorological (Climate),Climate-Driven
Bangladesh,Floods,Asia,2000,Hydrological (Climate),Climate-Driven
Georgia,Drought,Asia,2000,Climatological (Climate),Climate-Driven
Armenia,Drought,Asia,2000,Climatological (Climate),Climate-Driven
Nepal,Floods and Landslides,Asia,2000,Hydrological (Climate),Climate-Driven
Uzbekistan,Drought,Asia,2000,Climatological (Climate),Climate-Driven
Cambodia,Floods,Asia,2000,Hydrological (Climate),Climate-Driven
Indonesia,Earthquake,Asia,2026,Geophysical (Non-Climate),Non-Climate
Colombia,Earthquake,South America,2026,Geophysical (Non-Climate),Non-Climate
Myanmar,Floods,Asia,2026,Hydrological (Climate),Climate-Driven
Afghanistan,Flash Floods,Asia,2026,Hydrological (Climate),Climate-Driven
India,Flash Floods,Asia,2026,Hydrological (Climate),Climate-Driven
Kyrgyzstan,Flash Floods,Asia,2026,Hydrological (Climate),Climate-Driven
Tajikistan,Floods,Asia,2026,Hydrological (Climate),Climate-Driven
Bangladesh,Flash Floods,Asia,2026,Hydrological (Climate),Climate-Driven
Georgia,Floods,Asia,2026,Hydrological (Climate),Climate-Driven
Central African Republic,Cholera Outbreak,Africa,2026,Biological (Non-Climate),Non-Climate
Venezuela,Earthquakes,South America,2026,Geophysical (Non-Climate),Non-Climate
Chad,Cholera Outbreak,Africa,2026,Biological (Non-Climate),Non-Climate
Philippines,Earthquake and Tsunami,Asia,2026,Geophysical (Non-Climate),Non-Climate
Armenia,Hailstorm,Asia,2026,Meteorological (Climate),Climate-Driven
Syria,Floods,Asia,2026,Hydrological (Climate),Climate-Driven
Central/Eastern Africa,Ebola Outbreak,Africa,2026,Biological (Non-Climate),Non-Climate
Sri Lanka,Dengue Outbreak,Asia,2026,Biological (Non-Climate),Non-Climate
Dominican Republic,Floods,North America,2026,Hydrological (Climate),Climate-Driven
Yemen,Floods,Asia,2026,Hydrological (Climate),Climate-Driven
Tanzania,Floods and Landslides,Africa,2026,Hydrological (Climate),Climate-Driven
Liberia,Windstorms,Africa,2026,Meteorological (Climate),Climate-Driven
Botswana,Floods,Africa,2026,Hydrological (Climate),Climate-Driven
Ethiopia,Floods and Landslides,Africa,2026,Hydrological (Climate),Climate-Driven
Kenya,Floods,Africa,2026,Hydrological (Climate),Climate-Driven
Suriname,Chikungunya Virus Outbreak,South America,2026,Biological (Non-Climate),Non-Climate
Brazil,Floods,South America,2026,Hydrological (Climate),Climate-Driven
Peru,Floods and Landslides,South America,2026,Hydrological (Climate),Climate-Driven
Angola,Floods,Africa,2026,Hydrological (Climate),Climate-Driven
Zambia,Cholera Outbreak,Africa,2026,Biological (Non-Climate),Non-Climate
Cameroon,Fires,Africa,2026,Technological (Non-Climate),Non-Climate
Somalia,Dengue Outbreak,Africa,2026,Biological (Non-Climate),Non-Climate
Rwanda,Flash Floods,Africa,2026,Hydrological (Climate),Climate-Driven
Algeria,Floods,Africa,2026,Hydrological (Climate),Climate-Driven
Argentina,Landslides,South America,2026,Hydrological (Climate),Climate-Driven
South Africa,Floods,Africa,2026,Hydrological (Climate),Climate-Driven
North Macedonia,Floods,Europe,2026,Hydrological (Climate),Climate-Driven
Malawi,Floods,Africa,2026,Hydrological (Climate),Climate-Driven
Serbia,Cold Wave,Europe,2026,Meteorological (Climate),Climate-Driven
Guatemala,Measles Outbreak,North America,2026,Biological (Non-Climate),Non-Climate
Ecuador,Floods,South America,2026,Hydrological (Climate),Climate-Driven
Zimbabwe,Floods,Africa,2026,Hydrological (Climate),Climate-Driven
Mozambique,Floods,Africa,2025,Hydrological (Climate),Climate-Driven
Chile,Wild Fires,South America,2025,Climatological (Climate),Climate-Driven
Gabon,Windstorms,Africa,2025,Meteorological (Climate),Climate-Driven
Morocco,Floods,Africa,2025,Hydrological (Climate),Climate-Driven
Bolivia,Floods,South America,2025,Hydrological (Climate),Climate-Driven
Congo,Floods,Africa,2025,Hydrological (Climate),Climate-Driven
Cuba,Arboviral Outbreak,North America,2025,Biological (Non-Climate),Non-Climate
Egypt,Floods,Africa,2025,Hydrological (Climate),Climate-Driven
Cabo Verde,Flash Floods,Africa,2025,Hydrological (Climate),Climate-Driven
South Sudan,Floods,Africa,2025,Hydrological (Climate),Climate-Driven
Sudan,Floods,Africa,2025,Hydrological (Climate),Climate-Driven
Honduras,Floods,North America,2025,Hydrological (Climate),Climate-Driven
Panama,River Pollution,North America,2025,Technological (Non-Climate),Non-Climate
Côte d'Ivoire,Cholera Outbreak,Africa,2025,Biological (Non-Climate),Non-Climate
Ghana,Cholera Outbreak,Africa,2024,Biological (Non-Climate),Non-Climate
Namibia,Drought,Africa,2024,Climatological (Climate),Climate-Driven
Niger,Diphtheria Outbreak,Africa,2023,Biological (Non-Climate),Non-Climate
Nigeria,Lassa Fever Outbreak,Africa,2023,Biological (Non-Climate),Non-Climate
Burundi,Cholera Outbreak,Africa,2023,Biological (Non-Climate),Non-Climate
Mexico,Earthquake,North America,2000,Geophysical (Non-Climate),Non-Climate
India,Floods,Asia,2000,Hydrological (Climate),Climate-Driven
Bhutan,Floods and Landslides,Asia,2000,Hydrological (Climate),Climate-Driven
Brazil,Mudslides,South America,2000,Hydrological (Climate),Climate-Driven
Tajikistan,Drought,Asia,2000,Climatological (Climate),Climate-Driven
Nicaragua,Earthquake,North America,2000,Geophysical (Non-Climate),Non-Climate
Guatemala,Floods,North America,2000,Hydrological (Climate),Climate-Driven
Chile,Floods,South America,2000,Hydrological (Climate),Climate-Driven
China,Floods in Gansu Province,Asia,2000,Hydrological (Climate),Climate-Driven
Madagascar,Drought,Africa,2000,Climatological (Climate),Climate-Driven
Indonesia,Earthquake,Asia,2000,Geophysical (Non-Climate),Non-Climate
Bangladesh,Rainstorms and Floods,Asia,2000,Hydrological (Climate),Climate-Driven
Colombia,Floods,South America,2000,Hydrological (Climate),Climate-Driven
Argentina,Floods,South America,2000,Hydrological (Climate),Climate-Driven
Indonesia,Floods,Asia,2000,Hydrological (Climate),Climate-Driven
India,Drought,Asia,2000,Climatological (Climate),Climate-Driven
Iran,Drought,Asia,2000,Climatological (Climate),Climate-Driven
Indonesia,Earthquake,Asia,2000,Geophysical (Non-Climate),Non-Climate
Bangladesh,Wind and Hail Storm,Asia,2000,Meteorological (Climate),Climate-Driven
Indonesia,Earthquake,Asia,2026,Geophysical (Non-Climate),Non-Climate
Colombia,Earthquake,South America,2026,Geophysical (Non-Climate),Non-Climate
Myanmar,Floods,Asia,2026,Hydrological (Climate),Climate-Driven
Afghanistan,Flash Floods,Asia,2026,Hydrological (Climate),Climate-Driven
India,Flash Floods,Asia,2026,Hydrological (Climate),Climate-Driven
Kyrgyzstan,Flash Floods,Asia,2026,Hydrological (Climate),Climate-Driven
Tajikistan,Floods,Asia,2026,Hydrological (Climate),Climate-Driven
Bangladesh,Flash Floods,Asia,2026,Hydrological (Climate),Climate-Driven
Georgia,Floods,Asia,2026,Hydrological (Climate),Climate-Driven
Central African Republic,Cholera Outbreak,Africa,2026,Biological (Non-Climate),Non-Climate
Venezuela,Earthquakes,South America,2026,Geophysical (Non-Climate),Non-Climate
Chad,Cholera Outbreak,Africa,2026,Biological (Non-Climate),Non-Climate
Philippines,Earthquake and Tsunami,Asia,2026,Geophysical (Non-Climate),Non-Climate
Armenia,Hailstorm,Asia,2026,Meteorological (Climate),Climate-Driven
Syria,Floods,Asia,2026,Hydrological (Climate),Climate-Driven
Central/Eastern Africa,Ebola Outbreak,Africa,2026,Biological (Non-Climate),Non-Climate
Sri Lanka,Dengue Outbreak,Asia,2026,Biological (Non-Climate),Non-Climate
Dominican Republic,Floods,North America,2026,Hydrological (Climate),Climate-Driven
Yemen,Floods,Asia,2026,Hydrological (Climate),Climate-Driven
Tanzania,Floods and Landslides,Africa,2026,Hydrological (Climate),Climate-Driven
Liberia,Windstorms,Africa,2026,Meteorological (Climate),Climate-Driven
Botswana,Floods,Africa,2026,Hydrological (Climate),Climate-Driven
Ethiopia,Floods and Landslides,Africa,2026,Hydrological (Climate),Climate-Driven
Kenya,Floods,Africa,2026,Hydrological (Climate),Climate-Driven
Suriname,Chikungunya Virus Outbreak,South America,2026,Biological (Non-Climate),Non-Climate
Brazil,Floods,South America,2026,Hydrological (Climate),Climate-Driven
Peru,Floods and Landslides,South America,2026,Hydrological (Climate),Climate-Driven
Angola,Floods,Africa,2026,Hydrological (Climate),Climate-Driven
Zambia,Cholera Outbreak,Africa,2026,Biological (Non-Climate),Non-Climate
Cameroon,Fires,Africa,2026,Technological (Non-Climate),Non-Climate
Somalia,Dengue Outbreak,Africa,2026,Biological (Non-Climate),Non-Climate
Rwanda,Flash Floods,Africa,2026,Hydrological (Climate),Climate-Driven
Algeria,Floods,Africa,2026,Hydrological (Climate),Climate-Driven
Argentina,Landslides,South America,2026,Hydrological (Climate),Climate-Driven
South Africa,Floods,Africa,2026,Hydrological (Climate),Climate-Driven
North Macedonia,Floods,Europe,2026,Hydrological (Climate),Climate-Driven
Malawi,Floods,Africa,2026,Hydrological (Climate),Climate-Driven
Serbia,Cold Wave,Europe,2026,Meteorological (Climate),Climate-Driven
Guatemala,Measles Outbreak,North America,2026,Biological (Non-Climate),Non-Climate
Ecuador,Floods,South America,2026,Hydrological (Climate),Climate-Driven
Zimbabwe,Floods,Africa,2026,Hydrological (Climate),Climate-Driven
Mozambique,Floods,Africa,2025,Hydrological (Climate),Climate-Driven
Chile,Wild Fires,South America,2025,Climatological (Climate),Climate-Driven
Gabon,Windstorms,Africa,2025,Meteorological (Climate),Climate-Driven
Morocco,Floods,Africa,2025,Hydrological (Climate),Climate-Driven
Bolivia,Floods,South America,2025,Hydrological (Climate),Climate-Driven
Congo,Floods,Africa,2025,Hydrological (Climate),Climate-Driven
Cuba,Arboviral Outbreak,North America,2025,Biological (Non-Climate),Non-Climate
Egypt,Floods,Africa,2025,Hydrological (Climate),Climate-Driven
Cabo Verde,Flash Floods,Africa,2025,Hydrological (Climate),Climate-Driven
South Sudan,Floods,Africa,2025,Hydrological (Climate),Climate-Driven
Sudan,Floods,Africa,2025,Hydrological (Climate),Climate-Driven
Honduras,Floods,North America,2025,Hydrological (Climate),Climate-Driven
Panama,River Pollution,North America,2025,Technological (Non-Climate),Non-Climate
Côte d'Ivoire,Cholera Outbreak,Africa,2025,Biological (Non-Climate),Non-Climate
Ghana,Cholera Outbreak,Africa,2024,Biological (Non-Climate),Non-Climate
Namibia,Drought,Africa,2024,Climatological (Climate),Climate-Driven
Niger,Diphtheria Outbreak,Africa,2023,Biological (Non-Climate),Non-Climate
Nigeria,Lassa Fever Outbreak,Africa,2023,Biological (Non-Climate),Non-Climate
Burundi,Cholera Outbreak,Africa,2023,Biological (Non-Climate),Non-Climate
Pakistan,Drought,Asia,2000,Climatological (Climate),Climate-Driven
Hungary,Floods,Europe,2000,Hydrological (Climate),Climate-Driven
Romania,Floods,Europe,2000,Hydrological (Climate),Climate-Driven
Bolivia,Floods,South America,2000,Hydrological (Climate),Climate-Driven
Afghanistan,Drought,Asia,2000,Climatological (Climate),Climate-Driven
Madagascar,Cyclone Hudah,Africa,2000,Meteorological (Climate),Climate-Driven
Romania,Mining Waste Spill,Europe,2000,Technological (Non-Climate),Non-Climate
Indonesia,Forest Fires,Asia,2000,Climatological (Climate),Climate-Driven
Zimbabwe,Floods,Africa,2000,Hydrological (Climate),Climate-Driven
Romania,Waste Spill,Europe,2000,Technological (Non-Climate),Non-Climate
Uruguay,Drought,South America,2000,Climatological (Climate),Climate-Driven
Philippines,Mayon Volcano,Asia,2000,Geophysical (Non-Climate),Non-Climate
Madagascar,Cyclone Eline and Gloria,Africa,2000,Meteorological (Climate),Climate-Driven
Botswana,Floods,Africa,2000,Hydrological (Climate),Climate-Driven
Mongolia,"""Multiple Dzud"" and Drought",Asia,2000,Climatological (Climate),Climate-Driven
Philippines,Floods,Asia,2000,Hydrological (Climate),Climate-Driven
Angola,Floods,Africa,2000,Hydrological (Climate),Climate-Driven
Mozambique,Floods,Africa,2000,Hydrological (Climate),Climate-Driven
China,Snowstorms,Asia,2000,Meteorological (Climate),Climate-Driven
Kenya,Drought,Africa,2000,Climatological (Climate),Climate-Driven
Indonesia,Earthquake,Asia,2026,Geophysical (Non-Climate),Non-Climate
Colombia,Earthquake,South America,2026,Geophysical (Non-Climate),Non-Climate
Myanmar,Floods,Asia,2026,Hydrological (Climate),Climate-Driven
Afghanistan,Flash Floods,Asia,2026,Hydrological (Climate),Climate-Driven
India,Flash Floods,Asia,2026,Hydrological (Climate),Climate-Driven
Kyrgyzstan,Flash Floods,Asia,2026,Hydrological (Climate),Climate-Driven
Tajikistan,Floods,Asia,2026,Hydrological (Climate),Climate-Driven
Bangladesh,Flash Floods,Asia,2026,Hydrological (Climate),Climate-Driven
Georgia,Floods,Asia,2026,Hydrological (Climate),Climate-Driven
Central African Republic,Cholera Outbreak,Africa,2026,Biological (Non-Climate),Non-Climate
Venezuela,Earthquakes,South America,2026,Geophysical (Non-Climate),Non-Climate
Chad,Cholera Outbreak,Africa,2026,Biological (Non-Climate),Non-Climate
Philippines,Earthquake and Tsunami,Asia,2026,Geophysical (Non-Climate),Non-Climate
Armenia,Hailstorm,Asia,2026,Meteorological (Climate),Climate-Driven
Syria,Floods,Asia,2026,Hydrological (Climate),Climate-Driven
Central/Eastern Africa,Ebola Outbreak,Africa,2026,Biological (Non-Climate),Non-Climate
Sri Lanka,Dengue Outbreak,Asia,2026,Biological (Non-Climate),Non-Climate
Dominican Republic,Floods,North America,2026,Hydrological (Climate),Climate-Driven
Yemen,Floods,Asia,2026,Hydrological (Climate),Climate-Driven
Tanzania,Floods and Landslides,Africa,2026,Hydrological (Climate),Climate-Driven
Liberia,Windstorms,Africa,2026,Meteorological (Climate),Climate-Driven
Botswana,Floods,Africa,2026,Hydrological (Climate),Climate-Driven
Ethiopia,Floods and Landslides,Africa,2026,Hydrological (Climate),Climate-Driven
Kenya,Floods,Africa,2026,Hydrological (Climate),Climate-Driven
Suriname,Chikungunya Virus Outbreak,South America,2026,Biological (Non-Climate),Non-Climate
Brazil,Floods,South America,2026,Hydrological (Climate),Climate-Driven
Peru,Floods and Landslides,South America,2026,Hydrological (Climate),Climate-Driven
Angola,Floods,Africa,2026,Hydrological (Climate),Climate-Driven
Zambia,Cholera Outbreak,Africa,2026,Biological (Non-Climate),Non-Climate
Cameroon,Fires,Africa,2026,Technological (Non-Climate),Non-Climate
Somalia,Dengue Outbreak,Africa,2026,Biological (Non-Climate),Non-Climate
Rwanda,Flash Floods,Africa,2026,Hydrological (Climate),Climate-Driven
Algeria,Floods,Africa,2026,Hydrological (Climate),Climate-Driven
Argentina,Landslides,South America,2026,Hydrological (Climate),Climate-Driven
South Africa,Floods,Africa,2026,Hydrological (Climate),Climate-Driven
North Macedonia,Floods,Europe,2026,Hydrological (Climate),Climate-Driven
Malawi,Floods,Africa,2026,Hydrological (Climate),Climate-Driven
Serbia,Cold Wave,Europe,2026,Meteorological (Climate),Climate-Driven
Guatemala,Measles Outbreak,North America,2026,Biological (Non-Climate),Non-Climate
Ecuador,Floods,South America,2026,Hydrological (Climate),Climate-Driven
Zimbabwe,Floods,Africa,2026,Hydrological (Climate),Climate-Driven
Mozambique,Floods,Africa,2025,Hydrological (Climate),Climate-Driven
Chile,Wild Fires,South America,2025,Climatological (Climate),Climate-Driven
Gabon,Windstorms,Africa,2025,Meteorological (Climate),Climate-Driven
Morocco,Floods,Africa,2025,Hydrological (Climate),Climate-Driven
Bolivia,Floods,South America,2025,Hydrological (Climate),Climate-Driven
Congo,Floods,Africa,2025,Hydrological (Climate),Climate-Driven
Cuba,Arboviral Outbreak,North America,2025,Biological (Non-Climate),Non-Climate
Egypt,Floods,Africa,2025,Hydrological (Climate),Climate-Driven
Cabo Verde,Flash Floods,Africa,2025,Hydrological (Climate),Climate-Driven
South Sudan,Floods,Africa,2025,Hydrological (Climate),Climate-Driven
Sudan,Floods,Africa,2025,Hydrological (Climate),Climate-Driven
Honduras,Floods,North America,2025,Hydrological (Climate),Climate-Driven
Panama,River Pollution,North America,2025,Technological (Non-Climate),Non-Climate
Côte d'Ivoire,Cholera Outbreak,Africa,2025,Biological (Non-Climate),Non-Climate
Ghana,Cholera Outbreak,Africa,2024,Biological (Non-Climate),Non-Climate
Namibia,Drought,Africa,2024,Climatological (Climate),Climate-Driven
Niger,Diphtheria Outbreak,Africa,2023,Biological (Non-Climate),Non-Climate
Nigeria,Lassa Fever Outbreak,Africa,2023,Biological (Non-Climate),Non-Climate
Burundi,Cholera Outbreak,Africa,2023,Biological (Non-Climate),Non-Climate
Afghanistan,Earthquake,Asia,2000,Geophysical (Non-Climate),Non-Climate
China,Earthquake,Asia,2000,Geophysical (Non-Climate),Non-Climate
Central African Republic,Floods,Africa,2000,Hydrological (Climate),Climate-Driven
Algeria,Earthquake,Africa,1999,Geophysical (Non-Climate),Non-Climate
Venezuela,Floods,South America,1999,Hydrological (Climate),Climate-Driven
Philippines,Earthquake,Asia,1999,Geophysical (Non-Climate),Non-Climate
Yemen,Floods,Asia,1999,Hydrological (Climate),Climate-Driven
Viet Nam,Floods,Asia,1999,Hydrological (Climate),Climate-Driven
DR Congo,River Floods,Africa,1999,Hydrological (Climate),Climate-Driven
Vanuatu,Earthquake/Tsunami,Oceania,1999,Geophysical (Non-Climate),Non-Climate
Rwanda,Drought,Africa,1999,Climatological (Climate),Climate-Driven
Turkey,Earthquake,Asia,1999,Geophysical (Non-Climate),Non-Climate
Cambodia,Floods,Asia,1999,Hydrological (Climate),Climate-Driven
Viet Nam,Floods,Asia,1999,Hydrological (Climate),Climate-Driven
Togo,Floods,Africa,1999,Hydrological (Climate),Climate-Driven
Ghana,Floods,Africa,1999,Hydrological (Climate),Climate-Driven
Taiwan (China),Earthquake,Asia,1999,Geophysical (Non-Climate),Non-Climate
Paraguay,Drought,South America,1999,Climatological (Climate),Climate-Driven
Indonesia,Earthquake,Asia,2026,Geophysical (Non-Climate),Non-Climate
Colombia,Earthquake,South America,2026,Geophysical (Non-Climate),Non-Climate
Myanmar,Floods,Asia,2026,Hydrological (Climate),Climate-Driven
Afghanistan,Flash Floods,Asia,2026,Hydrological (Climate),Climate-Driven
India,Flash Floods,Asia,2026,Hydrological (Climate),Climate-Driven
Kyrgyzstan,Flash Floods,Asia,2026,Hydrological (Climate),Climate-Driven
Tajikistan,Floods,Asia,2026,Hydrological (Climate),Climate-Driven
Bangladesh,Flash Floods,Asia,2026,Hydrological (Climate),Climate-Driven
Georgia,Floods,Asia,2026,Hydrological (Climate),Climate-Driven
Central African Republic,Cholera Outbreak,Africa,2026,Biological (Non-Climate),Non-Climate
Venezuela,Earthquakes,South America,2026,Geophysical (Non-Climate),Non-Climate
Chad,Cholera Outbreak,Africa,2026,Biological (Non-Climate),Non-Climate
Philippines,Earthquake and Tsunami,Asia,2026,Geophysical (Non-Climate),Non-Climate
Armenia,Hailstorm,Asia,2026,Meteorological (Climate),Climate-Driven
Syria,Floods,Asia,2026,Hydrological (Climate),Climate-Driven
Central/Eastern Africa,Ebola Outbreak,Africa,2026,Biological (Non-Climate),Non-Climate
Sri Lanka,Dengue Outbreak,Asia,2026,Biological (Non-Climate),Non-Climate
Dominican Republic,Floods,North America,2026,Hydrological (Climate),Climate-Driven
Yemen,Floods,Asia,2026,Hydrological (Climate),Climate-Driven
Tanzania,Floods and Landslides,Africa,2026,Hydrological (Climate),Climate-Driven
Liberia,Windstorms,Africa,2026,Meteorological (Climate),Climate-Driven
Botswana,Floods,Africa,2026,Hydrological (Climate),Climate-Driven
Ethiopia,Floods and Landslides,Africa,2026,Hydrological (Climate),Climate-Driven
Kenya,Floods,Africa,2026,Hydrological (Climate),Climate-Driven
Suriname,Chikungunya Virus Outbreak,South America,2026,Biological (Non-Climate),Non-Climate
Brazil,Floods,South America,2026,Hydrological (Climate),Climate-Driven
Peru,Floods and Landslides,South America,2026,Hydrological (Climate),Climate-Driven
Angola,Floods,Africa,2026,Hydrological (Climate),Climate-Driven
Zambia,Cholera Outbreak,Africa,2026,Biological (Non-Climate),Non-Climate
Cameroon,Fires,Africa,2026,Technological (Non-Climate),Non-Climate
Somalia,Dengue Outbreak,Africa,2026,Biological (Non-Climate),Non-Climate
Rwanda,Flash Floods,Africa,2026,Hydrological (Climate),Climate-Driven
Algeria,Floods,Africa,2026,Hydrological (Climate),Climate-Driven
Argentina,Landslides,South America,2026,Hydrological (Climate),Climate-Driven
South Africa,Floods,Africa,2026,Hydrological (Climate),Climate-Driven
North Macedonia,Floods,Europe,2026,Hydrological (Climate),Climate-Driven
Malawi,Floods,Africa,2026,Hydrological (Climate),Climate-Driven
Serbia,Cold Wave,Europe,2026,Meteorological (Climate),Climate-Driven
Guatemala,Measles Outbreak,North America,2026,Biological (Non-Climate),Non-Climate
Ecuador,Floods,South America,2026,Hydrological (Climate),Climate-Driven
Zimbabwe,Floods,Africa,2026,Hydrological (Climate),Climate-Driven
Mozambique,Floods,Africa,2025,Hydrological (Climate),Climate-Driven
Chile,Wild Fires,South America,2025,Climatological (Climate),Climate-Driven
Gabon,Windstorms,Africa,2025,Meteorological (Climate),Climate-Driven
Morocco,Floods,Africa,2025,Hydrological (Climate),Climate-Driven
Bolivia,Floods,South America,2025,Hydrological (Climate),Climate-Driven
Congo,Floods,Africa,2025,Hydrological (Climate),Climate-Driven
Cuba,Arboviral Outbreak,North America,2025,Biological (Non-Climate),Non-Climate
Egypt,Floods,Africa,2025,Hydrological (Climate),Climate-Driven
Cabo Verde,Flash Floods,Africa,2025,Hydrological (Climate),Climate-Driven
South Sudan,Floods,Africa,2025,Hydrological (Climate),Climate-Driven
Sudan,Floods,Africa,2025,Hydrological (Climate),Climate-Driven
Honduras,Floods,North America,2025,Hydrological (Climate),Climate-Driven
Panama,River Pollution,North America,2025,Technological (Non-Climate),Non-Climate
Côte d'Ivoire,Cholera Outbreak,Africa,2025,Biological (Non-Climate),Non-Climate
Ghana,Cholera Outbreak,Africa,2024,Biological (Non-Climate),Non-Climate
Namibia,Drought,Africa,2024,Climatological (Climate),Climate-Driven
Niger,Diphtheria Outbreak,Africa,2023,Biological (Non-Climate),Non-Climate
Nigeria,Lassa Fever Outbreak,Africa,2023,Biological (Non-Climate),Non-Climate
Burundi,Cholera Outbreak,Africa,2023,Biological (Non-Climate),Non-Climate
Cuba,Hurricane Irene,North America,1999,Meteorological (Climate),Climate-Driven
India,Floods,Asia,1999,Hydrological (Climate),Climate-Driven
Mexico,Floods,North America,1999,Hydrological (Climate),Climate-Driven
Ecuador,Volcanoes Guagua Pichincha and Tungurahua,South America,1999,Geophysical (Non-Climate),Non-Climate
Nicaragua,Floods,North America,1999,Hydrological (Climate),Climate-Driven
Costa Rica,Floods,North America,1999,Hydrological (Climate),Climate-Driven
Mexico,Earthquake,North America,1999,Geophysical (Non-Climate),Non-Climate
El Salvador,Floods,North America,1999,Hydrological (Climate),Climate-Driven
Gambia,Floods,Africa,1999,Hydrological (Climate),Climate-Driven
Honduras,Floods,North America,1999,Hydrological (Climate),Climate-Driven
Taiwan (China),Earthquake,Asia,1999,Geophysical (Non-Climate),Non-Climate
Bahamas,Hurricane Floyd,North America,1999,Meteorological (Climate),Climate-Driven
Greece,Earthquake,Europe,1999,Geophysical (Non-Climate),Non-Climate
Sudan,Floods,Africa,1999,Hydrological (Climate),Climate-Driven
Chad,Floods,Africa,1999,Hydrological (Climate),Climate-Driven
Bolivia,Forest Fires,South America,1999,Climatological (Climate),Climate-Driven
Turkey,Earthquake,Asia,1999,Geophysical (Non-Climate),Non-Climate
Djibouti,Drought,Africa,1999,Climatological (Climate),Climate-Driven
Indonesia,Earthquake,Asia,2026,Geophysical (Non-Climate),Non-Climate
Colombia,Earthquake,South America,2026,Geophysical (Non-Climate),Non-Climate
Myanmar,Floods,Asia,2026,Hydrological (Climate),Climate-Driven
Afghanistan,Flash Floods,Asia,2026,Hydrological (Climate),Climate-Driven
India,Flash Floods,Asia,2026,Hydrological (Climate),Climate-Driven
Kyrgyzstan,Flash Floods,Asia,2026,Hydrological (Climate),Climate-Driven
Tajikistan,Floods,Asia,2026,Hydrological (Climate),Climate-Driven
Bangladesh,Flash Floods,Asia,2026,Hydrological (Climate),Climate-Driven
Georgia,Floods,Asia,2026,Hydrological (Climate),Climate-Driven
Central African Republic,Cholera Outbreak,Africa,2026,Biological (Non-Climate),Non-Climate
Venezuela,Earthquakes,South America,2026,Geophysical (Non-Climate),Non-Climate
Chad,Cholera Outbreak,Africa,2026,Biological (Non-Climate),Non-Climate
Philippines,Earthquake and Tsunami,Asia,2026,Geophysical (Non-Climate),Non-Climate
Armenia,Hailstorm,Asia,2026,Meteorological (Climate),Climate-Driven
Syria,Floods,Asia,2026,Hydrological (Climate),Climate-Driven
Central/Eastern Africa,Ebola Outbreak,Africa,2026,Biological (Non-Climate),Non-Climate
Sri Lanka,Dengue Outbreak,Asia,2026,Biological (Non-Climate),Non-Climate
Dominican Republic,Floods,North America,2026,Hydrological (Climate),Climate-Driven
Yemen,Floods,Asia,2026,Hydrological (Climate),Climate-Driven
Tanzania,Floods and Landslides,Africa,2026,Hydrological (Climate),Climate-Driven
Liberia,Windstorms,Africa,2026,Meteorological (Climate),Climate-Driven
Botswana,Floods,Africa,2026,Hydrological (Climate),Climate-Driven
Ethiopia,Floods and Landslides,Africa,2026,Hydrological (Climate),Climate-Driven
Kenya,Floods,Africa,2026,Hydrological (Climate),Climate-Driven
Suriname,Chikungunya Virus Outbreak,South America,2026,Biological (Non-Climate),Non-Climate
Brazil,Floods,South America,2026,Hydrological (Climate),Climate-Driven
Peru,Floods and Landslides,South America,2026,Hydrological (Climate),Climate-Driven
Angola,Floods,Africa,2026,Hydrological (Climate),Climate-Driven
Zambia,Cholera Outbreak,Africa,2026,Biological (Non-Climate),Non-Climate
Cameroon,Fires,Africa,2026,Technological (Non-Climate),Non-Climate
Somalia,Dengue Outbreak,Africa,2026,Biological (Non-Climate),Non-Climate
Rwanda,Flash Floods,Africa,2026,Hydrological (Climate),Climate-Driven
Algeria,Floods,Africa,2026,Hydrological (Climate),Climate-Driven
Argentina,Landslides,South America,2026,Hydrological (Climate),Climate-Driven
South Africa,Floods,Africa,2026,Hydrological (Climate),Climate-Driven
North Macedonia,Floods,Europe,2026,Hydrological (Climate),Climate-Driven
Malawi,Floods,Africa,2026,Hydrological (Climate),Climate-Driven
Serbia,Cold Wave,Europe,2026,Meteorological (Climate),Climate-Driven
Guatemala,Measles Outbreak,North America,2026,Biological (Non-Climate),Non-Climate
Ecuador,Floods,South America,2026,Hydrological (Climate),Climate-Driven
Zimbabwe,Floods,Africa,2026,Hydrological (Climate),Climate-Driven
Mozambique,Floods,Africa,2025,Hydrological (Climate),Climate-Driven
Chile,Wild Fires,South America,2025,Climatological (Climate),Climate-Driven
Gabon,Windstorms,Africa,2025,Meteorological (Climate),Climate-Driven
Morocco,Floods,Africa,2025,Hydrological (Climate),Climate-Driven
Bolivia,Floods,South America,2025,Hydrological (Climate),Climate-Driven
Congo,Floods,Africa,2025,Hydrological (Climate),Climate-Driven
Cuba,Arboviral Outbreak,North America,2025,Biological (Non-Climate),Non-Climate
Egypt,Floods,Africa,2025,Hydrological (Climate),Climate-Driven
Cabo Verde,Flash Floods,Africa,2025,Hydrological (Climate),Climate-Driven
South Sudan,Floods,Africa,2025,Hydrological (Climate),Climate-Driven
Sudan,Floods,Africa,2025,Hydrological (Climate),Climate-Driven
Honduras,Floods,North America,2025,Hydrological (Climate),Climate-Driven
Panama,River Pollution,North America,2025,Technological (Non-Climate),Non-Climate
Côte d'Ivoire,Cholera Outbreak,Africa,2025,Biological (Non-Climate),Non-Climate
Ghana,Cholera Outbreak,Africa,2024,Biological (Non-Climate),Non-Climate
Namibia,Drought,Africa,2024,Climatological (Climate),Climate-Driven
Niger,Diphtheria Outbreak,Africa,2023,Biological (Non-Climate),Non-Climate
Nigeria,Lassa Fever Outbreak,Africa,2023,Biological (Non-Climate),Non-Climate
Burundi,Cholera Outbreak,Africa,2023,Biological (Non-Climate),Non-Climate
Cambodia,Floods,Asia,1999,Hydrological (Climate),Climate-Driven
Philippines,Floods,Asia,1999,Hydrological (Climate),Climate-Driven
Viet Nam,Floods,Asia,1999,Hydrological (Climate),Climate-Driven
Rep. of Korea,Floods,Asia,1999,Hydrological (Climate),Climate-Driven
Yugoslavia,Floods,Europe,1999,Hydrological (Climate),Climate-Driven
Russian Federation,Forest Fires,Europe,1999,Climatological (Climate),Climate-Driven
Ethiopia,Drought,Africa,1999,Climatological (Climate),Climate-Driven
Slovakia,Floods,Europe,1999,Hydrological (Climate),Climate-Driven
India,Floods,Asia,1999,Hydrological (Climate),Climate-Driven
Honduras/Guatemala,Earthquake,North America,1999,Geophysical (Non-Climate),Non-Climate
Bangladesh,Floods,Asia,1999,Hydrological (Climate),Climate-Driven
Tajikistan,Floods and Landslides,Asia,1999,Hydrological (Climate),Climate-Driven
Romania,Floods,Europe,1999,Hydrological (Climate),Climate-Driven
Iran,Floods,Asia,1999,Hydrological (Climate),Climate-Driven
China,Floods,Asia,1999,Hydrological (Climate),Climate-Driven
Mexico,Earthquake,North America,1999,Geophysical (Non-Climate),Non-Climate
Afghanistan,Forest Fires,Asia,1999,Climatological (Climate),Climate-Driven
Moldova,Landslides,Europe,1999,Hydrological (Climate),Climate-Driven
Azerbaijan,Earthquake,Asia,1999,Geophysical (Non-Climate),Non-Climate
Peru,Floods,South America,1999,Hydrological (Climate),Climate-Driven
Indonesia,Earthquake,Asia,2026,Geophysical (Non-Climate),Non-Climate
Colombia,Earthquake,South America,2026,Geophysical (Non-Climate),Non-Climate
Myanmar,Floods,Asia,2026,Hydrological (Climate),Climate-Driven
Afghanistan,Flash Floods,Asia,2026,Hydrological (Climate),Climate-Driven
India,Flash Floods,Asia,2026,Hydrological (Climate),Climate-Driven
Kyrgyzstan,Flash Floods,Asia,2026,Hydrological (Climate),Climate-Driven
Tajikistan,Floods,Asia,2026,Hydrological (Climate),Climate-Driven
Bangladesh,Flash Floods,Asia,2026,Hydrological (Climate),Climate-Driven
Georgia,Floods,Asia,2026,Hydrological (Climate),Climate-Driven
Central African Republic,Cholera Outbreak,Africa,2026,Biological (Non-Climate),Non-Climate
Venezuela,Earthquakes,South America,2026,Geophysical (Non-Climate),Non-Climate
Chad,Cholera Outbreak,Africa,2026,Biological (Non-Climate),Non-Climate
Philippines,Earthquake and Tsunami,Asia,2026,Geophysical (Non-Climate),Non-Climate
Armenia,Hailstorm,Asia,2026,Meteorological (Climate),Climate-Driven
Syria,Floods,Asia,2026,Hydrological (Climate),Climate-Driven
Central/Eastern Africa,Ebola Outbreak,Africa,2026,Biological (Non-Climate),Non-Climate
Sri Lanka,Dengue Outbreak,Asia,2026,Biological (Non-Climate),Non-Climate
Dominican Republic,Floods,North America,2026,Hydrological (Climate),Climate-Driven
Yemen,Floods,Asia,2026,Hydrological (Climate),Climate-Driven
Tanzania,Floods and Landslides,Africa,2026,Hydrological (Climate),Climate-Driven
Liberia,Windstorms,Africa,2026,Meteorological (Climate),Climate-Driven
Botswana,Floods,Africa,2026,Hydrological (Climate),Climate-Driven
Ethiopia,Floods and Landslides,Africa,2026,Hydrological (Climate),Climate-Driven
Kenya,Floods,Africa,2026,Hydrological (Climate),Climate-Driven
Suriname,Chikungunya Virus Outbreak,South America,2026,Biological (Non-Climate),Non-Climate
Brazil,Floods,South America,2026,Hydrological (Climate),Climate-Driven
Peru,Floods and Landslides,South America,2026,Hydrological (Climate),Climate-Driven
Angola,Floods,Africa,2026,Hydrological (Climate),Climate-Driven
Zambia,Cholera Outbreak,Africa,2026,Biological (Non-Climate),Non-Climate
Cameroon,Fires,Africa,2026,Technological (Non-Climate),Non-Climate
Somalia,Dengue Outbreak,Africa,2026,Biological (Non-Climate),Non-Climate
Rwanda,Flash Floods,Africa,2026,Hydrological (Climate),Climate-Driven
Algeria,Floods,Africa,2026,Hydrological (Climate),Climate-Driven
Argentina,Landslides,South America,2026,Hydrological (Climate),Climate-Driven
South Africa,Floods,Africa,2026,Hydrological (Climate),Climate-Driven
North Macedonia,Floods,Europe,2026,Hydrological (Climate),Climate-Driven
Malawi,Floods,Africa,2026,Hydrological (Climate),Climate-Driven
Serbia,Cold Wave,Europe,2026,Meteorological (Climate),Climate-Driven
Guatemala,Measles Outbreak,North America,2026,Biological (Non-Climate),Non-Climate
Ecuador,Floods,South America,2026,Hydrological (Climate),Climate-Driven
Zimbabwe,Floods,Africa,2026,Hydrological (Climate),Climate-Driven
Mozambique,Floods,Africa,2025,Hydrological (Climate),Climate-Driven
Chile,Wild Fires,South America,2025,Climatological (Climate),Climate-Driven
Gabon,Windstorms,Africa,2025,Meteorological (Climate),Climate-Driven
Morocco,Floods,Africa,2025,Hydrological (Climate),Climate-Driven
Bolivia,Floods,South America,2025,Hydrological (Climate),Climate-Driven
Congo,Floods,Africa,2025,Hydrological (Climate),Climate-Driven
Cuba,Arboviral Outbreak,North America,2025,Biological (Non-Climate),Non-Climate
Egypt,Floods,Africa,2025,Hydrological (Climate),Climate-Driven
Cabo Verde,Flash Floods,Africa,2025,Hydrological (Climate),Climate-Driven
South Sudan,Floods,Africa,2025,Hydrological (Climate),Climate-Driven
Sudan,Floods,Africa,2025,Hydrological (Climate),Climate-Driven
Honduras,Floods,North America,2025,Hydrological (Climate),Climate-Driven
Panama,River Pollution,North America,2025,Technological (Non-Climate),Non-Climate
Côte d'Ivoire,Cholera Outbreak,Africa,2025,Biological (Non-Climate),Non-Climate
Ghana,Cholera Outbreak,Africa,2024,Biological (Non-Climate),Non-Climate
Namibia,Drought,Africa,2024,Climatological (Climate),Climate-Driven
Niger,Diphtheria Outbreak,Africa,2023,Biological (Non-Climate),Non-Climate
Nigeria,Lassa Fever Outbreak,Africa,2023,Biological (Non-Climate),Non-Climate
Burundi,Cholera Outbreak,Africa,2023,Biological (Non-Climate),Non-Climate
Pakistan,Cyclone,Asia,1999,Meteorological (Climate),Climate-Driven
Iran,Earthquake,Asia,1999,Geophysical (Non-Climate),Non-Climate
Sri Lanka,Floods,Asia,1999,Hydrological (Climate),Climate-Driven
Belarus,Floods,Europe,1999,Hydrological (Climate),Climate-Driven
India,Earthquake,Asia,1999,Geophysical (Non-Climate),Non-Climate
Viet Nam,Drought,Asia,1999,Climatological (Climate),Climate-Driven
Kiribati,Drought,Oceania,1999,Climatological (Climate),Climate-Driven
Hungary,Floods,Europe,1999,Hydrological (Climate),Climate-Driven
Iran,Earthquake,Asia,1999,Geophysical (Non-Climate),Non-Climate
Afghanistan,Earthquake,Asia,1999,Geophysical (Non-Climate),Non-Climate
Philippines,Floods,Asia,1999,Hydrological (Climate),Climate-Driven
Thailand,Drought,Asia,1999,Climatological (Climate),Climate-Driven
Colombia,Earthquake,South America,1999,Geophysical (Non-Climate),Non-Climate
Fiji/Vanuatu,Tropical Cyclone Dani,Oceania,1999,Meteorological (Climate),Climate-Driven
Sri Lanka,Floods,Asia,1999,Hydrological (Climate),Climate-Driven
Mozambique,Floods,Africa,1999,Hydrological (Climate),Climate-Driven
Tonga,Tropical Cyclone Cora,Oceania,1998,Meteorological (Climate),Climate-Driven
Indonesia,Earthquake,Asia,1998,Geophysical (Non-Climate),Non-Climate
China,Earthquake,Asia,1998,Geophysical (Non-Climate),Non-Climate
Indonesia,Earthquake,Asia,2026,Geophysical (Non-Climate),Non-Climate
Colombia,Earthquake,South America,2026,Geophysical (Non-Climate),Non-Climate
Myanmar,Floods,Asia,2026,Hydrological (Climate),Climate-Driven
Afghanistan,Flash Floods,Asia,2026,Hydrological (Climate),Climate-Driven
India,Flash Floods,Asia,2026,Hydrological (Climate),Climate-Driven
Kyrgyzstan,Flash Floods,Asia,2026,Hydrological (Climate),Climate-Driven
Tajikistan,Floods,Asia,2026,Hydrological (Climate),Climate-Driven
Bangladesh,Flash Floods,Asia,2026,Hydrological (Climate),Climate-Driven
Georgia,Floods,Asia,2026,Hydrological (Climate),Climate-Driven
Central African Republic,Cholera Outbreak,Africa,2026,Biological (Non-Climate),Non-Climate
Venezuela,Earthquakes,South America,2026,Geophysical (Non-Climate),Non-Climate
Chad,Cholera Outbreak,Africa,2026,Biological (Non-Climate),Non-Climate
Philippines,Earthquake and Tsunami,Asia,2026,Geophysical (Non-Climate),Non-Climate
Armenia,Hailstorm,Asia,2026,Meteorological (Climate),Climate-Driven
Syria,Floods,Asia,2026,Hydrological (Climate),Climate-Driven
Central/Eastern Africa,Ebola Outbreak,Africa,2026,Biological (Non-Climate),Non-Climate
Sri Lanka,Dengue Outbreak,Asia,2026,Biological (Non-Climate),Non-Climate
Dominican Republic,Floods,North America,2026,Hydrological (Climate),Climate-Driven
Yemen,Floods,Asia,2026,Hydrological (Climate),Climate-Driven
Tanzania,Floods and Landslides,Africa,2026,Hydrological (Climate),Climate-Driven
Liberia,Windstorms,Africa,2026,Meteorological (Climate),Climate-Driven
Botswana,Floods,Africa,2026,Hydrological (Climate),Climate-Driven
Ethiopia,Floods and Landslides,Africa,2026,Hydrological (Climate),Climate-Driven
Kenya,Floods,Africa,2026,Hydrological (Climate),Climate-Driven
Suriname,Chikungunya Virus Outbreak,South America,2026,Biological (Non-Climate),Non-Climate
Brazil,Floods,South America,2026,Hydrological (Climate),Climate-Driven
Peru,Floods and Landslides,South America,2026,Hydrological (Climate),Climate-Driven
Angola,Floods,Africa,2026,Hydrological (Climate),Climate-Driven
Zambia,Cholera Outbreak,Africa,2026,Biological (Non-Climate),Non-Climate
Cameroon,Fires,Africa,2026,Technological (Non-Climate),Non-Climate
Somalia,Dengue Outbreak,Africa,2026,Biological (Non-Climate),Non-Climate
Rwanda,Flash Floods,Africa,2026,Hydrological (Climate),Climate-Driven
Algeria,Floods,Africa,2026,Hydrological (Climate),Climate-Driven
Argentina,Landslides,South America,2026,Hydrological (Climate),Climate-Driven
South Africa,Floods,Africa,2026,Hydrological (Climate),Climate-Driven
North Macedonia,Floods,Europe,2026,Hydrological (Climate),Climate-Driven
Malawi,Floods,Africa,2026,Hydrological (Climate),Climate-Driven
Serbia,Cold Wave,Europe,2026,Meteorological (Climate),Climate-Driven
Guatemala,Measles Outbreak,North America,2026,Biological (Non-Climate),Non-Climate
Ecuador,Floods,South America,2026,Hydrological (Climate),Climate-Driven
Zimbabwe,Floods,Africa,2026,Hydrological (Climate),Climate-Driven
Mozambique,Floods,Africa,2025,Hydrological (Climate),Climate-Driven
Chile,Wild Fires,South America,2025,Climatological (Climate),Climate-Driven
Gabon,Windstorms,Africa,2025,Meteorological (Climate),Climate-Driven
Morocco,Floods,Africa,2025,Hydrological (Climate),Climate-Driven
Bolivia,Floods,South America,2025,Hydrological (Climate),Climate-Driven
Congo,Floods,Africa,2025,Hydrological (Climate),Climate-Driven
Cuba,Arboviral Outbreak,North America,2025,Biological (Non-Climate),Non-Climate
Egypt,Floods,Africa,2025,Hydrological (Climate),Climate-Driven
Cabo Verde,Flash Floods,Africa,2025,Hydrological (Climate),Climate-Driven
South Sudan,Floods,Africa,2025,Hydrological (Climate),Climate-Driven
Sudan,Floods,Africa,2025,Hydrological (Climate),Climate-Driven
Honduras,Floods,North America,2025,Hydrological (Climate),Climate-Driven
Panama,River Pollution,North America,2025,Technological (Non-Climate),Non-Climate
Côte d'Ivoire,Cholera Outbreak,Africa,2025,Biological (Non-Climate),Non-Climate
Ghana,Cholera Outbreak,Africa,2024,Biological (Non-Climate),Non-Climate
Namibia,Drought,Africa,2024,Climatological (Climate),Climate-Driven
Niger,Diphtheria Outbreak,Africa,2023,Biological (Non-Climate),Non-Climate
Nigeria,Lassa Fever Outbreak,Africa,2023,Biological (Non-Climate),Non-Climate
Burundi,Cholera Outbreak,Africa,2023,Biological (Non-Climate),Non-Climate
Bangladesh,Cyclone,Asia,1998,Meteorological (Climate),Climate-Driven
Ukraine,Floods,Europe,1998,Hydrological (Climate),Climate-Driven
Viet Nam,Floods,Asia,1998,Hydrological (Climate),Climate-Driven
Iran,Floods,Asia,1998,Hydrological (Climate),Climate-Driven
Benin,Floods,Africa,1998,Hydrological (Climate),Climate-Driven
Russian Federation,Environmental Emergency/Forest Fires,Europe,1998,Climatological (Climate),Climate-Driven
Caribbean,Hurricane Georges,North America,1998,Meteorological (Climate),Climate-Driven
Philippines,Floods,Asia,1998,Hydrological (Climate),Climate-Driven
Slovakia,Floods,Europe,1998,Hydrological (Climate),Climate-Driven
DPR Korea,Floods,Asia,1998,Hydrological (Climate),Climate-Driven
Sudan,Floods,Africa,1998,Hydrological (Climate),Climate-Driven
Fiji,Drought,Oceania,1998,Climatological (Climate),Climate-Driven
Cuba,Drought,North America,1998,Climatological (Climate),Climate-Driven
India,Floods and Landslides,Asia,1998,Hydrological (Climate),Climate-Driven
Viet Nam,Drought,Asia,1998,Climatological (Climate),Climate-Driven
Turkey,Floods,Asia,1998,Hydrological (Climate),Climate-Driven
Nepal,Floods,Asia,1998,Hydrological (Climate),Climate-Driven
Rep. of Korea,Floods,Asia,1998,Hydrological (Climate),Climate-Driven
Indonesia,Earthquake,Asia,2026,Geophysical (Non-Climate),Non-Climate
Colombia,Earthquake,South America,2026,Geophysical (Non-Climate),Non-Climate
Myanmar,Floods,Asia,2026,Hydrological (Climate),Climate-Driven
Afghanistan,Flash Floods,Asia,2026,Hydrological (Climate),Climate-Driven
India,Flash Floods,Asia,2026,Hydrological (Climate),Climate-Driven
Kyrgyzstan,Flash Floods,Asia,2026,Hydrological (Climate),Climate-Driven
Tajikistan,Floods,Asia,2026,Hydrological (Climate),Climate-Driven
Bangladesh,Flash Floods,Asia,2026,Hydrological (Climate),Climate-Driven
Georgia,Floods,Asia,2026,Hydrological (Climate),Climate-Driven
Central African Republic,Cholera Outbreak,Africa,2026,Biological (Non-Climate),Non-Climate
Venezuela,Earthquakes,South America,2026,Geophysical (Non-Climate),Non-Climate
Chad,Cholera Outbreak,Africa,2026,Biological (Non-Climate),Non-Climate
Philippines,Earthquake and Tsunami,Asia,2026,Geophysical (Non-Climate),Non-Climate
Armenia,Hailstorm,Asia,2026,Meteorological (Climate),Climate-Driven
Syria,Floods,Asia,2026,Hydrological (Climate),Climate-Driven
Central/Eastern Africa,Ebola Outbreak,Africa,2026,Biological (Non-Climate),Non-Climate
Sri Lanka,Dengue Outbreak,Asia,2026,Biological (Non-Climate),Non-Climate
Dominican Republic,Floods,North America,2026,Hydrological (Climate),Climate-Driven
Yemen,Floods,Asia,2026,Hydrological (Climate),Climate-Driven
Tanzania,Floods and Landslides,Africa,2026,Hydrological (Climate),Climate-Driven
Liberia,Windstorms,Africa,2026,Meteorological (Climate),Climate-Driven
Botswana,Floods,Africa,2026,Hydrological (Climate),Climate-Driven
Ethiopia,Floods and Landslides,Africa,2026,Hydrological (Climate),Climate-Driven
Kenya,Floods,Africa,2026,Hydrological (Climate),Climate-Driven
Suriname,Chikungunya Virus Outbreak,South America,2026,Biological (Non-Climate),Non-Climate
Brazil,Floods,South America,2026,Hydrological (Climate),Climate-Driven
Peru,Floods and Landslides,South America,2026,Hydrological (Climate),Climate-Driven
Angola,Floods,Africa,2026,Hydrological (Climate),Climate-Driven
Zambia,Cholera Outbreak,Africa,2026,Biological (Non-Climate),Non-Climate
Cameroon,Fires,Africa,2026,Technological (Non-Climate),Non-Climate
Somalia,Dengue Outbreak,Africa,2026,Biological (Non-Climate),Non-Climate
Rwanda,Flash Floods,Africa,2026,Hydrological (Climate),Climate-Driven
Algeria,Floods,Africa,2026,Hydrological (Climate),Climate-Driven
Argentina,Landslides,South America,2026,Hydrological (Climate),Climate-Driven
South Africa,Floods,Africa,2026,Hydrological (Climate),Climate-Driven
North Macedonia,Floods,Europe,2026,Hydrological (Climate),Climate-Driven
Malawi,Floods,Africa,2026,Hydrological (Climate),Climate-Driven
Serbia,Cold Wave,Europe,2026,Meteorological (Climate),Climate-Driven
Guatemala,Measles Outbreak,North America,2026,Biological (Non-Climate),Non-Climate
Ecuador,Floods,South America,2026,Hydrological (Climate),Climate-Driven
Zimbabwe,Floods,Africa,2026,Hydrological (Climate),Climate-Driven
Mozambique,Floods,Africa,2025,Hydrological (Climate),Climate-Driven
Chile,Wild Fires,South America,2025,Climatological (Climate),Climate-Driven
Gabon,Windstorms,Africa,2025,Meteorological (Climate),Climate-Driven
Morocco,Floods,Africa,2025,Hydrological (Climate),Climate-Driven
Bolivia,Floods,South America,2025,Hydrological (Climate),Climate-Driven
Congo,Floods,Africa,2025,Hydrological (Climate),Climate-Driven
Cuba,Arboviral Outbreak,North America,2025,Biological (Non-Climate),Non-Climate
Egypt,Floods,Africa,2025,Hydrological (Climate),Climate-Driven
Cabo Verde,Flash Floods,Africa,2025,Hydrological (Climate),Climate-Driven
South Sudan,Floods,Africa,2025,Hydrological (Climate),Climate-Driven
Sudan,Floods,Africa,2025,Hydrological (Climate),Climate-Driven
Honduras,Floods,North America,2025,Hydrological (Climate),Climate-Driven
Panama,River Pollution,North America,2025,Technological (Non-Climate),Non-Climate
Côte d'Ivoire,Cholera Outbreak,Africa,2025,Biological (Non-Climate),Non-Climate
Ghana,Cholera Outbreak,Africa,2024,Biological (Non-Climate),Non-Climate
Namibia,Drought,Africa,2024,Climatological (Climate),Climate-Driven
Niger,Diphtheria Outbreak,Africa,2023,Biological (Non-Climate),Non-Climate
Nigeria,Lassa Fever Outbreak,Africa,2023,Biological (Non-Climate),Non-Climate
Burundi,Cholera Outbreak,Africa,2023,Biological (Non-Climate),Non-Climate
Ecuador,Earthquake,South America,1998,Geophysical (Non-Climate),Non-Climate
Papua New Guinea,Tsunami,Oceania,1998,Geophysical (Non-Climate),Non-Climate
Bangladesh,Floods,Asia,1998,Hydrological (Climate),Climate-Driven
Azerbaijan,Earthquake,Asia,1998,Geophysical (Non-Climate),Non-Climate
Indonesia,Mount Merapi Volcano,Asia,1998,Geophysical (Non-Climate),Non-Climate
Kyrgyzstan/Uzbekistan,Dam Burst,Asia,1998,Technological (Non-Climate),Non-Climate
China,Floods,Asia,1998,Hydrological (Climate),Climate-Driven
Romania,Floods,Europe,1998,Hydrological (Climate),Climate-Driven
Turkey,Earthquake,Asia,1998,Geophysical (Non-Climate),Non-Climate
Russian Federation,Yakutia Floods,Europe,1998,Hydrological (Climate),Climate-Driven
Bangladesh,Cyclone,Asia,1998,Meteorological (Climate),Climate-Driven
Kyrgyzstan,Floods,Asia,1998,Hydrological (Climate),Climate-Driven
Tanzania,Floods,Africa,1998,Hydrological (Climate),Climate-Driven
Afghanistan,Earthquake,Asia,1998,Geophysical (Non-Climate),Non-Climate
Bolivia,Earthquake,South America,1998,Geophysical (Non-Climate),Non-Climate
Costa Rica,Drought,North America,1998,Climatological (Climate),Climate-Driven
Tajikistan,Floods and Landslides,Asia,1998,Hydrological (Climate),Climate-Driven
Vanuatu,Tropical Cyclones Yali and Zuman,Oceania,1998,Meteorological (Climate),Climate-Driven
Uruguay,Floods,South America,1998,Hydrological (Climate),Climate-Driven
Indonesia,Earthquake,Asia,2026,Geophysical (Non-Climate),Non-Climate
Colombia,Earthquake,South America,2026,Geophysical (Non-Climate),Non-Climate
Myanmar,Floods,Asia,2026,Hydrological (Climate),Climate-Driven
Afghanistan,Flash Floods,Asia,2026,Hydrological (Climate),Climate-Driven
India,Flash Floods,Asia,2026,Hydrological (Climate),Climate-Driven
Kyrgyzstan,Flash Floods,Asia,2026,Hydrological (Climate),Climate-Driven
Tajikistan,Floods,Asia,2026,Hydrological (Climate),Climate-Driven
Bangladesh,Flash Floods,Asia,2026,Hydrological (Climate),Climate-Driven
Georgia,Floods,Asia,2026,Hydrological (Climate),Climate-Driven
Central African Republic,Cholera Outbreak,Africa,2026,Biological (Non-Climate),Non-Climate
Venezuela,Earthquakes,South America,2026,Geophysical (Non-Climate),Non-Climate
Chad,Cholera Outbreak,Africa,2026,Biological (Non-Climate),Non-Climate
Philippines,Earthquake and Tsunami,Asia,2026,Geophysical (Non-Climate),Non-Climate
Armenia,Hailstorm,Asia,2026,Meteorological (Climate),Climate-Driven
Syria,Floods,Asia,2026,Hydrological (Climate),Climate-Driven
Central/Eastern Africa,Ebola Outbreak,Africa,2026,Biological (Non-Climate),Non-Climate
Sri Lanka,Dengue Outbreak,Asia,2026,Biological (Non-Climate),Non-Climate
Dominican Republic,Floods,North America,2026,Hydrological (Climate),Climate-Driven
Yemen,Floods,Asia,2026,Hydrological (Climate),Climate-Driven
Tanzania,Floods and Landslides,Africa,2026,Hydrological (Climate),Climate-Driven
Liberia,Windstorms,Africa,2026,Meteorological (Climate),Climate-Driven
Botswana,Floods,Africa,2026,Hydrological (Climate),Climate-Driven
Ethiopia,Floods and Landslides,Africa,2026,Hydrological (Climate),Climate-Driven
Kenya,Floods,Africa,2026,Hydrological (Climate),Climate-Driven
Suriname,Chikungunya Virus Outbreak,South America,2026,Biological (Non-Climate),Non-Climate
Brazil,Floods,South America,2026,Hydrological (Climate),Climate-Driven
Peru,Floods and Landslides,South America,2026,Hydrological (Climate),Climate-Driven
Angola,Floods,Africa,2026,Hydrological (Climate),Climate-Driven
Zambia,Cholera Outbreak,Africa,2026,Biological (Non-Climate),Non-Climate
Cameroon,Fires,Africa,2026,Technological (Non-Climate),Non-Climate
Somalia,Dengue Outbreak,Africa,2026,Biological (Non-Climate),Non-Climate
Rwanda,Flash Floods,Africa,2026,Hydrological (Climate),Climate-Driven
Algeria,Floods,Africa,2026,Hydrological (Climate),Climate-Driven
Argentina,Landslides,South America,2026,Hydrological (Climate),Climate-Driven
South Africa,Floods,Africa,2026,Hydrological (Climate),Climate-Driven
North Macedonia,Floods,Europe,2026,Hydrological (Climate),Climate-Driven
Malawi,Floods,Africa,2026,Hydrological (Climate),Climate-Driven
Serbia,Cold Wave,Europe,2026,Meteorological (Climate),Climate-Driven
Guatemala,Measles Outbreak,North America,2026,Biological (Non-Climate),Non-Climate
Ecuador,Floods,South America,2026,Hydrological (Climate),Climate-Driven
Zimbabwe,Floods,Africa,2026,Hydrological (Climate),Climate-Driven
Mozambique,Floods,Africa,2025,Hydrological (Climate),Climate-Driven
Chile,Wild Fires,South America,2025,Climatological (Climate),Climate-Driven
Gabon,Windstorms,Africa,2025,Meteorological (Climate),Climate-Driven
Morocco,Floods,Africa,2025,Hydrological (Climate),Climate-Driven
Bolivia,Floods,South America,2025,Hydrological (Climate),Climate-Driven
Congo,Floods,Africa,2025,Hydrological (Climate),Climate-Driven
Cuba,Arboviral Outbreak,North America,2025,Biological (Non-Climate),Non-Climate
Egypt,Floods,Africa,2025,Hydrological (Climate),Climate-Driven
Cabo Verde,Flash Floods,Africa,2025,Hydrological (Climate),Climate-Driven
South Sudan,Floods,Africa,2025,Hydrological (Climate),Climate-Driven
Sudan,Floods,Africa,2025,Hydrological (Climate),Climate-Driven
Honduras,Floods,North America,2025,Hydrological (Climate),Climate-Driven
Panama,River Pollution,North America,2025,Technological (Non-Climate),Non-Climate
Côte d'Ivoire,Cholera Outbreak,Africa,2025,Biological (Non-Climate),Non-Climate
Ghana,Cholera Outbreak,Africa,2024,Biological (Non-Climate),Non-Climate
Namibia,Drought,Africa,2024,Climatological (Climate),Climate-Driven
Niger,Diphtheria Outbreak,Africa,2023,Biological (Non-Climate),Non-Climate
Nigeria,Lassa Fever Outbreak,Africa,2023,Biological (Non-Climate),Non-Climate
Burundi,Cholera Outbreak,Africa,2023,Biological (Non-Climate),Non-Climate
Philippines,Forest Fires,Asia,1998,Climatological (Climate),Climate-Driven
Slovenia,Earthquake,Europe,1998,Geophysical (Non-Climate),Non-Climate
Iran,Floods,Asia,1998,Hydrological (Climate),Climate-Driven
Iran,Earthquake,Asia,1998,Geophysical (Non-Climate),Non-Climate
Argentina,Floods,South America,1998,Hydrological (Climate),Climate-Driven
Iran,Earthquake,Asia,1998,Geophysical (Non-Climate),Non-Climate
Guyana,Drought,South America,1998,Climatological (Climate),Climate-Driven
Brazil,Forest Fires,South America,1998,Climatological (Climate),Climate-Driven
Pakistan,Floods,Asia,1998,Hydrological (Climate),Climate-Driven
Micronesia,Drought,Oceania,1998,Climatological (Climate),Climate-Driven
Afghanistan,Earthquake,Asia,1998,Geophysical (Non-Climate),Non-Climate
Zambia,Floods,Africa,1998,Hydrological (Climate),Climate-Driven
Mozambique,Landslides,Africa,1998,Hydrological (Climate),Climate-Driven
China,Earthquake,Asia,1998,Geophysical (Non-Climate),Non-Climate
Peru,Floods,South America,1997,Hydrological (Climate),Climate-Driven
Paraguay,Floods,South America,1997,Hydrological (Climate),Climate-Driven
DR Congo,Floods,Africa,1997,Hydrological (Climate),Climate-Driven
Honduras,Drought,North America,1997,Climatological (Climate),Climate-Driven
Ethiopia,Floods,Africa,1997,Hydrological (Climate),Climate-Driven
